,cmr_a_0,cmr_b_0,cmr_c_0,cmr_d_0,cmr_e_0,cmr_f_0,cmr_g_0,cmr_h_0,cmr_i_0,cmr_j_0,cmr_k_0,cmr_l_0,cmr_m_0,cmr_n_0,cmr_a_1,cmr_b_1,cmr_c_1,cmr_d_1,cmr_e_1,cmr_f_1,cmr_g_1,cmr_h_1,cmr_i_1,cmr_j_1,cmr_k_1,cmr_l_1,cmr_m_1,cmr_n_1,cmr_c_2,cmr_g_2,cmr_h_2,cmr_i_2,cmr_j_2,cmr_k_2,cmr_m_2,mr_a_0,mr_b_0,mr_c_0,mr_d_0,mr_e_0,mr_f_0,mr_g_0,mr_h_0,mr_i_0,mr_j_0,mr_k_0,mr_l_0,mr_m_0,mr_n_0,mr_a_1,mr_b_1,mr_c_1,mr_d_1,mr_e_1,mr_f_1,mr_g_1,mr_h_1,mr_i_1,mr_j_1,mr_k_1,mr_l_1,mr_m_1,mr_n_1,mr_a_2,mr_b_2,mr_c_2,mr_d_2,mr_e_2,mr_f_2,mr_g_2,mr_h_2,mr_i_2,mr_j_2,mr_k_2,mr_l_2,mr_m_2,mr_n_2,all_a_0,all_b_0,all_c_0,all_d_0,all_e_0,all_f_0,all_g_0,all_h_0,all_i_0,all_j_0,all_k_0,all_l_0,all_m_0,all_n_0,all_a_1,all_b_1,all_c_1,all_d_1,all_e_1,all_f_1,all_g_1,all_h_1,all_i_1,all_j_1,all_k_1,all_l_1,all_m_1,all_n_1,all_a_2,all_b_2,all_c_2,all_d_2,all_e_2,all_f_2,all_g_2,all_h_2,all_i_2,all_j_2,all_k_2,all_l_2,all_m_2,all_n_2
191.0,54.0,149.0,266.0,394.0,518.0,628.0,750.0,875.0,998.0,1126.0,1259.0,-4.0,-4.0,-4.0,64.0,157.0,277.0,403.0,527.0,640.0,760.0,885.0,1012.0,1141.0,1273.0,-4.0,-4.0,-4.0,281.0,764.0,889.0,1017.0,1145.0,1277.0,-4.0,67.0,160.0,283.0,405.0,530.0,643.0,766.0,891.0,1019.0,1147.0,1279.0,-4.0,-4.0,-4.0,87.0,181.0,310.0,440.0,559.0,675.0,797.0,919.0,1051.0,1178.0,1312.0,-4.0,-4.0,-4.0,92.0,186.0,318.0,448.0,565.0,681.0,803.0,926.0,1060.0,1184.0,1318.0,-4.0,-4.0,-4.0,1.0,94.0,188.0,320.0,450.0,567.0,683.0,805.0,928.0,1063.0,1186.0,-4.0,-4.0,-4.0,37.0,134.0,248.0,375.0,499.0,609.0,732.0,856.0,977.0,1108.0,1240.0,-4.0,-4.0,-4.0,48.0,144.0,260.0,388.0,511.0,622.0,744.0,869.0,992.0,1120.0,1253.0,-4.0,-4.0,-4.0
192.0,54.0,150.0,0.0,395.0,519.0,629.0,751.0,876.0,999.0,1127.0,1260.0,-4.0,-4.0,-4.0,64.0,157.0,0.0,404.0,527.0,641.0,761.0,886.0,1012.0,1141.0,1273.0,-4.0,-4.0,-4.0,0.0,765.0,889.0,1017.0,1145.0,1277.0,-4.0,67.0,161.0,284.0,405.0,530.0,644.0,767.0,892.0,1019.0,1148.0,1280.0,-4.0,-4.0,-4.0,87.0,181.0,310.0,440.0,559.0,675.0,797.0,919.0,1051.0,1178.0,1312.0,-4.0,-4.0,-4.0,92.0,186.0,318.0,448.0,565.0,681.0,803.0,926.0,1060.0,1184.0,1318.0,-4.0,-4.0,-4.0,1.0,95.0,189.0,321.0,451.0,568.0,684.0,806.0,929.0,1063.0,1187.0,-4.0,-4.0,-4.0,37.0,134.0,248.0,375.0,499.0,609.0,732.0,856.0,977.0,1108.0,1240.0,-4.0,-4.0,-4.0,48.0,144.0,260.0,388.0,511.0,622.0,744.0,869.0,992.0,1120.0,1253.0,-4.0,-4.0,-4.0
193.0,54.0,150.0,-3.0,-5.0,519.0,-3.0,-5.0,877.0,-5.0,-5.0,1261.0,-4.0,-4.0,-4.0,64.0,157.0,-3.0,-5.0,527.0,-3.0,-5.0,886.0,-5.0,-5.0,1274.0,-4.0,-4.0,-4.0,-3.0,-5.0,889.0,-5.0,-5.0,1277.0,-4.0,68.0,161.0,-3.0,-5.0,530.0,-3.0,-5.0,893.0,-5.0,-5.0,1281.0,-4.0,-4.0,-4.0,87.0,181.0,-3.0,-5.0,559.0,-3.0,-5.0,920.0,-5.0,-5.0,1313.0,-4.0,-4.0,-4.0,92.0,186.0,-3.0,-5.0,565.0,-3.0,-5.0,927.0,-5.0,-5.0,1319.0,-4.0,-4.0,-4.0,2.0,95.0,-3.0,-5.0,451.0,-3.0,-5.0,807.0,-5.0,-5.0,1188.0,-4.0,-4.0,-4.0,38.0,134.0,-3.0,-5.0,499.0,-3.0,-5.0,857.0,-5.0,-5.0,1241.0,-4.0,-4.0,-4.0,48.0,144.0,-3.0,-5.0,511.0,-3.0,-5.0,870.0,-5.0,-5.0,1254.0,-4.0,-4.0,-4.0
194.0,54.0,149.0,266.0,396.0,518.0,628.0,751.0,876.0,-3.0,1127.0,-5.0,-4.0,-4.0,-4.0,64.0,157.0,277.0,404.0,527.0,640.0,761.0,886.0,-3.0,1141.0,-5.0,-4.0,-4.0,-4.0,281.0,765.0,889.0,-3.0,1145.0,-5.0,-4.0,67.0,161.0,284.0,405.0,530.0,645.0,768.0,894.0,-3.0,1147.0,-5.0,-4.0,-4.0,-4.0,87.0,181.0,310.0,440.0,559.0,675.0,797.0,919.0,-3.0,1178.0,-5.0,-4.0,-4.0,-4.0,92.0,186.0,318.0,448.0,565.0,681.0,803.0,926.0,-3.0,1184.0,-5.0,-4.0,-4.0,-4.0,1.0,96.0,190.0,322.0,452.0,569.0,685.0,808.0,-3.0,1064.0,-5.0,-4.0,-4.0,-4.0,37.0,134.0,248.0,375.0,499.0,610.0,732.0,856.0,-3.0,1108.0,-5.0,-4.0,-4.0,-4.0,48.0,144.0,260.0,388.0,511.0,622.0,744.0,869.0,-3.0,1120.0,-5.0,-4.0,-4.0,-4.0
195.0,54.0,0.0,266.0,395.0,518.0,630.0,751.0,876.0,998.0,1127.0,1260.0,-4.0,-4.0,-4.0,64.0,0.0,277.0,404.0,527.0,640.0,761.0,886.0,1012.0,1141.0,1273.0,-4.0,-4.0,-4.0,281.0,765.0,889.0,1017.0,1145.0,1277.0,-4.0,67.0,161.0,284.0,405.0,530.0,646.0,769.0,894.0,1020.0,1147.0,1282.0,-4.0,-4.0,-4.0,87.0,181.0,310.0,440.0,559.0,675.0,797.0,919.0,1051.0,1178.0,1312.0,-4.0,-4.0,-4.0,92.0,186.0,318.0,448.0,565.0,681.0,803.0,926.0,1060.0,1184.0,1318.0,-4.0,-4.0,-4.0,1.0,95.0,189.0,321.0,452.0,570.0,686.0,809.0,930.0,1065.0,1189.0,-4.0,-4.0,-4.0,37.0,134.0,248.0,375.0,499.0,610.0,732.0,856.0,977.0,1108.0,1240.0,-4.0,-4.0,-4.0,48.0,144.0,260.0,388.0,511.0,622.0,744.0,869.0,992.0,1120.0,1253.0,-4.0,-4.0,-4.0
196.0,54.0,149.0,266.0,396.0,0.0,628.0,751.0,876.0,999.0,1127.0,1260.0,-4.0,-4.0,-4.0,64.0,157.0,277.0,404.0,0.0,640.0,761.0,886.0,1012.0,1141.0,1273.0,-4.0,-4.0,-4.0,281.0,765.0,889.0,1017.0,1145.0,1277.0,-4.0,67.0,161.0,284.0,405.0,0.0,645.0,768.0,894.0,1021.0,1147.0,1279.0,-4.0,-4.0,-4.0,87.0,181.0,310.0,440.0,0.0,675.0,797.0,919.0,1051.0,1178.0,1312.0,-4.0,-4.0,-4.0,92.0,186.0,318.0,448.0,0.0,681.0,803.0,926.0,1060.0,1184.0,1318.0,-4.0,-4.0,-4.0,1.0,96.0,190.0,322.0,452.0,569.0,685.0,808.0,929.0,1064.0,1186.0,-4.0,-4.0,-4.0,37.0,134.0,248.0,375.0,499.0,610.0,732.0,856.0,977.0,1108.0,1240.0,-4.0,-4.0,-4.0,48.0,144.0,260.0,388.0,511.0,622.0,744.0,869.0,992.0,1120.0,1253.0,-4.0,-4.0,-4.0
197.0,54.0,149.0,266.0,396.0,518.0,628.0,751.0,876.0,999.0,1127.0,1260.0,-4.0,-4.0,-4.0,64.0,157.0,277.0,404.0,527.0,640.0,761.0,886.0,1012.0,1141.0,1273.0,-4.0,-4.0,-4.0,281.0,765.0,889.0,1017.0,1145.0,1277.0,-4.0,67.0,161.0,284.0,405.0,530.0,645.0,768.0,894.0,1022.0,1147.0,1282.0,-4.0,-4.0,-4.0,87.0,181.0,310.0,440.0,559.0,675.0,797.0,919.0,1051.0,1178.0,1312.0,-4.0,-4.0,-4.0,92.0,186.0,318.0,448.0,565.0,681.0,803.0,926.0,1060.0,1184.0,1318.0,-4.0,-4.0,-4.0,1.0,96.0,190.0,322.0,452.0,569.0,685.0,808.0,929.0,1064.0,1186.0,-4.0,-4.0,-4.0,37.0,134.0,248.0,375.0,499.0,610.0,732.0,856.0,977.0,1108.0,1240.0,-4.0,-4.0,-4.0,48.0,144.0,260.0,388.0,511.0,622.0,744.0,869.0,992.0,1120.0,1253.0,-4.0,-4.0,-4.0
198.0,55.0,0.0,0.0,394.0,518.0,628.0,750.0,875.0,998.0,0.0,0.0,-3.0,1509.0,-3.0,64.0,0.0,0.0,403.0,527.0,640.0,760.0,885.0,1012.0,0.0,0.0,-3.0,1524.0,-3.0,0.0,764.0,889.0,1017.0,0.0,0.0,1528.0,67.0,160.0,283.0,405.0,530.0,643.0,767.0,891.0,1023.0,1149.0,1283.0,-3.0,1530.0,-3.0,87.0,181.0,310.0,440.0,559.0,675.0,797.0,919.0,1052.0,1179.0,1313.0,-3.0,1567.0,-3.0,92.0,186.0,318.0,448.0,565.0,681.0,803.0,926.0,1061.0,1184.0,1319.0,-3.0,1575.0,-3.0,1.0,94.0,188.0,320.0,450.0,567.0,683.0,805.0,928.0,1066.0,1190.0,-3.0,1434.0,-3.0,37.0,134.0,248.0,375.0,499.0,609.0,732.0,856.0,977.0,1109.0,1241.0,-3.0,1490.0,-3.0,48.0,144.0,260.0,388.0,511.0,622.0,744.0,869.0,992.0,1121.0,1254.0,-3.0,1503.0,-3.0
199.0,54.0,149.0,266.0,396.0,518.0,628.0,751.0,876.0,999.0,1127.0,1260.0,-4.0,-4.0,-4.0,64.0,157.0,277.0,404.0,527.0,640.0,761.0,886.0,1012.0,1141.0,1273.0,-4.0,-4.0,-4.0,281.0,765.0,889.0,1017.0,1145.0,1277.0,-4.0,67.0,161.0,284.0,405.0,530.0,645.0,768.0,894.0,1022.0,1148.0,1279.0,-4.0,-4.0,-4.0,87.0,181.0,310.0,440.0,559.0,675.0,797.0,919.0,1051.0,1178.0,1312.0,-4.0,-4.0,-4.0,92.0,186.0,318.0,448.0,565.0,681.0,803.0,926.0,1060.0,1184.0,1318.0,-4.0,-4.0,-4.0,1.0,96.0,190.0,322.0,452.0,569.0,685.0,808.0,929.0,1064.0,1186.0,-4.0,-4.0,-4.0,37.0,134.0,248.0,375.0,499.0,610.0,732.0,856.0,977.0,1108.0,1240.0,-4.0,-4.0,-4.0,48.0,144.0,260.0,388.0,511.0,622.0,744.0,869.0,992.0,1120.0,1253.0,-4.0,-4.0,-4.0
200.0,54.0,149.0,267.0,396.0,0.0,630.0,751.0,0.0,0.0,0.0,1259.0,-4.0,-4.0,-4.0,64.0,157.0,278.0,404.0,0.0,640.0,761.0,0.0,0.0,0.0,1273.0,-4.0,-4.0,-4.0,281.0,765.0,0.0,0.0,0.0,1277.0,-4.0,69.0,161.0,285.0,406.0,531.0,646.0,770.0,894.0,1020.0,1147.0,1282.0,-4.0,-4.0,-4.0,88.0,181.0,310.0,440.0,559.0,675.0,797.0,919.0,1051.0,1178.0,1312.0,-4.0,-4.0,-4.0,92.0,186.0,318.0,448.0,565.0,681.0,803.0,926.0,1060.0,1184.0,1318.0,-4.0,-4.0,-4.0,1.0,97.0,191.0,323.0,453.0,570.0,686.0,808.0,930.0,1065.0,1189.0,-4.0,-4.0,-4.0,37.0,134.0,248.0,375.0,499.0,610.0,732.0,856.0,977.0,1108.0,1240.0,-4.0,-4.0,-4.0,48.0,144.0,260.0,388.0,511.0,622.0,744.0,869.0,992.0,1120.0,1253.0,-4.0,-4.0,-4.0
201.0,-3.0,0.0,266.0,395.0,519.0,630.0,751.0,875.0,1000.0,1128.0,1259.0,-4.0,-4.0,-4.0,-3.0,0.0,277.0,404.0,527.0,640.0,761.0,885.0,1013.0,1142.0,1273.0,-4.0,-4.0,-4.0,281.0,765.0,889.0,1017.0,1145.0,1277.0,-4.0,-3.0,161.0,284.0,405.0,530.0,646.0,770.0,891.0,1021.0,1150.0,1279.0,-4.0,-4.0,-4.0,-3.0,181.0,310.0,440.0,559.0,675.0,797.0,919.0,1051.0,1178.0,1312.0,-4.0,-4.0,-4.0,-3.0,186.0,318.0,448.0,565.0,681.0,803.0,926.0,1060.0,1184.0,1318.0,-4.0,-4.0,-4.0,-3.0,95.0,191.0,320.0,454.0,570.0,687.0,806.0,931.0,1067.0,1191.0,-4.0,-4.0,-4.0,-3.0,134.0,248.0,375.0,499.0,610.0,732.0,856.0,977.0,1108.0,1240.0,-4.0,-4.0,-4.0,-3.0,144.0,260.0,388.0,511.0,622.0,744.0,869.0,992.0,1120.0,1253.0,-4.0,-4.0,-4.0
202.0,-3.0,149.0,266.0,396.0,518.0,628.0,751.0,876.0,999.0,1127.0,1260.0,-4.0,-4.0,-4.0,-3.0,157.0,277.0,404.0,527.0,640.0,761.0,886.0,1012.0,1141.0,1273.0,-4.0,-4.0,-4.0,281.0,765.0,889.0,1017.0,1145.0,1277.0,-4.0,-3.0,161.0,284.0,405.0,530.0,645.0,768.0,894.0,1022.0,1147.0,1279.0,-4.0,-4.0,-4.0,-3.0,181.0,310.0,440.0,559.0,675.0,797.0,919.0,1051.0,1178.0,1312.0,-4.0,-4.0,-4.0,-3.0,186.0,318.0,448.0,565.0,681.0,803.0,926.0,1060.0,1184.0,1318.0,-4.0,-4.0,-4.0,-3.0,96.0,190.0,322.0,452.0,569.0,685.0,808.0,929.0,1064.0,1186.0,-4.0,-4.0,-4.0,-3.0,134.0,248.0,375.0,499.0,610.0,732.0,856.0,977.0,1108.0,1240.0,-4.0,-4.0,-4.0,-3.0,144.0,260.0,388.0,511.0,622.0,744.0,869.0,992.0,1120.0,1253.0,-4.0,-4.0,-4.0
203.0,54.0,0.0,266.0,395.0,519.0,630.0,751.0,875.0,1000.0,1128.0,1259.0,-4.0,-4.0,-4.0,64.0,0.0,277.0,404.0,527.0,640.0,761.0,885.0,1013.0,1142.0,1273.0,-4.0,-4.0,-4.0,281.0,765.0,889.0,1017.0,1145.0,1277.0,-4.0,67.0,161.0,284.0,405.0,530.0,646.0,770.0,891.0,1021.0,1150.0,1282.0,-4.0,-4.0,-4.0,87.0,181.0,310.0,440.0,559.0,675.0,797.0,919.0,1051.0,1178.0,1312.0,-4.0,-4.0,-4.0,92.0,186.0,318.0,448.0,565.0,681.0,803.0,926.0,1060.0,1184.0,1318.0,-4.0,-4.0,-4.0,1.0,95.0,189.0,321.0,452.0,570.0,687.0,806.0,931.0,1063.0,1189.0,-4.0,-4.0,-4.0,37.0,134.0,248.0,375.0,499.0,610.0,732.0,856.0,977.0,1108.0,1240.0,-4.0,-4.0,-4.0,48.0,144.0,260.0,388.0,511.0,622.0,744.0,869.0,992.0,1120.0,1253.0,-4.0,-4.0,-4.0
204.0,54.0,149.0,266.0,396.0,518.0,628.0,751.0,876.0,999.0,1127.0,1260.0,-4.0,-4.0,-4.0,64.0,157.0,277.0,404.0,527.0,640.0,761.0,886.0,1012.0,1141.0,1273.0,-4.0,-4.0,-4.0,281.0,765.0,889.0,1017.0,1145.0,1277.0,-4.0,67.0,161.0,284.0,405.0,530.0,645.0,768.0,894.0,1019.0,1148.0,1279.0,-4.0,-4.0,-4.0,87.0,181.0,310.0,440.0,559.0,675.0,797.0,919.0,1051.0,1178.0,1312.0,-4.0,-4.0,-4.0,92.0,186.0,318.0,448.0,565.0,681.0,803.0,926.0,1060.0,1184.0,1318.0,-4.0,-4.0,-4.0,1.0,96.0,190.0,322.0,452.0,569.0,685.0,808.0,929.0,1064.0,1186.0,-4.0,-4.0,-4.0,37.0,134.0,248.0,375.0,499.0,610.0,732.0,856.0,977.0,1108.0,1240.0,-4.0,-4.0,-4.0,48.0,144.0,260.0,388.0,511.0,622.0,744.0,869.0,992.0,1120.0,1253.0,-4.0,-4.0,-4.0
205.0,54.0,149.0,266.0,396.0,518.0,628.0,751.0,876.0,999.0,1127.0,1260.0,-4.0,-4.0,-4.0,64.0,157.0,277.0,404.0,527.0,640.0,761.0,886.0,1012.0,1141.0,1273.0,-4.0,-4.0,-4.0,281.0,765.0,889.0,1017.0,1145.0,1277.0,-4.0,67.0,161.0,284.0,405.0,530.0,645.0,768.0,894.0,1021.0,1147.0,1279.0,-4.0,-4.0,-4.0,87.0,181.0,310.0,440.0,559.0,675.0,797.0,919.0,1051.0,1178.0,1312.0,-4.0,-4.0,-4.0,92.0,186.0,318.0,448.0,565.0,681.0,803.0,926.0,1060.0,1184.0,1318.0,-4.0,-4.0,-4.0,1.0,96.0,190.0,322.0,452.0,569.0,685.0,808.0,929.0,1064.0,1186.0,-4.0,-4.0,-4.0,37.0,134.0,248.0,375.0,499.0,610.0,732.0,856.0,977.0,1108.0,1240.0,-4.0,-4.0,-4.0,48.0,144.0,260.0,388.0,511.0,622.0,744.0,869.0,992.0,1120.0,1253.0,-4.0,-4.0,-4.0
206.0,55.0,149.0,266.0,0.0,520.0,0.0,0.0,0.0,0.0,0.0,0.0,-4.0,-4.0,-4.0,64.0,157.0,277.0,0.0,528.0,0.0,0.0,0.0,0.0,0.0,0.0,-4.0,-4.0,-4.0,281.0,0.0,0.0,0.0,0.0,0.0,-4.0,67.0,160.0,283.0,406.0,531.0,643.0,768.0,895.0,1021.0,0.0,0.0,-4.0,-4.0,-4.0,87.0,181.0,310.0,440.0,559.0,675.0,797.0,921.0,1051.0,0.0,0.0,-4.0,-4.0,-4.0,92.0,186.0,318.0,448.0,565.0,681.0,803.0,926.0,1060.0,0.0,0.0,-4.0,-4.0,-4.0,1.0,94.0,188.0,323.0,450.0,568.0,684.0,810.0,931.0,1064.0,1186.0,-4.0,-4.0,-4.0,37.0,134.0,248.0,375.0,499.0,609.0,732.0,856.0,977.0,1108.0,1240.0,-4.0,-4.0,-4.0,48.0,144.0,260.0,388.0,511.0,622.0,744.0,869.0,992.0,1120.0,1253.0,-4.0,-4.0,-4.0
207.0,54.0,149.0,266.0,396.0,518.0,0.0,0.0,0.0,0.0,0.0,0.0,-4.0,-4.0,-4.0,64.0,157.0,277.0,404.0,527.0,0.0,0.0,0.0,0.0,0.0,0.0,-4.0,-4.0,-4.0,281.0,0.0,0.0,0.0,0.0,0.0,-4.0,67.0,161.0,284.0,405.0,530.0,645.0,768.0,894.0,1021.0,1147.0,1282.0,-4.0,-4.0,-4.0,87.0,181.0,310.0,440.0,559.0,675.0,797.0,919.0,1051.0,1178.0,1312.0,-4.0,-4.0,-4.0,92.0,186.0,318.0,448.0,565.0,681.0,803.0,926.0,1060.0,1184.0,1318.0,-4.0,-4.0,-4.0,1.0,96.0,190.0,322.0,452.0,569.0,685.0,810.0,931.0,1065.0,1189.0,-4.0,-4.0,-4.0,37.0,134.0,248.0,375.0,499.0,610.0,732.0,856.0,977.0,1108.0,1240.0,-4.0,-4.0,-4.0,48.0,144.0,260.0,388.0,511.0,622.0,744.0,869.0,992.0,1120.0,1253.0,-4.0,-4.0,-4.0
208.0,54.0,149.0,267.0,396.0,0.0,630.0,751.0,876.0,998.0,1127.0,1260.0,-4.0,-4.0,-4.0,64.0,157.0,278.0,404.0,0.0,640.0,761.0,886.0,1012.0,1141.0,1273.0,-4.0,-4.0,-4.0,281.0,765.0,889.0,1017.0,1145.0,1277.0,-4.0,67.0,161.0,285.0,406.0,0.0,646.0,769.0,894.0,1020.0,1147.0,1282.0,-4.0,-4.0,-4.0,87.0,181.0,310.0,440.0,0.0,675.0,797.0,919.0,1051.0,1178.0,1312.0,-4.0,-4.0,-4.0,92.0,186.0,318.0,448.0,0.0,681.0,803.0,926.0,1060.0,1184.0,1318.0,-4.0,-4.0,-4.0,1.0,97.0,191.0,323.0,453.0,570.0,686.0,809.0,930.0,1065.0,1189.0,-4.0,-4.0,-4.0,37.0,134.0,248.0,375.0,499.0,610.0,732.0,856.0,977.0,1108.0,1240.0,-4.0,-4.0,-4.0,48.0,144.0,260.0,388.0,511.0,622.0,744.0,869.0,992.0,1120.0,1253.0,-4.0,-4.0,-4.0
209.0,-3.0,149.0,266.0,396.0,518.0,628.0,751.0,876.0,999.0,1127.0,-5.0,-4.0,-4.0,-4.0,-3.0,157.0,277.0,404.0,527.0,640.0,761.0,886.0,1012.0,1141.0,-5.0,-4.0,-4.0,-4.0,281.0,765.0,889.0,1017.0,1145.0,-5.0,-4.0,-3.0,161.0,283.0,405.0,530.0,645.0,768.0,894.0,1022.0,1147.0,-5.0,-4.0,-4.0,-4.0,-3.0,181.0,310.0,440.0,559.0,675.0,797.0,919.0,1051.0,1178.0,-5.0,-4.0,-4.0,-4.0,-3.0,186.0,318.0,448.0,565.0,681.0,803.0,926.0,1060.0,1184.0,-5.0,-4.0,-4.0,-4.0,-3.0,96.0,188.0,320.0,454.0,569.0,685.0,808.0,929.0,1064.0,-5.0,-4.0,-4.0,-4.0,-3.0,134.0,248.0,375.0,499.0,610.0,732.0,856.0,977.0,1108.0,-5.0,-4.0,-4.0,-4.0,-3.0,144.0,260.0,388.0,511.0,622.0,744.0,869.0,992.0,1120.0,-5.0,-4.0,-4.0,-4.0
210.0,54.0,149.0,266.0,395.0,519.0,629.0,751.0,0.0,1000.0,1128.0,1259.0,-4.0,-4.0,-4.0,64.0,157.0,277.0,404.0,527.0,641.0,761.0,0.0,1013.0,1142.0,1273.0,-4.0,-4.0,-4.0,281.0,765.0,0.0,1017.0,1145.0,1277.0,-4.0,67.0,160.0,283.0,405.0,530.0,644.0,766.0,891.0,1022.0,1147.0,1279.0,-4.0,-4.0,-4.0,87.0,181.0,310.0,440.0,559.0,675.0,797.0,919.0,1051.0,1178.0,1312.0,-4.0,-4.0,-4.0,92.0,186.0,318.0,448.0,565.0,681.0,803.0,926.0,1060.0,1184.0,1318.0,-4.0,-4.0,-4.0,1.0,98.0,192.0,320.0,454.0,568.0,688.0,806.0,931.0,1067.0,1191.0,-4.0,-4.0,-4.0,37.0,134.0,248.0,375.0,499.0,609.0,732.0,856.0,977.0,1108.0,1240.0,-4.0,-4.0,-4.0,48.0,144.0,260.0,388.0,511.0,622.0,744.0,869.0,992.0,1120.0,1253.0,-4.0,-4.0,-4.0
211.0,54.0,149.0,266.0,395.0,519.0,629.0,-5.0,-5.0,0.0,1128.0,1259.0,-4.0,-4.0,-4.0,64.0,157.0,277.0,404.0,527.0,641.0,-5.0,-5.0,0.0,1142.0,1273.0,-4.0,-4.0,-4.0,281.0,-5.0,-5.0,0.0,1145.0,1277.0,-4.0,67.0,160.0,283.0,405.0,530.0,644.0,-5.0,-5.0,1022.0,1147.0,1279.0,-4.0,-4.0,-4.0,87.0,181.0,310.0,440.0,559.0,675.0,-5.0,-5.0,1051.0,1178.0,1312.0,-4.0,-4.0,-4.0,92.0,186.0,318.0,448.0,565.0,681.0,-5.0,-5.0,1060.0,1184.0,1318.0,-4.0,-4.0,-4.0,1.0,98.0,192.0,321.0,452.0,568.0,-5.0,-5.0,931.0,1067.0,1191.0,-4.0,-4.0,-4.0,37.0,134.0,248.0,375.0,499.0,609.0,-5.0,-5.0,977.0,1108.0,1240.0,-4.0,-4.0,-4.0,48.0,144.0,260.0,388.0,511.0,622.0,-5.0,-5.0,992.0,1120.0,1253.0,-4.0,-4.0,-4.0
212.0,54.0,149.0,266.0,395.0,518.0,628.0,-3.0,875.0,998.0,1126.0,1259.0,-4.0,-4.0,-4.0,64.0,157.0,277.0,404.0,527.0,640.0,-3.0,885.0,1012.0,1141.0,1273.0,-4.0,-4.0,-4.0,281.0,-3.0,889.0,1017.0,1145.0,1277.0,-4.0,67.0,160.0,283.0,405.0,530.0,643.0,-3.0,891.0,1022.0,1148.0,1279.0,-4.0,-4.0,-4.0,87.0,181.0,310.0,440.0,559.0,675.0,-3.0,919.0,1051.0,1178.0,1312.0,-4.0,-4.0,-4.0,92.0,186.0,318.0,448.0,565.0,681.0,-3.0,926.0,1060.0,1184.0,1318.0,-4.0,-4.0,-4.0,1.0,94.0,188.0,321.0,450.0,567.0,-3.0,805.0,928.0,1063.0,1186.0,-4.0,-4.0,-4.0,37.0,134.0,248.0,375.0,499.0,609.0,-3.0,856.0,977.0,1108.0,1240.0,-4.0,-4.0,-4.0,48.0,144.0,260.0,388.0,511.0,622.0,-3.0,869.0,992.0,1120.0,1253.0,-4.0,-4.0,-4.0
213.0,54.0,149.0,267.0,396.0,0.0,630.0,751.0,876.0,998.0,1127.0,1260.0,-4.0,-4.0,-4.0,64.0,157.0,278.0,404.0,0.0,640.0,761.0,886.0,1012.0,1141.0,1273.0,-4.0,-4.0,-4.0,281.0,765.0,889.0,1017.0,1145.0,1277.0,-4.0,67.0,161.0,285.0,406.0,0.0,646.0,769.0,894.0,1020.0,1147.0,1282.0,-4.0,-4.0,-4.0,87.0,181.0,310.0,440.0,0.0,675.0,797.0,919.0,1051.0,1178.0,1312.0,-4.0,-4.0,-4.0,92.0,186.0,318.0,448.0,0.0,681.0,803.0,926.0,1060.0,1184.0,1318.0,-4.0,-4.0,-4.0,1.0,97.0,191.0,323.0,453.0,570.0,686.0,809.0,930.0,1065.0,1189.0,-4.0,-4.0,-4.0,37.0,134.0,248.0,375.0,499.0,610.0,732.0,856.0,977.0,1108.0,1240.0,-4.0,-4.0,-4.0,48.0,144.0,260.0,388.0,511.0,622.0,744.0,869.0,992.0,1120.0,1253.0,-4.0,-4.0,-4.0
214.0,56.0,-5.0,-4.0,-4.0,-4.0,-4.0,-4.0,-4.0,-4.0,-4.0,-4.0,-4.0,-4.0,-4.0,65.0,-5.0,-4.0,-4.0,-4.0,-4.0,-4.0,-4.0,-4.0,-4.0,-4.0,-4.0,-4.0,-4.0,-4.0,-4.0,-4.0,-4.0,-4.0,-4.0,-4.0,70.0,-5.0,-4.0,-4.0,-4.0,-4.0,-4.0,-4.0,-4.0,-4.0,-4.0,-4.0,-4.0,-4.0,89.0,-5.0,-4.0,-4.0,-4.0,-4.0,-4.0,-4.0,-4.0,-4.0,-4.0,-4.0,-4.0,-4.0,93.0,-5.0,-4.0,-4.0,-4.0,-4.0,-4.0,-4.0,-4.0,-4.0,-4.0,-4.0,-4.0,-4.0,3.0,-5.0,-4.0,-4.0,-4.0,-4.0,-4.0,-4.0,-4.0,-4.0,-4.0,-4.0,-4.0,-4.0,39.0,-5.0,-4.0,-4.0,-4.0,-4.0,-4.0,-4.0,-4.0,-4.0,-4.0,-4.0,-4.0,-4.0,49.0,-5.0,-4.0,-4.0,-4.0,-4.0,-4.0,-4.0,-4.0,-4.0,-4.0,-4.0,-4.0,-4.0
215.0,54.0,149.0,266.0,0.0,519.0,629.0,751.0,875.0,1000.0,-3.0,1259.0,-4.0,-4.0,-4.0,64.0,157.0,277.0,0.0,527.0,641.0,761.0,885.0,1013.0,-3.0,1273.0,-4.0,-4.0,-4.0,281.0,765.0,889.0,1017.0,-3.0,1277.0,-4.0,67.0,160.0,283.0,405.0,530.0,644.0,766.0,891.0,1021.0,-3.0,1279.0,-4.0,-4.0,-4.0,87.0,181.0,310.0,440.0,559.0,675.0,797.0,919.0,1051.0,-3.0,1312.0,-4.0,-4.0,-4.0,92.0,186.0,318.0,448.0,565.0,681.0,803.0,926.0,1060.0,-3.0,1318.0,-4.0,-4.0,-4.0,1.0,98.0,192.0,320.0,454.0,568.0,688.0,810.0,931.0,-3.0,1191.0,-4.0,-4.0,-4.0,37.0,134.0,248.0,375.0,499.0,609.0,732.0,856.0,977.0,-3.0,1240.0,-4.0,-4.0,-4.0,48.0,144.0,260.0,388.0,511.0,622.0,744.0,869.0,992.0,-3.0,1253.0,-4.0,-4.0,-4.0
216.0,54.0,149.0,267.0,396.0,519.0,630.0,751.0,876.0,998.0,1127.0,1260.0,-4.0,-4.0,-4.0,64.0,157.0,278.0,404.0,527.0,640.0,761.0,886.0,1012.0,1141.0,1273.0,-4.0,-4.0,-4.0,281.0,765.0,889.0,1017.0,1145.0,1277.0,-4.0,67.0,161.0,285.0,406.0,530.0,646.0,769.0,894.0,1020.0,1147.0,1282.0,-4.0,-4.0,-4.0,87.0,181.0,310.0,440.0,559.0,675.0,797.0,919.0,1051.0,1178.0,1312.0,-4.0,-4.0,-4.0,92.0,186.0,318.0,448.0,565.0,681.0,803.0,926.0,1060.0,1184.0,1318.0,-4.0,-4.0,-4.0,1.0,97.0,189.0,323.0,453.0,570.0,686.0,809.0,930.0,1065.0,1189.0,-4.0,-4.0,-4.0,37.0,134.0,248.0,375.0,499.0,610.0,732.0,856.0,977.0,1108.0,1240.0,-4.0,-4.0,-4.0,48.0,144.0,260.0,388.0,511.0,622.0,744.0,869.0,992.0,1120.0,1253.0,-4.0,-4.0,-4.0
217.0,57.0,151.0,268.0,397.0,0.0,629.0,751.0,875.0,-4.0,-4.0,-4.0,-4.0,-4.0,-4.0,66.0,157.0,278.0,403.0,0.0,641.0,761.0,885.0,-4.0,-4.0,-4.0,-4.0,-4.0,-4.0,281.0,765.0,889.0,-4.0,-4.0,-4.0,-4.0,71.0,160.0,283.0,405.0,531.0,647.0,766.0,891.0,-4.0,-4.0,-4.0,-4.0,-4.0,-4.0,90.0,181.0,310.0,440.0,559.0,675.0,797.0,919.0,-4.0,-4.0,-4.0,-4.0,-4.0,-4.0,93.0,186.0,318.0,448.0,565.0,681.0,803.0,926.0,-4.0,-4.0,-4.0,-4.0,-4.0,-4.0,4.0,98.0,188.0,324.0,451.0,568.0,688.0,806.0,-4.0,-4.0,-4.0,-4.0,-4.0,-4.0,38.0,134.0,248.0,375.0,499.0,609.0,732.0,856.0,-4.0,-4.0,-4.0,-4.0,-4.0,-4.0,48.0,144.0,260.0,388.0,511.0,622.0,744.0,869.0,-4.0,-4.0,-4.0,-4.0,-4.0,-4.0
218.0,0.0,149.0,0.0,0.0,518.0,628.0,-3.0,0.0,999.0,0.0,1260.0,-4.0,-4.0,-4.0,0.0,157.0,0.0,0.0,527.0,640.0,-3.0,0.0,1012.0,0.0,1273.0,-4.0,-4.0,-4.0,0.0,-3.0,0.0,1017.0,0.0,1277.0,-4.0,67.0,161.0,285.0,406.0,530.0,644.0,-3.0,894.0,1019.0,1147.0,1282.0,-4.0,-4.0,-4.0,87.0,181.0,310.0,440.0,559.0,675.0,-3.0,919.0,1051.0,1178.0,1312.0,-4.0,-4.0,-4.0,92.0,186.0,318.0,448.0,565.0,681.0,-3.0,926.0,1060.0,1184.0,1318.0,-4.0,-4.0,-4.0,1.0,97.0,189.0,320.0,454.0,569.0,-3.0,806.0,929.0,1064.0,1189.0,-4.0,-4.0,-4.0,37.0,134.0,248.0,375.0,499.0,610.0,-3.0,856.0,977.0,1108.0,1240.0,-4.0,-4.0,-4.0,48.0,144.0,260.0,388.0,511.0,622.0,-3.0,869.0,992.0,1120.0,1253.0,-4.0,-4.0,-4.0
219.0,56.0,0.0,269.0,394.0,0.0,629.0,751.0,875.0,1000.0,1128.0,-4.0,-4.0,-4.0,-4.0,65.0,0.0,279.0,403.0,0.0,641.0,761.0,885.0,1013.0,1142.0,-4.0,-4.0,-4.0,-4.0,282.0,765.0,889.0,1017.0,1145.0,-4.0,-4.0,68.0,161.0,286.0,406.0,0.0,647.0,766.0,891.0,1021.0,1150.0,-4.0,-4.0,-4.0,-4.0,87.0,181.0,311.0,440.0,0.0,675.0,797.0,919.0,1051.0,1178.0,-4.0,-4.0,-4.0,-4.0,92.0,186.0,319.0,448.0,0.0,681.0,803.0,926.0,1060.0,1184.0,-4.0,-4.0,-4.0,-4.0,3.0,95.0,191.0,324.0,452.0,571.0,688.0,806.0,931.0,1067.0,-4.0,-4.0,-4.0,-4.0,39.0,134.0,248.0,375.0,499.0,609.0,732.0,856.0,977.0,1108.0,-4.0,-4.0,-4.0,-4.0,49.0,144.0,260.0,388.0,511.0,622.0,744.0,869.0,992.0,1120.0,-4.0,-4.0,-4.0,-4.0
220.0,54.0,149.0,266.0,395.0,519.0,629.0,751.0,875.0,1000.0,1128.0,-5.0,-4.0,-4.0,-4.0,64.0,157.0,277.0,404.0,527.0,641.0,761.0,885.0,1013.0,1142.0,-5.0,-4.0,-4.0,-4.0,281.0,765.0,889.0,1017.0,1145.0,-5.0,-4.0,67.0,160.0,283.0,405.0,530.0,647.0,766.0,891.0,1022.0,1147.0,-5.0,-4.0,-4.0,-4.0,87.0,181.0,310.0,440.0,559.0,675.0,797.0,919.0,1051.0,1178.0,-5.0,-4.0,-4.0,-4.0,92.0,186.0,318.0,448.0,565.0,681.0,803.0,926.0,1060.0,1184.0,-5.0,-4.0,-4.0,-4.0,1.0,98.0,192.0,321.0,452.0,568.0,688.0,806.0,931.0,1067.0,-5.0,-4.0,-4.0,-4.0,37.0,134.0,248.0,375.0,499.0,609.0,732.0,856.0,977.0,1108.0,-5.0,-4.0,-4.0,-4.0,48.0,144.0,260.0,388.0,511.0,622.0,744.0,869.0,992.0,1120.0,-5.0,-4.0,-4.0,-4.0
221.0,54.0,149.0,267.0,396.0,519.0,630.0,751.0,876.0,998.0,-5.0,1260.0,-4.0,-4.0,-4.0,64.0,157.0,278.0,404.0,527.0,640.0,761.0,886.0,1012.0,-5.0,1273.0,-4.0,-4.0,-4.0,281.0,765.0,889.0,1017.0,-5.0,1277.0,-4.0,67.0,161.0,285.0,406.0,530.0,646.0,769.0,894.0,1020.0,-5.0,1280.0,-4.0,-4.0,-4.0,87.0,181.0,310.0,440.0,559.0,675.0,797.0,919.0,1051.0,-5.0,1312.0,-4.0,-4.0,-4.0,92.0,186.0,318.0,448.0,565.0,681.0,803.0,926.0,1060.0,-5.0,1318.0,-4.0,-4.0,-4.0,1.0,97.0,189.0,323.0,453.0,570.0,686.0,809.0,930.0,-5.0,1189.0,-4.0,-4.0,-4.0,37.0,134.0,248.0,375.0,499.0,610.0,732.0,856.0,977.0,-5.0,1240.0,-4.0,-4.0,-4.0,48.0,144.0,260.0,388.0,511.0,622.0,744.0,869.0,992.0,-5.0,1253.0,-4.0,-4.0,-4.0
222.0,56.0,151.0,268.0,395.0,519.0,629.0,752.0,875.0,-3.0,0.0,1259.0,-4.0,-4.0,-4.0,65.0,157.0,278.0,404.0,527.0,641.0,762.0,885.0,-3.0,0.0,1273.0,-4.0,-4.0,-4.0,281.0,765.0,889.0,-3.0,0.0,1277.0,-4.0,68.0,160.0,283.0,407.0,531.0,647.0,767.0,896.0,-3.0,0.0,1279.0,-4.0,-4.0,-4.0,87.0,181.0,310.0,441.0,559.0,675.0,797.0,919.0,-3.0,0.0,1312.0,-4.0,-4.0,-4.0,92.0,186.0,318.0,448.0,565.0,681.0,803.0,926.0,-3.0,0.0,1318.0,-4.0,-4.0,-4.0,4.0,98.0,188.0,324.0,451.0,571.0,684.0,810.0,-3.0,1067.0,1191.0,-4.0,-4.0,-4.0,38.0,134.0,248.0,375.0,499.0,609.0,732.0,856.0,-3.0,1108.0,1240.0,-4.0,-4.0,-4.0,48.0,144.0,260.0,388.0,511.0,622.0,744.0,869.0,-3.0,1120.0,1253.0,-4.0,-4.0,-4.0
223.0,54.0,149.0,266.0,-3.0,518.0,628.0,750.0,875.0,998.0,1126.0,0.0,-4.0,-4.0,-4.0,64.0,157.0,277.0,-3.0,527.0,640.0,760.0,885.0,1012.0,1141.0,0.0,-4.0,-4.0,-4.0,281.0,764.0,889.0,1017.0,1145.0,0.0,-4.0,67.0,160.0,283.0,-3.0,530.0,643.0,766.0,891.0,1022.0,1147.0,0.0,-4.0,-4.0,-4.0,87.0,181.0,310.0,-3.0,559.0,675.0,797.0,919.0,1051.0,1178.0,0.0,-4.0,-4.0,-4.0,92.0,186.0,318.0,-3.0,565.0,681.0,803.0,926.0,1060.0,1184.0,0.0,-4.0,-4.0,-4.0,1.0,94.0,188.0,-3.0,454.0,567.0,684.0,805.0,928.0,1064.0,1186.0,-4.0,-4.0,-4.0,37.0,134.0,248.0,-3.0,499.0,609.0,732.0,856.0,977.0,1108.0,1240.0,-4.0,-4.0,-4.0,48.0,144.0,260.0,-3.0,511.0,622.0,744.0,869.0,992.0,1120.0,1253.0,-4.0,-4.0,-4.0
224.0,54.0,149.0,267.0,396.0,519.0,630.0,751.0,876.0,998.0,1127.0,1260.0,-4.0,-4.0,-4.0,64.0,157.0,278.0,404.0,527.0,640.0,761.0,886.0,1012.0,1141.0,1273.0,-4.0,-4.0,-4.0,281.0,765.0,889.0,1017.0,1145.0,1277.0,-4.0,72.0,161.0,285.0,406.0,530.0,646.0,770.0,894.0,1020.0,1147.0,1282.0,-4.0,-4.0,-4.0,87.0,181.0,310.0,440.0,559.0,675.0,797.0,919.0,1051.0,1178.0,1312.0,-4.0,-4.0,-4.0,92.0,186.0,318.0,448.0,565.0,681.0,803.0,926.0,1060.0,1184.0,1318.0,-4.0,-4.0,-4.0,2.0,97.0,191.0,323.0,453.0,570.0,686.0,809.0,930.0,1065.0,1189.0,-4.0,-4.0,-4.0,38.0,134.0,248.0,375.0,499.0,610.0,732.0,856.0,977.0,1108.0,1240.0,-4.0,-4.0,-4.0,48.0,144.0,260.0,388.0,511.0,622.0,744.0,869.0,992.0,1120.0,1253.0,-4.0,-4.0,-4.0
225.0,0.0,151.0,267.0,-3.0,519.0,629.0,752.0,875.0,-3.0,1128.0,1261.0,1389.0,1509.0,1643.0,0.0,157.0,278.0,-3.0,527.0,641.0,762.0,885.0,-3.0,1142.0,1274.0,1399.0,1524.0,1655.0,281.0,765.0,889.0,-3.0,1145.0,1277.0,1528.0,72.0,162.0,287.0,-3.0,532.0,648.0,771.0,897.0,-3.0,1151.0,1284.0,1402.0,1531.0,1658.0,87.0,181.0,312.0,-3.0,559.0,676.0,798.0,922.0,-3.0,1178.0,1314.0,1426.0,1568.0,1690.0,92.0,186.0,318.0,-3.0,565.0,681.0,804.0,927.0,-3.0,1184.0,1319.0,1432.0,1575.0,1696.0,5.0,99.0,193.0,-3.0,455.0,572.0,689.0,811.0,-3.0,1068.0,1192.0,1321.0,1435.0,1578.0,38.0,135.0,249.0,-3.0,500.0,611.0,733.0,857.0,-3.0,1110.0,1242.0,1371.0,1490.0,1626.0,48.0,144.0,260.0,-3.0,511.0,622.0,745.0,870.0,-3.0,1121.0,1254.0,1383.0,1503.0,1637.0
226.0,0.0,149.0,267.0,396.0,520.0,0.0,753.0,875.0,1001.0,1129.0,1262.0,-4.0,-4.0,-4.0,0.0,157.0,278.0,404.0,528.0,0.0,761.0,885.0,1013.0,1141.0,1273.0,-4.0,-4.0,-4.0,281.0,765.0,889.0,1017.0,1145.0,1277.0,-4.0,73.0,162.0,288.0,408.0,531.0,649.0,772.0,895.0,1024.0,1152.0,1285.0,-4.0,-4.0,-4.0,88.0,181.0,312.0,441.0,559.0,676.0,799.0,921.0,1053.0,1178.0,1312.0,-4.0,-4.0,-4.0,92.0,186.0,318.0,448.0,565.0,681.0,803.0,926.0,1060.0,1184.0,1318.0,-4.0,-4.0,-4.0,6.0,99.0,194.0,325.0,456.0,573.0,690.0,812.0,932.0,1069.0,1193.0,-4.0,-4.0,-4.0,40.0,135.0,250.0,376.0,501.0,611.0,734.0,858.0,978.0,1111.0,1243.0,-4.0,-4.0,-4.0,48.0,144.0,260.0,388.0,511.0,622.0,744.0,869.0,992.0,1120.0,1253.0,-4.0,-4.0,-4.0
227.0,55.0,151.0,-5.0,-5.0,520.0,629.0,-5.0,875.0,1002.0,1128.0,1263.0,1389.0,1509.0,1643.0,64.0,157.0,-5.0,-5.0,528.0,641.0,-5.0,885.0,1014.0,1142.0,1274.0,1399.0,1524.0,1655.0,-5.0,-5.0,889.0,1017.0,1145.0,1277.0,1528.0,72.0,162.0,-5.0,-5.0,533.0,650.0,-5.0,897.0,1025.0,1153.0,1286.0,1403.0,1531.0,1658.0,87.0,181.0,-5.0,-5.0,560.0,677.0,-5.0,922.0,1054.0,1180.0,1314.0,1426.0,1568.0,1690.0,92.0,186.0,-5.0,-5.0,565.0,682.0,-5.0,927.0,1061.0,1184.0,1319.0,1432.0,1575.0,1696.0,7.0,99.0,-5.0,-5.0,457.0,574.0,-5.0,811.0,933.0,1070.0,1194.0,1322.0,1435.0,1578.0,40.0,135.0,-5.0,-5.0,502.0,612.0,-5.0,857.0,979.0,1112.0,1244.0,1372.0,1490.0,1626.0,48.0,144.0,-5.0,-5.0,512.0,623.0,-5.0,870.0,993.0,1121.0,1254.0,1383.0,1503.0,1637.0
228.0,0.0,149.0,0.0,0.0,0.0,630.0,-3.0,0.0,-4.0,-4.0,-4.0,-4.0,-4.0,-4.0,0.0,157.0,0.0,0.0,0.0,640.0,-3.0,0.0,-4.0,-4.0,-4.0,-4.0,-4.0,-4.0,0.0,-3.0,0.0,-4.0,-4.0,-4.0,-4.0,69.0,161.0,0.0,408.0,0.0,649.0,-3.0,895.0,-4.0,-4.0,-4.0,-4.0,-4.0,-4.0,88.0,181.0,0.0,441.0,0.0,676.0,-3.0,921.0,-4.0,-4.0,-4.0,-4.0,-4.0,-4.0,92.0,186.0,0.0,448.0,0.0,681.0,-3.0,926.0,-4.0,-4.0,-4.0,-4.0,-4.0,-4.0,2.0,99.0,195.0,326.0,456.0,575.0,-3.0,813.0,-4.0,-4.0,-4.0,-4.0,-4.0,-4.0,38.0,135.0,250.0,376.0,501.0,613.0,-3.0,858.0,-4.0,-4.0,-4.0,-4.0,-4.0,-4.0,48.0,144.0,260.0,388.0,511.0,622.0,-3.0,869.0,-4.0,-4.0,-4.0,-4.0,-4.0,-4.0
229.0,58.0,149.0,267.0,396.0,519.0,631.0,754.0,878.0,1003.0,1129.0,1262.0,-4.0,-4.0,-4.0,64.0,157.0,278.0,404.0,527.0,640.0,762.0,886.0,1012.0,1141.0,1273.0,-4.0,-4.0,-4.0,281.0,765.0,889.0,1017.0,1145.0,1277.0,-4.0,74.0,163.0,287.0,409.0,534.0,651.0,773.0,898.0,1026.0,1154.0,1287.0,-4.0,-4.0,-4.0,88.0,182.0,312.0,441.0,559.0,676.0,800.0,921.0,1055.0,1178.0,1312.0,-4.0,-4.0,-4.0,92.0,186.0,318.0,448.0,565.0,681.0,803.0,926.0,1060.0,1184.0,1318.0,-4.0,-4.0,-4.0,8.0,100.0,196.0,327.0,456.0,576.0,691.0,814.0,934.0,1071.0,1195.0,-4.0,-4.0,-4.0,41.0,136.0,250.0,376.0,501.0,613.0,734.0,859.0,980.0,1113.0,1243.0,-4.0,-4.0,-4.0,48.0,144.0,260.0,388.0,511.0,622.0,744.0,869.0,992.0,1120.0,1253.0,-4.0,-4.0,-4.0
230.0,54.0,150.0,267.0,0.0,-5.0,632.0,752.0,878.0,1001.0,1129.0,1262.0,-4.0,-4.0,-4.0,64.0,157.0,278.0,0.0,-5.0,640.0,762.0,886.0,1013.0,1141.0,1273.0,-4.0,-4.0,-4.0,281.0,765.0,889.0,1017.0,1145.0,1277.0,-4.0,73.0,164.0,289.0,408.0,-5.0,651.0,773.0,898.0,1027.0,1155.0,1288.0,-4.0,-4.0,-4.0,88.0,182.0,312.0,441.0,-5.0,676.0,800.0,921.0,1053.0,1178.0,1312.0,-4.0,-4.0,-4.0,92.0,186.0,318.0,448.0,-5.0,681.0,803.0,926.0,1060.0,1184.0,1318.0,-4.0,-4.0,-4.0,9.0,101.0,197.0,328.0,-5.0,577.0,692.0,815.0,935.0,1072.0,1196.0,-4.0,-4.0,-4.0,41.0,136.0,249.0,377.0,-5.0,613.0,734.0,859.0,978.0,1113.0,1243.0,-4.0,-4.0,-4.0,48.0,144.0,260.0,388.0,-5.0,622.0,744.0,869.0,992.0,1120.0,1253.0,-4.0,-4.0,-4.0
231.0,54.0,150.0,267.0,395.0,0.0,632.0,755.0,879.0,1001.0,1129.0,1261.0,1390.0,1510.0,1644.0,64.0,157.0,278.0,404.0,0.0,640.0,762.0,887.0,1013.0,1141.0,1274.0,1400.0,1524.0,1655.0,281.0,765.0,890.0,1017.0,1145.0,1277.0,1528.0,73.0,163.0,287.0,407.0,0.0,648.0,771.0,899.0,1028.0,1156.0,1289.0,1402.0,1532.0,1659.0,88.0,182.0,312.0,441.0,0.0,676.0,798.0,922.0,1054.0,1180.0,1314.0,1426.0,1568.0,1690.0,92.0,186.0,318.0,448.0,0.0,681.0,804.0,927.0,1061.0,1184.0,1319.0,1432.0,1575.0,1696.0,6.0,102.0,198.0,329.0,458.0,573.0,693.0,816.0,936.0,1068.0,1197.0,1323.0,1436.0,1579.0,40.0,135.0,249.0,378.0,500.0,611.0,733.0,860.0,981.0,1110.0,1242.0,1372.0,1491.0,1627.0,48.0,144.0,260.0,388.0,511.0,622.0,745.0,870.0,993.0,1121.0,1254.0,1383.0,1503.0,1637.0
232.0,54.0,149.0,267.0,396.0,519.0,631.0,754.0,878.0,1003.0,1129.0,1262.0,-4.0,-4.0,-4.0,64.0,157.0,278.0,404.0,527.0,640.0,762.0,886.0,1012.0,1141.0,1273.0,-4.0,-4.0,-4.0,281.0,765.0,889.0,1017.0,1145.0,1277.0,-4.0,72.0,162.0,287.0,408.0,534.0,651.0,773.0,900.0,1026.0,1154.0,1287.0,-4.0,-4.0,-4.0,87.0,181.0,312.0,441.0,559.0,676.0,800.0,921.0,1055.0,1178.0,1312.0,-4.0,-4.0,-4.0,92.0,186.0,318.0,448.0,565.0,681.0,803.0,926.0,1060.0,1184.0,1318.0,-4.0,-4.0,-4.0,7.0,99.0,199.0,326.0,456.0,578.0,691.0,814.0,934.0,1071.0,1195.0,-4.0,-4.0,-4.0,40.0,135.0,250.0,376.0,501.0,613.0,734.0,859.0,980.0,1113.0,1243.0,-4.0,-4.0,-4.0,48.0,144.0,260.0,388.0,511.0,622.0,744.0,869.0,992.0,1120.0,1253.0,-4.0,-4.0,-4.0
233.0,54.0,-3.0,267.0,396.0,519.0,631.0,754.0,878.0,1003.0,-3.0,1259.0,-4.0,-4.0,-4.0,64.0,-3.0,278.0,404.0,527.0,640.0,762.0,886.0,1012.0,-3.0,1273.0,-4.0,-4.0,-4.0,281.0,765.0,889.0,1017.0,-3.0,1277.0,-4.0,72.0,-3.0,287.0,408.0,534.0,651.0,774.0,898.0,1026.0,-3.0,1288.0,-4.0,-4.0,-4.0,87.0,-3.0,312.0,441.0,559.0,676.0,800.0,921.0,1055.0,-3.0,1312.0,-4.0,-4.0,-4.0,92.0,-3.0,318.0,448.0,565.0,681.0,803.0,926.0,1060.0,-3.0,1318.0,-4.0,-4.0,-4.0,7.0,-3.0,199.0,326.0,456.0,578.0,690.0,817.0,934.0,-3.0,1198.0,-4.0,-4.0,-4.0,40.0,-3.0,250.0,376.0,501.0,613.0,734.0,859.0,980.0,-3.0,1245.0,-4.0,-4.0,-4.0,48.0,-3.0,260.0,388.0,511.0,622.0,744.0,869.0,992.0,-3.0,1253.0,-4.0,-4.0,-4.0
234.0,-3.0,-3.0,-3.0,-3.0,-3.0,-3.0,-3.0,-3.0,1004.0,1128.0,-4.0,-4.0,-4.0,-4.0,-3.0,-3.0,-3.0,-3.0,-3.0,-3.0,-3.0,-3.0,1015.0,1142.0,-4.0,-4.0,-4.0,-4.0,-3.0,-3.0,-3.0,1018.0,1145.0,-4.0,-4.0,-3.0,-3.0,-3.0,-3.0,-3.0,-3.0,-3.0,-3.0,1029.0,1157.0,-4.0,-4.0,-4.0,-4.0,-3.0,-3.0,-3.0,-3.0,-3.0,-3.0,-3.0,-3.0,1056.0,1180.0,-4.0,-4.0,-4.0,-4.0,-3.0,-3.0,-3.0,-3.0,-3.0,-3.0,-3.0,-3.0,1062.0,1184.0,-4.0,-4.0,-4.0,-4.0,-3.0,-3.0,-3.0,-3.0,-3.0,-3.0,-3.0,-3.0,937.0,1073.0,-4.0,-4.0,-4.0,-4.0,-3.0,-3.0,-3.0,-3.0,-3.0,-3.0,-3.0,-3.0,982.0,1112.0,-4.0,-4.0,-4.0,-4.0,-3.0,-3.0,-3.0,-3.0,-3.0,-3.0,-3.0,-3.0,994.0,1121.0,-4.0,-4.0,-4.0,-4.0
235.0,58.0,150.0,267.0,396.0,520.0,632.0,755.0,879.0,1000.0,1126.0,1264.0,-4.0,-4.0,-4.0,64.0,157.0,278.0,404.0,528.0,640.0,762.0,887.0,1013.0,1141.0,1273.0,-4.0,-4.0,-4.0,281.0,765.0,890.0,1017.0,1145.0,1277.0,-4.0,75.0,163.0,287.0,410.0,535.0,651.0,775.0,898.0,1026.0,1158.0,1285.0,-4.0,-4.0,-4.0,88.0,182.0,312.0,441.0,559.0,676.0,800.0,921.0,1055.0,1178.0,1312.0,-4.0,-4.0,-4.0,92.0,186.0,318.0,448.0,565.0,681.0,803.0,926.0,1060.0,1184.0,1318.0,-4.0,-4.0,-4.0,8.0,100.0,198.0,330.0,459.0,578.0,692.0,815.0,938.0,1074.0,1193.0,-4.0,-4.0,-4.0,41.0,136.0,249.0,376.0,501.0,613.0,734.0,859.0,978.0,1111.0,1243.0,-4.0,-4.0,-4.0,48.0,144.0,260.0,388.0,511.0,622.0,744.0,869.0,992.0,1120.0,1253.0,-4.0,-4.0,-4.0
236.0,54.0,151.0,267.0,398.0,520.0,0.0,753.0,877.0,-3.0,0.0,1261.0,-4.0,-4.0,-4.0,64.0,157.0,278.0,404.0,528.0,0.0,761.0,886.0,-3.0,0.0,1274.0,-4.0,-4.0,-4.0,281.0,765.0,889.0,-3.0,0.0,1277.0,-4.0,72.0,162.0,288.0,411.0,534.0,652.0,771.0,901.0,-3.0,0.0,1284.0,-4.0,-4.0,-4.0,87.0,181.0,312.0,442.0,559.0,676.0,798.0,922.0,-3.0,0.0,1314.0,-4.0,-4.0,-4.0,92.0,186.0,318.0,448.0,565.0,681.0,804.0,927.0,-3.0,0.0,1319.0,-4.0,-4.0,-4.0,6.0,99.0,200.0,331.0,460.0,574.0,694.0,811.0,-3.0,1075.0,1192.0,-4.0,-4.0,-4.0,40.0,135.0,249.0,378.0,500.0,612.0,733.0,857.0,-3.0,1112.0,1242.0,-4.0,-4.0,-4.0,48.0,144.0,260.0,388.0,511.0,623.0,745.0,870.0,-3.0,1121.0,1254.0,-4.0,-4.0,-4.0
237.0,55.0,151.0,-4.0,-4.0,-4.0,-4.0,-4.0,-4.0,-4.0,-4.0,-4.0,-4.0,-4.0,-4.0,64.0,157.0,-4.0,-4.0,-4.0,-4.0,-4.0,-4.0,-4.0,-4.0,-4.0,-4.0,-4.0,-4.0,-4.0,-4.0,-4.0,-4.0,-4.0,-4.0,-4.0,72.0,162.0,-4.0,-4.0,-4.0,-4.0,-4.0,-4.0,-4.0,-4.0,-4.0,-4.0,-4.0,-4.0,87.0,181.0,-4.0,-4.0,-4.0,-4.0,-4.0,-4.0,-4.0,-4.0,-4.0,-4.0,-4.0,-4.0,92.0,186.0,-4.0,-4.0,-4.0,-4.0,-4.0,-4.0,-4.0,-4.0,-4.0,-4.0,-4.0,-4.0,5.0,99.0,-4.0,-4.0,-4.0,-4.0,-4.0,-4.0,-4.0,-4.0,-4.0,-4.0,-4.0,-4.0,38.0,135.0,-4.0,-4.0,-4.0,-4.0,-4.0,-4.0,-4.0,-4.0,-4.0,-4.0,-4.0,-4.0,48.0,144.0,-4.0,-4.0,-4.0,-4.0,-4.0,-4.0,-4.0,-4.0,-4.0,-4.0,-4.0,-4.0
238.0,58.0,150.0,267.0,395.0,519.0,631.0,752.0,878.0,1000.0,1129.0,1262.0,-4.0,-4.0,-4.0,64.0,157.0,278.0,404.0,527.0,640.0,762.0,886.0,1013.0,1141.0,1273.0,-4.0,-4.0,-4.0,281.0,765.0,889.0,1017.0,1145.0,1277.0,-4.0,74.0,163.0,287.0,409.0,534.0,651.0,773.0,898.0,1026.0,1154.0,1290.0,-4.0,-4.0,-4.0,88.0,182.0,312.0,441.0,559.0,676.0,800.0,921.0,1055.0,1178.0,1312.0,-4.0,-4.0,-4.0,92.0,186.0,318.0,448.0,565.0,681.0,803.0,926.0,1060.0,1184.0,1318.0,-4.0,-4.0,-4.0,8.0,100.0,201.0,325.0,456.0,577.0,691.0,814.0,939.0,1071.0,1195.0,-4.0,-4.0,-4.0,41.0,136.0,250.0,376.0,501.0,613.0,734.0,859.0,980.0,1113.0,1243.0,-4.0,-4.0,-4.0,48.0,144.0,260.0,388.0,511.0,622.0,744.0,869.0,992.0,1120.0,1253.0,-4.0,-4.0,-4.0
239.0,0.0,0.0,0.0,399.0,0.0,0.0,753.0,875.0,1001.0,0.0,1261.0,1390.0,0.0,1643.0,0.0,0.0,0.0,403.0,0.0,0.0,761.0,885.0,1013.0,0.0,1274.0,1400.0,0.0,1655.0,0.0,765.0,889.0,1017.0,0.0,1277.0,0.0,74.0,162.0,288.0,411.0,533.0,652.0,771.0,897.0,1028.0,1159.0,1284.0,1402.0,0.0,1660.0,88.0,181.0,312.0,442.0,560.0,676.0,798.0,922.0,1054.0,1180.0,1314.0,1426.0,0.0,1690.0,92.0,186.0,318.0,448.0,565.0,681.0,804.0,927.0,1061.0,1184.0,1319.0,1432.0,0.0,1696.0,10.0,100.0,193.0,332.0,457.0,574.0,694.0,811.0,940.0,1068.0,1192.0,1321.0,1437.0,1580.0,41.0,136.0,249.0,379.0,502.0,612.0,733.0,857.0,979.0,1110.0,1242.0,1371.0,1491.0,1626.0,48.0,144.0,260.0,389.0,512.0,623.0,745.0,870.0,993.0,1121.0,1254.0,1383.0,1503.0,1637.0
240.0,54.0,150.0,267.0,0.0,519.0,-4.0,-4.0,-4.0,-4.0,-4.0,-4.0,-4.0,-4.0,-4.0,64.0,157.0,278.0,0.0,527.0,-4.0,-4.0,-4.0,-4.0,-4.0,-4.0,-4.0,-4.0,-4.0,281.0,-4.0,-4.0,-4.0,-4.0,-4.0,-4.0,73.0,165.0,287.0,407.0,531.0,-4.0,-4.0,-4.0,-4.0,-4.0,-4.0,-4.0,-4.0,-4.0,88.0,182.0,312.0,441.0,559.0,-4.0,-4.0,-4.0,-4.0,-4.0,-4.0,-4.0,-4.0,-4.0,92.0,186.0,318.0,448.0,565.0,-4.0,-4.0,-4.0,-4.0,-4.0,-4.0,-4.0,-4.0,-4.0,6.0,102.0,202.0,333.0,455.0,-4.0,-4.0,-4.0,-4.0,-4.0,-4.0,-4.0,-4.0,-4.0,40.0,135.0,249.0,378.0,500.0,-4.0,-4.0,-4.0,-4.0,-4.0,-4.0,-4.0,-4.0,-4.0,48.0,144.0,260.0,388.0,511.0,-4.0,-4.0,-4.0,-4.0,-4.0,-4.0,-4.0,-4.0,-4.0
241.0,55.0,151.0,-5.0,395.0,520.0,-4.0,-4.0,-4.0,-4.0,-4.0,-4.0,-4.0,-4.0,-4.0,64.0,157.0,-5.0,404.0,528.0,-4.0,-4.0,-4.0,-4.0,-4.0,-4.0,-4.0,-4.0,-4.0,-5.0,-4.0,-4.0,-4.0,-4.0,-4.0,-4.0,72.0,162.0,-5.0,408.0,534.0,-4.0,-4.0,-4.0,-4.0,-4.0,-4.0,-4.0,-4.0,-4.0,87.0,181.0,-5.0,441.0,559.0,-4.0,-4.0,-4.0,-4.0,-4.0,-4.0,-4.0,-4.0,-4.0,92.0,186.0,-5.0,448.0,565.0,-4.0,-4.0,-4.0,-4.0,-4.0,-4.0,-4.0,-4.0,-4.0,7.0,99.0,-5.0,334.0,460.0,-4.0,-4.0,-4.0,-4.0,-4.0,-4.0,-4.0,-4.0,-4.0,40.0,135.0,-5.0,377.0,500.0,-4.0,-4.0,-4.0,-4.0,-4.0,-4.0,-4.0,-4.0,-4.0,48.0,144.0,-5.0,388.0,511.0,-4.0,-4.0,-4.0,-4.0,-4.0,-4.0,-4.0,-4.0,-4.0
242.0,54.0,-3.0,-4.0,-4.0,-4.0,-4.0,-4.0,-4.0,-4.0,-4.0,-4.0,-4.0,-4.0,-4.0,64.0,-3.0,-4.0,-4.0,-4.0,-4.0,-4.0,-4.0,-4.0,-4.0,-4.0,-4.0,-4.0,-4.0,-4.0,-4.0,-4.0,-4.0,-4.0,-4.0,-4.0,73.0,-3.0,-4.0,-4.0,-4.0,-4.0,-4.0,-4.0,-4.0,-4.0,-4.0,-4.0,-4.0,-4.0,88.0,-3.0,-4.0,-4.0,-4.0,-4.0,-4.0,-4.0,-4.0,-4.0,-4.0,-4.0,-4.0,-4.0,92.0,-3.0,-4.0,-4.0,-4.0,-4.0,-4.0,-4.0,-4.0,-4.0,-4.0,-4.0,-4.0,-4.0,6.0,-3.0,-4.0,-4.0,-4.0,-4.0,-4.0,-4.0,-4.0,-4.0,-4.0,-4.0,-4.0,-4.0,40.0,-3.0,-4.0,-4.0,-4.0,-4.0,-4.0,-4.0,-4.0,-4.0,-4.0,-4.0,-4.0,-4.0,48.0,-3.0,-4.0,-4.0,-4.0,-4.0,-4.0,-4.0,-4.0,-4.0,-4.0,-4.0,-4.0,-4.0
243.0,56.0,152.0,267.0,-3.0,520.0,630.0,753.0,0.0,1000.0,1128.0,1259.0,-4.0,-4.0,-4.0,65.0,158.0,278.0,-3.0,528.0,640.0,761.0,0.0,1013.0,1142.0,1273.0,-4.0,-4.0,-4.0,281.0,765.0,0.0,1017.0,1145.0,1277.0,-4.0,72.0,162.0,289.0,-3.0,534.0,651.0,775.0,895.0,1027.0,1158.0,1287.0,-4.0,-4.0,-4.0,87.0,181.0,312.0,-3.0,559.0,676.0,800.0,921.0,1053.0,1178.0,1312.0,-4.0,-4.0,-4.0,92.0,186.0,318.0,-3.0,565.0,681.0,803.0,926.0,1060.0,1184.0,1318.0,-4.0,-4.0,-4.0,7.0,99.0,194.0,-3.0,456.0,578.0,692.0,813.0,938.0,1069.0,1199.0,-4.0,-4.0,-4.0,40.0,135.0,250.0,-3.0,501.0,613.0,734.0,858.0,978.0,1111.0,1246.0,-4.0,-4.0,-4.0,48.0,144.0,260.0,-3.0,511.0,622.0,744.0,869.0,992.0,1120.0,1253.0,-4.0,-4.0,-4.0
244.0,54.0,149.0,267.0,396.0,0.0,0.0,752.0,878.0,1001.0,1129.0,1262.0,-4.0,-4.0,-4.0,64.0,157.0,278.0,404.0,0.0,0.0,762.0,886.0,1013.0,1141.0,1273.0,-4.0,-4.0,-4.0,281.0,765.0,889.0,1017.0,1145.0,1277.0,-4.0,72.0,162.0,288.0,407.0,535.0,651.0,773.0,895.0,1027.0,1152.0,1290.0,-4.0,-4.0,-4.0,87.0,181.0,312.0,441.0,559.0,676.0,800.0,921.0,1053.0,1178.0,1312.0,-4.0,-4.0,-4.0,92.0,186.0,318.0,448.0,565.0,681.0,803.0,926.0,1060.0,1184.0,1318.0,-4.0,-4.0,-4.0,7.0,99.0,194.0,335.0,459.0,575.0,691.0,815.0,932.0,1069.0,1193.0,-4.0,-4.0,-4.0,40.0,135.0,250.0,376.0,501.0,613.0,734.0,859.0,978.0,1111.0,1243.0,-4.0,-4.0,-4.0,48.0,144.0,260.0,388.0,511.0,622.0,744.0,869.0,992.0,1120.0,1253.0,-4.0,-4.0,-4.0
245.0,56.0,152.0,267.0,396.0,520.0,630.0,753.0,-3.0,1000.0,1128.0,1259.0,-4.0,-4.0,-4.0,65.0,158.0,278.0,404.0,528.0,640.0,761.0,-3.0,1013.0,1142.0,1273.0,-4.0,-4.0,-4.0,281.0,765.0,-3.0,1017.0,1145.0,1277.0,-4.0,72.0,162.0,288.0,410.0,535.0,651.0,775.0,-3.0,1027.0,1158.0,1291.0,-4.0,-4.0,-4.0,87.0,181.0,312.0,441.0,559.0,676.0,800.0,-3.0,1053.0,1178.0,1312.0,-4.0,-4.0,-4.0,92.0,186.0,318.0,448.0,565.0,681.0,803.0,-3.0,1060.0,1184.0,1318.0,-4.0,-4.0,-4.0,7.0,99.0,194.0,330.0,459.0,578.0,692.0,-3.0,938.0,1069.0,1199.0,-4.0,-4.0,-4.0,40.0,135.0,250.0,376.0,501.0,613.0,734.0,-3.0,978.0,1111.0,1246.0,-4.0,-4.0,-4.0,48.0,144.0,260.0,388.0,511.0,622.0,744.0,-3.0,992.0,1120.0,1253.0,-4.0,-4.0,-4.0
246.0,-3.0,151.0,267.0,395.0,0.0,630.0,-3.0,-4.0,-4.0,-4.0,-4.0,-4.0,-4.0,-4.0,-3.0,157.0,278.0,404.0,0.0,640.0,-3.0,-4.0,-4.0,-4.0,-4.0,-4.0,-4.0,-4.0,281.0,-3.0,-4.0,-4.0,-4.0,-4.0,-4.0,-3.0,166.0,288.0,407.0,0.0,649.0,-3.0,-4.0,-4.0,-4.0,-4.0,-4.0,-4.0,-4.0,-3.0,182.0,312.0,441.0,0.0,676.0,-3.0,-4.0,-4.0,-4.0,-4.0,-4.0,-4.0,-4.0,-3.0,186.0,318.0,448.0,0.0,681.0,-3.0,-4.0,-4.0,-4.0,-4.0,-4.0,-4.0,-4.0,-3.0,103.0,203.0,335.0,461.0,575.0,-3.0,-4.0,-4.0,-4.0,-4.0,-4.0,-4.0,-4.0,-3.0,135.0,250.0,376.0,501.0,613.0,-3.0,-4.0,-4.0,-4.0,-4.0,-4.0,-4.0,-4.0,-3.0,144.0,260.0,388.0,511.0,622.0,-3.0,-4.0,-4.0,-4.0,-4.0,-4.0,-4.0,-4.0
247.0,54.0,149.0,0.0,0.0,0.0,-3.0,752.0,-3.0,1001.0,1129.0,1262.0,-4.0,-4.0,-4.0,64.0,157.0,0.0,0.0,0.0,-3.0,762.0,-3.0,1013.0,1141.0,1273.0,-4.0,-4.0,-4.0,0.0,765.0,-3.0,1017.0,1145.0,1277.0,-4.0,67.0,166.0,288.0,408.0,0.0,-3.0,773.0,-3.0,1024.0,1152.0,1285.0,-4.0,-4.0,-4.0,87.0,182.0,312.0,441.0,0.0,-3.0,800.0,-3.0,1053.0,1178.0,1312.0,-4.0,-4.0,-4.0,92.0,186.0,318.0,448.0,0.0,-3.0,803.0,-3.0,1060.0,1184.0,1318.0,-4.0,-4.0,-4.0,2.0,103.0,194.0,325.0,456.0,-3.0,692.0,-3.0,932.0,1069.0,1193.0,-4.0,-4.0,-4.0,38.0,135.0,250.0,376.0,501.0,-3.0,734.0,-3.0,978.0,1111.0,1243.0,-4.0,-4.0,-4.0,48.0,144.0,260.0,388.0,511.0,-3.0,744.0,-3.0,992.0,1120.0,1253.0,-4.0,-4.0,-4.0
248.0,54.0,151.0,267.0,396.0,519.0,0.0,754.0,878.0,1003.0,1129.0,1264.0,-4.0,-4.0,-4.0,64.0,157.0,278.0,404.0,527.0,0.0,762.0,886.0,1012.0,1141.0,1273.0,-4.0,-4.0,-4.0,281.0,765.0,889.0,1017.0,1145.0,1277.0,-4.0,72.0,166.0,288.0,408.0,534.0,0.0,773.0,900.0,1026.0,1154.0,1285.0,-4.0,-4.0,-4.0,87.0,182.0,312.0,441.0,559.0,0.0,800.0,921.0,1055.0,1178.0,1312.0,-4.0,-4.0,-4.0,92.0,186.0,318.0,448.0,565.0,0.0,803.0,926.0,1060.0,1184.0,1318.0,-4.0,-4.0,-4.0,11.0,103.0,199.0,326.0,462.0,578.0,691.0,814.0,934.0,1071.0,1187.0,-4.0,-4.0,-4.0,40.0,135.0,250.0,376.0,501.0,613.0,734.0,859.0,980.0,1113.0,1240.0,-4.0,-4.0,-4.0,48.0,144.0,260.0,388.0,511.0,622.0,744.0,869.0,992.0,1120.0,1253.0,-4.0,-4.0,-4.0
249.0,55.0,0.0,0.0,0.0,0.0,0.0,0.0,0.0,0.0,0.0,1259.0,-4.0,-4.0,-4.0,64.0,0.0,0.0,0.0,0.0,0.0,0.0,0.0,0.0,0.0,1273.0,-4.0,-4.0,-4.0,0.0,0.0,0.0,0.0,0.0,1277.0,-4.0,72.0,166.0,288.0,408.0,531.0,649.0,775.0,895.0,1024.0,1152.0,1285.0,-4.0,-4.0,-4.0,87.0,182.0,312.0,441.0,559.0,676.0,800.0,921.0,1053.0,1178.0,1312.0,-4.0,-4.0,-4.0,92.0,186.0,318.0,448.0,565.0,681.0,803.0,926.0,1060.0,1184.0,1318.0,-4.0,-4.0,-4.0,11.0,103.0,204.0,325.0,456.0,578.0,692.0,813.0,939.0,1076.0,1193.0,-4.0,-4.0,-4.0,40.0,135.0,250.0,376.0,501.0,613.0,734.0,858.0,980.0,1114.0,1243.0,-4.0,-4.0,-4.0,48.0,144.0,260.0,388.0,511.0,622.0,744.0,869.0,992.0,1120.0,1253.0,-4.0,-4.0,-4.0
250.0,56.0,152.0,0.0,395.0,520.0,632.0,753.0,877.0,1001.0,-4.0,-4.0,-4.0,-4.0,-4.0,65.0,158.0,0.0,404.0,528.0,640.0,761.0,886.0,1013.0,-4.0,-4.0,-4.0,-4.0,-4.0,0.0,765.0,889.0,1017.0,-4.0,-4.0,-4.0,69.0,165.0,288.0,408.0,535.0,649.0,775.0,895.0,1030.0,-4.0,-4.0,-4.0,-4.0,-4.0,88.0,182.0,312.0,441.0,559.0,676.0,800.0,921.0,1053.0,-4.0,-4.0,-4.0,-4.0,-4.0,92.0,186.0,318.0,448.0,565.0,681.0,803.0,926.0,1060.0,-4.0,-4.0,-4.0,-4.0,-4.0,11.0,103.0,195.0,335.0,461.0,575.0,692.0,813.0,941.0,-4.0,-4.0,-4.0,-4.0,-4.0,40.0,135.0,250.0,376.0,501.0,613.0,734.0,858.0,978.0,-4.0,-4.0,-4.0,-4.0,-4.0,48.0,144.0,260.0,388.0,511.0,622.0,744.0,869.0,992.0,-4.0,-4.0,-4.0,-4.0,-4.0
251.0,0.0,152.0,-4.0,-4.0,-4.0,-4.0,-4.0,-4.0,-4.0,-4.0,-4.0,-4.0,-4.0,-4.0,0.0,158.0,-4.0,-4.0,-4.0,-4.0,-4.0,-4.0,-4.0,-4.0,-4.0,-4.0,-4.0,-4.0,-4.0,-4.0,-4.0,-4.0,-4.0,-4.0,-4.0,69.0,165.0,-4.0,-4.0,-4.0,-4.0,-4.0,-4.0,-4.0,-4.0,-4.0,-4.0,-4.0,-4.0,88.0,182.0,-4.0,-4.0,-4.0,-4.0,-4.0,-4.0,-4.0,-4.0,-4.0,-4.0,-4.0,-4.0,92.0,186.0,-4.0,-4.0,-4.0,-4.0,-4.0,-4.0,-4.0,-4.0,-4.0,-4.0,-4.0,-4.0,12.0,102.0,-4.0,-4.0,-4.0,-4.0,-4.0,-4.0,-4.0,-4.0,-4.0,-4.0,-4.0,-4.0,40.0,135.0,-4.0,-4.0,-4.0,-4.0,-4.0,-4.0,-4.0,-4.0,-4.0,-4.0,-4.0,-4.0,48.0,144.0,-4.0,-4.0,-4.0,-4.0,-4.0,-4.0,-4.0,-4.0,-4.0,-4.0,-4.0,-4.0
252.0,54.0,0.0,267.0,395.0,520.0,631.0,752.0,878.0,1001.0,1129.0,1259.0,-4.0,-4.0,-4.0,64.0,0.0,278.0,404.0,528.0,640.0,762.0,886.0,1013.0,1141.0,1273.0,-4.0,-4.0,-4.0,281.0,765.0,889.0,1017.0,1145.0,1277.0,-4.0,72.0,166.0,287.0,407.0,534.0,648.0,774.0,896.0,1027.0,1160.0,1291.0,-4.0,-4.0,-4.0,87.0,182.0,312.0,441.0,559.0,676.0,800.0,919.0,1053.0,1178.0,1312.0,-4.0,-4.0,-4.0,92.0,186.0,318.0,448.0,565.0,681.0,803.0,926.0,1060.0,1184.0,1318.0,-4.0,-4.0,-4.0,11.0,103.0,198.0,335.0,459.0,573.0,690.0,817.0,939.0,1072.0,1196.0,-4.0,-4.0,-4.0,40.0,135.0,249.0,376.0,501.0,611.0,734.0,859.0,980.0,1113.0,1243.0,-4.0,-4.0,-4.0,48.0,144.0,260.0,388.0,511.0,622.0,744.0,869.0,992.0,1120.0,1253.0,-4.0,-4.0,-4.0
253.0,55.0,151.0,267.0,395.0,519.0,630.0,752.0,878.0,1001.0,1129.0,1262.0,-4.0,-4.0,-4.0,64.0,157.0,278.0,404.0,527.0,640.0,762.0,886.0,1013.0,1141.0,1273.0,-4.0,-4.0,-4.0,281.0,765.0,889.0,1017.0,1145.0,1277.0,-4.0,72.0,166.0,288.0,407.0,535.0,651.0,773.0,898.0,1027.0,1155.0,1287.0,-4.0,-4.0,-4.0,87.0,182.0,312.0,441.0,559.0,676.0,800.0,921.0,1053.0,1178.0,1312.0,-4.0,-4.0,-4.0,92.0,186.0,318.0,448.0,565.0,681.0,803.0,926.0,1060.0,1184.0,1318.0,-4.0,-4.0,-4.0,5.0,103.0,199.0,335.0,461.0,577.0,691.0,815.0,935.0,1072.0,1200.0,-4.0,-4.0,-4.0,38.0,135.0,250.0,376.0,501.0,613.0,734.0,859.0,978.0,1113.0,1243.0,-4.0,-4.0,-4.0,48.0,144.0,260.0,388.0,511.0,622.0,744.0,869.0,992.0,1120.0,1253.0,-4.0,-4.0,-4.0
254.0,55.0,151.0,267.0,395.0,519.0,629.0,752.0,875.0,1001.0,1128.0,1259.0,1389.0,1509.0,1643.0,64.0,157.0,278.0,404.0,527.0,641.0,762.0,885.0,1013.0,1142.0,1273.0,1399.0,1524.0,1655.0,281.0,765.0,889.0,1017.0,1145.0,1277.0,1528.0,72.0,166.0,287.0,412.0,532.0,648.0,774.0,896.0,1026.0,1160.0,1292.0,1402.0,1531.0,1658.0,87.0,182.0,312.0,441.0,559.0,676.0,800.0,919.0,1055.0,1178.0,1315.0,1426.0,1568.0,1690.0,92.0,186.0,318.0,448.0,565.0,681.0,803.0,926.0,1060.0,1184.0,1318.0,1432.0,1575.0,1696.0,5.0,103.0,193.0,334.0,455.0,572.0,695.0,818.0,942.0,1077.0,1201.0,1321.0,1435.0,1578.0,38.0,135.0,249.0,377.0,500.0,611.0,734.0,859.0,980.0,1114.0,1245.0,1371.0,1490.0,1626.0,48.0,144.0,260.0,388.0,511.0,622.0,744.0,869.0,992.0,1120.0,1253.0,1383.0,1503.0,1637.0
255.0,-5.0,-3.0,-4.0,-4.0,-4.0,-4.0,-4.0,-4.0,-4.0,-4.0,-4.0,-4.0,-4.0,-4.0,-5.0,-3.0,-4.0,-4.0,-4.0,-4.0,-4.0,-4.0,-4.0,-4.0,-4.0,-4.0,-4.0,-4.0,-4.0,-4.0,-4.0,-4.0,-4.0,-4.0,-4.0,-5.0,-3.0,-4.0,-4.0,-4.0,-4.0,-4.0,-4.0,-4.0,-4.0,-4.0,-4.0,-4.0,-4.0,-5.0,-3.0,-4.0,-4.0,-4.0,-4.0,-4.0,-4.0,-4.0,-4.0,-4.0,-4.0,-4.0,-4.0,-5.0,-3.0,-4.0,-4.0,-4.0,-4.0,-4.0,-4.0,-4.0,-4.0,-4.0,-4.0,-4.0,-4.0,-5.0,-3.0,-4.0,-4.0,-4.0,-4.0,-4.0,-4.0,-4.0,-4.0,-4.0,-4.0,-4.0,-4.0,-5.0,-3.0,-4.0,-4.0,-4.0,-4.0,-4.0,-4.0,-4.0,-4.0,-4.0,-4.0,-4.0,-4.0,-5.0,-3.0,-4.0,-4.0,-4.0,-4.0,-4.0,-4.0,-4.0,-4.0,-4.0,-4.0,-4.0,-4.0
256.0,55.0,152.0,270.0,395.0,518.0,0.0,0.0,-3.0,-4.0,-4.0,-4.0,-4.0,-4.0,-4.0,64.0,158.0,277.0,404.0,527.0,0.0,0.0,-3.0,-4.0,-4.0,-4.0,-4.0,-4.0,-4.0,281.0,0.0,-3.0,-4.0,-4.0,-4.0,-4.0,72.0,166.0,290.0,413.0,536.0,650.0,0.0,-3.0,-4.0,-4.0,-4.0,-4.0,-4.0,-4.0,87.0,182.0,313.0,442.0,560.0,677.0,0.0,-3.0,-4.0,-4.0,-4.0,-4.0,-4.0,-4.0,92.0,186.0,318.0,448.0,565.0,682.0,0.0,-3.0,-4.0,-4.0,-4.0,-4.0,-4.0,-4.0,11.0,103.0,205.0,336.0,463.0,579.0,696.0,-3.0,-4.0,-4.0,-4.0,-4.0,-4.0,-4.0,40.0,135.0,251.0,380.0,502.0,612.0,735.0,-3.0,-4.0,-4.0,-4.0,-4.0,-4.0,-4.0,48.0,144.0,261.0,389.0,512.0,623.0,745.0,-3.0,-4.0,-4.0,-4.0,-4.0,-4.0,-4.0
257.0,55.0,152.0,270.0,0.0,518.0,632.0,750.0,879.0,1001.0,-3.0,1261.0,1390.0,1509.0,1643.0,64.0,158.0,277.0,0.0,527.0,640.0,760.0,887.0,1013.0,-3.0,1274.0,1400.0,1524.0,1655.0,281.0,764.0,890.0,1017.0,-3.0,1277.0,1528.0,68.0,166.0,289.0,414.0,536.0,653.0,776.0,902.0,1025.0,-3.0,1284.0,1402.0,1530.0,1660.0,87.0,182.0,312.0,442.0,560.0,677.0,798.0,922.0,1054.0,-3.0,1314.0,1426.0,1567.0,1690.0,92.0,186.0,318.0,448.0,565.0,682.0,804.0,927.0,1061.0,-3.0,1319.0,1432.0,1575.0,1696.0,2.0,103.0,205.0,336.0,463.0,579.0,697.0,819.0,943.0,-3.0,1192.0,1321.0,1437.0,1580.0,38.0,135.0,251.0,380.0,502.0,612.0,733.0,861.0,981.0,-3.0,1242.0,1371.0,1491.0,1626.0,48.0,144.0,261.0,389.0,512.0,623.0,745.0,870.0,993.0,-3.0,1254.0,1383.0,1503.0,1637.0
258.0,55.0,152.0,-3.0,397.0,521.0,632.0,755.0,879.0,1001.0,0.0,1261.0,-4.0,-4.0,-4.0,64.0,158.0,-3.0,403.0,529.0,640.0,762.0,887.0,1013.0,0.0,1274.0,-4.0,-4.0,-4.0,-3.0,765.0,890.0,1017.0,0.0,1277.0,-4.0,72.0,167.0,-3.0,408.0,531.0,653.0,771.0,899.0,1028.0,0.0,1289.0,-4.0,-4.0,-4.0,87.0,182.0,-3.0,441.0,559.0,677.0,798.0,922.0,1054.0,0.0,1314.0,-4.0,-4.0,-4.0,92.0,186.0,-3.0,448.0,565.0,682.0,804.0,927.0,1061.0,0.0,1319.0,-4.0,-4.0,-4.0,12.0,102.0,-3.0,337.0,464.0,580.0,693.0,816.0,936.0,1068.0,1197.0,-4.0,-4.0,-4.0,40.0,135.0,-3.0,378.0,500.0,614.0,733.0,860.0,981.0,1110.0,1242.0,-4.0,-4.0,-4.0,48.0,144.0,-3.0,388.0,511.0,623.0,745.0,870.0,993.0,1121.0,1254.0,-4.0,-4.0,-4.0
259.0,55.0,152.0,270.0,395.0,518.0,632.0,750.0,-5.0,-5.0,1129.0,-3.0,-3.0,1510.0,1643.0,64.0,158.0,277.0,404.0,527.0,640.0,760.0,-5.0,-5.0,1141.0,-3.0,-3.0,1524.0,1655.0,281.0,764.0,-5.0,-5.0,1145.0,-3.0,1528.0,72.0,166.0,289.0,412.0,534.0,651.0,773.0,-5.0,-5.0,1155.0,-3.0,-3.0,1530.0,1660.0,87.0,182.0,312.0,441.0,559.0,676.0,800.0,-5.0,-5.0,1178.0,-3.0,-3.0,1567.0,1690.0,92.0,186.0,318.0,448.0,565.0,681.0,803.0,-5.0,-5.0,1184.0,-3.0,-3.0,1575.0,1696.0,5.0,103.0,193.0,338.0,462.0,577.0,691.0,-5.0,-5.0,1071.0,-3.0,-3.0,1438.0,1581.0,38.0,135.0,249.0,377.0,501.0,613.0,734.0,-5.0,-5.0,1113.0,-3.0,-3.0,1491.0,1626.0,48.0,144.0,260.0,388.0,511.0,622.0,744.0,-5.0,-5.0,1120.0,-3.0,-3.0,1503.0,1637.0
260.0,55.0,0.0,267.0,395.0,518.0,631.0,752.0,878.0,1001.0,1129.0,1262.0,-4.0,-4.0,-4.0,64.0,0.0,278.0,404.0,527.0,640.0,762.0,886.0,1013.0,1141.0,1273.0,-4.0,-4.0,-4.0,281.0,765.0,889.0,1017.0,1145.0,1277.0,-4.0,72.0,166.0,288.0,412.0,534.0,651.0,773.0,898.0,1027.0,1155.0,1290.0,-4.0,-4.0,-4.0,87.0,182.0,312.0,441.0,559.0,676.0,800.0,921.0,1053.0,1178.0,1312.0,-4.0,-4.0,-4.0,92.0,186.0,318.0,448.0,565.0,681.0,803.0,926.0,1060.0,1184.0,1318.0,-4.0,-4.0,-4.0,12.0,103.0,199.0,338.0,456.0,577.0,691.0,815.0,935.0,1069.0,1193.0,-4.0,-4.0,-4.0,40.0,135.0,250.0,377.0,501.0,613.0,734.0,859.0,978.0,1111.0,1243.0,-4.0,-4.0,-4.0,48.0,144.0,260.0,388.0,511.0,622.0,744.0,869.0,992.0,1120.0,1253.0,-4.0,-4.0,-4.0
261.0,0.0,150.0,267.0,395.0,519.0,629.0,-3.0,875.0,-3.0,1129.0,1261.0,1390.0,1510.0,1643.0,0.0,157.0,278.0,404.0,527.0,641.0,-3.0,885.0,-3.0,1141.0,1274.0,1400.0,1524.0,1655.0,281.0,-3.0,889.0,-3.0,1145.0,1277.0,1528.0,69.0,165.0,287.0,408.0,534.0,648.0,-3.0,895.0,-3.0,1157.0,1289.0,1402.0,1530.0,1660.0,88.0,182.0,312.0,441.0,559.0,676.0,-3.0,921.0,-3.0,1180.0,1314.0,1426.0,1567.0,1690.0,92.0,186.0,318.0,448.0,565.0,681.0,-3.0,926.0,-3.0,1184.0,1319.0,1432.0,1575.0,1696.0,2.0,102.0,202.0,337.0,455.0,573.0,-3.0,812.0,-3.0,1068.0,1197.0,1324.0,1437.0,1580.0,38.0,135.0,249.0,378.0,500.0,611.0,-3.0,858.0,-3.0,1110.0,1242.0,1371.0,1491.0,1626.0,48.0,144.0,260.0,388.0,511.0,622.0,-3.0,869.0,-3.0,1121.0,1254.0,1383.0,1503.0,1637.0
262.0,55.0,-3.0,-3.0,395.0,518.0,631.0,752.0,878.0,1001.0,1129.0,1262.0,-4.0,-4.0,-4.0,64.0,-3.0,-3.0,404.0,527.0,640.0,762.0,886.0,1013.0,1141.0,1273.0,-4.0,-4.0,-4.0,-3.0,765.0,889.0,1017.0,1145.0,1277.0,-4.0,72.0,-3.0,-3.0,412.0,534.0,651.0,773.0,898.0,1027.0,1160.0,1291.0,-4.0,-4.0,-4.0,87.0,-3.0,-3.0,441.0,559.0,676.0,800.0,921.0,1053.0,1178.0,1312.0,-4.0,-4.0,-4.0,92.0,-3.0,-3.0,448.0,565.0,681.0,803.0,926.0,1060.0,1184.0,1318.0,-4.0,-4.0,-4.0,12.0,-3.0,-3.0,338.0,456.0,577.0,691.0,815.0,935.0,1069.0,1196.0,-4.0,-4.0,-4.0,40.0,-3.0,-3.0,377.0,501.0,613.0,734.0,859.0,978.0,1111.0,1243.0,-4.0,-4.0,-4.0,48.0,-3.0,-3.0,388.0,511.0,622.0,744.0,869.0,992.0,1120.0,1253.0,-4.0,-4.0,-4.0
263.0,55.0,-3.0,267.0,395.0,-5.0,-5.0,752.0,878.0,1001.0,-3.0,1259.0,-4.0,-4.0,-4.0,64.0,-3.0,278.0,404.0,-5.0,-5.0,762.0,886.0,1013.0,-3.0,1273.0,-4.0,-4.0,-4.0,281.0,765.0,889.0,1017.0,-3.0,1277.0,-4.0,72.0,-3.0,289.0,412.0,-5.0,-5.0,773.0,898.0,1030.0,-3.0,1292.0,-4.0,-4.0,-4.0,87.0,-3.0,312.0,441.0,-5.0,-5.0,800.0,921.0,1053.0,-3.0,1315.0,-4.0,-4.0,-4.0,92.0,-3.0,318.0,448.0,-5.0,-5.0,803.0,926.0,1060.0,-3.0,1318.0,-4.0,-4.0,-4.0,11.0,-3.0,197.0,338.0,-5.0,-5.0,691.0,814.0,942.0,-3.0,1198.0,-4.0,-4.0,-4.0,40.0,-3.0,249.0,377.0,-5.0,-5.0,734.0,859.0,980.0,-3.0,1245.0,-4.0,-4.0,-4.0,48.0,-3.0,260.0,388.0,-5.0,-5.0,744.0,869.0,992.0,-3.0,1253.0,-4.0,-4.0,-4.0
264.0,55.0,152.0,270.0,395.0,518.0,-4.0,-4.0,-4.0,-4.0,-4.0,-4.0,-4.0,-4.0,-4.0,64.0,158.0,277.0,404.0,527.0,-4.0,-4.0,-4.0,-4.0,-4.0,-4.0,-4.0,-4.0,-4.0,281.0,-4.0,-4.0,-4.0,-4.0,-4.0,-4.0,68.0,166.0,289.0,412.0,534.0,-4.0,-4.0,-4.0,-4.0,-4.0,-4.0,-4.0,-4.0,-4.0,87.0,182.0,312.0,441.0,559.0,-4.0,-4.0,-4.0,-4.0,-4.0,-4.0,-4.0,-4.0,-4.0,92.0,186.0,318.0,448.0,565.0,-4.0,-4.0,-4.0,-4.0,-4.0,-4.0,-4.0,-4.0,-4.0,2.0,103.0,193.0,334.0,462.0,-4.0,-4.0,-4.0,-4.0,-4.0,-4.0,-4.0,-4.0,-4.0,38.0,135.0,249.0,377.0,501.0,-4.0,-4.0,-4.0,-4.0,-4.0,-4.0,-4.0,-4.0,-4.0,48.0,144.0,260.0,388.0,511.0,-4.0,-4.0,-4.0,-4.0,-4.0,-4.0,-4.0,-4.0,-4.0
265.0,55.0,152.0,270.0,-5.0,-5.0,-4.0,-4.0,-4.0,-4.0,-4.0,-4.0,-4.0,-4.0,-4.0,64.0,158.0,277.0,-5.0,-5.0,-4.0,-4.0,-4.0,-4.0,-4.0,-4.0,-4.0,-4.0,-4.0,281.0,-4.0,-4.0,-4.0,-4.0,-4.0,-4.0,72.0,166.0,289.0,-5.0,-5.0,-4.0,-4.0,-4.0,-4.0,-4.0,-4.0,-4.0,-4.0,-4.0,87.0,182.0,312.0,-5.0,-5.0,-4.0,-4.0,-4.0,-4.0,-4.0,-4.0,-4.0,-4.0,-4.0,92.0,186.0,318.0,-5.0,-5.0,-4.0,-4.0,-4.0,-4.0,-4.0,-4.0,-4.0,-4.0,-4.0,11.0,103.0,197.0,-5.0,-5.0,-4.0,-4.0,-4.0,-4.0,-4.0,-4.0,-4.0,-4.0,-4.0,40.0,135.0,249.0,-5.0,-5.0,-4.0,-4.0,-4.0,-4.0,-4.0,-4.0,-4.0,-4.0,-4.0,48.0,144.0,260.0,-5.0,-5.0,-4.0,-4.0,-4.0,-4.0,-4.0,-4.0,-4.0,-4.0,-4.0
266.0,55.0,151.0,267.0,395.0,519.0,630.0,-5.0,878.0,1001.0,1129.0,1259.0,-4.0,-4.0,-4.0,64.0,157.0,278.0,404.0,527.0,640.0,-5.0,886.0,1013.0,1141.0,1273.0,-4.0,-4.0,-4.0,281.0,-5.0,889.0,1017.0,1145.0,1277.0,-4.0,72.0,166.0,288.0,407.0,535.0,651.0,-5.0,898.0,1026.0,1152.0,1290.0,-4.0,-4.0,-4.0,87.0,182.0,312.0,441.0,559.0,676.0,-5.0,921.0,1055.0,1178.0,1312.0,-4.0,-4.0,-4.0,92.0,186.0,318.0,448.0,565.0,681.0,-5.0,926.0,1060.0,1184.0,1318.0,-4.0,-4.0,-4.0,11.0,103.0,206.0,335.0,461.0,577.0,-5.0,815.0,939.0,1076.0,1193.0,-4.0,-4.0,-4.0,40.0,135.0,250.0,376.0,501.0,613.0,-5.0,859.0,980.0,1114.0,1243.0,-4.0,-4.0,-4.0,48.0,144.0,260.0,388.0,511.0,622.0,-5.0,869.0,992.0,1120.0,1253.0,-4.0,-4.0,-4.0
267.0,55.0,151.0,267.0,395.0,519.0,630.0,751.0,878.0,1001.0,1129.0,1259.0,-4.0,-4.0,-4.0,64.0,157.0,278.0,404.0,527.0,640.0,761.0,886.0,1013.0,1141.0,1273.0,-4.0,-4.0,-4.0,281.0,765.0,889.0,1017.0,1145.0,1277.0,-4.0,72.0,166.0,288.0,408.0,530.0,654.0,769.0,892.0,1019.0,1147.0,1282.0,-4.0,-4.0,-4.0,87.0,182.0,312.0,441.0,559.0,675.0,797.0,919.0,1051.0,1178.0,1312.0,-4.0,-4.0,-4.0,92.0,186.0,318.0,448.0,565.0,681.0,803.0,926.0,1060.0,1184.0,1318.0,-4.0,-4.0,-4.0,12.0,103.0,203.0,327.0,461.0,581.0,686.0,820.0,930.0,1063.0,1189.0,-4.0,-4.0,-4.0,40.0,135.0,250.0,376.0,501.0,610.0,732.0,856.0,977.0,1108.0,1240.0,-4.0,-4.0,-4.0,48.0,144.0,260.0,388.0,511.0,622.0,744.0,869.0,992.0,1120.0,1253.0,-4.0,-4.0,-4.0
268.0,0.0,0.0,268.0,395.0,0.0,0.0,0.0,0.0,1001.0,0.0,1259.0,-4.0,-4.0,-4.0,0.0,0.0,278.0,404.0,0.0,0.0,0.0,0.0,1013.0,0.0,1273.0,-4.0,-4.0,-4.0,281.0,0.0,0.0,1017.0,0.0,1277.0,-4.0,72.0,0.0,288.0,408.0,531.0,649.0,775.0,895.0,1024.0,1152.0,1291.0,-4.0,-4.0,-4.0,87.0,0.0,312.0,441.0,559.0,676.0,800.0,921.0,1053.0,1178.0,1312.0,-4.0,-4.0,-4.0,92.0,0.0,318.0,448.0,565.0,681.0,803.0,926.0,1060.0,1184.0,1318.0,-4.0,-4.0,-4.0,5.0,103.0,204.0,334.0,456.0,575.0,692.0,812.0,932.0,1069.0,1200.0,-4.0,-4.0,-4.0,38.0,135.0,250.0,377.0,501.0,613.0,734.0,858.0,978.0,1111.0,1243.0,-4.0,-4.0,-4.0,48.0,144.0,260.0,388.0,511.0,622.0,744.0,869.0,992.0,1120.0,1253.0,-4.0,-4.0,-4.0
269.0,58.0,152.0,267.0,395.0,519.0,630.0,751.0,0.0,998.0,1127.0,1260.0,-4.0,-4.0,-4.0,64.0,158.0,278.0,404.0,527.0,640.0,761.0,0.0,1012.0,1141.0,1273.0,-4.0,-4.0,-4.0,281.0,765.0,0.0,1017.0,1145.0,1277.0,-4.0,75.0,162.0,287.0,415.0,530.0,646.0,770.0,0.0,1020.0,1147.0,1282.0,-4.0,-4.0,-4.0,88.0,181.0,312.0,440.0,559.0,675.0,797.0,0.0,1051.0,1178.0,1312.0,-4.0,-4.0,-4.0,92.0,186.0,318.0,448.0,565.0,681.0,803.0,0.0,1060.0,1184.0,1318.0,-4.0,-4.0,-4.0,10.0,104.0,191.0,323.0,453.0,570.0,687.0,809.0,930.0,1065.0,1189.0,-4.0,-4.0,-4.0,41.0,137.0,248.0,375.0,499.0,610.0,732.0,856.0,977.0,1108.0,1240.0,-4.0,-4.0,-4.0,48.0,144.0,260.0,388.0,511.0,622.0,744.0,869.0,992.0,1120.0,1253.0,-4.0,-4.0,-4.0
270.0,58.0,149.0,267.0,396.0,519.0,631.0,754.0,878.0,1003.0,1126.0,1264.0,-4.0,-4.0,-4.0,64.0,157.0,278.0,404.0,527.0,640.0,762.0,886.0,1012.0,1141.0,1273.0,-4.0,-4.0,-4.0,281.0,765.0,889.0,1017.0,1145.0,1277.0,-4.0,74.0,163.0,287.0,409.0,532.0,651.0,773.0,900.0,1026.0,1158.0,1287.0,-4.0,-4.0,-4.0,88.0,182.0,312.0,441.0,559.0,676.0,800.0,921.0,1055.0,1178.0,1312.0,-4.0,-4.0,-4.0,92.0,186.0,318.0,448.0,565.0,681.0,803.0,926.0,1060.0,1184.0,1318.0,-4.0,-4.0,-4.0,10.0,100.0,196.0,327.0,462.0,576.0,691.0,821.0,934.0,1071.0,1202.0,-4.0,-4.0,-4.0,41.0,136.0,250.0,376.0,501.0,613.0,734.0,858.0,980.0,1113.0,1243.0,-4.0,-4.0,-4.0,48.0,144.0,260.0,388.0,511.0,622.0,744.0,869.0,992.0,1120.0,1253.0,-4.0,-4.0,-4.0
271.0,58.0,149.0,267.0,396.0,519.0,630.0,-5.0,876.0,998.0,1127.0,1260.0,-4.0,-4.0,-4.0,64.0,157.0,278.0,404.0,527.0,640.0,-5.0,886.0,1012.0,1141.0,1273.0,-4.0,-4.0,-4.0,281.0,-5.0,889.0,1017.0,1145.0,1277.0,-4.0,74.0,163.0,287.0,415.0,530.0,654.0,-5.0,892.0,1020.0,1148.0,1280.0,-4.0,-4.0,-4.0,88.0,182.0,312.0,440.0,559.0,675.0,-5.0,919.0,1051.0,1178.0,1312.0,-4.0,-4.0,-4.0,92.0,186.0,318.0,448.0,565.0,681.0,-5.0,926.0,1060.0,1184.0,1318.0,-4.0,-4.0,-4.0,10.0,104.0,207.0,327.0,453.0,581.0,-5.0,820.0,930.0,1065.0,1187.0,-4.0,-4.0,-4.0,41.0,137.0,250.0,376.0,499.0,610.0,-5.0,856.0,977.0,1108.0,1240.0,-4.0,-4.0,-4.0,48.0,144.0,260.0,388.0,511.0,622.0,-5.0,869.0,992.0,1120.0,1253.0,-4.0,-4.0,-4.0
272.0,58.0,149.0,267.0,396.0,519.0,630.0,-3.0,878.0,1003.0,1129.0,1262.0,-4.0,-4.0,-4.0,64.0,157.0,278.0,404.0,527.0,640.0,-3.0,886.0,1012.0,1141.0,1273.0,-4.0,-4.0,-4.0,281.0,-3.0,889.0,1017.0,1145.0,1277.0,-4.0,75.0,163.0,287.0,415.0,530.0,654.0,-3.0,892.0,1019.0,1148.0,1280.0,-4.0,-4.0,-4.0,88.0,182.0,312.0,440.0,559.0,675.0,-3.0,919.0,1051.0,1178.0,1312.0,-4.0,-4.0,-4.0,92.0,186.0,318.0,448.0,565.0,681.0,-3.0,926.0,1060.0,1184.0,1318.0,-4.0,-4.0,-4.0,10.0,104.0,207.0,323.0,453.0,581.0,-3.0,820.0,928.0,1063.0,1187.0,-4.0,-4.0,-4.0,41.0,137.0,250.0,375.0,499.0,610.0,-3.0,856.0,977.0,1108.0,1240.0,-4.0,-4.0,-4.0,48.0,144.0,260.0,388.0,511.0,622.0,-3.0,869.0,992.0,1120.0,1253.0,-4.0,-4.0,-4.0
273.0,-3.0,152.0,267.0,395.0,-5.0,632.0,755.0,-3.0,0.0,1126.0,0.0,-3.0,1510.0,-3.0,-3.0,158.0,278.0,404.0,-5.0,640.0,762.0,-3.0,0.0,1141.0,0.0,-3.0,1524.0,-3.0,281.0,765.0,-3.0,0.0,1145.0,0.0,1528.0,-3.0,162.0,288.0,408.0,-5.0,651.0,775.0,-3.0,0.0,1158.0,1291.0,-3.0,1532.0,-3.0,-3.0,181.0,312.0,441.0,-5.0,676.0,800.0,-3.0,0.0,1178.0,1312.0,-3.0,1568.0,-3.0,-3.0,186.0,318.0,448.0,-5.0,681.0,803.0,-3.0,0.0,1184.0,1318.0,-3.0,1575.0,-3.0,-3.0,105.0,195.0,334.0,-5.0,578.0,692.0,-3.0,938.0,1069.0,1199.0,-3.0,1436.0,-3.0,-3.0,137.0,250.0,377.0,-5.0,613.0,734.0,-3.0,978.0,1111.0,1246.0,-3.0,1491.0,-3.0,-3.0,144.0,260.0,388.0,-5.0,622.0,744.0,-3.0,992.0,1120.0,1253.0,-3.0,1503.0,-3.0
274.0,54.0,152.0,-5.0,-5.0,-5.0,-5.0,0.0,-3.0,1001.0,0.0,0.0,-4.0,-4.0,-4.0,64.0,158.0,-5.0,-5.0,-5.0,-5.0,0.0,-3.0,1013.0,0.0,0.0,-4.0,-4.0,-4.0,-5.0,0.0,-3.0,1017.0,0.0,0.0,-4.0,69.0,162.0,-5.0,-5.0,-5.0,-5.0,775.0,-3.0,1024.0,0.0,1291.0,-4.0,-4.0,-4.0,88.0,181.0,-5.0,-5.0,-5.0,-5.0,800.0,-3.0,1053.0,0.0,1312.0,-4.0,-4.0,-4.0,92.0,186.0,-5.0,-5.0,-5.0,-5.0,803.0,-3.0,1060.0,0.0,1318.0,-4.0,-4.0,-4.0,13.0,104.0,-5.0,-5.0,-5.0,-5.0,698.0,-3.0,938.0,1074.0,1199.0,-4.0,-4.0,-4.0,41.0,137.0,-5.0,-5.0,-5.0,-5.0,734.0,-3.0,978.0,1111.0,1246.0,-4.0,-4.0,-4.0,48.0,144.0,-5.0,-5.0,-5.0,-5.0,744.0,-3.0,992.0,1120.0,1253.0,-4.0,-4.0,-4.0
275.0,54.0,151.0,267.0,395.0,519.0,629.0,752.0,875.0,-3.0,1128.0,1259.0,-4.0,-4.0,-4.0,64.0,157.0,278.0,404.0,527.0,641.0,762.0,885.0,-3.0,1142.0,1273.0,-4.0,-4.0,-4.0,281.0,765.0,889.0,-3.0,1145.0,1277.0,-4.0,72.0,162.0,289.0,412.0,534.0,648.0,774.0,896.0,-3.0,1151.0,1292.0,-4.0,-4.0,-4.0,87.0,181.0,312.0,441.0,559.0,676.0,800.0,919.0,-3.0,1178.0,1315.0,-4.0,-4.0,-4.0,92.0,186.0,318.0,448.0,565.0,681.0,803.0,926.0,-3.0,1184.0,1318.0,-4.0,-4.0,-4.0,4.0,105.0,197.0,325.0,464.0,572.0,695.0,818.0,-3.0,1077.0,1201.0,-4.0,-4.0,-4.0,38.0,137.0,249.0,376.0,500.0,611.0,734.0,859.0,-3.0,1114.0,1245.0,-4.0,-4.0,-4.0,48.0,144.0,260.0,388.0,511.0,622.0,744.0,869.0,-3.0,1120.0,1253.0,-4.0,-4.0,-4.0
276.0,54.0,152.0,267.0,395.0,518.0,632.0,750.0,-3.0,1001.0,0.0,1259.0,-4.0,-4.0,-4.0,64.0,158.0,278.0,404.0,527.0,640.0,760.0,-3.0,1013.0,0.0,1273.0,-4.0,-4.0,-4.0,281.0,764.0,-3.0,1017.0,0.0,1277.0,-4.0,67.0,162.0,288.0,408.0,536.0,649.0,775.0,-3.0,1024.0,0.0,1293.0,-4.0,-4.0,-4.0,87.0,181.0,312.0,441.0,560.0,676.0,800.0,-3.0,1053.0,0.0,1315.0,-4.0,-4.0,-4.0,92.0,186.0,318.0,448.0,565.0,681.0,803.0,-3.0,1060.0,0.0,1318.0,-4.0,-4.0,-4.0,2.0,105.0,194.0,331.0,451.0,573.0,698.0,-3.0,944.0,1078.0,1203.0,-4.0,-4.0,-4.0,38.0,137.0,250.0,378.0,499.0,611.0,734.0,-3.0,978.0,1114.0,1240.0,-4.0,-4.0,-4.0,48.0,144.0,260.0,388.0,511.0,622.0,744.0,-3.0,992.0,1120.0,1253.0,-4.0,-4.0,-4.0
277.0,54.0,150.0,267.0,395.0,520.0,-3.0,750.0,0.0,1001.0,1130.0,0.0,-4.0,-4.0,-4.0,64.0,157.0,278.0,404.0,528.0,-3.0,760.0,0.0,1013.0,1143.0,0.0,-4.0,-4.0,-4.0,281.0,764.0,0.0,1017.0,1146.0,0.0,-4.0,69.0,165.0,288.0,408.0,534.0,-3.0,775.0,895.0,1024.0,1161.0,1294.0,-4.0,-4.0,-4.0,88.0,182.0,312.0,441.0,559.0,-3.0,800.0,921.0,1053.0,1179.0,1315.0,-4.0,-4.0,-4.0,92.0,186.0,318.0,448.0,565.0,-3.0,803.0,926.0,1060.0,1184.0,1318.0,-4.0,-4.0,-4.0,13.0,105.0,204.0,328.0,456.0,-3.0,698.0,813.0,944.0,1078.0,1203.0,-4.0,-4.0,-4.0,41.0,137.0,250.0,377.0,501.0,-3.0,734.0,858.0,978.0,1114.0,1240.0,-4.0,-4.0,-4.0,48.0,144.0,260.0,388.0,511.0,-3.0,744.0,869.0,992.0,1120.0,1253.0,-4.0,-4.0,-4.0
278.0,56.0,152.0,267.0,395.0,0.0,632.0,-3.0,878.0,-4.0,-4.0,-4.0,-4.0,-4.0,-4.0,65.0,158.0,278.0,404.0,0.0,640.0,-3.0,886.0,-4.0,-4.0,-4.0,-4.0,-4.0,-4.0,281.0,-3.0,889.0,-4.0,-4.0,-4.0,-4.0,69.0,162.0,288.0,408.0,0.0,649.0,-3.0,895.0,-4.0,-4.0,-4.0,-4.0,-4.0,-4.0,88.0,181.0,312.0,441.0,0.0,676.0,-3.0,921.0,-4.0,-4.0,-4.0,-4.0,-4.0,-4.0,92.0,186.0,318.0,448.0,0.0,681.0,-3.0,926.0,-4.0,-4.0,-4.0,-4.0,-4.0,-4.0,13.0,104.0,194.0,328.0,456.0,578.0,-3.0,813.0,-4.0,-4.0,-4.0,-4.0,-4.0,-4.0,41.0,137.0,250.0,377.0,501.0,613.0,-3.0,858.0,-4.0,-4.0,-4.0,-4.0,-4.0,-4.0,48.0,144.0,260.0,388.0,511.0,622.0,-3.0,869.0,-4.0,-4.0,-4.0,-4.0,-4.0,-4.0
279.0,54.0,150.0,267.0,395.0,520.0,-3.0,753.0,880.0,-4.0,-4.0,-4.0,-4.0,-4.0,-4.0,64.0,157.0,278.0,404.0,528.0,-3.0,761.0,888.0,-4.0,-4.0,-4.0,-4.0,-4.0,-4.0,281.0,765.0,890.0,-4.0,-4.0,-4.0,-4.0,69.0,165.0,291.0,411.0,531.0,-3.0,771.0,899.0,-4.0,-4.0,-4.0,-4.0,-4.0,-4.0,88.0,182.0,313.0,442.0,559.0,-3.0,798.0,922.0,-4.0,-4.0,-4.0,-4.0,-4.0,-4.0,92.0,186.0,318.0,448.0,565.0,-3.0,804.0,927.0,-4.0,-4.0,-4.0,-4.0,-4.0,-4.0,13.0,105.0,208.0,339.0,465.0,-3.0,699.0,816.0,-4.0,-4.0,-4.0,-4.0,-4.0,-4.0,41.0,137.0,251.0,379.0,503.0,-3.0,735.0,860.0,-4.0,-4.0,-4.0,-4.0,-4.0,-4.0,48.0,144.0,261.0,389.0,512.0,-3.0,745.0,870.0,-4.0,-4.0,-4.0,-4.0,-4.0,-4.0
280.0,0.0,0.0,-5.0,-5.0,522.0,0.0,-5.0,878.0,0.0,0.0,1265.0,0.0,0.0,-3.0,0.0,0.0,-5.0,-5.0,528.0,0.0,-5.0,886.0,0.0,0.0,1275.0,0.0,0.0,-3.0,-5.0,-5.0,889.0,0.0,0.0,1278.0,0.0,74.0,163.0,-5.0,-5.0,532.0,655.0,-5.0,900.0,1026.0,1159.0,1284.0,0.0,0.0,-3.0,88.0,182.0,-5.0,-5.0,559.0,676.0,-5.0,921.0,1055.0,1180.0,1314.0,0.0,0.0,-3.0,92.0,186.0,-5.0,-5.0,565.0,681.0,-5.0,926.0,1060.0,1184.0,1319.0,0.0,0.0,-3.0,10.0,104.0,-5.0,-5.0,460.0,573.0,-5.0,821.0,945.0,1068.0,1204.0,1322.0,1438.0,-3.0,41.0,137.0,-5.0,-5.0,500.0,611.0,-5.0,858.0,981.0,1110.0,1244.0,1372.0,1491.0,-3.0,48.0,144.0,-5.0,-5.0,511.0,622.0,-5.0,869.0,993.0,1121.0,1254.0,1383.0,1503.0,-3.0
281.0,59.0,0.0,0.0,-3.0,0.0,630.0,-3.0,878.0,-4.0,-4.0,-4.0,-4.0,-4.0,-4.0,65.0,0.0,0.0,-3.0,0.0,640.0,-3.0,886.0,-4.0,-4.0,-4.0,-4.0,-4.0,-4.0,0.0,-3.0,889.0,-4.0,-4.0,-4.0,-4.0,76.0,162.0,288.0,-3.0,0.0,649.0,-3.0,898.0,-4.0,-4.0,-4.0,-4.0,-4.0,-4.0,91.0,181.0,312.0,-3.0,0.0,676.0,-3.0,921.0,-4.0,-4.0,-4.0,-4.0,-4.0,-4.0,93.0,186.0,318.0,-3.0,0.0,681.0,-3.0,926.0,-4.0,-4.0,-4.0,-4.0,-4.0,-4.0,13.0,105.0,203.0,-3.0,461.0,575.0,-3.0,815.0,-4.0,-4.0,-4.0,-4.0,-4.0,-4.0,41.0,137.0,250.0,-3.0,501.0,613.0,-3.0,859.0,-4.0,-4.0,-4.0,-4.0,-4.0,-4.0,48.0,144.0,260.0,-3.0,511.0,622.0,-3.0,869.0,-4.0,-4.0,-4.0,-4.0,-4.0,-4.0
282.0,0.0,-3.0,-3.0,-3.0,0.0,630.0,0.0,-3.0,-4.0,-4.0,-4.0,-4.0,-4.0,-4.0,0.0,-3.0,-3.0,-3.0,0.0,640.0,0.0,-3.0,-4.0,-4.0,-4.0,-4.0,-4.0,-4.0,-3.0,0.0,-3.0,-4.0,-4.0,-4.0,-4.0,0.0,-3.0,-3.0,-3.0,0.0,649.0,775.0,-3.0,-4.0,-4.0,-4.0,-4.0,-4.0,-4.0,0.0,-3.0,-3.0,-3.0,0.0,676.0,800.0,-3.0,-4.0,-4.0,-4.0,-4.0,-4.0,-4.0,0.0,-3.0,-3.0,-3.0,0.0,681.0,803.0,-3.0,-4.0,-4.0,-4.0,-4.0,-4.0,-4.0,13.0,-3.0,-3.0,-3.0,458.0,575.0,691.0,-3.0,-4.0,-4.0,-4.0,-4.0,-4.0,-4.0,41.0,-3.0,-3.0,-3.0,500.0,613.0,734.0,-3.0,-4.0,-4.0,-4.0,-4.0,-4.0,-4.0,48.0,-3.0,-3.0,-3.0,511.0,622.0,744.0,-3.0,-4.0,-4.0,-4.0,-4.0,-4.0,-4.0
283.0,-3.0,149.0,267.0,396.0,0.0,631.0,754.0,878.0,1003.0,1129.0,1262.0,-4.0,-4.0,-4.0,-3.0,157.0,278.0,404.0,0.0,640.0,762.0,886.0,1012.0,1141.0,1273.0,-4.0,-4.0,-4.0,281.0,765.0,889.0,1017.0,1145.0,1277.0,-4.0,-3.0,163.0,287.0,409.0,0.0,654.0,767.0,892.0,1019.0,1148.0,1280.0,-4.0,-4.0,-4.0,-3.0,182.0,312.0,441.0,0.0,675.0,797.0,919.0,1051.0,1178.0,1312.0,-4.0,-4.0,-4.0,-3.0,186.0,318.0,448.0,0.0,681.0,803.0,926.0,1060.0,1184.0,1318.0,-4.0,-4.0,-4.0,-3.0,100.0,192.0,327.0,453.0,581.0,683.0,820.0,928.0,1063.0,1187.0,-4.0,-4.0,-4.0,-3.0,136.0,248.0,376.0,499.0,610.0,732.0,856.0,977.0,1108.0,1240.0,-4.0,-4.0,-4.0,-3.0,144.0,260.0,388.0,511.0,622.0,744.0,869.0,992.0,1120.0,1253.0,-4.0,-4.0,-4.0
284.0,55.0,149.0,267.0,395.0,519.0,631.0,752.0,-5.0,1003.0,1126.0,1264.0,-4.0,-4.0,-4.0,64.0,157.0,278.0,404.0,527.0,640.0,762.0,-5.0,1012.0,1141.0,1273.0,-4.0,-4.0,-4.0,281.0,765.0,-5.0,1017.0,1145.0,1277.0,-4.0,67.0,162.0,289.0,409.0,532.0,655.0,774.0,-5.0,1026.0,1154.0,1290.0,-4.0,-4.0,-4.0,87.0,181.0,312.0,441.0,559.0,676.0,800.0,-5.0,1055.0,1178.0,1312.0,-4.0,-4.0,-4.0,92.0,186.0,318.0,448.0,565.0,681.0,803.0,-5.0,1060.0,1184.0,1318.0,-4.0,-4.0,-4.0,1.0,105.0,201.0,327.0,462.0,576.0,690.0,-5.0,934.0,1071.0,1202.0,-4.0,-4.0,-4.0,37.0,137.0,250.0,376.0,501.0,613.0,734.0,-5.0,980.0,1113.0,1243.0,-4.0,-4.0,-4.0,48.0,144.0,260.0,388.0,511.0,622.0,744.0,-5.0,992.0,1120.0,1253.0,-4.0,-4.0,-4.0
285.0,54.0,149.0,267.0,395.0,518.0,631.0,753.0,875.0,1000.0,1128.0,1261.0,-4.0,-4.0,-4.0,64.0,157.0,278.0,404.0,527.0,640.0,761.0,885.0,1013.0,1142.0,1274.0,-4.0,-4.0,-4.0,281.0,765.0,889.0,1017.0,1145.0,1277.0,-4.0,67.0,162.0,288.0,407.0,535.0,648.0,772.0,896.0,1030.0,1151.0,1292.0,-4.0,-4.0,-4.0,87.0,181.0,312.0,441.0,559.0,676.0,799.0,919.0,1053.0,1178.0,1315.0,-4.0,-4.0,-4.0,92.0,186.0,318.0,448.0,565.0,681.0,803.0,926.0,1060.0,1184.0,1318.0,-4.0,-4.0,-4.0,1.0,105.0,206.0,333.0,454.0,572.0,695.0,818.0,942.0,1077.0,1201.0,-4.0,-4.0,-4.0,37.0,137.0,250.0,378.0,499.0,611.0,734.0,859.0,980.0,1114.0,1245.0,-4.0,-4.0,-4.0,48.0,144.0,260.0,388.0,511.0,622.0,744.0,869.0,992.0,1120.0,1253.0,-4.0,-4.0,-4.0
286.0,54.0,150.0,0.0,395.0,520.0,0.0,753.0,877.0,1000.0,1128.0,1261.0,-3.0,1509.0,0.0,64.0,157.0,0.0,404.0,528.0,0.0,761.0,886.0,1013.0,1142.0,1274.0,-3.0,1524.0,0.0,0.0,765.0,889.0,1017.0,1145.0,1277.0,1528.0,69.0,165.0,0.0,416.0,537.0,653.0,777.0,899.0,1028.0,1157.0,1289.0,-3.0,1530.0,0.0,88.0,182.0,0.0,442.0,560.0,677.0,798.0,922.0,1054.0,1180.0,1314.0,-3.0,1567.0,0.0,92.0,186.0,0.0,448.0,565.0,682.0,804.0,927.0,1061.0,1184.0,1319.0,-3.0,1575.0,0.0,13.0,105.0,209.0,339.0,466.0,582.0,699.0,816.0,946.0,1075.0,1197.0,-3.0,1437.0,1580.0,41.0,137.0,252.0,379.0,503.0,614.0,735.0,860.0,979.0,1112.0,1242.0,-3.0,1491.0,1626.0,48.0,144.0,261.0,389.0,512.0,623.0,745.0,870.0,993.0,1121.0,1254.0,-3.0,1503.0,1637.0
287.0,56.0,0.0,267.0,-3.0,-5.0,632.0,755.0,0.0,-4.0,-4.0,-4.0,-4.0,-4.0,-4.0,65.0,0.0,278.0,-3.0,-5.0,640.0,762.0,0.0,-4.0,-4.0,-4.0,-4.0,-4.0,-4.0,281.0,765.0,0.0,-4.0,-4.0,-4.0,-4.0,69.0,162.0,288.0,-3.0,-5.0,651.0,775.0,895.0,-4.0,-4.0,-4.0,-4.0,-4.0,-4.0,88.0,181.0,312.0,-3.0,-5.0,676.0,800.0,921.0,-4.0,-4.0,-4.0,-4.0,-4.0,-4.0,92.0,186.0,318.0,-3.0,-5.0,681.0,803.0,926.0,-4.0,-4.0,-4.0,-4.0,-4.0,-4.0,13.0,104.0,195.0,-3.0,-5.0,578.0,698.0,813.0,-4.0,-4.0,-4.0,-4.0,-4.0,-4.0,41.0,137.0,250.0,-3.0,-5.0,613.0,734.0,858.0,-4.0,-4.0,-4.0,-4.0,-4.0,-4.0,48.0,144.0,260.0,-3.0,-5.0,622.0,744.0,869.0,-4.0,-4.0,-4.0,-4.0,-4.0,-4.0
288.0,54.0,-3.0,267.0,395.0,-5.0,630.0,751.0,875.0,1000.0,1128.0,1259.0,-4.0,-4.0,-4.0,64.0,-3.0,278.0,404.0,-5.0,640.0,761.0,885.0,1013.0,1142.0,1273.0,-4.0,-4.0,-4.0,281.0,765.0,889.0,1017.0,1145.0,1277.0,-4.0,69.0,-3.0,288.0,406.0,-5.0,646.0,772.0,891.0,1030.0,1150.0,1293.0,-4.0,-4.0,-4.0,88.0,-3.0,312.0,440.0,-5.0,675.0,799.0,919.0,1053.0,1178.0,1315.0,-4.0,-4.0,-4.0,92.0,-3.0,318.0,448.0,-5.0,681.0,803.0,926.0,1060.0,1184.0,1318.0,-4.0,-4.0,-4.0,13.0,-3.0,195.0,326.0,-5.0,581.0,690.0,818.0,944.0,1071.0,1199.0,-4.0,-4.0,-4.0,41.0,-3.0,250.0,376.0,-5.0,610.0,734.0,859.0,978.0,1113.0,1246.0,-4.0,-4.0,-4.0,48.0,-3.0,260.0,388.0,-5.0,622.0,744.0,869.0,992.0,1120.0,1253.0,-4.0,-4.0,-4.0
289.0,-3.0,-5.0,267.0,395.0,518.0,-5.0,752.0,878.0,1001.0,1129.0,1262.0,-4.0,-4.0,-4.0,-3.0,-5.0,278.0,404.0,527.0,-5.0,762.0,886.0,1013.0,1141.0,1273.0,-4.0,-4.0,-4.0,281.0,765.0,889.0,1017.0,1145.0,1277.0,-4.0,-3.0,-5.0,288.0,408.0,534.0,-5.0,773.0,898.0,1027.0,1160.0,1291.0,-4.0,-4.0,-4.0,-3.0,-5.0,312.0,441.0,559.0,-5.0,800.0,921.0,1053.0,1178.0,1312.0,-4.0,-4.0,-4.0,-3.0,-5.0,318.0,448.0,565.0,-5.0,803.0,926.0,1060.0,1184.0,1318.0,-4.0,-4.0,-4.0,-3.0,-5.0,194.0,325.0,456.0,-5.0,692.0,815.0,932.0,1069.0,1200.0,-4.0,-4.0,-4.0,-3.0,-5.0,250.0,376.0,501.0,-5.0,734.0,859.0,978.0,1111.0,1243.0,-4.0,-4.0,-4.0,-3.0,-5.0,260.0,388.0,511.0,-5.0,744.0,869.0,992.0,1120.0,1253.0,-4.0,-4.0,-4.0
290.0,55.0,149.0,267.0,395.0,519.0,630.0,752.0,878.0,1001.0,1129.0,1262.0,-4.0,-4.0,-4.0,64.0,157.0,278.0,404.0,527.0,640.0,762.0,886.0,1013.0,1141.0,1273.0,-4.0,-4.0,-4.0,281.0,765.0,889.0,1017.0,1145.0,1277.0,-4.0,72.0,162.0,288.0,407.0,535.0,649.0,773.0,898.0,1027.0,1155.0,1291.0,-4.0,-4.0,-4.0,87.0,181.0,312.0,441.0,559.0,676.0,800.0,921.0,1053.0,1178.0,1312.0,-4.0,-4.0,-4.0,92.0,186.0,318.0,448.0,565.0,681.0,803.0,926.0,1060.0,1184.0,1318.0,-4.0,-4.0,-4.0,14.0,104.0,203.0,335.0,461.0,575.0,691.0,815.0,935.0,1072.0,1200.0,-4.0,-4.0,-4.0,41.0,137.0,250.0,376.0,501.0,613.0,734.0,859.0,978.0,1113.0,1243.0,-4.0,-4.0,-4.0,48.0,144.0,260.0,388.0,511.0,622.0,744.0,869.0,992.0,1120.0,1253.0,-4.0,-4.0,-4.0
291.0,-3.0,150.0,267.0,395.0,-5.0,631.0,752.0,-5.0,1001.0,0.0,-5.0,-4.0,-4.0,-4.0,-3.0,157.0,278.0,404.0,-5.0,640.0,762.0,-5.0,1013.0,0.0,-5.0,-4.0,-4.0,-4.0,281.0,765.0,-5.0,1017.0,0.0,-5.0,-4.0,-3.0,164.0,287.0,407.0,-5.0,648.0,772.0,-5.0,1027.0,1160.0,-5.0,-4.0,-4.0,-4.0,-3.0,182.0,312.0,441.0,-5.0,676.0,799.0,-5.0,1053.0,1178.0,-5.0,-4.0,-4.0,-4.0,-3.0,186.0,318.0,448.0,-5.0,681.0,803.0,-5.0,1060.0,1184.0,-5.0,-4.0,-4.0,-4.0,-3.0,106.0,200.0,329.0,-5.0,572.0,695.0,-5.0,942.0,1077.0,-5.0,-4.0,-4.0,-4.0,-3.0,136.0,249.0,378.0,-5.0,611.0,734.0,-5.0,980.0,1114.0,-5.0,-4.0,-4.0,-4.0,-3.0,144.0,260.0,388.0,-5.0,622.0,744.0,-5.0,992.0,1120.0,-5.0,-4.0,-4.0,-4.0
292.0,54.0,150.0,267.0,395.0,520.0,631.0,753.0,878.0,1001.0,1129.0,1262.0,-4.0,-4.0,-4.0,64.0,157.0,278.0,404.0,528.0,640.0,761.0,886.0,1013.0,1141.0,1273.0,-4.0,-4.0,-4.0,281.0,765.0,889.0,1017.0,1145.0,1277.0,-4.0,73.0,164.0,289.0,408.0,534.0,648.0,775.0,900.0,1024.0,1160.0,1291.0,-4.0,-4.0,-4.0,88.0,182.0,312.0,441.0,559.0,676.0,800.0,921.0,1053.0,1178.0,1312.0,-4.0,-4.0,-4.0,92.0,186.0,318.0,448.0,565.0,681.0,803.0,926.0,1060.0,1184.0,1318.0,-4.0,-4.0,-4.0,9.0,106.0,202.0,328.0,456.0,572.0,691.0,814.0,939.0,1072.0,1196.0,-4.0,-4.0,-4.0,41.0,136.0,249.0,377.0,501.0,611.0,734.0,859.0,980.0,1113.0,1243.0,-4.0,-4.0,-4.0,48.0,144.0,260.0,388.0,511.0,622.0,744.0,869.0,992.0,1120.0,1253.0,-4.0,-4.0,-4.0
293.0,58.0,150.0,267.0,395.0,519.0,631.0,754.0,878.0,1003.0,1126.0,1264.0,-4.0,-4.0,-4.0,64.0,157.0,278.0,404.0,527.0,640.0,762.0,886.0,1012.0,1141.0,1273.0,-4.0,-4.0,-4.0,281.0,765.0,889.0,1017.0,1145.0,1277.0,-4.0,75.0,163.0,287.0,410.0,532.0,655.0,773.0,898.0,1026.0,1154.0,1287.0,-4.0,-4.0,-4.0,88.0,182.0,312.0,441.0,559.0,676.0,800.0,921.0,1055.0,1178.0,1312.0,-4.0,-4.0,-4.0,92.0,186.0,318.0,448.0,565.0,681.0,803.0,926.0,1060.0,1184.0,1318.0,-4.0,-4.0,-4.0,14.0,107.0,200.0,330.0,459.0,576.0,691.0,814.0,934.0,1071.0,1202.0,-4.0,-4.0,-4.0,41.0,136.0,249.0,376.0,501.0,613.0,734.0,859.0,980.0,1113.0,1243.0,-4.0,-4.0,-4.0,48.0,144.0,260.0,388.0,511.0,622.0,744.0,869.0,992.0,1120.0,1253.0,-4.0,-4.0,-4.0
294.0,0.0,151.0,267.0,395.0,520.0,630.0,752.0,875.0,1001.0,-3.0,1259.0,-4.0,-4.0,-4.0,0.0,157.0,278.0,404.0,528.0,640.0,762.0,885.0,1013.0,-3.0,1273.0,-4.0,-4.0,-4.0,281.0,765.0,889.0,1017.0,-3.0,1277.0,-4.0,73.0,165.0,288.0,408.0,535.0,649.0,773.0,895.0,1024.0,-3.0,1294.0,-4.0,-4.0,-4.0,88.0,182.0,312.0,441.0,559.0,676.0,800.0,921.0,1053.0,-3.0,1315.0,-4.0,-4.0,-4.0,92.0,186.0,318.0,448.0,565.0,681.0,803.0,926.0,1060.0,-3.0,1318.0,-4.0,-4.0,-4.0,9.0,106.0,203.0,335.0,461.0,575.0,698.0,813.0,932.0,-3.0,1203.0,-4.0,-4.0,-4.0,41.0,136.0,250.0,376.0,501.0,613.0,734.0,858.0,978.0,-3.0,1240.0,-4.0,-4.0,-4.0,48.0,144.0,260.0,388.0,511.0,622.0,744.0,869.0,992.0,-3.0,1253.0,-4.0,-4.0,-4.0
295.0,-3.0,150.0,267.0,395.0,518.0,632.0,750.0,879.0,-4.0,-4.0,-4.0,-4.0,-4.0,-4.0,-3.0,157.0,278.0,404.0,527.0,640.0,760.0,887.0,-4.0,-4.0,-4.0,-4.0,-4.0,-4.0,281.0,764.0,890.0,-4.0,-4.0,-4.0,-4.0,-3.0,164.0,288.0,413.0,536.0,650.0,778.0,903.0,-4.0,-4.0,-4.0,-4.0,-4.0,-4.0,-3.0,182.0,312.0,442.0,560.0,677.0,798.0,922.0,-4.0,-4.0,-4.0,-4.0,-4.0,-4.0,-3.0,186.0,318.0,448.0,565.0,682.0,804.0,927.0,-4.0,-4.0,-4.0,-4.0,-4.0,-4.0,-3.0,106.0,208.0,336.0,463.0,579.0,694.0,822.0,-4.0,-4.0,-4.0,-4.0,-4.0,-4.0,-3.0,136.0,251.0,380.0,502.0,612.0,733.0,861.0,-4.0,-4.0,-4.0,-4.0,-4.0,-4.0,-3.0,144.0,261.0,389.0,512.0,623.0,745.0,870.0,-4.0,-4.0,-4.0,-4.0,-4.0,-4.0
296.0,58.0,149.0,267.0,396.0,520.0,-5.0,-5.0,-5.0,-5.0,1126.0,1264.0,-4.0,-4.0,-4.0,64.0,157.0,278.0,404.0,528.0,-5.0,-5.0,-5.0,-5.0,1141.0,1273.0,-4.0,-4.0,-4.0,281.0,-5.0,-5.0,-5.0,1145.0,1277.0,-4.0,75.0,164.0,287.0,410.0,535.0,-5.0,-5.0,-5.0,-5.0,1158.0,1288.0,-4.0,-4.0,-4.0,88.0,182.0,312.0,441.0,559.0,-5.0,-5.0,-5.0,-5.0,1178.0,1312.0,-4.0,-4.0,-4.0,92.0,186.0,318.0,448.0,565.0,-5.0,-5.0,-5.0,-5.0,1184.0,1318.0,-4.0,-4.0,-4.0,14.0,107.0,200.0,330.0,459.0,-5.0,-5.0,-5.0,-5.0,1074.0,1205.0,-4.0,-4.0,-4.0,41.0,136.0,249.0,376.0,501.0,-5.0,-5.0,-5.0,-5.0,1111.0,1246.0,-4.0,-4.0,-4.0,48.0,144.0,260.0,388.0,511.0,-5.0,-5.0,-5.0,-5.0,1120.0,1253.0,-4.0,-4.0,-4.0
297.0,54.0,0.0,268.0,395.0,0.0,0.0,0.0,0.0,0.0,-3.0,1261.0,-4.0,-4.0,-4.0,64.0,0.0,278.0,404.0,0.0,0.0,0.0,0.0,0.0,-3.0,1274.0,-4.0,-4.0,-4.0,281.0,0.0,0.0,0.0,-3.0,1277.0,-4.0,73.0,165.0,288.0,408.0,531.0,649.0,775.0,895.0,0.0,-3.0,1293.0,-4.0,-4.0,-4.0,88.0,182.0,312.0,441.0,559.0,676.0,800.0,921.0,0.0,-3.0,1315.0,-4.0,-4.0,-4.0,92.0,186.0,318.0,448.0,565.0,681.0,803.0,926.0,0.0,-3.0,1318.0,-4.0,-4.0,-4.0,9.0,106.0,204.0,328.0,456.0,572.0,690.0,812.0,941.0,-3.0,1206.0,-4.0,-4.0,-4.0,41.0,136.0,250.0,377.0,501.0,611.0,734.0,858.0,978.0,-3.0,1245.0,-4.0,-4.0,-4.0,48.0,144.0,260.0,388.0,511.0,622.0,744.0,869.0,992.0,-3.0,1253.0,-4.0,-4.0,-4.0
298.0,54.0,150.0,267.0,-5.0,-5.0,0.0,0.0,-3.0,-4.0,-4.0,-4.0,-4.0,-4.0,-4.0,64.0,157.0,278.0,-5.0,-5.0,0.0,0.0,-3.0,-4.0,-4.0,-4.0,-4.0,-4.0,-4.0,281.0,0.0,-3.0,-4.0,-4.0,-4.0,-4.0,73.0,164.0,287.0,-5.0,-5.0,0.0,775.0,-3.0,-4.0,-4.0,-4.0,-4.0,-4.0,-4.0,88.0,182.0,312.0,-5.0,-5.0,0.0,800.0,-3.0,-4.0,-4.0,-4.0,-4.0,-4.0,-4.0,92.0,186.0,318.0,-5.0,-5.0,0.0,803.0,-3.0,-4.0,-4.0,-4.0,-4.0,-4.0,-4.0,9.0,106.0,202.0,-5.0,-5.0,572.0,693.0,-3.0,-4.0,-4.0,-4.0,-4.0,-4.0,-4.0,41.0,136.0,249.0,-5.0,-5.0,611.0,733.0,-3.0,-4.0,-4.0,-4.0,-4.0,-4.0,-4.0,48.0,144.0,260.0,-5.0,-5.0,622.0,745.0,-3.0,-4.0,-4.0,-4.0,-4.0,-4.0,-4.0
299.0,58.0,149.0,267.0,-5.0,0.0,-4.0,-4.0,-4.0,-4.0,-4.0,-4.0,-4.0,-4.0,-4.0,64.0,157.0,278.0,-5.0,0.0,-4.0,-4.0,-4.0,-4.0,-4.0,-4.0,-4.0,-4.0,-4.0,281.0,-4.0,-4.0,-4.0,-4.0,-4.0,-4.0,75.0,164.0,287.0,-5.0,0.0,-4.0,-4.0,-4.0,-4.0,-4.0,-4.0,-4.0,-4.0,-4.0,88.0,182.0,312.0,-5.0,0.0,-4.0,-4.0,-4.0,-4.0,-4.0,-4.0,-4.0,-4.0,-4.0,92.0,186.0,318.0,-5.0,0.0,-4.0,-4.0,-4.0,-4.0,-4.0,-4.0,-4.0,-4.0,-4.0,14.0,107.0,200.0,-5.0,459.0,-4.0,-4.0,-4.0,-4.0,-4.0,-4.0,-4.0,-4.0,-4.0,41.0,136.0,249.0,-5.0,501.0,-4.0,-4.0,-4.0,-4.0,-4.0,-4.0,-4.0,-4.0,-4.0,48.0,144.0,260.0,-5.0,511.0,-4.0,-4.0,-4.0,-4.0,-4.0,-4.0,-4.0,-4.0,-4.0
300.0,0.0,0.0,267.0,-3.0,519.0,-4.0,-4.0,-4.0,-4.0,-4.0,-4.0,-4.0,-4.0,-4.0,0.0,0.0,278.0,-3.0,527.0,-4.0,-4.0,-4.0,-4.0,-4.0,-4.0,-4.0,-4.0,-4.0,281.0,-4.0,-4.0,-4.0,-4.0,-4.0,-4.0,69.0,0.0,288.0,-3.0,531.0,-4.0,-4.0,-4.0,-4.0,-4.0,-4.0,-4.0,-4.0,-4.0,88.0,0.0,312.0,-3.0,559.0,-4.0,-4.0,-4.0,-4.0,-4.0,-4.0,-4.0,-4.0,-4.0,92.0,0.0,318.0,-3.0,565.0,-4.0,-4.0,-4.0,-4.0,-4.0,-4.0,-4.0,-4.0,-4.0,14.0,101.0,198.0,-3.0,458.0,-4.0,-4.0,-4.0,-4.0,-4.0,-4.0,-4.0,-4.0,-4.0,41.0,136.0,249.0,-3.0,500.0,-4.0,-4.0,-4.0,-4.0,-4.0,-4.0,-4.0,-4.0,-4.0,48.0,144.0,260.0,-3.0,511.0,-4.0,-4.0,-4.0,-4.0,-4.0,-4.0,-4.0,-4.0,-4.0
301.0,54.0,151.0,267.0,395.0,520.0,0.0,753.0,877.0,1001.0,-3.0,1259.0,-4.0,-4.0,-4.0,64.0,157.0,278.0,404.0,528.0,0.0,761.0,886.0,1013.0,-3.0,1273.0,-4.0,-4.0,-4.0,281.0,765.0,889.0,1017.0,-3.0,1277.0,-4.0,73.0,165.0,288.0,408.0,535.0,649.0,774.0,895.0,1024.0,-3.0,1291.0,-4.0,-4.0,-4.0,88.0,182.0,312.0,441.0,559.0,676.0,800.0,921.0,1053.0,-3.0,1312.0,-4.0,-4.0,-4.0,92.0,186.0,318.0,448.0,565.0,681.0,803.0,926.0,1060.0,-3.0,1318.0,-4.0,-4.0,-4.0,9.0,106.0,206.0,335.0,461.0,573.0,698.0,812.0,938.0,-3.0,1196.0,-4.0,-4.0,-4.0,41.0,136.0,250.0,376.0,501.0,611.0,734.0,858.0,978.0,-3.0,1243.0,-4.0,-4.0,-4.0,48.0,144.0,260.0,388.0,511.0,622.0,744.0,869.0,992.0,-3.0,1253.0,-4.0,-4.0,-4.0
302.0,54.0,150.0,267.0,395.0,519.0,629.0,753.0,875.0,1001.0,-3.0,-3.0,1390.0,1510.0,1643.0,64.0,157.0,278.0,404.0,527.0,641.0,761.0,885.0,1013.0,-3.0,-3.0,1400.0,1524.0,1655.0,281.0,765.0,889.0,1017.0,-3.0,-3.0,1528.0,73.0,164.0,287.0,408.0,532.0,648.0,774.0,895.0,1028.0,-3.0,-3.0,1402.0,1530.0,1660.0,88.0,182.0,312.0,441.0,559.0,676.0,800.0,921.0,1054.0,-3.0,-3.0,1426.0,1567.0,1690.0,92.0,186.0,318.0,448.0,565.0,681.0,803.0,926.0,1061.0,-3.0,-3.0,1432.0,1575.0,1696.0,9.0,101.0,202.0,337.0,455.0,573.0,695.0,812.0,936.0,-3.0,-3.0,1324.0,1437.0,1580.0,41.0,136.0,249.0,378.0,500.0,611.0,734.0,858.0,981.0,-3.0,-3.0,1371.0,1491.0,1626.0,48.0,144.0,260.0,388.0,511.0,622.0,744.0,869.0,993.0,-3.0,-3.0,1383.0,1503.0,1637.0
303.0,54.0,150.0,267.0,395.0,519.0,631.0,752.0,878.0,1001.0,1126.0,1259.0,-4.0,-4.0,-4.0,64.0,157.0,278.0,404.0,527.0,640.0,762.0,886.0,1013.0,1141.0,1273.0,-4.0,-4.0,-4.0,281.0,765.0,889.0,1017.0,1145.0,1277.0,-4.0,73.0,164.0,289.0,409.0,534.0,648.0,774.0,896.0,1026.0,1160.0,1288.0,-4.0,-4.0,-4.0,88.0,182.0,312.0,441.0,559.0,676.0,800.0,919.0,1055.0,1178.0,1312.0,-4.0,-4.0,-4.0,92.0,186.0,318.0,448.0,565.0,681.0,803.0,926.0,1060.0,1184.0,1318.0,-4.0,-4.0,-4.0,9.0,101.0,202.0,325.0,462.0,577.0,690.0,817.0,939.0,1072.0,1198.0,-4.0,-4.0,-4.0,41.0,136.0,249.0,376.0,501.0,613.0,734.0,859.0,980.0,1113.0,1245.0,-4.0,-4.0,-4.0,48.0,144.0,260.0,388.0,511.0,622.0,744.0,869.0,992.0,1120.0,1253.0,-4.0,-4.0,-4.0
304.0,54.0,150.0,-3.0,-3.0,-3.0,-3.0,-4.0,-4.0,-4.0,-4.0,-4.0,-4.0,-4.0,-4.0,64.0,157.0,-3.0,-3.0,-3.0,-3.0,-4.0,-4.0,-4.0,-4.0,-4.0,-4.0,-4.0,-4.0,-3.0,-4.0,-4.0,-4.0,-4.0,-4.0,-4.0,73.0,164.0,-3.0,-3.0,-3.0,-3.0,-4.0,-4.0,-4.0,-4.0,-4.0,-4.0,-4.0,-4.0,88.0,182.0,-3.0,-3.0,-3.0,-3.0,-4.0,-4.0,-4.0,-4.0,-4.0,-4.0,-4.0,-4.0,92.0,186.0,-3.0,-3.0,-3.0,-3.0,-4.0,-4.0,-4.0,-4.0,-4.0,-4.0,-4.0,-4.0,9.0,101.0,-3.0,-3.0,-3.0,-3.0,-4.0,-4.0,-4.0,-4.0,-4.0,-4.0,-4.0,-4.0,41.0,136.0,-3.0,-3.0,-3.0,-3.0,-4.0,-4.0,-4.0,-4.0,-4.0,-4.0,-4.0,-4.0,48.0,144.0,-3.0,-3.0,-3.0,-3.0,-4.0,-4.0,-4.0,-4.0,-4.0,-4.0,-4.0,-4.0
305.0,58.0,149.0,267.0,396.0,520.0,630.0,0.0,878.0,1003.0,1129.0,1262.0,-4.0,-4.0,-4.0,64.0,157.0,278.0,404.0,528.0,640.0,0.0,886.0,1012.0,1141.0,1273.0,-4.0,-4.0,-4.0,281.0,0.0,889.0,1017.0,1145.0,1277.0,-4.0,75.0,164.0,287.0,409.0,534.0,651.0,775.0,895.0,1026.0,1154.0,1287.0,-4.0,-4.0,-4.0,88.0,182.0,312.0,441.0,559.0,676.0,800.0,921.0,1055.0,1178.0,1312.0,-4.0,-4.0,-4.0,92.0,186.0,318.0,448.0,565.0,681.0,803.0,926.0,1060.0,1184.0,1318.0,-4.0,-4.0,-4.0,14.0,107.0,200.0,326.0,456.0,578.0,698.0,814.0,934.0,1071.0,1195.0,-4.0,-4.0,-4.0,41.0,136.0,249.0,376.0,501.0,613.0,734.0,859.0,980.0,1113.0,1243.0,-4.0,-4.0,-4.0,48.0,144.0,260.0,388.0,511.0,622.0,744.0,869.0,992.0,1120.0,1253.0,-4.0,-4.0,-4.0
306.0,-3.0,150.0,0.0,396.0,520.0,632.0,752.0,878.0,1001.0,1129.0,1262.0,-4.0,-4.0,-4.0,-3.0,157.0,0.0,404.0,528.0,640.0,762.0,886.0,1013.0,1141.0,1273.0,-4.0,-4.0,-4.0,0.0,765.0,889.0,1017.0,1145.0,1277.0,-4.0,-3.0,164.0,287.0,408.0,534.0,651.0,773.0,898.0,1027.0,1158.0,1290.0,-4.0,-4.0,-4.0,-3.0,182.0,312.0,441.0,559.0,676.0,800.0,921.0,1053.0,1178.0,1312.0,-4.0,-4.0,-4.0,-3.0,186.0,318.0,448.0,565.0,681.0,803.0,926.0,1060.0,1184.0,1318.0,-4.0,-4.0,-4.0,-3.0,106.0,200.0,334.0,456.0,576.0,692.0,815.0,932.0,1069.0,1205.0,-4.0,-4.0,-4.0,-3.0,136.0,249.0,377.0,501.0,613.0,734.0,859.0,978.0,1111.0,1246.0,-4.0,-4.0,-4.0,-3.0,144.0,260.0,388.0,511.0,622.0,744.0,869.0,992.0,1120.0,1253.0,-4.0,-4.0,-4.0
307.0,55.0,151.0,267.0,395.0,0.0,631.0,752.0,878.0,1001.0,1129.0,1262.0,-4.0,-4.0,-4.0,64.0,157.0,278.0,404.0,0.0,640.0,762.0,886.0,1013.0,1141.0,1273.0,-4.0,-4.0,-4.0,281.0,765.0,889.0,1017.0,1145.0,1277.0,-4.0,72.0,165.0,288.0,412.0,0.0,649.0,773.0,898.0,1027.0,1155.0,1287.0,-4.0,-4.0,-4.0,87.0,182.0,312.0,441.0,0.0,676.0,800.0,921.0,1053.0,1178.0,1312.0,-4.0,-4.0,-4.0,92.0,186.0,318.0,448.0,0.0,681.0,803.0,926.0,1060.0,1184.0,1318.0,-4.0,-4.0,-4.0,14.0,106.0,199.0,338.0,456.0,577.0,691.0,815.0,935.0,1072.0,1200.0,-4.0,-4.0,-4.0,41.0,136.0,250.0,377.0,501.0,613.0,734.0,859.0,978.0,1113.0,1243.0,-4.0,-4.0,-4.0,48.0,144.0,260.0,388.0,511.0,622.0,744.0,869.0,992.0,1120.0,1253.0,-4.0,-4.0,-4.0
308.0,-5.0,150.0,267.0,395.0,0.0,629.0,753.0,875.0,1001.0,1129.0,1261.0,-3.0,1510.0,-3.0,-5.0,157.0,278.0,404.0,0.0,641.0,761.0,885.0,1013.0,1141.0,1274.0,-3.0,1524.0,-3.0,281.0,765.0,889.0,1017.0,1145.0,1277.0,1528.0,-5.0,165.0,287.0,408.0,0.0,648.0,779.0,897.0,1028.0,1157.0,1289.0,-3.0,1530.0,-3.0,-5.0,182.0,312.0,441.0,0.0,676.0,798.0,922.0,1054.0,1180.0,1314.0,-3.0,1567.0,-3.0,-5.0,186.0,318.0,448.0,0.0,681.0,804.0,927.0,1061.0,1184.0,1319.0,-3.0,1575.0,-3.0,-5.0,101.0,202.0,337.0,455.0,573.0,700.0,823.0,936.0,1068.0,1197.0,-3.0,1437.0,-3.0,-5.0,136.0,249.0,378.0,500.0,611.0,735.0,861.0,981.0,1110.0,1242.0,-3.0,1491.0,-3.0,-5.0,144.0,260.0,388.0,511.0,622.0,745.0,870.0,993.0,1121.0,1254.0,-3.0,1503.0,-3.0
309.0,55.0,151.0,0.0,395.0,520.0,0.0,752.0,875.0,1001.0,1129.0,1259.0,-4.0,-4.0,-4.0,64.0,157.0,0.0,404.0,528.0,0.0,762.0,885.0,1013.0,1141.0,1273.0,-4.0,-4.0,-4.0,0.0,765.0,889.0,1017.0,1145.0,1277.0,-4.0,73.0,165.0,288.0,408.0,531.0,649.0,775.0,895.0,1024.0,1152.0,1293.0,-4.0,-4.0,-4.0,88.0,182.0,312.0,441.0,559.0,676.0,800.0,921.0,1053.0,1178.0,1315.0,-4.0,-4.0,-4.0,92.0,186.0,318.0,448.0,565.0,681.0,803.0,926.0,1060.0,1184.0,1318.0,-4.0,-4.0,-4.0,9.0,106.0,204.0,328.0,456.0,575.0,692.0,815.0,932.0,1069.0,1206.0,-4.0,-4.0,-4.0,41.0,136.0,250.0,377.0,501.0,613.0,734.0,859.0,978.0,1111.0,1245.0,-4.0,-4.0,-4.0,48.0,144.0,260.0,388.0,511.0,622.0,744.0,869.0,992.0,1120.0,1253.0,-4.0,-4.0,-4.0
310.0,54.0,150.0,0.0,395.0,-5.0,631.0,-5.0,878.0,1001.0,1129.0,1262.0,-4.0,-4.0,-4.0,64.0,157.0,0.0,404.0,-5.0,640.0,-5.0,886.0,1013.0,1141.0,1273.0,-4.0,-4.0,-4.0,0.0,-5.0,889.0,1017.0,1145.0,1277.0,-4.0,73.0,164.0,289.0,412.0,-5.0,655.0,-5.0,898.0,1027.0,1160.0,1291.0,-4.0,-4.0,-4.0,88.0,182.0,312.0,441.0,-5.0,676.0,-5.0,921.0,1053.0,1178.0,1312.0,-4.0,-4.0,-4.0,92.0,186.0,318.0,448.0,-5.0,681.0,-5.0,926.0,1060.0,1184.0,1318.0,-4.0,-4.0,-4.0,9.0,106.0,200.0,334.0,-5.0,572.0,-5.0,817.0,939.0,1072.0,1196.0,-4.0,-4.0,-4.0,41.0,136.0,249.0,377.0,-5.0,611.0,-5.0,859.0,980.0,1113.0,1243.0,-4.0,-4.0,-4.0,48.0,144.0,260.0,388.0,-5.0,622.0,-5.0,869.0,992.0,1120.0,1253.0,-4.0,-4.0,-4.0
311.0,55.0,150.0,267.0,395.0,519.0,631.0,0.0,878.0,1000.0,1127.0,1259.0,-4.0,-4.0,-4.0,64.0,157.0,278.0,404.0,527.0,640.0,0.0,886.0,1013.0,1141.0,1273.0,-4.0,-4.0,-4.0,281.0,0.0,889.0,1017.0,1145.0,1277.0,-4.0,69.0,167.0,288.0,408.0,534.0,649.0,774.0,895.0,1024.0,1152.0,1285.0,-4.0,-4.0,-4.0,88.0,182.0,312.0,441.0,559.0,676.0,800.0,921.0,1053.0,1178.0,1312.0,-4.0,-4.0,-4.0,92.0,186.0,318.0,448.0,565.0,681.0,803.0,926.0,1060.0,1184.0,1318.0,-4.0,-4.0,-4.0,1.0,108.0,203.0,335.0,461.0,575.0,690.0,815.0,932.0,1076.0,1193.0,-4.0,-4.0,-4.0,37.0,136.0,250.0,376.0,501.0,613.0,734.0,859.0,978.0,1114.0,1243.0,-4.0,-4.0,-4.0,48.0,144.0,260.0,388.0,511.0,622.0,744.0,869.0,992.0,1120.0,1253.0,-4.0,-4.0,-4.0
312.0,-3.0,150.0,-5.0,-5.0,-5.0,-5.0,-5.0,-5.0,-5.0,-5.0,1264.0,-4.0,-4.0,-4.0,-3.0,157.0,-5.0,-5.0,-5.0,-5.0,-5.0,-5.0,-5.0,-5.0,1273.0,-4.0,-4.0,-4.0,-5.0,-5.0,-5.0,-5.0,-5.0,1277.0,-4.0,-3.0,167.0,-5.0,-5.0,-5.0,-5.0,-5.0,-5.0,-5.0,-5.0,1290.0,-4.0,-4.0,-4.0,-3.0,182.0,-5.0,-5.0,-5.0,-5.0,-5.0,-5.0,-5.0,-5.0,1312.0,-4.0,-4.0,-4.0,-3.0,186.0,-5.0,-5.0,-5.0,-5.0,-5.0,-5.0,-5.0,-5.0,1318.0,-4.0,-4.0,-4.0,-3.0,109.0,-5.0,-5.0,-5.0,-5.0,-5.0,-5.0,-5.0,-5.0,1205.0,-4.0,-4.0,-4.0,-3.0,136.0,-5.0,-5.0,-5.0,-5.0,-5.0,-5.0,-5.0,-5.0,1246.0,-4.0,-4.0,-4.0,-3.0,144.0,-5.0,-5.0,-5.0,-5.0,-5.0,-5.0,-5.0,-5.0,1253.0,-4.0,-4.0,-4.0
313.0,56.0,150.0,267.0,395.0,519.0,631.0,-3.0,-4.0,-4.0,-4.0,-4.0,-4.0,-4.0,-4.0,65.0,157.0,278.0,404.0,527.0,640.0,-3.0,-4.0,-4.0,-4.0,-4.0,-4.0,-4.0,-4.0,281.0,-3.0,-4.0,-4.0,-4.0,-4.0,-4.0,69.0,167.0,287.0,408.0,534.0,651.0,-3.0,-4.0,-4.0,-4.0,-4.0,-4.0,-4.0,-4.0,88.0,182.0,312.0,441.0,559.0,676.0,-3.0,-4.0,-4.0,-4.0,-4.0,-4.0,-4.0,-4.0,92.0,186.0,318.0,448.0,565.0,681.0,-3.0,-4.0,-4.0,-4.0,-4.0,-4.0,-4.0,-4.0,8.0,108.0,193.0,326.0,462.0,578.0,-3.0,-4.0,-4.0,-4.0,-4.0,-4.0,-4.0,-4.0,41.0,136.0,249.0,376.0,501.0,613.0,-3.0,-4.0,-4.0,-4.0,-4.0,-4.0,-4.0,-4.0,48.0,144.0,260.0,388.0,511.0,622.0,-3.0,-4.0,-4.0,-4.0,-4.0,-4.0,-4.0,-4.0
314.0,54.0,150.0,-3.0,397.0,0.0,-4.0,-4.0,-4.0,-4.0,-4.0,-4.0,-4.0,-4.0,-4.0,64.0,157.0,-3.0,403.0,0.0,-4.0,-4.0,-4.0,-4.0,-4.0,-4.0,-4.0,-4.0,-4.0,-3.0,-4.0,-4.0,-4.0,-4.0,-4.0,-4.0,69.0,167.0,-3.0,417.0,531.0,-4.0,-4.0,-4.0,-4.0,-4.0,-4.0,-4.0,-4.0,-4.0,88.0,182.0,-3.0,443.0,559.0,-4.0,-4.0,-4.0,-4.0,-4.0,-4.0,-4.0,-4.0,-4.0,92.0,186.0,-3.0,449.0,565.0,-4.0,-4.0,-4.0,-4.0,-4.0,-4.0,-4.0,-4.0,-4.0,6.0,102.0,-3.0,331.0,458.0,-4.0,-4.0,-4.0,-4.0,-4.0,-4.0,-4.0,-4.0,-4.0,40.0,135.0,-3.0,378.0,500.0,-4.0,-4.0,-4.0,-4.0,-4.0,-4.0,-4.0,-4.0,-4.0,48.0,144.0,-3.0,388.0,511.0,-4.0,-4.0,-4.0,-4.0,-4.0,-4.0,-4.0,-4.0,-4.0
315.0,54.0,150.0,267.0,395.0,519.0,632.0,0.0,881.0,0.0,1129.0,1262.0,1391.0,1511.0,1644.0,64.0,157.0,278.0,404.0,527.0,640.0,0.0,887.0,0.0,1141.0,1273.0,1399.0,1524.0,1655.0,281.0,0.0,890.0,0.0,1145.0,1277.0,1528.0,73.0,167.0,289.0,408.0,534.0,649.0,773.0,895.0,1027.0,1160.0,1291.0,1403.0,1533.0,1661.0,88.0,182.0,312.0,441.0,559.0,676.0,800.0,921.0,1053.0,1178.0,1312.0,1426.0,1568.0,1690.0,92.0,186.0,318.0,448.0,565.0,681.0,803.0,926.0,1060.0,1184.0,1318.0,1432.0,1575.0,1696.0,6.0,108.0,197.0,325.0,456.0,578.0,692.0,814.0,939.0,1072.0,1196.0,1325.0,1439.0,1582.0,40.0,136.0,249.0,376.0,501.0,613.0,734.0,859.0,980.0,1113.0,1243.0,1372.0,1490.0,1627.0,48.0,144.0,260.0,388.0,511.0,622.0,744.0,869.0,992.0,1120.0,1253.0,1383.0,1503.0,1637.0
316.0,58.0,150.0,267.0,395.0,519.0,631.0,752.0,878.0,1000.0,0.0,1264.0,-4.0,-4.0,-4.0,64.0,157.0,278.0,404.0,527.0,640.0,762.0,886.0,1013.0,0.0,1273.0,-4.0,-4.0,-4.0,281.0,765.0,889.0,1017.0,0.0,1277.0,-4.0,75.0,167.0,287.0,409.0,532.0,651.0,773.0,898.0,1026.0,1158.0,1290.0,-4.0,-4.0,-4.0,88.0,182.0,312.0,441.0,559.0,676.0,800.0,921.0,1055.0,1178.0,1312.0,-4.0,-4.0,-4.0,92.0,186.0,318.0,448.0,565.0,681.0,803.0,926.0,1060.0,1184.0,1318.0,-4.0,-4.0,-4.0,8.0,109.0,200.0,326.0,462.0,576.0,691.0,814.0,939.0,1071.0,1202.0,-4.0,-4.0,-4.0,41.0,136.0,249.0,376.0,501.0,613.0,734.0,859.0,980.0,1113.0,1243.0,-4.0,-4.0,-4.0,48.0,144.0,260.0,388.0,511.0,622.0,744.0,869.0,992.0,1120.0,1253.0,-4.0,-4.0,-4.0
317.0,58.0,150.0,-5.0,-5.0,520.0,631.0,752.0,-3.0,1002.0,1128.0,1261.0,-3.0,1509.0,-3.0,64.0,157.0,-5.0,-5.0,528.0,640.0,762.0,-3.0,1014.0,1142.0,1274.0,-3.0,1524.0,-3.0,-5.0,765.0,-3.0,1017.0,1145.0,1277.0,1528.0,75.0,167.0,-5.0,-5.0,533.0,652.0,771.0,-3.0,1028.0,1151.0,1284.0,-3.0,1531.0,-3.0,88.0,182.0,-5.0,-5.0,560.0,676.0,798.0,-3.0,1054.0,1178.0,1314.0,-3.0,1568.0,-3.0,92.0,186.0,-5.0,-5.0,565.0,681.0,804.0,-3.0,1061.0,1184.0,1319.0,-3.0,1575.0,-3.0,8.0,109.0,-5.0,-5.0,457.0,574.0,689.0,-3.0,946.0,1068.0,1192.0,-3.0,1435.0,-3.0,41.0,136.0,-5.0,-5.0,502.0,612.0,733.0,-3.0,979.0,1110.0,1242.0,-3.0,1490.0,-3.0,48.0,144.0,-5.0,-5.0,512.0,623.0,745.0,-3.0,993.0,1121.0,1254.0,-3.0,1503.0,-3.0
318.0,54.0,150.0,-3.0,-3.0,0.0,-4.0,-4.0,-4.0,-4.0,-4.0,-4.0,-4.0,-4.0,-4.0,64.0,157.0,-3.0,-3.0,0.0,-4.0,-4.0,-4.0,-4.0,-4.0,-4.0,-4.0,-4.0,-4.0,-3.0,-4.0,-4.0,-4.0,-4.0,-4.0,-4.0,73.0,167.0,-3.0,-3.0,0.0,-4.0,-4.0,-4.0,-4.0,-4.0,-4.0,-4.0,-4.0,-4.0,88.0,182.0,-3.0,-3.0,0.0,-4.0,-4.0,-4.0,-4.0,-4.0,-4.0,-4.0,-4.0,-4.0,92.0,186.0,-3.0,-3.0,0.0,-4.0,-4.0,-4.0,-4.0,-4.0,-4.0,-4.0,-4.0,-4.0,6.0,108.0,-3.0,-3.0,456.0,-4.0,-4.0,-4.0,-4.0,-4.0,-4.0,-4.0,-4.0,-4.0,40.0,136.0,-3.0,-3.0,501.0,-4.0,-4.0,-4.0,-4.0,-4.0,-4.0,-4.0,-4.0,-4.0,48.0,144.0,-3.0,-3.0,511.0,-4.0,-4.0,-4.0,-4.0,-4.0,-4.0,-4.0,-4.0,-4.0
319.0,-3.0,150.0,267.0,0.0,519.0,631.0,754.0,878.0,0.0,1128.0,0.0,-4.0,-4.0,-4.0,-3.0,157.0,278.0,0.0,527.0,640.0,762.0,886.0,0.0,1142.0,0.0,-4.0,-4.0,-4.0,281.0,765.0,889.0,0.0,1145.0,0.0,-4.0,-3.0,167.0,289.0,0.0,534.0,649.0,775.0,900.0,0.0,1151.0,0.0,-4.0,-4.0,-4.0,-3.0,182.0,312.0,0.0,559.0,676.0,800.0,921.0,0.0,1178.0,0.0,-4.0,-4.0,-4.0,-3.0,186.0,318.0,0.0,565.0,681.0,803.0,926.0,0.0,1184.0,0.0,-4.0,-4.0,-4.0,-3.0,109.0,197.0,328.0,464.0,576.0,691.0,821.0,942.0,1077.0,1201.0,-4.0,-4.0,-4.0,-3.0,136.0,249.0,377.0,500.0,613.0,734.0,858.0,980.0,1114.0,1245.0,-4.0,-4.0,-4.0,-3.0,144.0,260.0,388.0,511.0,622.0,744.0,869.0,992.0,1120.0,1253.0,-4.0,-4.0,-4.0
320.0,58.0,149.0,267.0,396.0,520.0,632.0,0.0,-5.0,0.0,1126.0,1264.0,-4.0,-4.0,-4.0,64.0,157.0,278.0,404.0,528.0,640.0,0.0,-5.0,0.0,1141.0,1273.0,-4.0,-4.0,-4.0,281.0,0.0,-5.0,0.0,1145.0,1277.0,-4.0,75.0,164.0,287.0,410.0,535.0,651.0,774.0,-5.0,1026.0,1158.0,1290.0,-4.0,-4.0,-4.0,88.0,182.0,312.0,441.0,559.0,676.0,800.0,-5.0,1055.0,1178.0,1312.0,-4.0,-4.0,-4.0,92.0,186.0,318.0,448.0,565.0,681.0,803.0,-5.0,1060.0,1184.0,1318.0,-4.0,-4.0,-4.0,8.0,107.0,200.0,330.0,459.0,573.0,690.0,-5.0,938.0,1074.0,1205.0,-4.0,-4.0,-4.0,41.0,136.0,249.0,376.0,501.0,611.0,734.0,-5.0,978.0,1111.0,1246.0,-4.0,-4.0,-4.0,48.0,144.0,260.0,388.0,511.0,622.0,744.0,-5.0,992.0,1120.0,1253.0,-4.0,-4.0,-4.0
321.0,-3.0,150.0,267.0,395.0,519.0,631.0,752.0,-4.0,-4.0,-4.0,-4.0,-4.0,-4.0,-4.0,-3.0,157.0,278.0,404.0,527.0,640.0,762.0,-4.0,-4.0,-4.0,-4.0,-4.0,-4.0,-4.0,281.0,765.0,-4.0,-4.0,-4.0,-4.0,-4.0,-3.0,167.0,287.0,410.0,534.0,651.0,773.0,-4.0,-4.0,-4.0,-4.0,-4.0,-4.0,-4.0,-3.0,182.0,312.0,441.0,559.0,676.0,800.0,-4.0,-4.0,-4.0,-4.0,-4.0,-4.0,-4.0,-3.0,186.0,318.0,448.0,565.0,681.0,803.0,-4.0,-4.0,-4.0,-4.0,-4.0,-4.0,-4.0,-3.0,109.0,198.0,330.0,459.0,578.0,692.0,-4.0,-4.0,-4.0,-4.0,-4.0,-4.0,-4.0,-3.0,136.0,249.0,376.0,501.0,613.0,734.0,-4.0,-4.0,-4.0,-4.0,-4.0,-4.0,-4.0,-3.0,144.0,260.0,388.0,511.0,622.0,744.0,-4.0,-4.0,-4.0,-4.0,-4.0,-4.0,-4.0
322.0,54.0,152.0,267.0,396.0,520.0,632.0,753.0,875.0,1001.0,1129.0,1262.0,-4.0,-4.0,-4.0,64.0,158.0,278.0,404.0,528.0,640.0,761.0,885.0,1013.0,1141.0,1273.0,-4.0,-4.0,-4.0,281.0,765.0,889.0,1017.0,1145.0,1277.0,-4.0,72.0,165.0,287.0,408.0,534.0,651.0,772.0,898.0,1027.0,1154.0,1287.0,-4.0,-4.0,-4.0,87.0,182.0,312.0,441.0,559.0,676.0,799.0,921.0,1053.0,1178.0,1312.0,-4.0,-4.0,-4.0,92.0,186.0,318.0,448.0,565.0,681.0,803.0,926.0,1060.0,1184.0,1318.0,-4.0,-4.0,-4.0,7.0,108.0,195.0,326.0,456.0,577.0,690.0,817.0,938.0,1069.0,1200.0,-4.0,-4.0,-4.0,40.0,136.0,250.0,376.0,501.0,613.0,734.0,859.0,978.0,1111.0,1243.0,-4.0,-4.0,-4.0,48.0,144.0,260.0,388.0,511.0,622.0,744.0,869.0,992.0,1120.0,1253.0,-4.0,-4.0,-4.0
323.0,58.0,149.0,267.0,396.0,0.0,631.0,754.0,878.0,1003.0,1126.0,1264.0,-4.0,-4.0,-4.0,64.0,157.0,278.0,404.0,0.0,640.0,762.0,886.0,1012.0,1141.0,1273.0,-4.0,-4.0,-4.0,281.0,765.0,889.0,1017.0,1145.0,1277.0,-4.0,74.0,163.0,287.0,409.0,0.0,651.0,773.0,900.0,1026.0,1158.0,1290.0,-4.0,-4.0,-4.0,88.0,182.0,312.0,441.0,0.0,676.0,800.0,921.0,1055.0,1178.0,1312.0,-4.0,-4.0,-4.0,92.0,186.0,318.0,448.0,0.0,681.0,803.0,926.0,1060.0,1184.0,1318.0,-4.0,-4.0,-4.0,10.0,100.0,196.0,327.0,462.0,576.0,691.0,821.0,934.0,1074.0,1202.0,-4.0,-4.0,-4.0,41.0,136.0,250.0,376.0,501.0,613.0,734.0,858.0,980.0,1111.0,1243.0,-4.0,-4.0,-4.0,48.0,144.0,260.0,388.0,511.0,622.0,744.0,869.0,992.0,1120.0,1253.0,-4.0,-4.0,-4.0
324.0,58.0,149.0,267.0,396.0,519.0,631.0,754.0,878.0,1003.0,1129.0,1262.0,-4.0,-4.0,-4.0,64.0,157.0,278.0,404.0,527.0,640.0,762.0,886.0,1012.0,1141.0,1273.0,-4.0,-4.0,-4.0,281.0,765.0,889.0,1017.0,1145.0,1277.0,-4.0,75.0,163.0,287.0,409.0,534.0,651.0,774.0,900.0,1026.0,1154.0,1287.0,-4.0,-4.0,-4.0,88.0,182.0,312.0,441.0,559.0,676.0,800.0,921.0,1055.0,1178.0,1312.0,-4.0,-4.0,-4.0,92.0,186.0,318.0,448.0,565.0,681.0,803.0,926.0,1060.0,1184.0,1318.0,-4.0,-4.0,-4.0,8.0,109.0,196.0,327.0,456.0,576.0,690.0,817.0,934.0,1071.0,1195.0,-4.0,-4.0,-4.0,41.0,136.0,250.0,376.0,501.0,613.0,734.0,859.0,980.0,1113.0,1243.0,-4.0,-4.0,-4.0,48.0,144.0,260.0,388.0,511.0,622.0,744.0,869.0,992.0,1120.0,1253.0,-4.0,-4.0,-4.0
325.0,-3.0,150.0,267.0,395.0,523.0,630.0,752.0,878.0,1000.0,1127.0,1259.0,-4.0,-4.0,-4.0,-3.0,157.0,278.0,404.0,529.0,640.0,762.0,886.0,1013.0,1141.0,1273.0,-4.0,-4.0,-4.0,281.0,765.0,889.0,1017.0,1145.0,1277.0,-4.0,-3.0,167.0,288.0,407.0,535.0,649.0,774.0,895.0,1024.0,1152.0,1285.0,-4.0,-4.0,-4.0,-3.0,182.0,312.0,441.0,559.0,676.0,800.0,921.0,1053.0,1178.0,1312.0,-4.0,-4.0,-4.0,-3.0,186.0,318.0,448.0,565.0,681.0,803.0,926.0,1060.0,1184.0,1318.0,-4.0,-4.0,-4.0,-3.0,108.0,203.0,335.0,461.0,575.0,690.0,815.0,932.0,1076.0,1193.0,-4.0,-4.0,-4.0,-3.0,136.0,250.0,376.0,501.0,613.0,734.0,859.0,978.0,1114.0,1243.0,-4.0,-4.0,-4.0,-3.0,144.0,260.0,388.0,511.0,622.0,744.0,869.0,992.0,1120.0,1253.0,-4.0,-4.0,-4.0
326.0,56.0,150.0,267.0,-3.0,520.0,630.0,0.0,0.0,-4.0,-4.0,-4.0,-4.0,-4.0,-4.0,65.0,157.0,278.0,-3.0,528.0,640.0,0.0,0.0,-4.0,-4.0,-4.0,-4.0,-4.0,-4.0,281.0,0.0,0.0,-4.0,-4.0,-4.0,-4.0,69.0,167.0,288.0,-3.0,534.0,652.0,775.0,895.0,-4.0,-4.0,-4.0,-4.0,-4.0,-4.0,88.0,182.0,312.0,-3.0,559.0,676.0,800.0,921.0,-4.0,-4.0,-4.0,-4.0,-4.0,-4.0,92.0,186.0,318.0,-3.0,565.0,681.0,803.0,926.0,-4.0,-4.0,-4.0,-4.0,-4.0,-4.0,6.0,108.0,199.0,-3.0,458.0,575.0,698.0,813.0,-4.0,-4.0,-4.0,-4.0,-4.0,-4.0,40.0,136.0,250.0,-3.0,500.0,613.0,734.0,858.0,-4.0,-4.0,-4.0,-4.0,-4.0,-4.0,48.0,144.0,260.0,-3.0,511.0,622.0,744.0,869.0,-4.0,-4.0,-4.0,-4.0,-4.0,-4.0
327.0,0.0,152.0,268.0,395.0,0.0,630.0,-5.0,875.0,1001.0,1129.0,1262.0,-4.0,-4.0,-4.0,0.0,158.0,278.0,404.0,0.0,640.0,-5.0,885.0,1013.0,1141.0,1273.0,-4.0,-4.0,-4.0,281.0,-5.0,889.0,1017.0,1145.0,1277.0,-4.0,69.0,165.0,288.0,408.0,0.0,649.0,-5.0,895.0,1024.0,1152.0,1285.0,-4.0,-4.0,-4.0,88.0,182.0,312.0,441.0,0.0,676.0,-5.0,921.0,1053.0,1178.0,1312.0,-4.0,-4.0,-4.0,92.0,186.0,318.0,448.0,0.0,681.0,-5.0,926.0,1060.0,1184.0,1318.0,-4.0,-4.0,-4.0,6.0,108.0,204.0,328.0,467.0,575.0,-5.0,815.0,932.0,1069.0,1193.0,-4.0,-4.0,-4.0,40.0,136.0,250.0,377.0,504.0,613.0,-5.0,859.0,978.0,1111.0,1243.0,-4.0,-4.0,-4.0,48.0,144.0,260.0,388.0,512.0,622.0,-5.0,869.0,992.0,1120.0,1253.0,-4.0,-4.0,-4.0
328.0,58.0,150.0,267.0,0.0,519.0,631.0,754.0,878.0,1003.0,1129.0,1262.0,-4.0,-4.0,-4.0,64.0,157.0,278.0,0.0,527.0,640.0,762.0,886.0,1012.0,1141.0,1273.0,-4.0,-4.0,-4.0,281.0,765.0,889.0,1017.0,1145.0,1277.0,-4.0,75.0,167.0,287.0,0.0,532.0,651.0,773.0,898.0,1026.0,1154.0,1287.0,-4.0,-4.0,-4.0,88.0,182.0,312.0,0.0,559.0,676.0,800.0,921.0,1055.0,1178.0,1312.0,-4.0,-4.0,-4.0,92.0,186.0,318.0,0.0,565.0,681.0,803.0,926.0,1060.0,1184.0,1318.0,-4.0,-4.0,-4.0,8.0,109.0,200.0,326.0,462.0,576.0,691.0,814.0,934.0,1071.0,1195.0,-4.0,-4.0,-4.0,41.0,136.0,249.0,376.0,501.0,613.0,734.0,859.0,980.0,1113.0,1243.0,-4.0,-4.0,-4.0,48.0,144.0,260.0,388.0,511.0,622.0,744.0,869.0,992.0,1120.0,1253.0,-4.0,-4.0,-4.0
329.0,58.0,149.0,0.0,-5.0,-5.0,-5.0,0.0,0.0,0.0,-3.0,1259.0,-4.0,-4.0,-4.0,64.0,157.0,0.0,-5.0,-5.0,-5.0,0.0,0.0,0.0,-3.0,1273.0,-4.0,-4.0,-4.0,0.0,0.0,0.0,0.0,-3.0,1277.0,-4.0,69.0,165.0,288.0,-5.0,-5.0,-5.0,0.0,0.0,0.0,-3.0,1293.0,-4.0,-4.0,-4.0,88.0,182.0,312.0,-5.0,-5.0,-5.0,0.0,0.0,0.0,-3.0,1315.0,-4.0,-4.0,-4.0,92.0,186.0,318.0,-5.0,-5.0,-5.0,0.0,0.0,0.0,-3.0,1318.0,-4.0,-4.0,-4.0,8.0,107.0,195.0,-5.0,-5.0,-5.0,698.0,821.0,938.0,-3.0,1198.0,-4.0,-4.0,-4.0,41.0,136.0,250.0,-5.0,-5.0,-5.0,734.0,858.0,978.0,-3.0,1245.0,-4.0,-4.0,-4.0,48.0,144.0,260.0,-5.0,-5.0,-5.0,744.0,869.0,992.0,-3.0,1253.0,-4.0,-4.0,-4.0
330.0,0.0,150.0,267.0,399.0,519.0,0.0,0.0,0.0,0.0,0.0,0.0,-3.0,1510.0,-3.0,0.0,157.0,278.0,403.0,527.0,0.0,0.0,0.0,0.0,0.0,0.0,-3.0,1524.0,-3.0,281.0,0.0,0.0,0.0,0.0,0.0,1528.0,0.0,167.0,287.0,408.0,534.0,652.0,775.0,895.0,0.0,1150.0,1294.0,-3.0,1530.0,-3.0,0.0,182.0,312.0,441.0,559.0,676.0,800.0,921.0,0.0,1178.0,1315.0,-3.0,1567.0,-3.0,0.0,186.0,318.0,448.0,565.0,681.0,803.0,926.0,0.0,1184.0,1318.0,-3.0,1575.0,-3.0,10.0,109.0,193.0,331.0,458.0,572.0,698.0,814.0,944.0,1079.0,1203.0,-3.0,1437.0,-3.0,41.0,136.0,249.0,378.0,500.0,611.0,734.0,859.0,978.0,1114.0,1240.0,-3.0,1491.0,-3.0,48.0,144.0,260.0,388.0,511.0,622.0,744.0,869.0,992.0,1120.0,1253.0,-3.0,1503.0,-3.0
331.0,54.0,152.0,267.0,-3.0,0.0,-4.0,-4.0,-4.0,-4.0,-4.0,-4.0,-4.0,-4.0,-4.0,64.0,158.0,278.0,-3.0,0.0,-4.0,-4.0,-4.0,-4.0,-4.0,-4.0,-4.0,-4.0,-4.0,281.0,-4.0,-4.0,-4.0,-4.0,-4.0,-4.0,69.0,167.0,289.0,-3.0,0.0,-4.0,-4.0,-4.0,-4.0,-4.0,-4.0,-4.0,-4.0,-4.0,88.0,182.0,312.0,-3.0,0.0,-4.0,-4.0,-4.0,-4.0,-4.0,-4.0,-4.0,-4.0,-4.0,92.0,186.0,318.0,-3.0,0.0,-4.0,-4.0,-4.0,-4.0,-4.0,-4.0,-4.0,-4.0,-4.0,6.0,102.0,197.0,-3.0,456.0,-4.0,-4.0,-4.0,-4.0,-4.0,-4.0,-4.0,-4.0,-4.0,40.0,135.0,249.0,-3.0,501.0,-4.0,-4.0,-4.0,-4.0,-4.0,-4.0,-4.0,-4.0,-4.0,48.0,144.0,260.0,-3.0,511.0,-4.0,-4.0,-4.0,-4.0,-4.0,-4.0,-4.0,-4.0,-4.0
332.0,56.0,152.0,268.0,395.0,520.0,630.0,752.0,875.0,1001.0,1129.0,1259.0,-4.0,-4.0,-4.0,65.0,158.0,278.0,404.0,528.0,640.0,762.0,885.0,1013.0,1141.0,1273.0,-4.0,-4.0,-4.0,281.0,765.0,889.0,1017.0,1145.0,1277.0,-4.0,69.0,165.0,288.0,408.0,531.0,649.0,775.0,895.0,1024.0,1152.0,1293.0,-4.0,-4.0,-4.0,88.0,182.0,312.0,441.0,559.0,676.0,800.0,921.0,1053.0,1178.0,1315.0,-4.0,-4.0,-4.0,92.0,186.0,318.0,448.0,565.0,681.0,803.0,926.0,1060.0,1184.0,1318.0,-4.0,-4.0,-4.0,7.0,108.0,204.0,328.0,456.0,575.0,698.0,815.0,932.0,1069.0,1206.0,-4.0,-4.0,-4.0,40.0,136.0,250.0,377.0,501.0,613.0,734.0,859.0,978.0,1111.0,1245.0,-4.0,-4.0,-4.0,48.0,144.0,260.0,388.0,511.0,622.0,744.0,869.0,992.0,1120.0,1253.0,-4.0,-4.0,-4.0
333.0,56.0,-3.0,269.0,-3.0,524.0,629.0,-3.0,878.0,-3.0,1126.0,1259.0,-4.0,-4.0,-4.0,65.0,-3.0,279.0,-3.0,529.0,641.0,-3.0,886.0,-3.0,1141.0,1273.0,-4.0,-4.0,-4.0,282.0,-3.0,889.0,-3.0,1145.0,1277.0,-4.0,70.0,-3.0,286.0,-3.0,538.0,647.0,-3.0,896.0,-3.0,1150.0,1292.0,-4.0,-4.0,-4.0,89.0,-3.0,311.0,-3.0,561.0,675.0,-3.0,919.0,-3.0,1178.0,1315.0,-4.0,-4.0,-4.0,93.0,-3.0,319.0,-3.0,566.0,681.0,-3.0,926.0,-3.0,1184.0,1318.0,-4.0,-4.0,-4.0,3.0,-3.0,210.0,-3.0,468.0,571.0,-3.0,818.0,-3.0,1067.0,1201.0,-4.0,-4.0,-4.0,39.0,-3.0,253.0,-3.0,505.0,609.0,-3.0,859.0,-3.0,1108.0,1245.0,-4.0,-4.0,-4.0,49.0,-3.0,262.0,-3.0,513.0,622.0,-3.0,869.0,-3.0,1120.0,1253.0,-4.0,-4.0,-4.0
334.0,60.0,153.0,269.0,394.0,524.0,633.0,755.0,-3.0,-4.0,-4.0,-4.0,-4.0,-4.0,-4.0,65.0,159.0,279.0,403.0,529.0,641.0,762.0,-3.0,-4.0,-4.0,-4.0,-4.0,-4.0,-4.0,282.0,765.0,-3.0,-4.0,-4.0,-4.0,-4.0,77.0,168.0,292.0,418.0,539.0,656.0,780.0,-3.0,-4.0,-4.0,-4.0,-4.0,-4.0,-4.0,89.0,183.0,311.0,444.0,561.0,678.0,801.0,-3.0,-4.0,-4.0,-4.0,-4.0,-4.0,-4.0,93.0,187.0,319.0,449.0,566.0,681.0,803.0,-3.0,-4.0,-4.0,-4.0,-4.0,-4.0,-4.0,15.0,110.0,211.0,340.0,468.0,583.0,701.0,-3.0,-4.0,-4.0,-4.0,-4.0,-4.0,-4.0,42.0,138.0,253.0,381.0,505.0,615.0,736.0,-3.0,-4.0,-4.0,-4.0,-4.0,-4.0,-4.0,50.0,145.0,262.0,390.0,513.0,624.0,746.0,-3.0,-4.0,-4.0,-4.0,-4.0,-4.0,-4.0
335.0,60.0,0.0,0.0,394.0,524.0,633.0,753.0,882.0,-4.0,-4.0,-4.0,-4.0,-4.0,-4.0,65.0,0.0,0.0,403.0,529.0,641.0,761.0,885.0,-4.0,-4.0,-4.0,-4.0,-4.0,-4.0,0.0,765.0,889.0,-4.0,-4.0,-4.0,-4.0,77.0,169.0,293.0,418.0,539.0,656.0,780.0,904.0,-4.0,-4.0,-4.0,-4.0,-4.0,-4.0,89.0,183.0,311.0,444.0,561.0,678.0,801.0,923.0,-4.0,-4.0,-4.0,-4.0,-4.0,-4.0,93.0,187.0,319.0,449.0,566.0,681.0,803.0,926.0,-4.0,-4.0,-4.0,-4.0,-4.0,-4.0,15.0,110.0,211.0,341.0,469.0,583.0,701.0,824.0,-4.0,-4.0,-4.0,-4.0,-4.0,-4.0,42.0,138.0,253.0,381.0,505.0,615.0,736.0,862.0,-4.0,-4.0,-4.0,-4.0,-4.0,-4.0,50.0,145.0,262.0,390.0,513.0,624.0,746.0,871.0,-4.0,-4.0,-4.0,-4.0,-4.0,-4.0
336.0,-5.0,153.0,269.0,394.0,524.0,633.0,755.0,882.0,-4.0,-4.0,-4.0,-4.0,-4.0,-4.0,-5.0,159.0,279.0,403.0,529.0,641.0,762.0,885.0,-4.0,-4.0,-4.0,-4.0,-4.0,-4.0,282.0,765.0,889.0,-4.0,-4.0,-4.0,-4.0,-5.0,168.0,292.0,419.0,540.0,656.0,780.0,904.0,-4.0,-4.0,-4.0,-4.0,-4.0,-4.0,-5.0,183.0,311.0,444.0,561.0,678.0,801.0,923.0,-4.0,-4.0,-4.0,-4.0,-4.0,-4.0,-5.0,187.0,319.0,449.0,566.0,681.0,803.0,926.0,-4.0,-4.0,-4.0,-4.0,-4.0,-4.0,-5.0,111.0,211.0,342.0,470.0,584.0,701.0,825.0,-4.0,-4.0,-4.0,-4.0,-4.0,-4.0,-5.0,138.0,253.0,381.0,505.0,615.0,736.0,862.0,-4.0,-4.0,-4.0,-4.0,-4.0,-4.0,-5.0,145.0,262.0,390.0,513.0,624.0,746.0,871.0,-4.0,-4.0,-4.0,-4.0,-4.0,-4.0
337.0,60.0,153.0,269.0,397.0,-5.0,0.0,753.0,0.0,-4.0,-4.0,-4.0,-4.0,-4.0,-4.0,65.0,159.0,279.0,403.0,-5.0,0.0,761.0,0.0,-4.0,-4.0,-4.0,-4.0,-4.0,-4.0,282.0,765.0,0.0,-4.0,-4.0,-4.0,-4.0,77.0,168.0,294.0,420.0,-5.0,657.0,781.0,0.0,-4.0,-4.0,-4.0,-4.0,-4.0,-4.0,89.0,183.0,311.0,444.0,-5.0,678.0,801.0,0.0,-4.0,-4.0,-4.0,-4.0,-4.0,-4.0,93.0,187.0,319.0,449.0,-5.0,681.0,803.0,0.0,-4.0,-4.0,-4.0,-4.0,-4.0,-4.0,15.0,111.0,212.0,343.0,-5.0,585.0,702.0,826.0,-4.0,-4.0,-4.0,-4.0,-4.0,-4.0,42.0,138.0,253.0,381.0,-5.0,615.0,736.0,862.0,-4.0,-4.0,-4.0,-4.0,-4.0,-4.0,50.0,145.0,262.0,390.0,-5.0,624.0,746.0,871.0,-4.0,-4.0,-4.0,-4.0,-4.0,-4.0
338.0,60.0,153.0,-5.0,394.0,0.0,633.0,752.0,875.0,0.0,0.0,1264.0,-4.0,-4.0,-4.0,65.0,159.0,-5.0,403.0,0.0,641.0,762.0,885.0,0.0,0.0,1273.0,-4.0,-4.0,-4.0,-5.0,765.0,889.0,0.0,0.0,1277.0,-4.0,77.0,168.0,-5.0,420.0,539.0,656.0,772.0,896.0,1026.0,1151.0,1285.0,-4.0,-4.0,-4.0,89.0,183.0,-5.0,444.0,561.0,678.0,799.0,919.0,1055.0,1178.0,1312.0,-4.0,-4.0,-4.0,93.0,187.0,-5.0,449.0,566.0,681.0,803.0,926.0,1060.0,1184.0,1318.0,-4.0,-4.0,-4.0,15.0,111.0,-5.0,343.0,471.0,584.0,695.0,818.0,942.0,1071.0,1202.0,-4.0,-4.0,-4.0,42.0,138.0,-5.0,381.0,506.0,615.0,734.0,859.0,980.0,1113.0,1243.0,-4.0,-4.0,-4.0,50.0,145.0,-5.0,390.0,513.0,624.0,744.0,869.0,992.0,1120.0,1253.0,-4.0,-4.0,-4.0
339.0,60.0,-3.0,0.0,394.0,524.0,629.0,-3.0,882.0,-4.0,-4.0,-4.0,-4.0,-4.0,-4.0,65.0,-3.0,0.0,403.0,529.0,641.0,-3.0,885.0,-4.0,-4.0,-4.0,-4.0,-4.0,-4.0,0.0,-3.0,889.0,-4.0,-4.0,-4.0,-4.0,78.0,-3.0,286.0,421.0,538.0,657.0,-3.0,904.0,-4.0,-4.0,-4.0,-4.0,-4.0,-4.0,89.0,-3.0,311.0,444.0,561.0,678.0,-3.0,923.0,-4.0,-4.0,-4.0,-4.0,-4.0,-4.0,93.0,-3.0,319.0,449.0,566.0,681.0,-3.0,926.0,-4.0,-4.0,-4.0,-4.0,-4.0,-4.0,16.0,-3.0,210.0,340.0,472.0,583.0,-3.0,824.0,-4.0,-4.0,-4.0,-4.0,-4.0,-4.0,43.0,-3.0,253.0,381.0,506.0,615.0,-3.0,862.0,-4.0,-4.0,-4.0,-4.0,-4.0,-4.0,50.0,-3.0,262.0,390.0,513.0,624.0,-3.0,871.0,-4.0,-4.0,-4.0,-4.0,-4.0,-4.0
340.0,56.0,151.0,269.0,-3.0,524.0,629.0,751.0,-3.0,-3.0,-3.0,1259.0,-4.0,-4.0,-4.0,65.0,157.0,279.0,-3.0,529.0,641.0,761.0,-3.0,-3.0,-3.0,1273.0,-4.0,-4.0,-4.0,282.0,765.0,-3.0,-3.0,-3.0,1277.0,-4.0,70.0,170.0,286.0,-3.0,538.0,647.0,766.0,-3.0,-3.0,-3.0,1279.0,-4.0,-4.0,-4.0,89.0,183.0,311.0,-3.0,561.0,675.0,797.0,-3.0,-3.0,-3.0,1312.0,-4.0,-4.0,-4.0,93.0,187.0,319.0,-3.0,566.0,681.0,803.0,-3.0,-3.0,-3.0,1318.0,-4.0,-4.0,-4.0,17.0,112.0,213.0,-3.0,472.0,571.0,688.0,-3.0,-3.0,-3.0,1191.0,-4.0,-4.0,-4.0,39.0,138.0,253.0,-3.0,506.0,609.0,732.0,-3.0,-3.0,-3.0,1240.0,-4.0,-4.0,-4.0,49.0,145.0,262.0,-3.0,513.0,622.0,744.0,-3.0,-3.0,-3.0,1253.0,-4.0,-4.0,-4.0
341.0,60.0,153.0,269.0,394.0,0.0,633.0,755.0,-3.0,-4.0,-4.0,-4.0,-4.0,-4.0,-4.0,65.0,159.0,279.0,403.0,0.0,641.0,762.0,-3.0,-4.0,-4.0,-4.0,-4.0,-4.0,-4.0,282.0,765.0,-3.0,-4.0,-4.0,-4.0,-4.0,77.0,168.0,292.0,418.0,0.0,656.0,780.0,-3.0,-4.0,-4.0,-4.0,-4.0,-4.0,-4.0,89.0,183.0,311.0,444.0,0.0,678.0,801.0,-3.0,-4.0,-4.0,-4.0,-4.0,-4.0,-4.0,93.0,187.0,319.0,449.0,0.0,681.0,803.0,-3.0,-4.0,-4.0,-4.0,-4.0,-4.0,-4.0,15.0,110.0,211.0,341.0,471.0,583.0,701.0,-3.0,-4.0,-4.0,-4.0,-4.0,-4.0,-4.0,42.0,138.0,253.0,381.0,506.0,615.0,736.0,-3.0,-4.0,-4.0,-4.0,-4.0,-4.0,-4.0,50.0,145.0,262.0,390.0,513.0,624.0,746.0,-3.0,-4.0,-4.0,-4.0,-4.0,-4.0,-4.0
342.0,56.0,152.0,-4.0,-4.0,-4.0,-4.0,-4.0,-4.0,-4.0,-4.0,-4.0,-4.0,-4.0,-4.0,65.0,158.0,-4.0,-4.0,-4.0,-4.0,-4.0,-4.0,-4.0,-4.0,-4.0,-4.0,-4.0,-4.0,-4.0,-4.0,-4.0,-4.0,-4.0,-4.0,-4.0,79.0,169.0,-4.0,-4.0,-4.0,-4.0,-4.0,-4.0,-4.0,-4.0,-4.0,-4.0,-4.0,-4.0,90.0,183.0,-4.0,-4.0,-4.0,-4.0,-4.0,-4.0,-4.0,-4.0,-4.0,-4.0,-4.0,-4.0,93.0,187.0,-4.0,-4.0,-4.0,-4.0,-4.0,-4.0,-4.0,-4.0,-4.0,-4.0,-4.0,-4.0,18.0,113.0,-4.0,-4.0,-4.0,-4.0,-4.0,-4.0,-4.0,-4.0,-4.0,-4.0,-4.0,-4.0,39.0,138.0,-4.0,-4.0,-4.0,-4.0,-4.0,-4.0,-4.0,-4.0,-4.0,-4.0,-4.0,-4.0,49.0,145.0,-4.0,-4.0,-4.0,-4.0,-4.0,-4.0,-4.0,-4.0,-4.0,-4.0,-4.0,-4.0
343.0,56.0,153.0,269.0,394.0,0.0,633.0,755.0,882.0,-4.0,-4.0,-4.0,-4.0,-4.0,-4.0,65.0,159.0,279.0,403.0,0.0,641.0,762.0,885.0,-4.0,-4.0,-4.0,-4.0,-4.0,-4.0,282.0,765.0,889.0,-4.0,-4.0,-4.0,-4.0,77.0,168.0,293.0,418.0,0.0,656.0,780.0,904.0,-4.0,-4.0,-4.0,-4.0,-4.0,-4.0,89.0,183.0,311.0,444.0,0.0,678.0,801.0,923.0,-4.0,-4.0,-4.0,-4.0,-4.0,-4.0,93.0,187.0,319.0,449.0,0.0,681.0,803.0,926.0,-4.0,-4.0,-4.0,-4.0,-4.0,-4.0,19.0,111.0,214.0,341.0,469.0,583.0,701.0,825.0,-4.0,-4.0,-4.0,-4.0,-4.0,-4.0,42.0,138.0,253.0,381.0,505.0,615.0,736.0,862.0,-4.0,-4.0,-4.0,-4.0,-4.0,-4.0,50.0,145.0,262.0,390.0,513.0,624.0,746.0,871.0,-4.0,-4.0,-4.0,-4.0,-4.0,-4.0
344.0,60.0,153.0,269.0,394.0,524.0,633.0,755.0,882.0,-4.0,-4.0,-4.0,-4.0,-4.0,-4.0,65.0,159.0,279.0,403.0,529.0,641.0,762.0,885.0,-4.0,-4.0,-4.0,-4.0,-4.0,-4.0,282.0,765.0,889.0,-4.0,-4.0,-4.0,-4.0,77.0,169.0,293.0,418.0,540.0,656.0,780.0,904.0,-4.0,-4.0,-4.0,-4.0,-4.0,-4.0,89.0,183.0,311.0,444.0,561.0,678.0,801.0,923.0,-4.0,-4.0,-4.0,-4.0,-4.0,-4.0,93.0,187.0,319.0,449.0,566.0,681.0,803.0,926.0,-4.0,-4.0,-4.0,-4.0,-4.0,-4.0,15.0,111.0,211.0,341.0,469.0,583.0,701.0,825.0,-4.0,-4.0,-4.0,-4.0,-4.0,-4.0,42.0,138.0,253.0,381.0,505.0,615.0,736.0,862.0,-4.0,-4.0,-4.0,-4.0,-4.0,-4.0,50.0,145.0,262.0,390.0,513.0,624.0,746.0,871.0,-4.0,-4.0,-4.0,-4.0,-4.0,-4.0
345.0,60.0,153.0,269.0,394.0,524.0,633.0,753.0,882.0,-4.0,-4.0,-4.0,-4.0,-4.0,-4.0,65.0,159.0,279.0,403.0,529.0,641.0,761.0,885.0,-4.0,-4.0,-4.0,-4.0,-4.0,-4.0,282.0,765.0,889.0,-4.0,-4.0,-4.0,-4.0,77.0,169.0,293.0,419.0,541.0,656.0,780.0,904.0,-4.0,-4.0,-4.0,-4.0,-4.0,-4.0,89.0,183.0,311.0,444.0,561.0,678.0,801.0,923.0,-4.0,-4.0,-4.0,-4.0,-4.0,-4.0,93.0,187.0,319.0,449.0,566.0,681.0,803.0,926.0,-4.0,-4.0,-4.0,-4.0,-4.0,-4.0,15.0,111.0,214.0,342.0,470.0,584.0,701.0,825.0,-4.0,-4.0,-4.0,-4.0,-4.0,-4.0,42.0,138.0,253.0,381.0,505.0,615.0,736.0,862.0,-4.0,-4.0,-4.0,-4.0,-4.0,-4.0,50.0,145.0,262.0,390.0,513.0,624.0,746.0,871.0,-4.0,-4.0,-4.0,-4.0,-4.0,-4.0
346.0,59.0,-3.0,269.0,394.0,524.0,-4.0,-4.0,-4.0,-4.0,-4.0,-4.0,-4.0,-4.0,-4.0,65.0,-3.0,279.0,403.0,529.0,-4.0,-4.0,-4.0,-4.0,-4.0,-4.0,-4.0,-4.0,-4.0,282.0,-4.0,-4.0,-4.0,-4.0,-4.0,-4.0,70.0,-3.0,286.0,421.0,538.0,-4.0,-4.0,-4.0,-4.0,-4.0,-4.0,-4.0,-4.0,-4.0,89.0,-3.0,311.0,444.0,561.0,-4.0,-4.0,-4.0,-4.0,-4.0,-4.0,-4.0,-4.0,-4.0,93.0,-3.0,319.0,449.0,566.0,-4.0,-4.0,-4.0,-4.0,-4.0,-4.0,-4.0,-4.0,-4.0,17.0,-3.0,213.0,340.0,472.0,-4.0,-4.0,-4.0,-4.0,-4.0,-4.0,-4.0,-4.0,-4.0,39.0,-3.0,253.0,381.0,506.0,-4.0,-4.0,-4.0,-4.0,-4.0,-4.0,-4.0,-4.0,-4.0,49.0,-3.0,262.0,390.0,513.0,-4.0,-4.0,-4.0,-4.0,-4.0,-4.0,-4.0,-4.0,-4.0
347.0,60.0,153.0,269.0,-3.0,524.0,633.0,755.0,882.0,-4.0,-4.0,-4.0,-4.0,-4.0,-4.0,65.0,159.0,279.0,-3.0,529.0,641.0,762.0,885.0,-4.0,-4.0,-4.0,-4.0,-4.0,-4.0,282.0,765.0,889.0,-4.0,-4.0,-4.0,-4.0,77.0,169.0,293.0,-3.0,540.0,656.0,780.0,904.0,-4.0,-4.0,-4.0,-4.0,-4.0,-4.0,89.0,183.0,311.0,-3.0,561.0,678.0,801.0,923.0,-4.0,-4.0,-4.0,-4.0,-4.0,-4.0,93.0,187.0,319.0,-3.0,566.0,681.0,803.0,926.0,-4.0,-4.0,-4.0,-4.0,-4.0,-4.0,15.0,111.0,211.0,-3.0,469.0,583.0,701.0,825.0,-4.0,-4.0,-4.0,-4.0,-4.0,-4.0,42.0,138.0,253.0,-3.0,505.0,615.0,736.0,862.0,-4.0,-4.0,-4.0,-4.0,-4.0,-4.0,50.0,145.0,262.0,-3.0,513.0,624.0,746.0,871.0,-4.0,-4.0,-4.0,-4.0,-4.0,-4.0
348.0,60.0,153.0,269.0,394.0,524.0,633.0,755.0,882.0,-4.0,-4.0,-4.0,-4.0,-4.0,-4.0,65.0,159.0,279.0,403.0,529.0,641.0,762.0,885.0,-4.0,-4.0,-4.0,-4.0,-4.0,-4.0,282.0,765.0,889.0,-4.0,-4.0,-4.0,-4.0,77.0,169.0,293.0,419.0,541.0,656.0,780.0,904.0,-4.0,-4.0,-4.0,-4.0,-4.0,-4.0,89.0,183.0,311.0,444.0,561.0,678.0,801.0,923.0,-4.0,-4.0,-4.0,-4.0,-4.0,-4.0,93.0,187.0,319.0,449.0,566.0,681.0,803.0,926.0,-4.0,-4.0,-4.0,-4.0,-4.0,-4.0,15.0,111.0,214.0,342.0,473.0,584.0,701.0,826.0,-4.0,-4.0,-4.0,-4.0,-4.0,-4.0,42.0,138.0,253.0,381.0,505.0,615.0,736.0,862.0,-4.0,-4.0,-4.0,-4.0,-4.0,-4.0,50.0,145.0,262.0,390.0,513.0,624.0,746.0,871.0,-4.0,-4.0,-4.0,-4.0,-4.0,-4.0
349.0,60.0,153.0,269.0,394.0,524.0,633.0,755.0,-3.0,-4.0,-4.0,-4.0,-4.0,-4.0,-4.0,65.0,159.0,279.0,403.0,529.0,641.0,762.0,-3.0,-4.0,-4.0,-4.0,-4.0,-4.0,-4.0,282.0,765.0,-3.0,-4.0,-4.0,-4.0,-4.0,77.0,168.0,292.0,418.0,539.0,656.0,780.0,-3.0,-4.0,-4.0,-4.0,-4.0,-4.0,-4.0,89.0,183.0,311.0,444.0,561.0,678.0,801.0,-3.0,-4.0,-4.0,-4.0,-4.0,-4.0,-4.0,93.0,187.0,319.0,449.0,566.0,681.0,803.0,-3.0,-4.0,-4.0,-4.0,-4.0,-4.0,-4.0,15.0,110.0,211.0,341.0,469.0,583.0,701.0,-3.0,-4.0,-4.0,-4.0,-4.0,-4.0,-4.0,42.0,138.0,253.0,381.0,505.0,615.0,736.0,-3.0,-4.0,-4.0,-4.0,-4.0,-4.0,-4.0,50.0,145.0,262.0,390.0,513.0,624.0,746.0,-3.0,-4.0,-4.0,-4.0,-4.0,-4.0,-4.0
350.0,60.0,-3.0,0.0,394.0,524.0,633.0,-3.0,882.0,-4.0,-4.0,-4.0,-4.0,-4.0,-4.0,65.0,-3.0,0.0,403.0,529.0,641.0,-3.0,885.0,-4.0,-4.0,-4.0,-4.0,-4.0,-4.0,0.0,-3.0,889.0,-4.0,-4.0,-4.0,-4.0,77.0,-3.0,293.0,419.0,541.0,656.0,-3.0,904.0,-4.0,-4.0,-4.0,-4.0,-4.0,-4.0,89.0,-3.0,311.0,444.0,561.0,678.0,-3.0,923.0,-4.0,-4.0,-4.0,-4.0,-4.0,-4.0,93.0,-3.0,319.0,449.0,566.0,681.0,-3.0,926.0,-4.0,-4.0,-4.0,-4.0,-4.0,-4.0,15.0,-3.0,214.0,342.0,470.0,584.0,-3.0,825.0,-4.0,-4.0,-4.0,-4.0,-4.0,-4.0,42.0,-3.0,253.0,381.0,505.0,615.0,-3.0,862.0,-4.0,-4.0,-4.0,-4.0,-4.0,-4.0,50.0,-3.0,262.0,390.0,513.0,624.0,-3.0,871.0,-4.0,-4.0,-4.0,-4.0,-4.0,-4.0
351.0,59.0,-3.0,269.0,-3.0,0.0,-4.0,-4.0,-4.0,-4.0,-4.0,-4.0,-4.0,-4.0,-4.0,65.0,-3.0,279.0,-3.0,0.0,-4.0,-4.0,-4.0,-4.0,-4.0,-4.0,-4.0,-4.0,-4.0,282.0,-4.0,-4.0,-4.0,-4.0,-4.0,-4.0,70.0,-3.0,286.0,-3.0,0.0,-4.0,-4.0,-4.0,-4.0,-4.0,-4.0,-4.0,-4.0,-4.0,89.0,-3.0,311.0,-3.0,0.0,-4.0,-4.0,-4.0,-4.0,-4.0,-4.0,-4.0,-4.0,-4.0,93.0,-3.0,319.0,-3.0,0.0,-4.0,-4.0,-4.0,-4.0,-4.0,-4.0,-4.0,-4.0,-4.0,18.0,-3.0,213.0,-3.0,472.0,-4.0,-4.0,-4.0,-4.0,-4.0,-4.0,-4.0,-4.0,-4.0,39.0,-3.0,253.0,-3.0,506.0,-4.0,-4.0,-4.0,-4.0,-4.0,-4.0,-4.0,-4.0,-4.0,49.0,-3.0,262.0,-3.0,513.0,-4.0,-4.0,-4.0,-4.0,-4.0,-4.0,-4.0,-4.0,-4.0
352.0,59.0,154.0,271.0,397.0,-5.0,634.0,755.0,882.0,-4.0,-4.0,-4.0,-4.0,-4.0,-4.0,65.0,158.0,279.0,403.0,-5.0,641.0,762.0,885.0,-4.0,-4.0,-4.0,-4.0,-4.0,-4.0,282.0,765.0,889.0,-4.0,-4.0,-4.0,-4.0,80.0,171.0,295.0,420.0,-5.0,657.0,782.0,904.0,-4.0,-4.0,-4.0,-4.0,-4.0,-4.0,91.0,184.0,314.0,444.0,-5.0,678.0,801.0,923.0,-4.0,-4.0,-4.0,-4.0,-4.0,-4.0,93.0,187.0,319.0,449.0,-5.0,681.0,803.0,926.0,-4.0,-4.0,-4.0,-4.0,-4.0,-4.0,20.0,114.0,212.0,343.0,-5.0,585.0,702.0,826.0,-4.0,-4.0,-4.0,-4.0,-4.0,-4.0,43.0,139.0,253.0,381.0,-5.0,615.0,736.0,862.0,-4.0,-4.0,-4.0,-4.0,-4.0,-4.0,50.0,145.0,262.0,390.0,-5.0,624.0,746.0,871.0,-4.0,-4.0,-4.0,-4.0,-4.0,-4.0
353.0,59.0,152.0,272.0,394.0,523.0,629.0,753.0,0.0,-4.0,-4.0,-4.0,-4.0,-4.0,-4.0,65.0,158.0,280.0,403.0,529.0,641.0,761.0,0.0,-4.0,-4.0,-4.0,-4.0,-4.0,-4.0,282.0,765.0,0.0,-4.0,-4.0,-4.0,-4.0,77.0,170.0,294.0,418.0,539.0,656.0,775.0,0.0,-4.0,-4.0,-4.0,-4.0,-4.0,-4.0,89.0,183.0,311.0,444.0,561.0,678.0,800.0,0.0,-4.0,-4.0,-4.0,-4.0,-4.0,-4.0,93.0,187.0,319.0,449.0,566.0,681.0,803.0,0.0,-4.0,-4.0,-4.0,-4.0,-4.0,-4.0,18.0,113.0,214.0,341.0,468.0,583.0,702.0,824.0,-4.0,-4.0,-4.0,-4.0,-4.0,-4.0,39.0,138.0,253.0,381.0,505.0,615.0,736.0,862.0,-4.0,-4.0,-4.0,-4.0,-4.0,-4.0,49.0,145.0,262.0,390.0,513.0,624.0,746.0,871.0,-4.0,-4.0,-4.0,-4.0,-4.0,-4.0
354.0,59.0,153.0,269.0,-3.0,521.0,-4.0,-4.0,-4.0,-4.0,-4.0,-4.0,-4.0,-4.0,-4.0,65.0,159.0,279.0,-3.0,529.0,-4.0,-4.0,-4.0,-4.0,-4.0,-4.0,-4.0,-4.0,-4.0,282.0,-4.0,-4.0,-4.0,-4.0,-4.0,-4.0,77.0,168.0,293.0,-3.0,542.0,-4.0,-4.0,-4.0,-4.0,-4.0,-4.0,-4.0,-4.0,-4.0,89.0,183.0,311.0,-3.0,561.0,-4.0,-4.0,-4.0,-4.0,-4.0,-4.0,-4.0,-4.0,-4.0,93.0,187.0,319.0,-3.0,566.0,-4.0,-4.0,-4.0,-4.0,-4.0,-4.0,-4.0,-4.0,-4.0,15.0,113.0,214.0,-3.0,473.0,-4.0,-4.0,-4.0,-4.0,-4.0,-4.0,-4.0,-4.0,-4.0,42.0,138.0,253.0,-3.0,505.0,-4.0,-4.0,-4.0,-4.0,-4.0,-4.0,-4.0,-4.0,-4.0,50.0,145.0,262.0,-3.0,513.0,-4.0,-4.0,-4.0,-4.0,-4.0,-4.0,-4.0,-4.0,-4.0
355.0,56.0,151.0,269.0,394.0,524.0,633.0,755.0,-5.0,-4.0,-4.0,-4.0,-4.0,-4.0,-4.0,65.0,157.0,279.0,403.0,529.0,641.0,762.0,-5.0,-4.0,-4.0,-4.0,-4.0,-4.0,-4.0,282.0,765.0,-5.0,-4.0,-4.0,-4.0,-4.0,78.0,170.0,292.0,418.0,539.0,656.0,780.0,-5.0,-4.0,-4.0,-4.0,-4.0,-4.0,-4.0,89.0,183.0,311.0,444.0,561.0,678.0,801.0,-5.0,-4.0,-4.0,-4.0,-4.0,-4.0,-4.0,93.0,187.0,319.0,449.0,566.0,681.0,803.0,-5.0,-4.0,-4.0,-4.0,-4.0,-4.0,-4.0,19.0,112.0,211.0,341.0,469.0,583.0,701.0,-5.0,-4.0,-4.0,-4.0,-4.0,-4.0,-4.0,42.0,138.0,253.0,381.0,505.0,615.0,736.0,-5.0,-4.0,-4.0,-4.0,-4.0,-4.0,-4.0,50.0,145.0,262.0,390.0,513.0,624.0,746.0,-5.0,-4.0,-4.0,-4.0,-4.0,-4.0,-4.0
356.0,59.0,152.0,272.0,399.0,523.0,0.0,0.0,0.0,-3.0,1126.0,1259.0,-4.0,-4.0,-4.0,65.0,158.0,280.0,403.0,529.0,0.0,0.0,0.0,-3.0,1141.0,1273.0,-4.0,-4.0,-4.0,282.0,0.0,0.0,-3.0,1145.0,1277.0,-4.0,78.0,170.0,286.0,421.0,539.0,647.0,766.0,891.0,-3.0,1150.0,1279.0,-4.0,-4.0,-4.0,89.0,183.0,311.0,444.0,561.0,675.0,797.0,919.0,-3.0,1178.0,1312.0,-4.0,-4.0,-4.0,93.0,187.0,319.0,449.0,566.0,681.0,803.0,926.0,-3.0,1184.0,1318.0,-4.0,-4.0,-4.0,18.0,112.0,213.0,340.0,472.0,571.0,684.0,810.0,-3.0,1067.0,1191.0,-4.0,-4.0,-4.0,39.0,138.0,253.0,381.0,506.0,609.0,732.0,856.0,-3.0,1108.0,1240.0,-4.0,-4.0,-4.0,49.0,145.0,262.0,390.0,513.0,622.0,744.0,869.0,-3.0,1120.0,1253.0,-4.0,-4.0,-4.0
357.0,56.0,151.0,269.0,394.0,524.0,629.0,751.0,875.0,1000.0,0.0,-3.0,-4.0,-4.0,-4.0,65.0,157.0,279.0,403.0,529.0,641.0,761.0,885.0,1013.0,0.0,-3.0,-4.0,-4.0,-4.0,282.0,765.0,889.0,1017.0,0.0,-3.0,-4.0,78.0,170.0,286.0,421.0,538.0,647.0,766.0,891.0,1021.0,0.0,-3.0,-4.0,-4.0,-4.0,89.0,183.0,311.0,444.0,561.0,675.0,797.0,919.0,1051.0,0.0,-3.0,-4.0,-4.0,-4.0,93.0,187.0,319.0,449.0,566.0,681.0,803.0,926.0,1060.0,0.0,-3.0,-4.0,-4.0,-4.0,3.0,112.0,210.0,340.0,468.0,571.0,688.0,810.0,931.0,1067.0,-3.0,-4.0,-4.0,-4.0,39.0,138.0,253.0,381.0,505.0,609.0,732.0,856.0,977.0,1108.0,-3.0,-4.0,-4.0,-4.0,49.0,145.0,262.0,390.0,513.0,622.0,744.0,869.0,992.0,1120.0,-3.0,-4.0,-4.0,-4.0
358.0,60.0,153.0,-4.0,-4.0,-4.0,-4.0,-4.0,-4.0,-4.0,-4.0,-4.0,-4.0,-4.0,-4.0,65.0,159.0,-4.0,-4.0,-4.0,-4.0,-4.0,-4.0,-4.0,-4.0,-4.0,-4.0,-4.0,-4.0,-4.0,-4.0,-4.0,-4.0,-4.0,-4.0,-4.0,78.0,170.0,-4.0,-4.0,-4.0,-4.0,-4.0,-4.0,-4.0,-4.0,-4.0,-4.0,-4.0,-4.0,89.0,183.0,-4.0,-4.0,-4.0,-4.0,-4.0,-4.0,-4.0,-4.0,-4.0,-4.0,-4.0,-4.0,93.0,187.0,-4.0,-4.0,-4.0,-4.0,-4.0,-4.0,-4.0,-4.0,-4.0,-4.0,-4.0,-4.0,19.0,110.0,-4.0,-4.0,-4.0,-4.0,-4.0,-4.0,-4.0,-4.0,-4.0,-4.0,-4.0,-4.0,42.0,138.0,-4.0,-4.0,-4.0,-4.0,-4.0,-4.0,-4.0,-4.0,-4.0,-4.0,-4.0,-4.0,50.0,145.0,-4.0,-4.0,-4.0,-4.0,-4.0,-4.0,-4.0,-4.0,-4.0,-4.0,-4.0,-4.0
359.0,60.0,153.0,269.0,394.0,524.0,633.0,755.0,882.0,-4.0,-4.0,-4.0,-4.0,-4.0,-4.0,65.0,159.0,279.0,403.0,529.0,641.0,762.0,885.0,-4.0,-4.0,-4.0,-4.0,-4.0,-4.0,282.0,765.0,889.0,-4.0,-4.0,-4.0,-4.0,77.0,168.0,293.0,419.0,541.0,656.0,780.0,904.0,-4.0,-4.0,-4.0,-4.0,-4.0,-4.0,89.0,183.0,311.0,444.0,561.0,678.0,801.0,923.0,-4.0,-4.0,-4.0,-4.0,-4.0,-4.0,93.0,187.0,319.0,449.0,566.0,681.0,803.0,926.0,-4.0,-4.0,-4.0,-4.0,-4.0,-4.0,15.0,111.0,214.0,342.0,470.0,584.0,701.0,825.0,-4.0,-4.0,-4.0,-4.0,-4.0,-4.0,42.0,138.0,253.0,381.0,505.0,615.0,736.0,862.0,-4.0,-4.0,-4.0,-4.0,-4.0,-4.0,50.0,145.0,262.0,390.0,513.0,624.0,746.0,871.0,-4.0,-4.0,-4.0,-4.0,-4.0,-4.0
360.0,60.0,153.0,273.0,397.0,524.0,0.0,753.0,0.0,-4.0,-4.0,-4.0,-4.0,-4.0,-4.0,65.0,159.0,280.0,403.0,529.0,0.0,761.0,0.0,-4.0,-4.0,-4.0,-4.0,-4.0,-4.0,282.0,765.0,0.0,-4.0,-4.0,-4.0,-4.0,77.0,169.0,296.0,421.0,541.0,657.0,782.0,904.0,-4.0,-4.0,-4.0,-4.0,-4.0,-4.0,89.0,183.0,315.0,444.0,561.0,678.0,801.0,923.0,-4.0,-4.0,-4.0,-4.0,-4.0,-4.0,93.0,187.0,319.0,449.0,566.0,681.0,803.0,926.0,-4.0,-4.0,-4.0,-4.0,-4.0,-4.0,15.0,113.0,212.0,343.0,471.0,585.0,702.0,826.0,-4.0,-4.0,-4.0,-4.0,-4.0,-4.0,42.0,138.0,253.0,381.0,506.0,615.0,736.0,862.0,-4.0,-4.0,-4.0,-4.0,-4.0,-4.0,50.0,145.0,262.0,390.0,513.0,624.0,746.0,871.0,-4.0,-4.0,-4.0,-4.0,-4.0,-4.0
361.0,60.0,153.0,269.0,394.0,-5.0,633.0,755.0,882.0,-4.0,-4.0,-4.0,-4.0,-4.0,-4.0,65.0,159.0,279.0,403.0,-5.0,641.0,762.0,885.0,-4.0,-4.0,-4.0,-4.0,-4.0,-4.0,282.0,765.0,889.0,-4.0,-4.0,-4.0,-4.0,77.0,169.0,293.0,418.0,-5.0,656.0,780.0,904.0,-4.0,-4.0,-4.0,-4.0,-4.0,-4.0,89.0,183.0,311.0,444.0,-5.0,678.0,801.0,923.0,-4.0,-4.0,-4.0,-4.0,-4.0,-4.0,93.0,187.0,319.0,449.0,-5.0,681.0,803.0,926.0,-4.0,-4.0,-4.0,-4.0,-4.0,-4.0,15.0,110.0,210.0,341.0,-5.0,583.0,701.0,824.0,-4.0,-4.0,-4.0,-4.0,-4.0,-4.0,42.0,138.0,253.0,381.0,-5.0,615.0,736.0,862.0,-4.0,-4.0,-4.0,-4.0,-4.0,-4.0,50.0,145.0,262.0,390.0,-5.0,624.0,746.0,871.0,-4.0,-4.0,-4.0,-4.0,-4.0,-4.0
362.0,60.0,153.0,269.0,0.0,524.0,633.0,755.0,882.0,-4.0,-4.0,-4.0,-4.0,-4.0,-4.0,65.0,159.0,279.0,0.0,529.0,641.0,762.0,885.0,-4.0,-4.0,-4.0,-4.0,-4.0,-4.0,282.0,765.0,889.0,-4.0,-4.0,-4.0,-4.0,77.0,168.0,293.0,0.0,541.0,656.0,780.0,904.0,-4.0,-4.0,-4.0,-4.0,-4.0,-4.0,89.0,183.0,311.0,0.0,561.0,678.0,801.0,923.0,-4.0,-4.0,-4.0,-4.0,-4.0,-4.0,93.0,187.0,319.0,0.0,566.0,681.0,803.0,926.0,-4.0,-4.0,-4.0,-4.0,-4.0,-4.0,15.0,113.0,214.0,342.0,473.0,584.0,701.0,825.0,-4.0,-4.0,-4.0,-4.0,-4.0,-4.0,42.0,138.0,253.0,381.0,505.0,615.0,736.0,862.0,-4.0,-4.0,-4.0,-4.0,-4.0,-4.0,50.0,145.0,262.0,390.0,513.0,624.0,746.0,871.0,-4.0,-4.0,-4.0,-4.0,-4.0,-4.0
363.0,-3.0,0.0,269.0,394.0,524.0,629.0,755.0,0.0,-4.0,-4.0,-4.0,-4.0,-4.0,-4.0,-3.0,0.0,279.0,403.0,529.0,641.0,762.0,0.0,-4.0,-4.0,-4.0,-4.0,-4.0,-4.0,282.0,765.0,0.0,-4.0,-4.0,-4.0,-4.0,-3.0,169.0,293.0,419.0,542.0,657.0,781.0,0.0,-4.0,-4.0,-4.0,-4.0,-4.0,-4.0,-3.0,183.0,311.0,444.0,561.0,678.0,801.0,0.0,-4.0,-4.0,-4.0,-4.0,-4.0,-4.0,-3.0,187.0,319.0,449.0,566.0,681.0,803.0,0.0,-4.0,-4.0,-4.0,-4.0,-4.0,-4.0,-3.0,113.0,214.0,342.0,473.0,585.0,702.0,826.0,-4.0,-4.0,-4.0,-4.0,-4.0,-4.0,-3.0,138.0,253.0,381.0,505.0,615.0,736.0,862.0,-4.0,-4.0,-4.0,-4.0,-4.0,-4.0,-3.0,145.0,262.0,390.0,513.0,624.0,746.0,871.0,-4.0,-4.0,-4.0,-4.0,-4.0,-4.0
364.0,59.0,154.0,271.0,-5.0,-5.0,634.0,755.0,882.0,-4.0,-4.0,-4.0,-4.0,-4.0,-4.0,65.0,158.0,279.0,-5.0,-5.0,641.0,762.0,885.0,-4.0,-4.0,-4.0,-4.0,-4.0,-4.0,282.0,765.0,889.0,-4.0,-4.0,-4.0,-4.0,80.0,171.0,295.0,-5.0,-5.0,657.0,782.0,904.0,-4.0,-4.0,-4.0,-4.0,-4.0,-4.0,91.0,184.0,314.0,-5.0,-5.0,678.0,801.0,923.0,-4.0,-4.0,-4.0,-4.0,-4.0,-4.0,93.0,187.0,319.0,-5.0,-5.0,681.0,803.0,926.0,-4.0,-4.0,-4.0,-4.0,-4.0,-4.0,20.0,114.0,215.0,-5.0,-5.0,585.0,702.0,826.0,-4.0,-4.0,-4.0,-4.0,-4.0,-4.0,43.0,139.0,254.0,-5.0,-5.0,615.0,736.0,862.0,-4.0,-4.0,-4.0,-4.0,-4.0,-4.0,50.0,145.0,262.0,-5.0,-5.0,624.0,746.0,871.0,-4.0,-4.0,-4.0,-4.0,-4.0,-4.0
365.0,59.0,154.0,271.0,-5.0,521.0,634.0,755.0,0.0,-4.0,-4.0,-4.0,-4.0,-4.0,-4.0,65.0,158.0,279.0,-5.0,529.0,641.0,762.0,0.0,-4.0,-4.0,-4.0,-4.0,-4.0,-4.0,282.0,765.0,0.0,-4.0,-4.0,-4.0,-4.0,80.0,171.0,295.0,-5.0,543.0,657.0,782.0,905.0,-4.0,-4.0,-4.0,-4.0,-4.0,-4.0,91.0,184.0,314.0,-5.0,562.0,678.0,801.0,923.0,-4.0,-4.0,-4.0,-4.0,-4.0,-4.0,93.0,187.0,319.0,-5.0,566.0,681.0,803.0,926.0,-4.0,-4.0,-4.0,-4.0,-4.0,-4.0,20.0,114.0,215.0,-5.0,473.0,585.0,702.0,826.0,-4.0,-4.0,-4.0,-4.0,-4.0,-4.0,43.0,139.0,254.0,-5.0,505.0,615.0,736.0,862.0,-4.0,-4.0,-4.0,-4.0,-4.0,-4.0,50.0,145.0,262.0,-5.0,513.0,624.0,746.0,871.0,-4.0,-4.0,-4.0,-4.0,-4.0,-4.0
366.0,60.0,153.0,269.0,397.0,524.0,-4.0,-4.0,-4.0,-4.0,-4.0,-4.0,-4.0,-4.0,-4.0,65.0,159.0,279.0,403.0,529.0,-4.0,-4.0,-4.0,-4.0,-4.0,-4.0,-4.0,-4.0,-4.0,282.0,-4.0,-4.0,-4.0,-4.0,-4.0,-4.0,77.0,169.0,292.0,420.0,540.0,-4.0,-4.0,-4.0,-4.0,-4.0,-4.0,-4.0,-4.0,-4.0,89.0,183.0,311.0,444.0,561.0,-4.0,-4.0,-4.0,-4.0,-4.0,-4.0,-4.0,-4.0,-4.0,93.0,187.0,319.0,449.0,566.0,-4.0,-4.0,-4.0,-4.0,-4.0,-4.0,-4.0,-4.0,-4.0,15.0,113.0,214.0,343.0,471.0,-4.0,-4.0,-4.0,-4.0,-4.0,-4.0,-4.0,-4.0,-4.0,42.0,138.0,253.0,381.0,506.0,-4.0,-4.0,-4.0,-4.0,-4.0,-4.0,-4.0,-4.0,-4.0,50.0,145.0,262.0,390.0,513.0,-4.0,-4.0,-4.0,-4.0,-4.0,-4.0,-4.0,-4.0,-4.0
367.0,56.0,153.0,269.0,394.0,524.0,0.0,755.0,875.0,-4.0,-4.0,-4.0,-4.0,-4.0,-4.0,65.0,159.0,279.0,403.0,529.0,0.0,762.0,885.0,-4.0,-4.0,-4.0,-4.0,-4.0,-4.0,282.0,765.0,889.0,-4.0,-4.0,-4.0,-4.0,70.0,169.0,293.0,418.0,539.0,656.0,780.0,904.0,-4.0,-4.0,-4.0,-4.0,-4.0,-4.0,89.0,183.0,311.0,444.0,561.0,678.0,801.0,923.0,-4.0,-4.0,-4.0,-4.0,-4.0,-4.0,93.0,187.0,319.0,449.0,566.0,681.0,803.0,926.0,-4.0,-4.0,-4.0,-4.0,-4.0,-4.0,19.0,110.0,210.0,341.0,469.0,583.0,701.0,824.0,-4.0,-4.0,-4.0,-4.0,-4.0,-4.0,42.0,138.0,253.0,381.0,505.0,615.0,736.0,862.0,-4.0,-4.0,-4.0,-4.0,-4.0,-4.0,50.0,145.0,262.0,390.0,513.0,624.0,746.0,871.0,-4.0,-4.0,-4.0,-4.0,-4.0,-4.0
368.0,56.0,151.0,269.0,394.0,0.0,0.0,753.0,0.0,-4.0,-4.0,-4.0,-4.0,-4.0,-4.0,65.0,157.0,279.0,403.0,0.0,0.0,761.0,0.0,-4.0,-4.0,-4.0,-4.0,-4.0,-4.0,282.0,765.0,0.0,-4.0,-4.0,-4.0,-4.0,70.0,170.0,286.0,406.0,0.0,644.0,770.0,891.0,-4.0,-4.0,-4.0,-4.0,-4.0,-4.0,89.0,183.0,311.0,440.0,0.0,675.0,797.0,919.0,-4.0,-4.0,-4.0,-4.0,-4.0,-4.0,93.0,187.0,319.0,448.0,0.0,681.0,803.0,926.0,-4.0,-4.0,-4.0,-4.0,-4.0,-4.0,3.0,112.0,191.0,324.0,452.0,568.0,687.0,806.0,-4.0,-4.0,-4.0,-4.0,-4.0,-4.0,39.0,138.0,248.0,375.0,499.0,609.0,732.0,856.0,-4.0,-4.0,-4.0,-4.0,-4.0,-4.0,49.0,145.0,260.0,388.0,511.0,622.0,744.0,869.0,-4.0,-4.0,-4.0,-4.0,-4.0,-4.0
369.0,-3.0,-3.0,-4.0,-4.0,-4.0,-4.0,-4.0,-4.0,-4.0,-4.0,-4.0,-4.0,-4.0,-4.0,-3.0,-3.0,-4.0,-4.0,-4.0,-4.0,-4.0,-4.0,-4.0,-4.0,-4.0,-4.0,-4.0,-4.0,-4.0,-4.0,-4.0,-4.0,-4.0,-4.0,-4.0,-3.0,-3.0,-4.0,-4.0,-4.0,-4.0,-4.0,-4.0,-4.0,-4.0,-4.0,-4.0,-4.0,-4.0,-3.0,-3.0,-4.0,-4.0,-4.0,-4.0,-4.0,-4.0,-4.0,-4.0,-4.0,-4.0,-4.0,-4.0,-3.0,-3.0,-4.0,-4.0,-4.0,-4.0,-4.0,-4.0,-4.0,-4.0,-4.0,-4.0,-4.0,-4.0,-3.0,-3.0,-4.0,-4.0,-4.0,-4.0,-4.0,-4.0,-4.0,-4.0,-4.0,-4.0,-4.0,-4.0,-3.0,-3.0,-4.0,-4.0,-4.0,-4.0,-4.0,-4.0,-4.0,-4.0,-4.0,-4.0,-4.0,-4.0,-3.0,-3.0,-4.0,-4.0,-4.0,-4.0,-4.0,-4.0,-4.0,-4.0,-4.0,-4.0,-4.0,-4.0
370.0,56.0,151.0,-5.0,394.0,524.0,633.0,-5.0,882.0,-4.0,-4.0,-4.0,-4.0,-4.0,-4.0,65.0,157.0,-5.0,403.0,529.0,641.0,-5.0,885.0,-4.0,-4.0,-4.0,-4.0,-4.0,-4.0,-5.0,-5.0,889.0,-4.0,-4.0,-4.0,-4.0,78.0,168.0,-5.0,418.0,540.0,656.0,-5.0,904.0,-4.0,-4.0,-4.0,-4.0,-4.0,-4.0,89.0,183.0,-5.0,444.0,561.0,678.0,-5.0,923.0,-4.0,-4.0,-4.0,-4.0,-4.0,-4.0,93.0,187.0,-5.0,449.0,566.0,681.0,-5.0,926.0,-4.0,-4.0,-4.0,-4.0,-4.0,-4.0,19.0,110.0,-5.0,341.0,469.0,583.0,-5.0,825.0,-4.0,-4.0,-4.0,-4.0,-4.0,-4.0,42.0,138.0,-5.0,381.0,505.0,615.0,-5.0,862.0,-4.0,-4.0,-4.0,-4.0,-4.0,-4.0,50.0,145.0,-5.0,390.0,513.0,624.0,-5.0,871.0,-4.0,-4.0,-4.0,-4.0,-4.0,-4.0
371.0,56.0,153.0,269.0,-3.0,0.0,-4.0,-4.0,-4.0,-4.0,-4.0,-4.0,-4.0,-4.0,-4.0,65.0,159.0,279.0,-3.0,0.0,-4.0,-4.0,-4.0,-4.0,-4.0,-4.0,-4.0,-4.0,-4.0,282.0,-4.0,-4.0,-4.0,-4.0,-4.0,-4.0,79.0,170.0,286.0,-3.0,0.0,-4.0,-4.0,-4.0,-4.0,-4.0,-4.0,-4.0,-4.0,-4.0,90.0,183.0,311.0,-3.0,0.0,-4.0,-4.0,-4.0,-4.0,-4.0,-4.0,-4.0,-4.0,-4.0,93.0,187.0,319.0,-3.0,0.0,-4.0,-4.0,-4.0,-4.0,-4.0,-4.0,-4.0,-4.0,-4.0,17.0,110.0,210.0,-3.0,469.0,-4.0,-4.0,-4.0,-4.0,-4.0,-4.0,-4.0,-4.0,-4.0,39.0,138.0,253.0,-3.0,505.0,-4.0,-4.0,-4.0,-4.0,-4.0,-4.0,-4.0,-4.0,-4.0,49.0,145.0,262.0,-3.0,513.0,-4.0,-4.0,-4.0,-4.0,-4.0,-4.0,-4.0,-4.0,-4.0
372.0,56.0,153.0,269.0,394.0,524.0,629.0,755.0,0.0,-4.0,-4.0,-4.0,-4.0,-4.0,-4.0,65.0,159.0,279.0,403.0,529.0,641.0,762.0,0.0,-4.0,-4.0,-4.0,-4.0,-4.0,-4.0,282.0,765.0,0.0,-4.0,-4.0,-4.0,-4.0,78.0,170.0,294.0,420.0,542.0,657.0,781.0,904.0,-4.0,-4.0,-4.0,-4.0,-4.0,-4.0,89.0,183.0,311.0,444.0,561.0,678.0,801.0,923.0,-4.0,-4.0,-4.0,-4.0,-4.0,-4.0,93.0,187.0,319.0,449.0,566.0,681.0,803.0,926.0,-4.0,-4.0,-4.0,-4.0,-4.0,-4.0,19.0,115.0,212.0,343.0,474.0,585.0,702.0,824.0,-4.0,-4.0,-4.0,-4.0,-4.0,-4.0,42.0,138.0,253.0,381.0,507.0,615.0,736.0,862.0,-4.0,-4.0,-4.0,-4.0,-4.0,-4.0,50.0,145.0,262.0,390.0,513.0,624.0,746.0,871.0,-4.0,-4.0,-4.0,-4.0,-4.0,-4.0
373.0,56.0,152.0,268.0,394.0,520.0,629.0,755.0,882.0,-4.0,-4.0,-4.0,-4.0,-4.0,-4.0,65.0,158.0,278.0,403.0,528.0,641.0,762.0,885.0,-4.0,-4.0,-4.0,-4.0,-4.0,-4.0,281.0,765.0,889.0,-4.0,-4.0,-4.0,-4.0,81.0,170.0,293.0,420.0,539.0,657.0,780.0,904.0,-4.0,-4.0,-4.0,-4.0,-4.0,-4.0,91.0,183.0,311.0,444.0,561.0,678.0,801.0,923.0,-4.0,-4.0,-4.0,-4.0,-4.0,-4.0,93.0,187.0,319.0,449.0,566.0,681.0,803.0,926.0,-4.0,-4.0,-4.0,-4.0,-4.0,-4.0,21.0,115.0,210.0,343.0,472.0,585.0,701.0,824.0,-4.0,-4.0,-4.0,-4.0,-4.0,-4.0,43.0,138.0,253.0,381.0,506.0,615.0,736.0,862.0,-4.0,-4.0,-4.0,-4.0,-4.0,-4.0,50.0,145.0,262.0,390.0,513.0,624.0,746.0,871.0,-4.0,-4.0,-4.0,-4.0,-4.0,-4.0
374.0,-3.0,153.0,269.0,394.0,524.0,629.0,0.0,0.0,-4.0,-4.0,-4.0,-4.0,-4.0,-4.0,-3.0,159.0,279.0,403.0,529.0,641.0,0.0,0.0,-4.0,-4.0,-4.0,-4.0,-4.0,-4.0,282.0,0.0,0.0,-4.0,-4.0,-4.0,-4.0,-3.0,170.0,286.0,418.0,539.0,657.0,0.0,0.0,-4.0,-4.0,-4.0,-4.0,-4.0,-4.0,-3.0,183.0,311.0,444.0,561.0,678.0,0.0,0.0,-4.0,-4.0,-4.0,-4.0,-4.0,-4.0,-3.0,187.0,319.0,449.0,566.0,681.0,0.0,0.0,-4.0,-4.0,-4.0,-4.0,-4.0,-4.0,-3.0,115.0,210.0,340.0,468.0,585.0,702.0,824.0,-4.0,-4.0,-4.0,-4.0,-4.0,-4.0,-3.0,138.0,253.0,381.0,505.0,615.0,736.0,862.0,-4.0,-4.0,-4.0,-4.0,-4.0,-4.0,-3.0,145.0,262.0,390.0,513.0,624.0,746.0,871.0,-4.0,-4.0,-4.0,-4.0,-4.0,-4.0
375.0,-3.0,151.0,269.0,394.0,524.0,633.0,755.0,882.0,-4.0,-4.0,-4.0,-4.0,-4.0,-4.0,-3.0,157.0,279.0,403.0,529.0,641.0,762.0,885.0,-4.0,-4.0,-4.0,-4.0,-4.0,-4.0,282.0,765.0,889.0,-4.0,-4.0,-4.0,-4.0,-3.0,170.0,293.0,418.0,539.0,656.0,780.0,904.0,-4.0,-4.0,-4.0,-4.0,-4.0,-4.0,-3.0,183.0,311.0,444.0,561.0,678.0,801.0,923.0,-4.0,-4.0,-4.0,-4.0,-4.0,-4.0,-3.0,187.0,319.0,449.0,566.0,681.0,803.0,926.0,-4.0,-4.0,-4.0,-4.0,-4.0,-4.0,-3.0,110.0,210.0,341.0,468.0,583.0,701.0,824.0,-4.0,-4.0,-4.0,-4.0,-4.0,-4.0,-3.0,138.0,253.0,381.0,505.0,615.0,736.0,862.0,-4.0,-4.0,-4.0,-4.0,-4.0,-4.0,-3.0,145.0,262.0,390.0,513.0,624.0,746.0,871.0,-4.0,-4.0,-4.0,-4.0,-4.0,-4.0
376.0,56.0,-3.0,269.0,394.0,0.0,633.0,755.0,882.0,-4.0,-4.0,-4.0,-4.0,-4.0,-4.0,65.0,-3.0,279.0,403.0,0.0,641.0,762.0,885.0,-4.0,-4.0,-4.0,-4.0,-4.0,-4.0,282.0,765.0,889.0,-4.0,-4.0,-4.0,-4.0,78.0,-3.0,292.0,418.0,0.0,656.0,780.0,904.0,-4.0,-4.0,-4.0,-4.0,-4.0,-4.0,89.0,-3.0,311.0,444.0,0.0,678.0,801.0,923.0,-4.0,-4.0,-4.0,-4.0,-4.0,-4.0,93.0,-3.0,319.0,449.0,0.0,681.0,803.0,926.0,-4.0,-4.0,-4.0,-4.0,-4.0,-4.0,19.0,-3.0,211.0,341.0,469.0,583.0,701.0,824.0,-4.0,-4.0,-4.0,-4.0,-4.0,-4.0,42.0,-3.0,253.0,381.0,505.0,615.0,736.0,862.0,-4.0,-4.0,-4.0,-4.0,-4.0,-4.0,50.0,-3.0,262.0,390.0,513.0,624.0,746.0,871.0,-4.0,-4.0,-4.0,-4.0,-4.0,-4.0
377.0,59.0,0.0,269.0,-3.0,0.0,-4.0,-4.0,-4.0,-4.0,-4.0,-4.0,-4.0,-4.0,-4.0,65.0,0.0,279.0,-3.0,0.0,-4.0,-4.0,-4.0,-4.0,-4.0,-4.0,-4.0,-4.0,-4.0,282.0,-4.0,-4.0,-4.0,-4.0,-4.0,-4.0,78.0,170.0,286.0,-3.0,0.0,-4.0,-4.0,-4.0,-4.0,-4.0,-4.0,-4.0,-4.0,-4.0,89.0,183.0,311.0,-3.0,0.0,-4.0,-4.0,-4.0,-4.0,-4.0,-4.0,-4.0,-4.0,-4.0,93.0,187.0,319.0,-3.0,0.0,-4.0,-4.0,-4.0,-4.0,-4.0,-4.0,-4.0,-4.0,-4.0,17.0,115.0,213.0,-3.0,472.0,-4.0,-4.0,-4.0,-4.0,-4.0,-4.0,-4.0,-4.0,-4.0,39.0,138.0,253.0,-3.0,506.0,-4.0,-4.0,-4.0,-4.0,-4.0,-4.0,-4.0,-4.0,-4.0,49.0,145.0,262.0,-3.0,513.0,-4.0,-4.0,-4.0,-4.0,-4.0,-4.0,-4.0,-4.0,-4.0
378.0,56.0,153.0,269.0,394.0,524.0,633.0,755.0,882.0,-4.0,-4.0,-4.0,-4.0,-4.0,-4.0,65.0,159.0,279.0,403.0,529.0,641.0,762.0,885.0,-4.0,-4.0,-4.0,-4.0,-4.0,-4.0,282.0,765.0,889.0,-4.0,-4.0,-4.0,-4.0,70.0,170.0,292.0,420.0,542.0,657.0,781.0,904.0,-4.0,-4.0,-4.0,-4.0,-4.0,-4.0,89.0,183.0,311.0,444.0,561.0,678.0,801.0,923.0,-4.0,-4.0,-4.0,-4.0,-4.0,-4.0,93.0,187.0,319.0,449.0,566.0,681.0,803.0,926.0,-4.0,-4.0,-4.0,-4.0,-4.0,-4.0,19.0,115.0,211.0,343.0,471.0,585.0,702.0,826.0,-4.0,-4.0,-4.0,-4.0,-4.0,-4.0,42.0,138.0,253.0,381.0,506.0,615.0,736.0,862.0,-4.0,-4.0,-4.0,-4.0,-4.0,-4.0,50.0,145.0,262.0,390.0,513.0,624.0,746.0,871.0,-4.0,-4.0,-4.0,-4.0,-4.0,-4.0
379.0,56.0,153.0,269.0,394.0,524.0,633.0,755.0,882.0,-4.0,-4.0,-4.0,-4.0,-4.0,-4.0,65.0,159.0,279.0,403.0,529.0,641.0,762.0,885.0,-4.0,-4.0,-4.0,-4.0,-4.0,-4.0,282.0,765.0,889.0,-4.0,-4.0,-4.0,-4.0,70.0,170.0,286.0,418.0,539.0,657.0,780.0,904.0,-4.0,-4.0,-4.0,-4.0,-4.0,-4.0,89.0,183.0,311.0,444.0,561.0,678.0,801.0,923.0,-4.0,-4.0,-4.0,-4.0,-4.0,-4.0,93.0,187.0,319.0,449.0,566.0,681.0,803.0,926.0,-4.0,-4.0,-4.0,-4.0,-4.0,-4.0,19.0,115.0,210.0,340.0,469.0,583.0,701.0,824.0,-4.0,-4.0,-4.0,-4.0,-4.0,-4.0,42.0,138.0,253.0,381.0,505.0,615.0,736.0,862.0,-4.0,-4.0,-4.0,-4.0,-4.0,-4.0,50.0,145.0,262.0,390.0,513.0,624.0,746.0,871.0,-4.0,-4.0,-4.0,-4.0,-4.0,-4.0
380.0,56.0,151.0,269.0,394.0,524.0,-4.0,-4.0,-4.0,-4.0,-4.0,-4.0,-4.0,-4.0,-4.0,65.0,157.0,279.0,403.0,529.0,-4.0,-4.0,-4.0,-4.0,-4.0,-4.0,-4.0,-4.0,-4.0,282.0,-4.0,-4.0,-4.0,-4.0,-4.0,-4.0,70.0,170.0,286.0,421.0,538.0,-4.0,-4.0,-4.0,-4.0,-4.0,-4.0,-4.0,-4.0,-4.0,89.0,183.0,311.0,444.0,561.0,-4.0,-4.0,-4.0,-4.0,-4.0,-4.0,-4.0,-4.0,-4.0,93.0,187.0,319.0,449.0,566.0,-4.0,-4.0,-4.0,-4.0,-4.0,-4.0,-4.0,-4.0,-4.0,3.0,115.0,210.0,340.0,468.0,-4.0,-4.0,-4.0,-4.0,-4.0,-4.0,-4.0,-4.0,-4.0,39.0,138.0,253.0,381.0,505.0,-4.0,-4.0,-4.0,-4.0,-4.0,-4.0,-4.0,-4.0,-4.0,49.0,145.0,262.0,390.0,513.0,-4.0,-4.0,-4.0,-4.0,-4.0,-4.0,-4.0,-4.0,-4.0
381.0,-3.0,153.0,269.0,394.0,524.0,633.0,755.0,882.0,-4.0,-4.0,-4.0,-4.0,-4.0,-4.0,-3.0,159.0,279.0,403.0,529.0,641.0,762.0,885.0,-4.0,-4.0,-4.0,-4.0,-4.0,-4.0,282.0,765.0,889.0,-4.0,-4.0,-4.0,-4.0,-3.0,169.0,293.0,418.0,539.0,656.0,780.0,904.0,-4.0,-4.0,-4.0,-4.0,-4.0,-4.0,-3.0,183.0,311.0,444.0,561.0,678.0,801.0,923.0,-4.0,-4.0,-4.0,-4.0,-4.0,-4.0,-3.0,187.0,319.0,449.0,566.0,681.0,803.0,926.0,-4.0,-4.0,-4.0,-4.0,-4.0,-4.0,-3.0,110.0,210.0,341.0,469.0,583.0,701.0,824.0,-4.0,-4.0,-4.0,-4.0,-4.0,-4.0,-3.0,138.0,253.0,381.0,505.0,615.0,736.0,862.0,-4.0,-4.0,-4.0,-4.0,-4.0,-4.0,-3.0,145.0,262.0,390.0,513.0,624.0,746.0,871.0,-4.0,-4.0,-4.0,-4.0,-4.0,-4.0
382.0,56.0,153.0,269.0,394.0,0.0,633.0,755.0,-3.0,-4.0,-4.0,-4.0,-4.0,-4.0,-4.0,65.0,159.0,279.0,403.0,0.0,641.0,762.0,-3.0,-4.0,-4.0,-4.0,-4.0,-4.0,-4.0,282.0,765.0,-3.0,-4.0,-4.0,-4.0,-4.0,78.0,168.0,292.0,420.0,0.0,657.0,780.0,-3.0,-4.0,-4.0,-4.0,-4.0,-4.0,-4.0,89.0,183.0,311.0,444.0,0.0,678.0,801.0,-3.0,-4.0,-4.0,-4.0,-4.0,-4.0,-4.0,93.0,187.0,319.0,449.0,0.0,681.0,803.0,-3.0,-4.0,-4.0,-4.0,-4.0,-4.0,-4.0,19.0,115.0,211.0,340.0,469.0,583.0,701.0,-3.0,-4.0,-4.0,-4.0,-4.0,-4.0,-4.0,42.0,138.0,253.0,381.0,505.0,615.0,736.0,-3.0,-4.0,-4.0,-4.0,-4.0,-4.0,-4.0,50.0,145.0,262.0,390.0,513.0,624.0,746.0,-3.0,-4.0,-4.0,-4.0,-4.0,-4.0,-4.0
383.0,56.0,-3.0,272.0,394.0,524.0,-3.0,-3.0,-5.0,-4.0,-4.0,-4.0,-4.0,-4.0,-4.0,65.0,-3.0,280.0,403.0,529.0,-3.0,-3.0,-5.0,-4.0,-4.0,-4.0,-4.0,-4.0,-4.0,282.0,-3.0,-5.0,-4.0,-4.0,-4.0,-4.0,70.0,-3.0,293.0,418.0,539.0,-3.0,-3.0,-5.0,-4.0,-4.0,-4.0,-4.0,-4.0,-4.0,89.0,-3.0,311.0,444.0,561.0,-3.0,-3.0,-5.0,-4.0,-4.0,-4.0,-4.0,-4.0,-4.0,93.0,-3.0,319.0,449.0,566.0,-3.0,-3.0,-5.0,-4.0,-4.0,-4.0,-4.0,-4.0,-4.0,19.0,-3.0,211.0,341.0,468.0,-3.0,-3.0,-5.0,-4.0,-4.0,-4.0,-4.0,-4.0,-4.0,42.0,-3.0,253.0,381.0,505.0,-3.0,-3.0,-5.0,-4.0,-4.0,-4.0,-4.0,-4.0,-4.0,50.0,-3.0,262.0,390.0,513.0,-3.0,-3.0,-5.0,-4.0,-4.0,-4.0,-4.0,-4.0,-4.0
384.0,56.0,-3.0,-3.0,394.0,524.0,629.0,0.0,878.0,0.0,1126.0,1259.0,-4.0,-4.0,-4.0,65.0,-3.0,-3.0,403.0,529.0,641.0,0.0,886.0,0.0,1141.0,1273.0,-4.0,-4.0,-4.0,-3.0,0.0,889.0,0.0,1145.0,1277.0,-4.0,70.0,-3.0,-3.0,421.0,538.0,647.0,766.0,891.0,1021.0,1150.0,1279.0,-4.0,-4.0,-4.0,89.0,-3.0,-3.0,444.0,561.0,675.0,797.0,919.0,1051.0,1178.0,1312.0,-4.0,-4.0,-4.0,93.0,-3.0,-3.0,449.0,566.0,681.0,803.0,926.0,1060.0,1184.0,1318.0,-4.0,-4.0,-4.0,3.0,-3.0,-3.0,340.0,468.0,571.0,684.0,810.0,931.0,1067.0,1191.0,-4.0,-4.0,-4.0,39.0,-3.0,-3.0,381.0,505.0,609.0,732.0,856.0,977.0,1108.0,1240.0,-4.0,-4.0,-4.0,49.0,-3.0,-3.0,390.0,513.0,622.0,744.0,869.0,992.0,1120.0,1253.0,-4.0,-4.0,-4.0
385.0,56.0,153.0,269.0,394.0,524.0,629.0,755.0,882.0,-4.0,-4.0,-4.0,-4.0,-4.0,-4.0,65.0,159.0,279.0,403.0,529.0,641.0,762.0,885.0,-4.0,-4.0,-4.0,-4.0,-4.0,-4.0,282.0,765.0,889.0,-4.0,-4.0,-4.0,-4.0,70.0,170.0,286.0,421.0,539.0,657.0,780.0,904.0,-4.0,-4.0,-4.0,-4.0,-4.0,-4.0,89.0,183.0,311.0,444.0,561.0,678.0,801.0,923.0,-4.0,-4.0,-4.0,-4.0,-4.0,-4.0,93.0,187.0,319.0,449.0,566.0,681.0,803.0,926.0,-4.0,-4.0,-4.0,-4.0,-4.0,-4.0,19.0,115.0,210.0,340.0,469.0,583.0,701.0,824.0,-4.0,-4.0,-4.0,-4.0,-4.0,-4.0,42.0,138.0,253.0,381.0,505.0,615.0,736.0,862.0,-4.0,-4.0,-4.0,-4.0,-4.0,-4.0,50.0,145.0,262.0,390.0,513.0,624.0,746.0,871.0,-4.0,-4.0,-4.0,-4.0,-4.0,-4.0
386.0,60.0,-5.0,-5.0,-5.0,-5.0,0.0,755.0,-5.0,1000.0,-5.0,-5.0,-4.0,-4.0,-4.0,65.0,-5.0,-5.0,-5.0,-5.0,0.0,762.0,-5.0,1013.0,-5.0,-5.0,-4.0,-4.0,-4.0,-5.0,765.0,-5.0,1017.0,-5.0,-5.0,-4.0,70.0,-5.0,-5.0,-5.0,-5.0,0.0,775.0,-5.0,1026.0,-5.0,-5.0,-4.0,-4.0,-4.0,89.0,-5.0,-5.0,-5.0,-5.0,0.0,800.0,-5.0,1055.0,-5.0,-5.0,-4.0,-4.0,-4.0,93.0,-5.0,-5.0,-5.0,-5.0,0.0,803.0,-5.0,1060.0,-5.0,-5.0,-4.0,-4.0,-4.0,19.0,-5.0,-5.0,-5.0,-5.0,575.0,703.0,-5.0,939.0,-5.0,-5.0,-4.0,-4.0,-4.0,42.0,-5.0,-5.0,-5.0,-5.0,613.0,737.0,-5.0,980.0,-5.0,-5.0,-4.0,-4.0,-4.0,50.0,-5.0,-5.0,-5.0,-5.0,622.0,746.0,-5.0,992.0,-5.0,-5.0,-4.0,-4.0,-4.0
387.0,60.0,153.0,-5.0,0.0,0.0,-3.0,-3.0,-3.0,-4.0,-4.0,-4.0,-4.0,-4.0,-4.0,65.0,159.0,-5.0,0.0,0.0,-3.0,-3.0,-3.0,-4.0,-4.0,-4.0,-4.0,-4.0,-4.0,-5.0,-3.0,-3.0,-4.0,-4.0,-4.0,-4.0,77.0,169.0,-5.0,0.0,0.0,-3.0,-3.0,-3.0,-4.0,-4.0,-4.0,-4.0,-4.0,-4.0,89.0,183.0,-5.0,0.0,0.0,-3.0,-3.0,-3.0,-4.0,-4.0,-4.0,-4.0,-4.0,-4.0,93.0,187.0,-5.0,0.0,0.0,-3.0,-3.0,-3.0,-4.0,-4.0,-4.0,-4.0,-4.0,-4.0,15.0,113.0,-5.0,340.0,475.0,-3.0,-3.0,-3.0,-4.0,-4.0,-4.0,-4.0,-4.0,-4.0,42.0,138.0,-5.0,381.0,508.0,-3.0,-3.0,-3.0,-4.0,-4.0,-4.0,-4.0,-4.0,-4.0,50.0,145.0,-5.0,390.0,514.0,-3.0,-3.0,-3.0,-4.0,-4.0,-4.0,-4.0,-4.0,-4.0
388.0,56.0,0.0,269.0,394.0,524.0,629.0,751.0,875.0,1000.0,1128.0,1259.0,-4.0,-4.0,-4.0,65.0,0.0,279.0,403.0,529.0,641.0,761.0,885.0,1013.0,1142.0,1273.0,-4.0,-4.0,-4.0,282.0,765.0,889.0,1017.0,1145.0,1277.0,-4.0,70.0,170.0,286.0,421.0,538.0,647.0,766.0,891.0,1022.0,1147.0,1279.0,-4.0,-4.0,-4.0,89.0,183.0,311.0,444.0,561.0,675.0,797.0,919.0,1051.0,1178.0,1312.0,-4.0,-4.0,-4.0,93.0,187.0,319.0,449.0,566.0,681.0,803.0,926.0,1060.0,1184.0,1318.0,-4.0,-4.0,-4.0,17.0,112.0,213.0,340.0,472.0,571.0,688.0,806.0,931.0,1067.0,1191.0,-4.0,-4.0,-4.0,39.0,138.0,253.0,381.0,506.0,609.0,732.0,856.0,977.0,1108.0,1240.0,-4.0,-4.0,-4.0,49.0,145.0,262.0,390.0,513.0,622.0,744.0,869.0,992.0,1120.0,1253.0,-4.0,-4.0,-4.0
389.0,0.0,0.0,0.0,0.0,525.0,635.0,753.0,875.0,0.0,0.0,-3.0,-4.0,-4.0,-4.0,0.0,0.0,0.0,0.0,527.0,641.0,761.0,885.0,0.0,0.0,-3.0,-4.0,-4.0,-4.0,0.0,765.0,889.0,0.0,0.0,-3.0,-4.0,76.0,172.0,0.0,417.0,544.0,658.0,783.0,906.0,1030.0,1150.0,-3.0,-4.0,-4.0,-4.0,91.0,184.0,0.0,443.0,562.0,678.0,801.0,923.0,1053.0,1178.0,-3.0,-4.0,-4.0,-4.0,93.0,187.0,0.0,449.0,566.0,681.0,803.0,926.0,1060.0,1184.0,-3.0,-4.0,-4.0,-4.0,22.0,116.0,216.0,344.0,476.0,586.0,704.0,827.0,941.0,1078.0,-3.0,-4.0,-4.0,-4.0,43.0,139.0,255.0,382.0,509.0,616.0,738.0,863.0,978.0,1114.0,-3.0,-4.0,-4.0,-4.0,50.0,145.0,262.0,390.0,515.0,624.0,746.0,871.0,992.0,1120.0,-3.0,-4.0,-4.0,-4.0
390.0,56.0,152.0,272.0,399.0,0.0,629.0,0.0,0.0,-4.0,-4.0,-4.0,-4.0,-4.0,-4.0,65.0,158.0,280.0,403.0,0.0,641.0,0.0,0.0,-4.0,-4.0,-4.0,-4.0,-4.0,-4.0,282.0,0.0,0.0,-4.0,-4.0,-4.0,-4.0,81.0,172.0,297.0,417.0,0.0,658.0,0.0,906.0,-4.0,-4.0,-4.0,-4.0,-4.0,-4.0,91.0,184.0,314.0,443.0,0.0,678.0,0.0,923.0,-4.0,-4.0,-4.0,-4.0,-4.0,-4.0,93.0,187.0,319.0,449.0,0.0,681.0,0.0,926.0,-4.0,-4.0,-4.0,-4.0,-4.0,-4.0,23.0,116.0,216.0,344.0,477.0,587.0,705.0,828.0,-4.0,-4.0,-4.0,-4.0,-4.0,-4.0,43.0,139.0,255.0,382.0,509.0,616.0,738.0,863.0,-4.0,-4.0,-4.0,-4.0,-4.0,-4.0,50.0,145.0,262.0,390.0,515.0,624.0,746.0,871.0,-4.0,-4.0,-4.0,-4.0,-4.0,-4.0
391.0,-3.0,0.0,0.0,-3.0,0.0,0.0,0.0,-3.0,-4.0,-4.0,-4.0,-4.0,-4.0,-4.0,-3.0,0.0,0.0,-3.0,0.0,0.0,0.0,-3.0,-4.0,-4.0,-4.0,-4.0,-4.0,-4.0,0.0,0.0,-3.0,-4.0,-4.0,-4.0,-4.0,-3.0,173.0,297.0,-3.0,544.0,658.0,783.0,-3.0,-4.0,-4.0,-4.0,-4.0,-4.0,-4.0,-3.0,185.0,314.0,-3.0,562.0,678.0,801.0,-3.0,-4.0,-4.0,-4.0,-4.0,-4.0,-4.0,-3.0,187.0,319.0,-3.0,566.0,681.0,803.0,-3.0,-4.0,-4.0,-4.0,-4.0,-4.0,-4.0,-3.0,116.0,216.0,-3.0,477.0,586.0,704.0,-3.0,-4.0,-4.0,-4.0,-4.0,-4.0,-4.0,-3.0,139.0,255.0,-3.0,509.0,616.0,738.0,-3.0,-4.0,-4.0,-4.0,-4.0,-4.0,-4.0,-3.0,145.0,262.0,-3.0,515.0,624.0,746.0,-3.0,-4.0,-4.0,-4.0,-4.0,-4.0,-4.0
392.0,-5.0,-5.0,-5.0,-5.0,-5.0,635.0,-5.0,-5.0,-4.0,-4.0,-4.0,-4.0,-4.0,-4.0,-5.0,-5.0,-5.0,-5.0,-5.0,641.0,-5.0,-5.0,-4.0,-4.0,-4.0,-4.0,-4.0,-4.0,-5.0,-5.0,-5.0,-4.0,-4.0,-4.0,-4.0,-5.0,-5.0,-5.0,-5.0,-5.0,659.0,-5.0,-5.0,-4.0,-4.0,-4.0,-4.0,-4.0,-4.0,-5.0,-5.0,-5.0,-5.0,-5.0,678.0,-5.0,-5.0,-4.0,-4.0,-4.0,-4.0,-4.0,-4.0,-5.0,-5.0,-5.0,-5.0,-5.0,681.0,-5.0,-5.0,-4.0,-4.0,-4.0,-4.0,-4.0,-4.0,-5.0,-5.0,-5.0,-5.0,-5.0,587.0,-5.0,-5.0,-4.0,-4.0,-4.0,-4.0,-4.0,-4.0,-5.0,-5.0,-5.0,-5.0,-5.0,616.0,-5.0,-5.0,-4.0,-4.0,-4.0,-4.0,-4.0,-4.0,-5.0,-5.0,-5.0,-5.0,-5.0,624.0,-5.0,-5.0,-4.0,-4.0,-4.0,-4.0,-4.0,-4.0
393.0,-3.0,152.0,272.0,397.0,521.0,629.0,755.0,882.0,-4.0,-4.0,-4.0,-4.0,-4.0,-4.0,-3.0,158.0,280.0,403.0,529.0,641.0,762.0,885.0,-4.0,-4.0,-4.0,-4.0,-4.0,-4.0,282.0,765.0,889.0,-4.0,-4.0,-4.0,-4.0,-3.0,174.0,298.0,422.0,543.0,660.0,782.0,905.0,-4.0,-4.0,-4.0,-4.0,-4.0,-4.0,-3.0,184.0,314.0,443.0,562.0,678.0,801.0,923.0,-4.0,-4.0,-4.0,-4.0,-4.0,-4.0,-3.0,187.0,319.0,449.0,566.0,681.0,803.0,926.0,-4.0,-4.0,-4.0,-4.0,-4.0,-4.0,-3.0,117.0,217.0,345.0,478.0,588.0,706.0,829.0,-4.0,-4.0,-4.0,-4.0,-4.0,-4.0,-3.0,139.0,255.0,382.0,507.0,616.0,738.0,864.0,-4.0,-4.0,-4.0,-4.0,-4.0,-4.0,-3.0,145.0,262.0,390.0,513.0,624.0,746.0,871.0,-4.0,-4.0,-4.0,-4.0,-4.0,-4.0
394.0,59.0,152.0,272.0,399.0,525.0,0.0,753.0,875.0,1000.0,1126.0,1259.0,0.0,1510.0,1643.0,65.0,158.0,280.0,403.0,527.0,0.0,761.0,885.0,1013.0,1141.0,1273.0,0.0,1524.0,1655.0,282.0,765.0,889.0,1017.0,1145.0,1277.0,1528.0,80.0,172.0,297.0,423.0,544.0,0.0,784.0,907.0,1030.0,1150.0,1292.0,1402.0,1531.0,1658.0,91.0,184.0,314.0,443.0,562.0,0.0,799.0,923.0,1053.0,1178.0,1315.0,1426.0,1568.0,1690.0,93.0,187.0,319.0,449.0,566.0,0.0,803.0,926.0,1060.0,1184.0,1318.0,1432.0,1575.0,1696.0,23.0,116.0,217.0,346.0,476.0,586.0,707.0,830.0,941.0,1079.0,1198.0,1321.0,1435.0,1578.0,43.0,139.0,255.0,382.0,509.0,616.0,737.0,864.0,978.0,1114.0,1245.0,1371.0,1490.0,1626.0,50.0,145.0,262.0,390.0,515.0,624.0,746.0,871.0,992.0,1120.0,1253.0,1383.0,1503.0,1637.0
395.0,59.0,154.0,271.0,397.0,521.0,634.0,754.0,882.0,-4.0,-4.0,-4.0,-4.0,-4.0,-4.0,65.0,158.0,279.0,403.0,529.0,641.0,762.0,885.0,-4.0,-4.0,-4.0,-4.0,-4.0,-4.0,282.0,765.0,889.0,-4.0,-4.0,-4.0,-4.0,80.0,174.0,298.0,422.0,543.0,660.0,782.0,905.0,-4.0,-4.0,-4.0,-4.0,-4.0,-4.0,91.0,184.0,314.0,443.0,562.0,678.0,801.0,923.0,-4.0,-4.0,-4.0,-4.0,-4.0,-4.0,93.0,187.0,319.0,449.0,566.0,681.0,803.0,926.0,-4.0,-4.0,-4.0,-4.0,-4.0,-4.0,20.0,117.0,215.0,345.0,478.0,588.0,708.0,829.0,-4.0,-4.0,-4.0,-4.0,-4.0,-4.0,43.0,139.0,254.0,382.0,507.0,616.0,738.0,864.0,-4.0,-4.0,-4.0,-4.0,-4.0,-4.0,50.0,145.0,262.0,390.0,513.0,624.0,746.0,871.0,-4.0,-4.0,-4.0,-4.0,-4.0,-4.0
396.0,0.0,0.0,0.0,0.0,0.0,0.0,0.0,0.0,-4.0,-4.0,-4.0,-4.0,-4.0,-4.0,0.0,0.0,0.0,0.0,0.0,0.0,0.0,0.0,-4.0,-4.0,-4.0,-4.0,-4.0,-4.0,0.0,0.0,0.0,-4.0,-4.0,-4.0,-4.0,0.0,173.0,297.0,0.0,544.0,658.0,785.0,0.0,-4.0,-4.0,-4.0,-4.0,-4.0,-4.0,0.0,185.0,314.0,0.0,562.0,678.0,801.0,0.0,-4.0,-4.0,-4.0,-4.0,-4.0,-4.0,0.0,187.0,319.0,0.0,566.0,681.0,803.0,0.0,-4.0,-4.0,-4.0,-4.0,-4.0,-4.0,23.0,116.0,216.0,344.0,476.0,587.0,709.0,828.0,-4.0,-4.0,-4.0,-4.0,-4.0,-4.0,43.0,139.0,255.0,382.0,509.0,616.0,738.0,863.0,-4.0,-4.0,-4.0,-4.0,-4.0,-4.0,50.0,145.0,262.0,390.0,515.0,624.0,746.0,871.0,-4.0,-4.0,-4.0,-4.0,-4.0,-4.0
397.0,59.0,152.0,269.0,-3.0,524.0,-3.0,755.0,882.0,-4.0,-4.0,-4.0,-4.0,-4.0,-4.0,65.0,158.0,279.0,-3.0,529.0,-3.0,762.0,885.0,-4.0,-4.0,-4.0,-4.0,-4.0,-4.0,282.0,765.0,889.0,-4.0,-4.0,-4.0,-4.0,80.0,172.0,297.0,-3.0,543.0,-3.0,782.0,904.0,-4.0,-4.0,-4.0,-4.0,-4.0,-4.0,91.0,184.0,314.0,-3.0,562.0,-3.0,801.0,923.0,-4.0,-4.0,-4.0,-4.0,-4.0,-4.0,93.0,187.0,319.0,-3.0,566.0,-3.0,803.0,926.0,-4.0,-4.0,-4.0,-4.0,-4.0,-4.0,21.0,116.0,217.0,-3.0,474.0,-3.0,706.0,831.0,-4.0,-4.0,-4.0,-4.0,-4.0,-4.0,43.0,139.0,255.0,-3.0,507.0,-3.0,738.0,862.0,-4.0,-4.0,-4.0,-4.0,-4.0,-4.0,50.0,145.0,262.0,-3.0,513.0,-3.0,746.0,871.0,-4.0,-4.0,-4.0,-4.0,-4.0,-4.0
398.0,59.0,152.0,272.0,399.0,523.0,629.0,753.0,882.0,1000.0,0.0,1259.0,-4.0,-4.0,-4.0,65.0,158.0,280.0,403.0,529.0,641.0,761.0,885.0,1013.0,0.0,1273.0,-4.0,-4.0,-4.0,282.0,765.0,889.0,1017.0,0.0,1277.0,-4.0,80.0,174.0,298.0,423.0,544.0,659.0,785.0,906.0,1030.0,1150.0,1293.0,-4.0,-4.0,-4.0,91.0,184.0,314.0,443.0,562.0,678.0,801.0,923.0,1053.0,1178.0,1315.0,-4.0,-4.0,-4.0,93.0,187.0,319.0,449.0,566.0,681.0,803.0,926.0,1060.0,1184.0,1318.0,-4.0,-4.0,-4.0,23.0,116.0,217.0,347.0,477.0,587.0,705.0,828.0,941.0,1078.0,1206.0,-4.0,-4.0,-4.0,43.0,139.0,255.0,382.0,509.0,616.0,738.0,863.0,978.0,1114.0,1245.0,-4.0,-4.0,-4.0,50.0,145.0,262.0,390.0,515.0,624.0,746.0,871.0,992.0,1120.0,1253.0,-4.0,-4.0,-4.0
399.0,59.0,152.0,269.0,399.0,-5.0,635.0,-5.0,882.0,-4.0,-4.0,-4.0,-4.0,-4.0,-4.0,65.0,158.0,279.0,403.0,-5.0,641.0,-5.0,885.0,-4.0,-4.0,-4.0,-4.0,-4.0,-4.0,282.0,-5.0,889.0,-4.0,-4.0,-4.0,-4.0,80.0,172.0,297.0,422.0,-5.0,657.0,-5.0,904.0,-4.0,-4.0,-4.0,-4.0,-4.0,-4.0,91.0,184.0,314.0,443.0,-5.0,678.0,-5.0,923.0,-4.0,-4.0,-4.0,-4.0,-4.0,-4.0,93.0,187.0,319.0,449.0,-5.0,681.0,-5.0,926.0,-4.0,-4.0,-4.0,-4.0,-4.0,-4.0,21.0,116.0,218.0,345.0,-5.0,589.0,-5.0,831.0,-4.0,-4.0,-4.0,-4.0,-4.0,-4.0,43.0,139.0,255.0,382.0,-5.0,616.0,-5.0,862.0,-4.0,-4.0,-4.0,-4.0,-4.0,-4.0,50.0,145.0,262.0,390.0,-5.0,624.0,-5.0,871.0,-4.0,-4.0,-4.0,-4.0,-4.0,-4.0
400.0,59.0,-5.0,-5.0,397.0,521.0,634.0,754.0,875.0,-4.0,-4.0,-4.0,-4.0,-4.0,-4.0,65.0,-5.0,-5.0,403.0,529.0,641.0,762.0,885.0,-4.0,-4.0,-4.0,-4.0,-4.0,-4.0,-5.0,765.0,889.0,-4.0,-4.0,-4.0,-4.0,80.0,-5.0,-5.0,424.0,543.0,660.0,782.0,891.0,-4.0,-4.0,-4.0,-4.0,-4.0,-4.0,91.0,-5.0,-5.0,444.0,562.0,678.0,801.0,919.0,-4.0,-4.0,-4.0,-4.0,-4.0,-4.0,93.0,-5.0,-5.0,449.0,566.0,681.0,803.0,926.0,-4.0,-4.0,-4.0,-4.0,-4.0,-4.0,20.0,-5.0,-5.0,348.0,478.0,588.0,708.0,831.0,-4.0,-4.0,-4.0,-4.0,-4.0,-4.0,43.0,-5.0,-5.0,382.0,507.0,616.0,738.0,862.0,-4.0,-4.0,-4.0,-4.0,-4.0,-4.0,50.0,-5.0,-5.0,390.0,513.0,624.0,746.0,871.0,-4.0,-4.0,-4.0,-4.0,-4.0,-4.0
401.0,59.0,154.0,271.0,397.0,0.0,634.0,754.0,-3.0,-4.0,-4.0,-4.0,-4.0,-4.0,-4.0,65.0,158.0,279.0,403.0,0.0,641.0,762.0,-3.0,-4.0,-4.0,-4.0,-4.0,-4.0,-4.0,282.0,765.0,-3.0,-4.0,-4.0,-4.0,-4.0,80.0,174.0,298.0,422.0,0.0,660.0,782.0,-3.0,-4.0,-4.0,-4.0,-4.0,-4.0,-4.0,91.0,184.0,314.0,443.0,0.0,678.0,801.0,-3.0,-4.0,-4.0,-4.0,-4.0,-4.0,-4.0,93.0,187.0,319.0,449.0,0.0,681.0,803.0,-3.0,-4.0,-4.0,-4.0,-4.0,-4.0,-4.0,20.0,117.0,215.0,345.0,478.0,588.0,708.0,-3.0,-4.0,-4.0,-4.0,-4.0,-4.0,-4.0,43.0,139.0,254.0,382.0,507.0,616.0,738.0,-3.0,-4.0,-4.0,-4.0,-4.0,-4.0,-4.0,50.0,145.0,262.0,390.0,513.0,624.0,746.0,-3.0,-4.0,-4.0,-4.0,-4.0,-4.0,-4.0
402.0,59.0,152.0,272.0,399.0,525.0,635.0,753.0,-3.0,1000.0,1128.0,1259.0,-4.0,-4.0,-4.0,65.0,158.0,280.0,403.0,527.0,641.0,761.0,-3.0,1013.0,1142.0,1273.0,-4.0,-4.0,-4.0,282.0,765.0,-3.0,1017.0,1145.0,1277.0,-4.0,80.0,172.0,297.0,423.0,544.0,659.0,786.0,-3.0,1030.0,1150.0,1294.0,-4.0,-4.0,-4.0,91.0,184.0,314.0,443.0,562.0,678.0,801.0,-3.0,1053.0,1178.0,1315.0,-4.0,-4.0,-4.0,93.0,187.0,319.0,449.0,566.0,681.0,803.0,-3.0,1060.0,1184.0,1318.0,-4.0,-4.0,-4.0,21.0,116.0,218.0,347.0,477.0,587.0,709.0,-3.0,944.0,1079.0,1203.0,-4.0,-4.0,-4.0,43.0,139.0,255.0,382.0,509.0,616.0,738.0,-3.0,978.0,1114.0,1240.0,-4.0,-4.0,-4.0,50.0,145.0,262.0,390.0,515.0,624.0,746.0,-3.0,992.0,1120.0,1253.0,-4.0,-4.0,-4.0
403.0,61.0,152.0,-3.0,394.0,0.0,629.0,753.0,875.0,-4.0,-4.0,-4.0,-4.0,-4.0,-4.0,65.0,158.0,-3.0,403.0,0.0,641.0,761.0,885.0,-4.0,-4.0,-4.0,-4.0,-4.0,-4.0,-3.0,765.0,889.0,-4.0,-4.0,-4.0,-4.0,81.0,172.0,-3.0,422.0,545.0,659.0,786.0,907.0,-4.0,-4.0,-4.0,-4.0,-4.0,-4.0,91.0,184.0,-3.0,443.0,562.0,678.0,801.0,923.0,-4.0,-4.0,-4.0,-4.0,-4.0,-4.0,93.0,187.0,-3.0,449.0,566.0,681.0,803.0,926.0,-4.0,-4.0,-4.0,-4.0,-4.0,-4.0,21.0,116.0,-3.0,345.0,476.0,587.0,704.0,827.0,-4.0,-4.0,-4.0,-4.0,-4.0,-4.0,43.0,139.0,-3.0,382.0,509.0,616.0,738.0,863.0,-4.0,-4.0,-4.0,-4.0,-4.0,-4.0,50.0,145.0,-3.0,390.0,515.0,624.0,746.0,871.0,-4.0,-4.0,-4.0,-4.0,-4.0,-4.0
404.0,0.0,-3.0,269.0,394.0,0.0,-4.0,-4.0,-4.0,-4.0,-4.0,-4.0,-4.0,-4.0,-4.0,0.0,-3.0,279.0,403.0,0.0,-4.0,-4.0,-4.0,-4.0,-4.0,-4.0,-4.0,-4.0,-4.0,282.0,-4.0,-4.0,-4.0,-4.0,-4.0,-4.0,0.0,-3.0,297.0,417.0,0.0,-4.0,-4.0,-4.0,-4.0,-4.0,-4.0,-4.0,-4.0,-4.0,0.0,-3.0,314.0,443.0,0.0,-4.0,-4.0,-4.0,-4.0,-4.0,-4.0,-4.0,-4.0,-4.0,0.0,-3.0,319.0,449.0,0.0,-4.0,-4.0,-4.0,-4.0,-4.0,-4.0,-4.0,-4.0,-4.0,21.0,-3.0,216.0,344.0,476.0,-4.0,-4.0,-4.0,-4.0,-4.0,-4.0,-4.0,-4.0,-4.0,43.0,-3.0,255.0,382.0,509.0,-4.0,-4.0,-4.0,-4.0,-4.0,-4.0,-4.0,-4.0,-4.0,50.0,-3.0,262.0,390.0,515.0,-4.0,-4.0,-4.0,-4.0,-4.0,-4.0,-4.0,-4.0,-4.0
405.0,57.0,0.0,0.0,397.0,0.0,-4.0,-4.0,-4.0,-4.0,-4.0,-4.0,-4.0,-4.0,-4.0,66.0,0.0,0.0,403.0,0.0,-4.0,-4.0,-4.0,-4.0,-4.0,-4.0,-4.0,-4.0,-4.0,0.0,-4.0,-4.0,-4.0,-4.0,-4.0,-4.0,71.0,175.0,297.0,417.0,545.0,-4.0,-4.0,-4.0,-4.0,-4.0,-4.0,-4.0,-4.0,-4.0,90.0,184.0,314.0,443.0,562.0,-4.0,-4.0,-4.0,-4.0,-4.0,-4.0,-4.0,-4.0,-4.0,93.0,187.0,319.0,449.0,566.0,-4.0,-4.0,-4.0,-4.0,-4.0,-4.0,-4.0,-4.0,-4.0,24.0,118.0,219.0,349.0,479.0,-4.0,-4.0,-4.0,-4.0,-4.0,-4.0,-4.0,-4.0,-4.0,44.0,140.0,254.0,382.0,509.0,-4.0,-4.0,-4.0,-4.0,-4.0,-4.0,-4.0,-4.0,-4.0,51.0,146.0,262.0,390.0,515.0,-4.0,-4.0,-4.0,-4.0,-4.0,-4.0,-4.0,-4.0,-4.0
406.0,-3.0,0.0,-3.0,-3.0,0.0,-4.0,-4.0,-4.0,-4.0,-4.0,-4.0,-4.0,-4.0,-4.0,-3.0,0.0,-3.0,-3.0,0.0,-4.0,-4.0,-4.0,-4.0,-4.0,-4.0,-4.0,-4.0,-4.0,-3.0,-4.0,-4.0,-4.0,-4.0,-4.0,-4.0,-3.0,172.0,-3.0,-3.0,0.0,-4.0,-4.0,-4.0,-4.0,-4.0,-4.0,-4.0,-4.0,-4.0,-3.0,184.0,-3.0,-3.0,0.0,-4.0,-4.0,-4.0,-4.0,-4.0,-4.0,-4.0,-4.0,-4.0,-3.0,187.0,-3.0,-3.0,0.0,-4.0,-4.0,-4.0,-4.0,-4.0,-4.0,-4.0,-4.0,-4.0,-3.0,116.0,-3.0,-3.0,477.0,-4.0,-4.0,-4.0,-4.0,-4.0,-4.0,-4.0,-4.0,-4.0,-3.0,139.0,-3.0,-3.0,509.0,-4.0,-4.0,-4.0,-4.0,-4.0,-4.0,-4.0,-4.0,-4.0,-3.0,145.0,-3.0,-3.0,515.0,-4.0,-4.0,-4.0,-4.0,-4.0,-4.0,-4.0,-4.0,-4.0
407.0,-3.0,151.0,-4.0,-4.0,-4.0,-4.0,-4.0,-4.0,-4.0,-4.0,-4.0,-4.0,-4.0,-4.0,-3.0,157.0,-4.0,-4.0,-4.0,-4.0,-4.0,-4.0,-4.0,-4.0,-4.0,-4.0,-4.0,-4.0,-4.0,-4.0,-4.0,-4.0,-4.0,-4.0,-4.0,-3.0,175.0,-4.0,-4.0,-4.0,-4.0,-4.0,-4.0,-4.0,-4.0,-4.0,-4.0,-4.0,-4.0,-3.0,184.0,-4.0,-4.0,-4.0,-4.0,-4.0,-4.0,-4.0,-4.0,-4.0,-4.0,-4.0,-4.0,-3.0,187.0,-4.0,-4.0,-4.0,-4.0,-4.0,-4.0,-4.0,-4.0,-4.0,-4.0,-4.0,-4.0,-3.0,118.0,-4.0,-4.0,-4.0,-4.0,-4.0,-4.0,-4.0,-4.0,-4.0,-4.0,-4.0,-4.0,-3.0,140.0,-4.0,-4.0,-4.0,-4.0,-4.0,-4.0,-4.0,-4.0,-4.0,-4.0,-4.0,-4.0,-3.0,146.0,-4.0,-4.0,-4.0,-4.0,-4.0,-4.0,-4.0,-4.0,-4.0,-4.0,-4.0,-4.0
408.0,0.0,151.0,-4.0,-4.0,-4.0,-4.0,-4.0,-4.0,-4.0,-4.0,-4.0,-4.0,-4.0,-4.0,0.0,157.0,-4.0,-4.0,-4.0,-4.0,-4.0,-4.0,-4.0,-4.0,-4.0,-4.0,-4.0,-4.0,-4.0,-4.0,-4.0,-4.0,-4.0,-4.0,-4.0,0.0,172.0,-4.0,-4.0,-4.0,-4.0,-4.0,-4.0,-4.0,-4.0,-4.0,-4.0,-4.0,-4.0,0.0,184.0,-4.0,-4.0,-4.0,-4.0,-4.0,-4.0,-4.0,-4.0,-4.0,-4.0,-4.0,-4.0,0.0,187.0,-4.0,-4.0,-4.0,-4.0,-4.0,-4.0,-4.0,-4.0,-4.0,-4.0,-4.0,-4.0,25.0,116.0,-4.0,-4.0,-4.0,-4.0,-4.0,-4.0,-4.0,-4.0,-4.0,-4.0,-4.0,-4.0,43.0,139.0,-4.0,-4.0,-4.0,-4.0,-4.0,-4.0,-4.0,-4.0,-4.0,-4.0,-4.0,-4.0,50.0,145.0,-4.0,-4.0,-4.0,-4.0,-4.0,-4.0,-4.0,-4.0,-4.0,-4.0,-4.0,-4.0
409.0,0.0,0.0,0.0,0.0,0.0,-4.0,-4.0,-4.0,-4.0,-4.0,-4.0,-4.0,-4.0,-4.0,0.0,0.0,0.0,0.0,0.0,-4.0,-4.0,-4.0,-4.0,-4.0,-4.0,-4.0,-4.0,-4.0,0.0,-4.0,-4.0,-4.0,-4.0,-4.0,-4.0,82.0,173.0,288.0,408.0,531.0,-4.0,-4.0,-4.0,-4.0,-4.0,-4.0,-4.0,-4.0,-4.0,91.0,185.0,312.0,441.0,559.0,-4.0,-4.0,-4.0,-4.0,-4.0,-4.0,-4.0,-4.0,-4.0,93.0,187.0,318.0,448.0,565.0,-4.0,-4.0,-4.0,-4.0,-4.0,-4.0,-4.0,-4.0,-4.0,26.0,118.0,219.0,331.0,458.0,-4.0,-4.0,-4.0,-4.0,-4.0,-4.0,-4.0,-4.0,-4.0,45.0,140.0,254.0,378.0,500.0,-4.0,-4.0,-4.0,-4.0,-4.0,-4.0,-4.0,-4.0,-4.0,49.0,146.0,262.0,388.0,511.0,-4.0,-4.0,-4.0,-4.0,-4.0,-4.0,-4.0,-4.0,-4.0
410.0,59.0,154.0,272.0,399.0,0.0,629.0,0.0,0.0,-4.0,-4.0,-4.0,-4.0,-4.0,-4.0,65.0,158.0,280.0,403.0,0.0,641.0,0.0,0.0,-4.0,-4.0,-4.0,-4.0,-4.0,-4.0,282.0,0.0,0.0,-4.0,-4.0,-4.0,-4.0,80.0,171.0,288.0,417.0,531.0,658.0,775.0,0.0,-4.0,-4.0,-4.0,-4.0,-4.0,-4.0,91.0,184.0,312.0,443.0,559.0,678.0,800.0,0.0,-4.0,-4.0,-4.0,-4.0,-4.0,-4.0,93.0,187.0,318.0,449.0,565.0,681.0,803.0,0.0,-4.0,-4.0,-4.0,-4.0,-4.0,-4.0,20.0,119.0,219.0,331.0,458.0,586.0,703.0,813.0,-4.0,-4.0,-4.0,-4.0,-4.0,-4.0,43.0,141.0,254.0,378.0,500.0,616.0,737.0,858.0,-4.0,-4.0,-4.0,-4.0,-4.0,-4.0,50.0,145.0,262.0,388.0,511.0,624.0,746.0,869.0,-4.0,-4.0,-4.0,-4.0,-4.0,-4.0
411.0,-5.0,151.0,-3.0,397.0,-5.0,-4.0,-4.0,-4.0,-4.0,-4.0,-4.0,-4.0,-4.0,-4.0,-5.0,157.0,-3.0,403.0,-5.0,-4.0,-4.0,-4.0,-4.0,-4.0,-4.0,-4.0,-4.0,-4.0,-3.0,-4.0,-4.0,-4.0,-4.0,-4.0,-4.0,-5.0,176.0,-3.0,417.0,-5.0,-4.0,-4.0,-4.0,-4.0,-4.0,-4.0,-4.0,-4.0,-4.0,-5.0,185.0,-3.0,443.0,-5.0,-4.0,-4.0,-4.0,-4.0,-4.0,-4.0,-4.0,-4.0,-4.0,-5.0,187.0,-3.0,449.0,-5.0,-4.0,-4.0,-4.0,-4.0,-4.0,-4.0,-4.0,-4.0,-4.0,-5.0,118.0,-3.0,349.0,-5.0,-4.0,-4.0,-4.0,-4.0,-4.0,-4.0,-4.0,-4.0,-4.0,-5.0,140.0,-3.0,382.0,-5.0,-4.0,-4.0,-4.0,-4.0,-4.0,-4.0,-4.0,-4.0,-4.0,-5.0,146.0,-3.0,390.0,-5.0,-4.0,-4.0,-4.0,-4.0,-4.0,-4.0,-4.0,-4.0,-4.0
412.0,-3.0,-3.0,-4.0,-4.0,-4.0,-4.0,-4.0,-4.0,-4.0,-4.0,-4.0,-4.0,-4.0,-4.0,-3.0,-3.0,-4.0,-4.0,-4.0,-4.0,-4.0,-4.0,-4.0,-4.0,-4.0,-4.0,-4.0,-4.0,-4.0,-4.0,-4.0,-4.0,-4.0,-4.0,-4.0,-3.0,-3.0,-4.0,-4.0,-4.0,-4.0,-4.0,-4.0,-4.0,-4.0,-4.0,-4.0,-4.0,-4.0,-3.0,-3.0,-4.0,-4.0,-4.0,-4.0,-4.0,-4.0,-4.0,-4.0,-4.0,-4.0,-4.0,-4.0,-3.0,-3.0,-4.0,-4.0,-4.0,-4.0,-4.0,-4.0,-4.0,-4.0,-4.0,-4.0,-4.0,-4.0,-3.0,-3.0,-4.0,-4.0,-4.0,-4.0,-4.0,-4.0,-4.0,-4.0,-4.0,-4.0,-4.0,-4.0,-3.0,-3.0,-4.0,-4.0,-4.0,-4.0,-4.0,-4.0,-4.0,-4.0,-4.0,-4.0,-4.0,-4.0,-3.0,-3.0,-4.0,-4.0,-4.0,-4.0,-4.0,-4.0,-4.0,-4.0,-4.0,-4.0,-4.0,-4.0
413.0,-3.0,-3.0,-4.0,-4.0,-4.0,-4.0,-4.0,-4.0,-4.0,-4.0,-4.0,-4.0,-4.0,-4.0,-3.0,-3.0,-4.0,-4.0,-4.0,-4.0,-4.0,-4.0,-4.0,-4.0,-4.0,-4.0,-4.0,-4.0,-4.0,-4.0,-4.0,-4.0,-4.0,-4.0,-4.0,-3.0,-3.0,-4.0,-4.0,-4.0,-4.0,-4.0,-4.0,-4.0,-4.0,-4.0,-4.0,-4.0,-4.0,-3.0,-3.0,-4.0,-4.0,-4.0,-4.0,-4.0,-4.0,-4.0,-4.0,-4.0,-4.0,-4.0,-4.0,-3.0,-3.0,-4.0,-4.0,-4.0,-4.0,-4.0,-4.0,-4.0,-4.0,-4.0,-4.0,-4.0,-4.0,-3.0,-3.0,-4.0,-4.0,-4.0,-4.0,-4.0,-4.0,-4.0,-4.0,-4.0,-4.0,-4.0,-4.0,-3.0,-3.0,-4.0,-4.0,-4.0,-4.0,-4.0,-4.0,-4.0,-4.0,-4.0,-4.0,-4.0,-4.0,-3.0,-3.0,-4.0,-4.0,-4.0,-4.0,-4.0,-4.0,-4.0,-4.0,-4.0,-4.0,-4.0,-4.0
414.0,57.0,0.0,274.0,399.0,520.0,629.0,753.0,-3.0,-4.0,-4.0,-4.0,-4.0,-4.0,-4.0,66.0,0.0,280.0,403.0,528.0,641.0,761.0,-3.0,-4.0,-4.0,-4.0,-4.0,-4.0,-4.0,282.0,765.0,-3.0,-4.0,-4.0,-4.0,-4.0,76.0,176.0,299.0,417.0,545.0,657.0,785.0,-3.0,-4.0,-4.0,-4.0,-4.0,-4.0,-4.0,91.0,185.0,316.0,443.0,562.0,678.0,801.0,-3.0,-4.0,-4.0,-4.0,-4.0,-4.0,-4.0,93.0,187.0,319.0,449.0,566.0,681.0,803.0,-3.0,-4.0,-4.0,-4.0,-4.0,-4.0,-4.0,27.0,120.0,216.0,344.0,479.0,589.0,710.0,-3.0,-4.0,-4.0,-4.0,-4.0,-4.0,-4.0,45.0,140.0,255.0,382.0,509.0,616.0,736.0,-3.0,-4.0,-4.0,-4.0,-4.0,-4.0,-4.0,49.0,146.0,262.0,390.0,515.0,624.0,746.0,-3.0,-4.0,-4.0,-4.0,-4.0,-4.0,-4.0
415.0,57.0,152.0,268.0,-3.0,525.0,629.0,753.0,875.0,0.0,0.0,1259.0,-4.0,-4.0,-4.0,66.0,158.0,278.0,-3.0,527.0,641.0,761.0,885.0,0.0,0.0,1273.0,-4.0,-4.0,-4.0,281.0,765.0,889.0,0.0,0.0,1277.0,-4.0,76.0,176.0,299.0,-3.0,544.0,658.0,784.0,907.0,1024.0,1150.0,1294.0,-4.0,-4.0,-4.0,91.0,185.0,316.0,-3.0,562.0,678.0,799.0,923.0,1053.0,1178.0,1315.0,-4.0,-4.0,-4.0,93.0,187.0,319.0,-3.0,566.0,681.0,803.0,926.0,1060.0,1184.0,1318.0,-4.0,-4.0,-4.0,27.0,120.0,220.0,-3.0,476.0,586.0,707.0,830.0,944.0,1079.0,1203.0,-4.0,-4.0,-4.0,45.0,140.0,256.0,-3.0,509.0,616.0,737.0,864.0,978.0,1114.0,1240.0,-4.0,-4.0,-4.0,49.0,146.0,263.0,-3.0,515.0,624.0,746.0,871.0,992.0,1120.0,1253.0,-4.0,-4.0,-4.0
416.0,61.0,152.0,272.0,399.0,525.0,635.0,753.0,875.0,-4.0,-4.0,-4.0,-4.0,-4.0,-4.0,65.0,158.0,280.0,403.0,527.0,641.0,761.0,885.0,-4.0,-4.0,-4.0,-4.0,-4.0,-4.0,282.0,765.0,889.0,-4.0,-4.0,-4.0,-4.0,81.0,172.0,297.0,423.0,544.0,659.0,783.0,907.0,-4.0,-4.0,-4.0,-4.0,-4.0,-4.0,91.0,184.0,314.0,443.0,562.0,678.0,801.0,923.0,-4.0,-4.0,-4.0,-4.0,-4.0,-4.0,93.0,187.0,319.0,449.0,566.0,681.0,803.0,926.0,-4.0,-4.0,-4.0,-4.0,-4.0,-4.0,16.0,121.0,221.0,346.0,476.0,587.0,704.0,827.0,-4.0,-4.0,-4.0,-4.0,-4.0,-4.0,43.0,139.0,255.0,382.0,509.0,616.0,738.0,863.0,-4.0,-4.0,-4.0,-4.0,-4.0,-4.0,50.0,145.0,262.0,390.0,515.0,624.0,746.0,871.0,-4.0,-4.0,-4.0,-4.0,-4.0,-4.0
417.0,59.0,154.0,0.0,-3.0,0.0,-4.0,-4.0,-4.0,-4.0,-4.0,-4.0,-4.0,-4.0,-4.0,65.0,158.0,0.0,-3.0,0.0,-4.0,-4.0,-4.0,-4.0,-4.0,-4.0,-4.0,-4.0,-4.0,0.0,-4.0,-4.0,-4.0,-4.0,-4.0,-4.0,76.0,175.0,0.0,-3.0,0.0,-4.0,-4.0,-4.0,-4.0,-4.0,-4.0,-4.0,-4.0,-4.0,91.0,184.0,0.0,-3.0,0.0,-4.0,-4.0,-4.0,-4.0,-4.0,-4.0,-4.0,-4.0,-4.0,93.0,187.0,0.0,-3.0,0.0,-4.0,-4.0,-4.0,-4.0,-4.0,-4.0,-4.0,-4.0,-4.0,25.0,122.0,198.0,-3.0,477.0,-4.0,-4.0,-4.0,-4.0,-4.0,-4.0,-4.0,-4.0,-4.0,43.0,141.0,249.0,-3.0,509.0,-4.0,-4.0,-4.0,-4.0,-4.0,-4.0,-4.0,-4.0,-4.0,50.0,145.0,260.0,-3.0,515.0,-4.0,-4.0,-4.0,-4.0,-4.0,-4.0,-4.0,-4.0,-4.0
418.0,56.0,152.0,268.0,399.0,523.0,-3.0,-4.0,-4.0,-4.0,-4.0,-4.0,-4.0,-4.0,-4.0,65.0,158.0,278.0,403.0,529.0,-3.0,-4.0,-4.0,-4.0,-4.0,-4.0,-4.0,-4.0,-4.0,281.0,-4.0,-4.0,-4.0,-4.0,-4.0,-4.0,76.0,175.0,297.0,417.0,544.0,-3.0,-4.0,-4.0,-4.0,-4.0,-4.0,-4.0,-4.0,-4.0,91.0,184.0,314.0,443.0,562.0,-3.0,-4.0,-4.0,-4.0,-4.0,-4.0,-4.0,-4.0,-4.0,93.0,187.0,319.0,449.0,566.0,-3.0,-4.0,-4.0,-4.0,-4.0,-4.0,-4.0,-4.0,-4.0,25.0,122.0,216.0,347.0,477.0,-3.0,-4.0,-4.0,-4.0,-4.0,-4.0,-4.0,-4.0,-4.0,43.0,141.0,255.0,382.0,509.0,-3.0,-4.0,-4.0,-4.0,-4.0,-4.0,-4.0,-4.0,-4.0,50.0,145.0,262.0,390.0,515.0,-3.0,-4.0,-4.0,-4.0,-4.0,-4.0,-4.0,-4.0,-4.0
419.0,56.0,152.0,272.0,399.0,525.0,635.0,753.0,875.0,-4.0,-4.0,-4.0,-4.0,-4.0,-4.0,65.0,158.0,280.0,403.0,527.0,641.0,761.0,885.0,-4.0,-4.0,-4.0,-4.0,-4.0,-4.0,282.0,765.0,889.0,-4.0,-4.0,-4.0,-4.0,76.0,177.0,297.0,423.0,544.0,659.0,786.0,906.0,-4.0,-4.0,-4.0,-4.0,-4.0,-4.0,91.0,184.0,314.0,443.0,562.0,678.0,801.0,923.0,-4.0,-4.0,-4.0,-4.0,-4.0,-4.0,93.0,187.0,319.0,449.0,566.0,681.0,803.0,926.0,-4.0,-4.0,-4.0,-4.0,-4.0,-4.0,22.0,121.0,221.0,346.0,477.0,587.0,709.0,832.0,-4.0,-4.0,-4.0,-4.0,-4.0,-4.0,43.0,139.0,255.0,382.0,509.0,616.0,738.0,863.0,-4.0,-4.0,-4.0,-4.0,-4.0,-4.0,50.0,145.0,262.0,390.0,515.0,624.0,746.0,871.0,-4.0,-4.0,-4.0,-4.0,-4.0,-4.0
420.0,-3.0,152.0,-4.0,-4.0,-4.0,-4.0,-4.0,-4.0,-4.0,-4.0,-4.0,-4.0,-4.0,-4.0,-3.0,158.0,-4.0,-4.0,-4.0,-4.0,-4.0,-4.0,-4.0,-4.0,-4.0,-4.0,-4.0,-4.0,-4.0,-4.0,-4.0,-4.0,-4.0,-4.0,-4.0,-3.0,175.0,-4.0,-4.0,-4.0,-4.0,-4.0,-4.0,-4.0,-4.0,-4.0,-4.0,-4.0,-4.0,-3.0,184.0,-4.0,-4.0,-4.0,-4.0,-4.0,-4.0,-4.0,-4.0,-4.0,-4.0,-4.0,-4.0,-3.0,187.0,-4.0,-4.0,-4.0,-4.0,-4.0,-4.0,-4.0,-4.0,-4.0,-4.0,-4.0,-4.0,-3.0,122.0,-4.0,-4.0,-4.0,-4.0,-4.0,-4.0,-4.0,-4.0,-4.0,-4.0,-4.0,-4.0,-3.0,141.0,-4.0,-4.0,-4.0,-4.0,-4.0,-4.0,-4.0,-4.0,-4.0,-4.0,-4.0,-4.0,-3.0,145.0,-4.0,-4.0,-4.0,-4.0,-4.0,-4.0,-4.0,-4.0,-4.0,-4.0,-4.0,-4.0
421.0,59.0,152.0,272.0,399.0,0.0,635.0,-5.0,875.0,-4.0,-4.0,-4.0,-4.0,-4.0,-4.0,65.0,158.0,280.0,403.0,0.0,641.0,-5.0,885.0,-4.0,-4.0,-4.0,-4.0,-4.0,-4.0,282.0,-5.0,889.0,-4.0,-4.0,-4.0,-4.0,76.0,175.0,297.0,423.0,0.0,658.0,-5.0,906.0,-4.0,-4.0,-4.0,-4.0,-4.0,-4.0,91.0,184.0,314.0,443.0,0.0,678.0,-5.0,923.0,-4.0,-4.0,-4.0,-4.0,-4.0,-4.0,93.0,187.0,319.0,449.0,0.0,681.0,-5.0,926.0,-4.0,-4.0,-4.0,-4.0,-4.0,-4.0,22.0,122.0,217.0,347.0,477.0,587.0,-5.0,832.0,-4.0,-4.0,-4.0,-4.0,-4.0,-4.0,43.0,141.0,255.0,382.0,509.0,616.0,-5.0,863.0,-4.0,-4.0,-4.0,-4.0,-4.0,-4.0,50.0,145.0,262.0,390.0,515.0,624.0,-5.0,871.0,-4.0,-4.0,-4.0,-4.0,-4.0,-4.0
422.0,56.0,-3.0,-5.0,-5.0,-5.0,-5.0,-5.0,-5.0,-4.0,-4.0,-4.0,-4.0,-4.0,-4.0,65.0,-3.0,-5.0,-5.0,-5.0,-5.0,-5.0,-5.0,-4.0,-4.0,-4.0,-4.0,-4.0,-4.0,-5.0,-5.0,-5.0,-4.0,-4.0,-4.0,-4.0,76.0,-3.0,-5.0,-5.0,-5.0,-5.0,-5.0,-5.0,-4.0,-4.0,-4.0,-4.0,-4.0,-4.0,91.0,-3.0,-5.0,-5.0,-5.0,-5.0,-5.0,-5.0,-4.0,-4.0,-4.0,-4.0,-4.0,-4.0,93.0,-3.0,-5.0,-5.0,-5.0,-5.0,-5.0,-5.0,-4.0,-4.0,-4.0,-4.0,-4.0,-4.0,25.0,-3.0,-5.0,-5.0,-5.0,-5.0,-5.0,-5.0,-4.0,-4.0,-4.0,-4.0,-4.0,-4.0,43.0,-3.0,-5.0,-5.0,-5.0,-5.0,-5.0,-5.0,-4.0,-4.0,-4.0,-4.0,-4.0,-4.0,50.0,-3.0,-5.0,-5.0,-5.0,-5.0,-5.0,-5.0,-4.0,-4.0,-4.0,-4.0,-4.0,-4.0
423.0,59.0,152.0,269.0,0.0,0.0,-3.0,0.0,875.0,1000.0,1126.0,-5.0,-4.0,-4.0,-4.0,65.0,158.0,279.0,0.0,0.0,-3.0,0.0,885.0,1013.0,1141.0,-5.0,-4.0,-4.0,-4.0,282.0,0.0,889.0,1017.0,1145.0,-5.0,-4.0,76.0,175.0,297.0,0.0,544.0,-3.0,772.0,896.0,1030.0,1160.0,-5.0,-4.0,-4.0,-4.0,91.0,184.0,314.0,0.0,562.0,-3.0,799.0,919.0,1053.0,1178.0,-5.0,-4.0,-4.0,-4.0,93.0,187.0,319.0,0.0,566.0,-3.0,803.0,926.0,1060.0,1184.0,-5.0,-4.0,-4.0,-4.0,22.0,122.0,218.0,344.0,476.0,-3.0,711.0,830.0,942.0,1071.0,-5.0,-4.0,-4.0,-4.0,43.0,141.0,255.0,382.0,509.0,-3.0,737.0,864.0,980.0,1113.0,-5.0,-4.0,-4.0,-4.0,50.0,145.0,262.0,390.0,515.0,-3.0,746.0,871.0,992.0,1120.0,-5.0,-4.0,-4.0,-4.0
424.0,59.0,152.0,272.0,397.0,523.0,629.0,0.0,882.0,-4.0,-4.0,-4.0,-4.0,-4.0,-4.0,65.0,158.0,280.0,403.0,529.0,641.0,0.0,885.0,-4.0,-4.0,-4.0,-4.0,-4.0,-4.0,282.0,0.0,889.0,-4.0,-4.0,-4.0,-4.0,76.0,175.0,297.0,417.0,545.0,657.0,782.0,905.0,-4.0,-4.0,-4.0,-4.0,-4.0,-4.0,91.0,184.0,314.0,443.0,562.0,678.0,801.0,923.0,-4.0,-4.0,-4.0,-4.0,-4.0,-4.0,93.0,187.0,319.0,449.0,566.0,681.0,803.0,926.0,-4.0,-4.0,-4.0,-4.0,-4.0,-4.0,25.0,122.0,217.0,344.0,478.0,588.0,705.0,829.0,-4.0,-4.0,-4.0,-4.0,-4.0,-4.0,43.0,141.0,255.0,382.0,507.0,616.0,738.0,864.0,-4.0,-4.0,-4.0,-4.0,-4.0,-4.0,50.0,145.0,262.0,390.0,513.0,624.0,746.0,871.0,-4.0,-4.0,-4.0,-4.0,-4.0,-4.0
425.0,56.0,-3.0,268.0,399.0,523.0,0.0,0.0,0.0,-4.0,-4.0,-4.0,-4.0,-4.0,-4.0,65.0,-3.0,278.0,403.0,529.0,0.0,0.0,0.0,-4.0,-4.0,-4.0,-4.0,-4.0,-4.0,281.0,0.0,0.0,-4.0,-4.0,-4.0,-4.0,76.0,-3.0,297.0,417.0,544.0,0.0,766.0,0.0,-4.0,-4.0,-4.0,-4.0,-4.0,-4.0,91.0,-3.0,314.0,443.0,562.0,0.0,797.0,0.0,-4.0,-4.0,-4.0,-4.0,-4.0,-4.0,93.0,-3.0,319.0,449.0,566.0,0.0,803.0,0.0,-4.0,-4.0,-4.0,-4.0,-4.0,-4.0,25.0,-3.0,216.0,344.0,477.0,589.0,705.0,828.0,-4.0,-4.0,-4.0,-4.0,-4.0,-4.0,43.0,-3.0,255.0,382.0,509.0,616.0,738.0,863.0,-4.0,-4.0,-4.0,-4.0,-4.0,-4.0,50.0,-3.0,262.0,390.0,515.0,624.0,746.0,871.0,-4.0,-4.0,-4.0,-4.0,-4.0,-4.0
426.0,56.0,152.0,268.0,394.0,520.0,635.0,753.0,0.0,-4.0,-4.0,-4.0,-4.0,-4.0,-4.0,65.0,158.0,278.0,403.0,528.0,641.0,761.0,0.0,-4.0,-4.0,-4.0,-4.0,-4.0,-4.0,281.0,765.0,0.0,-4.0,-4.0,-4.0,-4.0,76.0,175.0,297.0,417.0,544.0,658.0,783.0,906.0,-4.0,-4.0,-4.0,-4.0,-4.0,-4.0,91.0,184.0,314.0,443.0,562.0,678.0,801.0,923.0,-4.0,-4.0,-4.0,-4.0,-4.0,-4.0,93.0,187.0,319.0,449.0,566.0,681.0,803.0,926.0,-4.0,-4.0,-4.0,-4.0,-4.0,-4.0,25.0,122.0,216.0,344.0,476.0,587.0,704.0,827.0,-4.0,-4.0,-4.0,-4.0,-4.0,-4.0,43.0,141.0,255.0,382.0,509.0,616.0,738.0,863.0,-4.0,-4.0,-4.0,-4.0,-4.0,-4.0,50.0,145.0,262.0,390.0,515.0,624.0,746.0,871.0,-4.0,-4.0,-4.0,-4.0,-4.0,-4.0
427.0,0.0,-3.0,0.0,-3.0,0.0,-4.0,-4.0,-4.0,-4.0,-4.0,-4.0,-4.0,-4.0,-4.0,0.0,-3.0,0.0,-3.0,0.0,-4.0,-4.0,-4.0,-4.0,-4.0,-4.0,-4.0,-4.0,-4.0,0.0,-4.0,-4.0,-4.0,-4.0,-4.0,-4.0,76.0,-3.0,297.0,-3.0,0.0,-4.0,-4.0,-4.0,-4.0,-4.0,-4.0,-4.0,-4.0,-4.0,91.0,-3.0,314.0,-3.0,0.0,-4.0,-4.0,-4.0,-4.0,-4.0,-4.0,-4.0,-4.0,-4.0,93.0,-3.0,319.0,-3.0,0.0,-4.0,-4.0,-4.0,-4.0,-4.0,-4.0,-4.0,-4.0,-4.0,27.0,-3.0,216.0,-3.0,476.0,-4.0,-4.0,-4.0,-4.0,-4.0,-4.0,-4.0,-4.0,-4.0,45.0,-3.0,255.0,-3.0,509.0,-4.0,-4.0,-4.0,-4.0,-4.0,-4.0,-4.0,-4.0,-4.0,49.0,-3.0,262.0,-3.0,515.0,-4.0,-4.0,-4.0,-4.0,-4.0,-4.0,-4.0,-4.0,-4.0
428.0,59.0,152.0,272.0,397.0,523.0,629.0,753.0,-3.0,-4.0,-4.0,-4.0,-4.0,-4.0,-4.0,65.0,158.0,280.0,403.0,529.0,641.0,761.0,-3.0,-4.0,-4.0,-4.0,-4.0,-4.0,-4.0,282.0,765.0,-3.0,-4.0,-4.0,-4.0,-4.0,80.0,175.0,297.0,417.0,545.0,658.0,775.0,-3.0,-4.0,-4.0,-4.0,-4.0,-4.0,-4.0,91.0,184.0,314.0,443.0,562.0,678.0,800.0,-3.0,-4.0,-4.0,-4.0,-4.0,-4.0,-4.0,93.0,187.0,319.0,449.0,566.0,681.0,803.0,-3.0,-4.0,-4.0,-4.0,-4.0,-4.0,-4.0,25.0,122.0,217.0,344.0,479.0,590.0,707.0,-3.0,-4.0,-4.0,-4.0,-4.0,-4.0,-4.0,43.0,141.0,255.0,382.0,509.0,616.0,737.0,-3.0,-4.0,-4.0,-4.0,-4.0,-4.0,-4.0,50.0,145.0,262.0,390.0,515.0,624.0,746.0,-3.0,-4.0,-4.0,-4.0,-4.0,-4.0,-4.0
429.0,-3.0,154.0,272.0,397.0,523.0,634.0,753.0,883.0,-4.0,-4.0,-4.0,-4.0,-4.0,-4.0,-3.0,158.0,280.0,403.0,529.0,641.0,761.0,888.0,-4.0,-4.0,-4.0,-4.0,-4.0,-4.0,282.0,765.0,890.0,-4.0,-4.0,-4.0,-4.0,-3.0,175.0,298.0,424.0,545.0,657.0,782.0,904.0,-4.0,-4.0,-4.0,-4.0,-4.0,-4.0,-3.0,184.0,314.0,444.0,562.0,678.0,801.0,923.0,-4.0,-4.0,-4.0,-4.0,-4.0,-4.0,-3.0,187.0,319.0,449.0,566.0,681.0,803.0,926.0,-4.0,-4.0,-4.0,-4.0,-4.0,-4.0,-3.0,119.0,222.0,348.0,479.0,589.0,706.0,831.0,-4.0,-4.0,-4.0,-4.0,-4.0,-4.0,-3.0,141.0,254.0,382.0,509.0,616.0,738.0,862.0,-4.0,-4.0,-4.0,-4.0,-4.0,-4.0,-3.0,145.0,262.0,390.0,515.0,624.0,746.0,871.0,-4.0,-4.0,-4.0,-4.0,-4.0,-4.0
430.0,0.0,0.0,272.0,399.0,0.0,629.0,-3.0,-3.0,-4.0,-4.0,-4.0,-4.0,-4.0,-4.0,0.0,0.0,280.0,403.0,0.0,641.0,-3.0,-3.0,-4.0,-4.0,-4.0,-4.0,-4.0,-4.0,282.0,-3.0,-3.0,-4.0,-4.0,-4.0,-4.0,76.0,0.0,297.0,417.0,0.0,658.0,-3.0,-3.0,-4.0,-4.0,-4.0,-4.0,-4.0,-4.0,91.0,0.0,314.0,443.0,0.0,678.0,-3.0,-3.0,-4.0,-4.0,-4.0,-4.0,-4.0,-4.0,93.0,0.0,319.0,449.0,0.0,681.0,-3.0,-3.0,-4.0,-4.0,-4.0,-4.0,-4.0,-4.0,22.0,119.0,216.0,344.0,477.0,586.0,-3.0,-3.0,-4.0,-4.0,-4.0,-4.0,-4.0,-4.0,43.0,141.0,255.0,382.0,509.0,616.0,-3.0,-3.0,-4.0,-4.0,-4.0,-4.0,-4.0,-4.0,50.0,145.0,262.0,390.0,515.0,624.0,-3.0,-3.0,-4.0,-4.0,-4.0,-4.0,-4.0,-4.0
431.0,61.0,152.0,272.0,399.0,525.0,635.0,753.0,875.0,-4.0,-4.0,-4.0,-4.0,-4.0,-4.0,65.0,158.0,280.0,403.0,527.0,641.0,761.0,885.0,-4.0,-4.0,-4.0,-4.0,-4.0,-4.0,282.0,765.0,889.0,-4.0,-4.0,-4.0,-4.0,81.0,177.0,297.0,423.0,544.0,659.0,786.0,906.0,-4.0,-4.0,-4.0,-4.0,-4.0,-4.0,91.0,184.0,314.0,443.0,562.0,678.0,801.0,923.0,-4.0,-4.0,-4.0,-4.0,-4.0,-4.0,93.0,187.0,319.0,449.0,566.0,681.0,803.0,926.0,-4.0,-4.0,-4.0,-4.0,-4.0,-4.0,23.0,123.0,218.0,347.0,476.0,587.0,709.0,828.0,-4.0,-4.0,-4.0,-4.0,-4.0,-4.0,43.0,139.0,255.0,382.0,509.0,616.0,738.0,863.0,-4.0,-4.0,-4.0,-4.0,-4.0,-4.0,50.0,145.0,262.0,390.0,515.0,624.0,746.0,871.0,-4.0,-4.0,-4.0,-4.0,-4.0,-4.0
432.0,56.0,152.0,-5.0,-5.0,0.0,-4.0,-4.0,-4.0,-4.0,-4.0,-4.0,-4.0,-4.0,-4.0,65.0,158.0,-5.0,-5.0,0.0,-4.0,-4.0,-4.0,-4.0,-4.0,-4.0,-4.0,-4.0,-4.0,-5.0,-4.0,-4.0,-4.0,-4.0,-4.0,-4.0,76.0,177.0,-5.0,-5.0,0.0,-4.0,-4.0,-4.0,-4.0,-4.0,-4.0,-4.0,-4.0,-4.0,91.0,184.0,-5.0,-5.0,0.0,-4.0,-4.0,-4.0,-4.0,-4.0,-4.0,-4.0,-4.0,-4.0,93.0,187.0,-5.0,-5.0,0.0,-4.0,-4.0,-4.0,-4.0,-4.0,-4.0,-4.0,-4.0,-4.0,22.0,121.0,-5.0,-5.0,477.0,-4.0,-4.0,-4.0,-4.0,-4.0,-4.0,-4.0,-4.0,-4.0,43.0,139.0,-5.0,-5.0,509.0,-4.0,-4.0,-4.0,-4.0,-4.0,-4.0,-4.0,-4.0,-4.0,50.0,145.0,-5.0,-5.0,515.0,-4.0,-4.0,-4.0,-4.0,-4.0,-4.0,-4.0,-4.0,-4.0
433.0,56.0,152.0,272.0,399.0,521.0,-4.0,-4.0,-4.0,-4.0,-4.0,-4.0,-4.0,-4.0,-4.0,65.0,158.0,280.0,403.0,529.0,-4.0,-4.0,-4.0,-4.0,-4.0,-4.0,-4.0,-4.0,-4.0,282.0,-4.0,-4.0,-4.0,-4.0,-4.0,-4.0,80.0,177.0,297.0,423.0,544.0,-4.0,-4.0,-4.0,-4.0,-4.0,-4.0,-4.0,-4.0,-4.0,91.0,184.0,314.0,443.0,562.0,-4.0,-4.0,-4.0,-4.0,-4.0,-4.0,-4.0,-4.0,-4.0,93.0,187.0,319.0,449.0,566.0,-4.0,-4.0,-4.0,-4.0,-4.0,-4.0,-4.0,-4.0,-4.0,22.0,123.0,216.0,347.0,476.0,-4.0,-4.0,-4.0,-4.0,-4.0,-4.0,-4.0,-4.0,-4.0,43.0,139.0,255.0,382.0,509.0,-4.0,-4.0,-4.0,-4.0,-4.0,-4.0,-4.0,-4.0,-4.0,50.0,145.0,262.0,390.0,515.0,-4.0,-4.0,-4.0,-4.0,-4.0,-4.0,-4.0,-4.0,-4.0
434.0,56.0,152.0,-5.0,395.0,523.0,0.0,752.0,0.0,1000.0,1127.0,-3.0,-4.0,-4.0,-4.0,65.0,158.0,-5.0,404.0,529.0,0.0,762.0,0.0,1013.0,1141.0,-3.0,-4.0,-4.0,-4.0,-5.0,765.0,0.0,1017.0,1145.0,-3.0,-4.0,76.0,177.0,-5.0,407.0,535.0,658.0,773.0,907.0,1027.0,1150.0,-3.0,-4.0,-4.0,-4.0,91.0,184.0,-5.0,441.0,559.0,678.0,800.0,923.0,1053.0,1178.0,-3.0,-4.0,-4.0,-4.0,93.0,187.0,-5.0,448.0,565.0,681.0,803.0,926.0,1060.0,1184.0,-3.0,-4.0,-4.0,-4.0,22.0,124.0,-5.0,333.0,461.0,575.0,707.0,813.0,944.0,1079.0,-3.0,-4.0,-4.0,-4.0,43.0,141.0,-5.0,378.0,501.0,613.0,737.0,858.0,978.0,1114.0,-3.0,-4.0,-4.0,-4.0,50.0,145.0,-5.0,388.0,511.0,622.0,746.0,869.0,992.0,1120.0,-3.0,-4.0,-4.0,-4.0
435.0,56.0,155.0,-4.0,-4.0,-4.0,-4.0,-4.0,-4.0,-4.0,-4.0,-4.0,-4.0,-4.0,-4.0,65.0,159.0,-4.0,-4.0,-4.0,-4.0,-4.0,-4.0,-4.0,-4.0,-4.0,-4.0,-4.0,-4.0,-4.0,-4.0,-4.0,-4.0,-4.0,-4.0,-4.0,79.0,175.0,-4.0,-4.0,-4.0,-4.0,-4.0,-4.0,-4.0,-4.0,-4.0,-4.0,-4.0,-4.0,90.0,184.0,-4.0,-4.0,-4.0,-4.0,-4.0,-4.0,-4.0,-4.0,-4.0,-4.0,-4.0,-4.0,93.0,187.0,-4.0,-4.0,-4.0,-4.0,-4.0,-4.0,-4.0,-4.0,-4.0,-4.0,-4.0,-4.0,26.0,124.0,-4.0,-4.0,-4.0,-4.0,-4.0,-4.0,-4.0,-4.0,-4.0,-4.0,-4.0,-4.0,45.0,141.0,-4.0,-4.0,-4.0,-4.0,-4.0,-4.0,-4.0,-4.0,-4.0,-4.0,-4.0,-4.0,49.0,145.0,-4.0,-4.0,-4.0,-4.0,-4.0,-4.0,-4.0,-4.0,-4.0,-4.0,-4.0,-4.0
436.0,56.0,152.0,275.0,397.0,521.0,632.0,755.0,879.0,-4.0,-4.0,-4.0,-4.0,-4.0,-4.0,65.0,158.0,277.0,403.0,529.0,640.0,762.0,887.0,-4.0,-4.0,-4.0,-4.0,-4.0,-4.0,281.0,765.0,890.0,-4.0,-4.0,-4.0,-4.0,81.0,177.0,298.0,422.0,543.0,660.0,781.0,905.0,-4.0,-4.0,-4.0,-4.0,-4.0,-4.0,91.0,184.0,314.0,443.0,562.0,678.0,801.0,923.0,-4.0,-4.0,-4.0,-4.0,-4.0,-4.0,93.0,187.0,319.0,449.0,566.0,681.0,803.0,926.0,-4.0,-4.0,-4.0,-4.0,-4.0,-4.0,28.0,123.0,222.0,345.0,478.0,588.0,706.0,831.0,-4.0,-4.0,-4.0,-4.0,-4.0,-4.0,45.0,139.0,254.0,382.0,507.0,616.0,738.0,862.0,-4.0,-4.0,-4.0,-4.0,-4.0,-4.0,49.0,145.0,262.0,390.0,513.0,624.0,746.0,871.0,-4.0,-4.0,-4.0,-4.0,-4.0,-4.0
437.0,-3.0,-3.0,272.0,399.0,525.0,635.0,753.0,875.0,-4.0,-4.0,-4.0,-4.0,-4.0,-4.0,-3.0,-3.0,280.0,403.0,527.0,641.0,761.0,885.0,-4.0,-4.0,-4.0,-4.0,-4.0,-4.0,282.0,765.0,889.0,-4.0,-4.0,-4.0,-4.0,-3.0,-3.0,297.0,423.0,544.0,659.0,783.0,907.0,-4.0,-4.0,-4.0,-4.0,-4.0,-4.0,-3.0,-3.0,314.0,443.0,562.0,678.0,801.0,923.0,-4.0,-4.0,-4.0,-4.0,-4.0,-4.0,-3.0,-3.0,319.0,449.0,566.0,681.0,803.0,926.0,-4.0,-4.0,-4.0,-4.0,-4.0,-4.0,-3.0,-3.0,221.0,346.0,476.0,587.0,704.0,827.0,-4.0,-4.0,-4.0,-4.0,-4.0,-4.0,-3.0,-3.0,255.0,382.0,509.0,616.0,738.0,863.0,-4.0,-4.0,-4.0,-4.0,-4.0,-4.0,-3.0,-3.0,262.0,390.0,515.0,624.0,746.0,871.0,-4.0,-4.0,-4.0,-4.0,-4.0,-4.0
438.0,-5.0,-5.0,-5.0,399.0,523.0,635.0,753.0,875.0,1001.0,0.0,1259.0,-4.0,-4.0,-4.0,-5.0,-5.0,-5.0,403.0,529.0,641.0,761.0,885.0,1013.0,0.0,1273.0,-4.0,-4.0,-4.0,-5.0,765.0,889.0,1017.0,0.0,1277.0,-4.0,-5.0,-5.0,-5.0,417.0,545.0,659.0,772.0,895.0,1024.0,0.0,1291.0,-4.0,-4.0,-4.0,-5.0,-5.0,-5.0,443.0,562.0,678.0,799.0,921.0,1053.0,0.0,1312.0,-4.0,-4.0,-4.0,-5.0,-5.0,-5.0,449.0,566.0,681.0,803.0,926.0,1060.0,0.0,1318.0,-4.0,-4.0,-4.0,-5.0,-5.0,-5.0,349.0,479.0,586.0,711.0,812.0,938.0,1069.0,1199.0,-4.0,-4.0,-4.0,-5.0,-5.0,-5.0,382.0,509.0,616.0,737.0,858.0,978.0,1111.0,1246.0,-4.0,-4.0,-4.0,-5.0,-5.0,-5.0,390.0,515.0,624.0,746.0,869.0,992.0,1120.0,1253.0,-4.0,-4.0,-4.0
439.0,59.0,152.0,0.0,0.0,-5.0,0.0,0.0,0.0,-4.0,-4.0,-4.0,-4.0,-4.0,-4.0,65.0,158.0,0.0,0.0,-5.0,0.0,0.0,0.0,-4.0,-4.0,-4.0,-4.0,-4.0,-4.0,0.0,0.0,0.0,-4.0,-4.0,-4.0,-4.0,76.0,177.0,297.0,417.0,-5.0,0.0,775.0,895.0,-4.0,-4.0,-4.0,-4.0,-4.0,-4.0,91.0,184.0,314.0,443.0,-5.0,0.0,800.0,921.0,-4.0,-4.0,-4.0,-4.0,-4.0,-4.0,93.0,187.0,319.0,449.0,-5.0,0.0,803.0,926.0,-4.0,-4.0,-4.0,-4.0,-4.0,-4.0,27.0,124.0,216.0,344.0,-5.0,586.0,711.0,813.0,-4.0,-4.0,-4.0,-4.0,-4.0,-4.0,45.0,141.0,255.0,382.0,-5.0,616.0,737.0,858.0,-4.0,-4.0,-4.0,-4.0,-4.0,-4.0,49.0,145.0,262.0,390.0,-5.0,624.0,746.0,869.0,-4.0,-4.0,-4.0,-4.0,-4.0,-4.0
440.0,59.0,154.0,271.0,-5.0,521.0,634.0,754.0,882.0,-4.0,-4.0,-4.0,-4.0,-4.0,-4.0,65.0,158.0,279.0,-5.0,529.0,641.0,762.0,885.0,-4.0,-4.0,-4.0,-4.0,-4.0,-4.0,282.0,765.0,889.0,-4.0,-4.0,-4.0,-4.0,80.0,177.0,298.0,-5.0,543.0,660.0,782.0,905.0,-4.0,-4.0,-4.0,-4.0,-4.0,-4.0,91.0,184.0,314.0,-5.0,562.0,678.0,801.0,923.0,-4.0,-4.0,-4.0,-4.0,-4.0,-4.0,93.0,187.0,319.0,-5.0,566.0,681.0,803.0,926.0,-4.0,-4.0,-4.0,-4.0,-4.0,-4.0,20.0,114.0,215.0,-5.0,478.0,588.0,708.0,829.0,-4.0,-4.0,-4.0,-4.0,-4.0,-4.0,43.0,139.0,254.0,-5.0,507.0,616.0,738.0,864.0,-4.0,-4.0,-4.0,-4.0,-4.0,-4.0,50.0,145.0,262.0,-5.0,513.0,624.0,746.0,871.0,-4.0,-4.0,-4.0,-4.0,-4.0,-4.0
441.0,56.0,152.0,272.0,399.0,520.0,635.0,0.0,875.0,0.0,0.0,1259.0,-4.0,-4.0,-4.0,65.0,158.0,280.0,403.0,528.0,641.0,0.0,885.0,0.0,0.0,1273.0,-4.0,-4.0,-4.0,282.0,0.0,889.0,0.0,0.0,1277.0,-4.0,76.0,177.0,298.0,423.0,544.0,658.0,784.0,907.0,1024.0,1150.0,1294.0,-4.0,-4.0,-4.0,91.0,184.0,314.0,443.0,562.0,678.0,799.0,923.0,1053.0,1178.0,1315.0,-4.0,-4.0,-4.0,93.0,187.0,319.0,449.0,566.0,681.0,803.0,926.0,1060.0,1184.0,1318.0,-4.0,-4.0,-4.0,27.0,124.0,217.0,346.0,476.0,586.0,707.0,830.0,944.0,1079.0,1203.0,-4.0,-4.0,-4.0,45.0,141.0,255.0,382.0,509.0,616.0,737.0,864.0,978.0,1114.0,1240.0,-4.0,-4.0,-4.0,49.0,145.0,262.0,390.0,515.0,624.0,746.0,871.0,992.0,1120.0,1253.0,-4.0,-4.0,-4.0
442.0,59.0,154.0,271.0,397.0,521.0,634.0,754.0,882.0,-4.0,-4.0,-4.0,-4.0,-4.0,-4.0,65.0,158.0,279.0,403.0,529.0,641.0,762.0,885.0,-4.0,-4.0,-4.0,-4.0,-4.0,-4.0,282.0,765.0,889.0,-4.0,-4.0,-4.0,-4.0,80.0,171.0,295.0,422.0,543.0,660.0,782.0,905.0,-4.0,-4.0,-4.0,-4.0,-4.0,-4.0,91.0,184.0,314.0,443.0,562.0,678.0,801.0,923.0,-4.0,-4.0,-4.0,-4.0,-4.0,-4.0,93.0,187.0,319.0,449.0,566.0,681.0,803.0,926.0,-4.0,-4.0,-4.0,-4.0,-4.0,-4.0,20.0,114.0,215.0,345.0,478.0,588.0,708.0,829.0,-4.0,-4.0,-4.0,-4.0,-4.0,-4.0,43.0,139.0,254.0,382.0,507.0,616.0,738.0,864.0,-4.0,-4.0,-4.0,-4.0,-4.0,-4.0,50.0,145.0,262.0,390.0,513.0,624.0,746.0,871.0,-4.0,-4.0,-4.0,-4.0,-4.0,-4.0
443.0,60.0,153.0,269.0,394.0,524.0,-3.0,755.0,882.0,0.0,0.0,0.0,-4.0,-4.0,-4.0,65.0,159.0,279.0,403.0,529.0,-3.0,762.0,885.0,0.0,0.0,0.0,-4.0,-4.0,-4.0,282.0,765.0,889.0,0.0,0.0,0.0,-4.0,77.0,169.0,293.0,419.0,541.0,-3.0,780.0,891.0,1030.0,1150.0,1294.0,-4.0,-4.0,-4.0,89.0,183.0,311.0,444.0,561.0,-3.0,801.0,919.0,1053.0,1178.0,1315.0,-4.0,-4.0,-4.0,93.0,187.0,319.0,449.0,566.0,-3.0,803.0,926.0,1060.0,1184.0,1318.0,-4.0,-4.0,-4.0,15.0,111.0,218.0,342.0,470.0,-3.0,703.0,818.0,944.0,1079.0,1203.0,-4.0,-4.0,-4.0,42.0,138.0,255.0,381.0,505.0,-3.0,737.0,859.0,978.0,1114.0,1240.0,-4.0,-4.0,-4.0,50.0,145.0,262.0,390.0,513.0,-3.0,746.0,869.0,992.0,1120.0,1253.0,-4.0,-4.0,-4.0
444.0,56.0,0.0,272.0,397.0,521.0,629.0,755.0,882.0,-4.0,-4.0,-4.0,-4.0,-4.0,-4.0,65.0,0.0,280.0,403.0,529.0,641.0,762.0,885.0,-4.0,-4.0,-4.0,-4.0,-4.0,-4.0,282.0,765.0,889.0,-4.0,-4.0,-4.0,-4.0,80.0,177.0,297.0,422.0,543.0,659.0,782.0,905.0,-4.0,-4.0,-4.0,-4.0,-4.0,-4.0,91.0,184.0,314.0,443.0,562.0,678.0,801.0,923.0,-4.0,-4.0,-4.0,-4.0,-4.0,-4.0,93.0,187.0,319.0,449.0,566.0,681.0,803.0,926.0,-4.0,-4.0,-4.0,-4.0,-4.0,-4.0,23.0,121.0,218.0,345.0,478.0,588.0,705.0,833.0,-4.0,-4.0,-4.0,-4.0,-4.0,-4.0,43.0,139.0,255.0,382.0,507.0,616.0,738.0,863.0,-4.0,-4.0,-4.0,-4.0,-4.0,-4.0,50.0,145.0,262.0,390.0,513.0,624.0,746.0,871.0,-4.0,-4.0,-4.0,-4.0,-4.0,-4.0
445.0,56.0,152.0,272.0,399.0,-5.0,635.0,-5.0,-3.0,-4.0,-4.0,-4.0,-4.0,-4.0,-4.0,65.0,158.0,280.0,403.0,-5.0,641.0,-5.0,-3.0,-4.0,-4.0,-4.0,-4.0,-4.0,-4.0,282.0,-5.0,-3.0,-4.0,-4.0,-4.0,-4.0,80.0,177.0,298.0,423.0,-5.0,659.0,-5.0,-3.0,-4.0,-4.0,-4.0,-4.0,-4.0,-4.0,91.0,184.0,314.0,443.0,-5.0,678.0,-5.0,-3.0,-4.0,-4.0,-4.0,-4.0,-4.0,-4.0,93.0,187.0,319.0,449.0,-5.0,681.0,-5.0,-3.0,-4.0,-4.0,-4.0,-4.0,-4.0,-4.0,23.0,123.0,217.0,347.0,-5.0,587.0,-5.0,-3.0,-4.0,-4.0,-4.0,-4.0,-4.0,-4.0,43.0,139.0,255.0,382.0,-5.0,616.0,-5.0,-3.0,-4.0,-4.0,-4.0,-4.0,-4.0,-4.0,50.0,145.0,262.0,390.0,-5.0,624.0,-5.0,-3.0,-4.0,-4.0,-4.0,-4.0,-4.0,-4.0
446.0,56.0,-5.0,-4.0,-4.0,-4.0,-4.0,-4.0,-4.0,-4.0,-4.0,-4.0,-4.0,-4.0,-4.0,65.0,-5.0,-4.0,-4.0,-4.0,-4.0,-4.0,-4.0,-4.0,-4.0,-4.0,-4.0,-4.0,-4.0,-4.0,-4.0,-4.0,-4.0,-4.0,-4.0,-4.0,76.0,-5.0,-4.0,-4.0,-4.0,-4.0,-4.0,-4.0,-4.0,-4.0,-4.0,-4.0,-4.0,-4.0,91.0,-5.0,-4.0,-4.0,-4.0,-4.0,-4.0,-4.0,-4.0,-4.0,-4.0,-4.0,-4.0,-4.0,93.0,-5.0,-4.0,-4.0,-4.0,-4.0,-4.0,-4.0,-4.0,-4.0,-4.0,-4.0,-4.0,-4.0,26.0,-5.0,-4.0,-4.0,-4.0,-4.0,-4.0,-4.0,-4.0,-4.0,-4.0,-4.0,-4.0,-4.0,45.0,-5.0,-4.0,-4.0,-4.0,-4.0,-4.0,-4.0,-4.0,-4.0,-4.0,-4.0,-4.0,-4.0,49.0,-5.0,-4.0,-4.0,-4.0,-4.0,-4.0,-4.0,-4.0,-4.0,-4.0,-4.0,-4.0,-4.0
447.0,61.0,-5.0,-5.0,399.0,523.0,-4.0,-4.0,-4.0,-4.0,-4.0,-4.0,-4.0,-4.0,-4.0,65.0,-5.0,-5.0,403.0,529.0,-4.0,-4.0,-4.0,-4.0,-4.0,-4.0,-4.0,-4.0,-4.0,-5.0,-4.0,-4.0,-4.0,-4.0,-4.0,-4.0,81.0,-5.0,-5.0,422.0,545.0,-4.0,-4.0,-4.0,-4.0,-4.0,-4.0,-4.0,-4.0,-4.0,91.0,-5.0,-5.0,443.0,562.0,-4.0,-4.0,-4.0,-4.0,-4.0,-4.0,-4.0,-4.0,-4.0,93.0,-5.0,-5.0,449.0,566.0,-4.0,-4.0,-4.0,-4.0,-4.0,-4.0,-4.0,-4.0,-4.0,26.0,-5.0,-5.0,349.0,479.0,-4.0,-4.0,-4.0,-4.0,-4.0,-4.0,-4.0,-4.0,-4.0,45.0,-5.0,-5.0,382.0,509.0,-4.0,-4.0,-4.0,-4.0,-4.0,-4.0,-4.0,-4.0,-4.0,49.0,-5.0,-5.0,390.0,515.0,-4.0,-4.0,-4.0,-4.0,-4.0,-4.0,-4.0,-4.0,-4.0
448.0,56.0,-3.0,268.0,-3.0,0.0,-4.0,-4.0,-4.0,-4.0,-4.0,-4.0,-4.0,-4.0,-4.0,65.0,-3.0,278.0,-3.0,0.0,-4.0,-4.0,-4.0,-4.0,-4.0,-4.0,-4.0,-4.0,-4.0,281.0,-4.0,-4.0,-4.0,-4.0,-4.0,-4.0,76.0,-3.0,297.0,-3.0,544.0,-4.0,-4.0,-4.0,-4.0,-4.0,-4.0,-4.0,-4.0,-4.0,91.0,-3.0,314.0,-3.0,562.0,-4.0,-4.0,-4.0,-4.0,-4.0,-4.0,-4.0,-4.0,-4.0,93.0,-3.0,319.0,-3.0,566.0,-4.0,-4.0,-4.0,-4.0,-4.0,-4.0,-4.0,-4.0,-4.0,25.0,-3.0,216.0,-3.0,477.0,-4.0,-4.0,-4.0,-4.0,-4.0,-4.0,-4.0,-4.0,-4.0,43.0,-3.0,255.0,-3.0,509.0,-4.0,-4.0,-4.0,-4.0,-4.0,-4.0,-4.0,-4.0,-4.0,50.0,-3.0,262.0,-3.0,515.0,-4.0,-4.0,-4.0,-4.0,-4.0,-4.0,-4.0,-4.0,-4.0
449.0,59.0,154.0,271.0,397.0,521.0,634.0,754.0,882.0,1001.0,1128.0,1259.0,-4.0,-4.0,-4.0,65.0,158.0,279.0,403.0,529.0,641.0,762.0,885.0,1013.0,1142.0,1273.0,-4.0,-4.0,-4.0,282.0,765.0,889.0,1017.0,1145.0,1277.0,-4.0,80.0,177.0,295.0,408.0,534.0,660.0,784.0,900.0,1030.0,1151.0,1292.0,-4.0,-4.0,-4.0,91.0,184.0,314.0,441.0,559.0,678.0,799.0,921.0,1053.0,1178.0,1315.0,-4.0,-4.0,-4.0,93.0,187.0,319.0,448.0,565.0,681.0,803.0,926.0,1060.0,1184.0,1318.0,-4.0,-4.0,-4.0,20.0,114.0,215.0,337.0,464.0,590.0,703.0,829.0,942.0,1077.0,1201.0,-4.0,-4.0,-4.0,43.0,139.0,254.0,378.0,500.0,616.0,737.0,864.0,980.0,1114.0,1245.0,-4.0,-4.0,-4.0,50.0,145.0,262.0,388.0,511.0,624.0,746.0,871.0,992.0,1120.0,1253.0,-4.0,-4.0,-4.0
450.0,-3.0,-3.0,269.0,394.0,524.0,633.0,753.0,-3.0,-4.0,-4.0,-4.0,-4.0,-4.0,-4.0,-3.0,-3.0,279.0,403.0,529.0,641.0,761.0,-3.0,-4.0,-4.0,-4.0,-4.0,-4.0,-4.0,282.0,765.0,-3.0,-4.0,-4.0,-4.0,-4.0,-3.0,-3.0,293.0,419.0,541.0,656.0,783.0,-3.0,-4.0,-4.0,-4.0,-4.0,-4.0,-4.0,-3.0,-3.0,311.0,444.0,561.0,678.0,801.0,-3.0,-4.0,-4.0,-4.0,-4.0,-4.0,-4.0,-3.0,-3.0,319.0,449.0,566.0,681.0,803.0,-3.0,-4.0,-4.0,-4.0,-4.0,-4.0,-4.0,-3.0,-3.0,216.0,342.0,470.0,584.0,704.0,-3.0,-4.0,-4.0,-4.0,-4.0,-4.0,-4.0,-3.0,-3.0,255.0,381.0,505.0,615.0,738.0,-3.0,-4.0,-4.0,-4.0,-4.0,-4.0,-4.0,-3.0,-3.0,262.0,390.0,513.0,624.0,746.0,-3.0,-4.0,-4.0,-4.0,-4.0,-4.0,-4.0
451.0,56.0,152.0,269.0,0.0,0.0,635.0,753.0,875.0,-4.0,-4.0,-4.0,-4.0,-4.0,-4.0,65.0,158.0,279.0,0.0,0.0,641.0,761.0,885.0,-4.0,-4.0,-4.0,-4.0,-4.0,-4.0,282.0,765.0,889.0,-4.0,-4.0,-4.0,-4.0,80.0,172.0,297.0,0.0,0.0,659.0,785.0,906.0,-4.0,-4.0,-4.0,-4.0,-4.0,-4.0,91.0,184.0,314.0,0.0,0.0,678.0,801.0,923.0,-4.0,-4.0,-4.0,-4.0,-4.0,-4.0,93.0,187.0,319.0,0.0,0.0,681.0,803.0,926.0,-4.0,-4.0,-4.0,-4.0,-4.0,-4.0,23.0,116.0,218.0,344.0,476.0,587.0,705.0,832.0,-4.0,-4.0,-4.0,-4.0,-4.0,-4.0,43.0,139.0,255.0,382.0,509.0,616.0,738.0,863.0,-4.0,-4.0,-4.0,-4.0,-4.0,-4.0,50.0,145.0,262.0,390.0,515.0,624.0,746.0,871.0,-4.0,-4.0,-4.0,-4.0,-4.0,-4.0
452.0,56.0,152.0,272.0,-5.0,525.0,-3.0,-3.0,-3.0,-4.0,-4.0,-4.0,-4.0,-4.0,-4.0,65.0,158.0,280.0,-5.0,527.0,-3.0,-3.0,-3.0,-4.0,-4.0,-4.0,-4.0,-4.0,-4.0,282.0,-3.0,-3.0,-4.0,-4.0,-4.0,-4.0,81.0,172.0,297.0,-5.0,544.0,-3.0,-3.0,-3.0,-4.0,-4.0,-4.0,-4.0,-4.0,-4.0,91.0,184.0,314.0,-5.0,562.0,-3.0,-3.0,-3.0,-4.0,-4.0,-4.0,-4.0,-4.0,-4.0,93.0,187.0,319.0,-5.0,566.0,-3.0,-3.0,-3.0,-4.0,-4.0,-4.0,-4.0,-4.0,-4.0,23.0,121.0,221.0,-5.0,477.0,-3.0,-3.0,-3.0,-4.0,-4.0,-4.0,-4.0,-4.0,-4.0,43.0,139.0,255.0,-5.0,509.0,-3.0,-3.0,-3.0,-4.0,-4.0,-4.0,-4.0,-4.0,-4.0,50.0,145.0,262.0,-5.0,515.0,-3.0,-3.0,-3.0,-4.0,-4.0,-4.0,-4.0,-4.0,-4.0
453.0,0.0,152.0,272.0,399.0,0.0,635.0,753.0,-3.0,-4.0,-4.0,-4.0,-4.0,-4.0,-4.0,0.0,158.0,280.0,403.0,0.0,641.0,761.0,-3.0,-4.0,-4.0,-4.0,-4.0,-4.0,-4.0,282.0,765.0,-3.0,-4.0,-4.0,-4.0,-4.0,76.0,172.0,297.0,423.0,544.0,658.0,783.0,-3.0,-4.0,-4.0,-4.0,-4.0,-4.0,-4.0,91.0,184.0,314.0,443.0,562.0,678.0,801.0,-3.0,-4.0,-4.0,-4.0,-4.0,-4.0,-4.0,93.0,187.0,319.0,449.0,566.0,681.0,803.0,-3.0,-4.0,-4.0,-4.0,-4.0,-4.0,-4.0,23.0,116.0,216.0,346.0,476.0,587.0,704.0,-3.0,-4.0,-4.0,-4.0,-4.0,-4.0,-4.0,43.0,139.0,255.0,382.0,509.0,616.0,738.0,-3.0,-4.0,-4.0,-4.0,-4.0,-4.0,-4.0,50.0,145.0,262.0,390.0,515.0,624.0,746.0,-3.0,-4.0,-4.0,-4.0,-4.0,-4.0,-4.0
454.0,56.0,-3.0,272.0,399.0,523.0,629.0,753.0,-3.0,-4.0,-4.0,-4.0,-4.0,-4.0,-4.0,65.0,-3.0,280.0,403.0,529.0,641.0,761.0,-3.0,-4.0,-4.0,-4.0,-4.0,-4.0,-4.0,282.0,765.0,-3.0,-4.0,-4.0,-4.0,-4.0,81.0,-3.0,297.0,423.0,544.0,659.0,785.0,-3.0,-4.0,-4.0,-4.0,-4.0,-4.0,-4.0,91.0,-3.0,314.0,443.0,562.0,678.0,801.0,-3.0,-4.0,-4.0,-4.0,-4.0,-4.0,-4.0,93.0,-3.0,319.0,449.0,566.0,681.0,803.0,-3.0,-4.0,-4.0,-4.0,-4.0,-4.0,-4.0,23.0,-3.0,221.0,346.0,476.0,587.0,705.0,-3.0,-4.0,-4.0,-4.0,-4.0,-4.0,-4.0,43.0,-3.0,255.0,382.0,509.0,616.0,738.0,-3.0,-4.0,-4.0,-4.0,-4.0,-4.0,-4.0,50.0,-3.0,262.0,390.0,515.0,624.0,746.0,-3.0,-4.0,-4.0,-4.0,-4.0,-4.0,-4.0
455.0,56.0,152.0,0.0,399.0,525.0,635.0,753.0,875.0,-4.0,-4.0,-4.0,-4.0,-4.0,-4.0,65.0,158.0,0.0,403.0,527.0,641.0,761.0,885.0,-4.0,-4.0,-4.0,-4.0,-4.0,-4.0,0.0,765.0,889.0,-4.0,-4.0,-4.0,-4.0,76.0,172.0,297.0,423.0,544.0,659.0,786.0,906.0,-4.0,-4.0,-4.0,-4.0,-4.0,-4.0,91.0,184.0,314.0,443.0,562.0,678.0,801.0,923.0,-4.0,-4.0,-4.0,-4.0,-4.0,-4.0,93.0,187.0,319.0,449.0,566.0,681.0,803.0,926.0,-4.0,-4.0,-4.0,-4.0,-4.0,-4.0,23.0,116.0,216.0,346.0,477.0,587.0,709.0,832.0,-4.0,-4.0,-4.0,-4.0,-4.0,-4.0,43.0,139.0,255.0,382.0,509.0,616.0,738.0,863.0,-4.0,-4.0,-4.0,-4.0,-4.0,-4.0,50.0,145.0,262.0,390.0,515.0,624.0,746.0,871.0,-4.0,-4.0,-4.0,-4.0,-4.0,-4.0
456.0,61.0,154.0,276.0,397.0,521.0,629.0,755.0,882.0,-4.0,-4.0,-4.0,-4.0,-4.0,-4.0,65.0,158.0,279.0,403.0,529.0,641.0,762.0,885.0,-4.0,-4.0,-4.0,-4.0,-4.0,-4.0,282.0,765.0,889.0,-4.0,-4.0,-4.0,-4.0,81.0,174.0,298.0,422.0,543.0,659.0,782.0,905.0,-4.0,-4.0,-4.0,-4.0,-4.0,-4.0,91.0,184.0,314.0,443.0,562.0,678.0,801.0,923.0,-4.0,-4.0,-4.0,-4.0,-4.0,-4.0,93.0,187.0,319.0,449.0,566.0,681.0,803.0,926.0,-4.0,-4.0,-4.0,-4.0,-4.0,-4.0,28.0,125.0,222.0,345.0,478.0,588.0,706.0,831.0,-4.0,-4.0,-4.0,-4.0,-4.0,-4.0,45.0,141.0,254.0,382.0,507.0,616.0,738.0,862.0,-4.0,-4.0,-4.0,-4.0,-4.0,-4.0,49.0,145.0,262.0,390.0,513.0,624.0,746.0,871.0,-4.0,-4.0,-4.0,-4.0,-4.0,-4.0
457.0,56.0,153.0,269.0,394.0,524.0,633.0,755.0,-3.0,-4.0,-4.0,-4.0,-4.0,-4.0,-4.0,65.0,159.0,279.0,403.0,529.0,641.0,762.0,-3.0,-4.0,-4.0,-4.0,-4.0,-4.0,-4.0,282.0,765.0,-3.0,-4.0,-4.0,-4.0,-4.0,77.0,169.0,293.0,419.0,541.0,656.0,780.0,-3.0,-4.0,-4.0,-4.0,-4.0,-4.0,-4.0,89.0,183.0,311.0,444.0,561.0,678.0,801.0,-3.0,-4.0,-4.0,-4.0,-4.0,-4.0,-4.0,93.0,187.0,319.0,449.0,566.0,681.0,803.0,-3.0,-4.0,-4.0,-4.0,-4.0,-4.0,-4.0,15.0,111.0,214.0,342.0,470.0,584.0,701.0,-3.0,-4.0,-4.0,-4.0,-4.0,-4.0,-4.0,42.0,138.0,253.0,381.0,505.0,615.0,736.0,-3.0,-4.0,-4.0,-4.0,-4.0,-4.0,-4.0,50.0,145.0,262.0,390.0,513.0,624.0,746.0,-3.0,-4.0,-4.0,-4.0,-4.0,-4.0,-4.0
458.0,56.0,152.0,272.0,399.0,0.0,629.0,-3.0,-5.0,1000.0,1127.0,1259.0,-4.0,-4.0,-4.0,65.0,158.0,280.0,403.0,0.0,641.0,-3.0,-5.0,1013.0,1141.0,1273.0,-4.0,-4.0,-4.0,282.0,-3.0,-5.0,1017.0,1145.0,1277.0,-4.0,81.0,172.0,297.0,423.0,0.0,659.0,-3.0,-5.0,1030.0,1152.0,1285.0,-4.0,-4.0,-4.0,91.0,184.0,314.0,443.0,0.0,678.0,-3.0,-5.0,1053.0,1178.0,1312.0,-4.0,-4.0,-4.0,93.0,187.0,319.0,449.0,0.0,681.0,-3.0,-5.0,1060.0,1184.0,1318.0,-4.0,-4.0,-4.0,23.0,116.0,221.0,346.0,477.0,587.0,-3.0,-5.0,941.0,1074.0,1205.0,-4.0,-4.0,-4.0,43.0,139.0,255.0,382.0,509.0,616.0,-3.0,-5.0,978.0,1111.0,1246.0,-4.0,-4.0,-4.0,50.0,145.0,262.0,390.0,515.0,624.0,-3.0,-5.0,992.0,1120.0,1253.0,-4.0,-4.0,-4.0
459.0,61.0,152.0,272.0,399.0,525.0,635.0,753.0,875.0,1000.0,1127.0,1261.0,-4.0,-4.0,-4.0,65.0,158.0,280.0,403.0,527.0,641.0,761.0,885.0,1013.0,1141.0,1274.0,-4.0,-4.0,-4.0,282.0,765.0,889.0,1017.0,1145.0,1277.0,-4.0,81.0,172.0,297.0,423.0,544.0,659.0,785.0,906.0,1030.0,1152.0,1293.0,-4.0,-4.0,-4.0,91.0,184.0,314.0,443.0,562.0,678.0,801.0,923.0,1053.0,1178.0,1315.0,-4.0,-4.0,-4.0,93.0,187.0,319.0,449.0,566.0,681.0,803.0,926.0,1060.0,1184.0,1318.0,-4.0,-4.0,-4.0,23.0,121.0,221.0,346.0,476.0,587.0,709.0,828.0,941.0,1078.0,1206.0,-4.0,-4.0,-4.0,43.0,139.0,255.0,382.0,509.0,616.0,738.0,863.0,978.0,1114.0,1245.0,-4.0,-4.0,-4.0,50.0,145.0,262.0,390.0,515.0,624.0,746.0,871.0,992.0,1120.0,1253.0,-4.0,-4.0,-4.0
460.0,-3.0,154.0,271.0,397.0,0.0,634.0,754.0,882.0,1001.0,0.0,1264.0,-4.0,-4.0,-4.0,-3.0,158.0,279.0,403.0,0.0,641.0,762.0,885.0,1013.0,0.0,1273.0,-4.0,-4.0,-4.0,282.0,765.0,889.0,1017.0,0.0,1277.0,-4.0,-3.0,174.0,298.0,424.0,0.0,660.0,784.0,900.0,1030.0,1158.0,1285.0,-4.0,-4.0,-4.0,-3.0,184.0,314.0,444.0,0.0,678.0,799.0,921.0,1053.0,1178.0,1312.0,-4.0,-4.0,-4.0,-3.0,187.0,319.0,449.0,0.0,681.0,803.0,926.0,1060.0,1184.0,1318.0,-4.0,-4.0,-4.0,-3.0,117.0,215.0,348.0,478.0,590.0,703.0,829.0,942.0,1071.0,1202.0,-4.0,-4.0,-4.0,-3.0,139.0,254.0,382.0,507.0,616.0,737.0,864.0,980.0,1113.0,1243.0,-4.0,-4.0,-4.0,-3.0,145.0,262.0,390.0,513.0,624.0,746.0,871.0,992.0,1120.0,1253.0,-4.0,-4.0,-4.0
461.0,-3.0,152.0,-3.0,399.0,520.0,635.0,753.0,-3.0,-4.0,-4.0,-4.0,-4.0,-4.0,-4.0,-3.0,158.0,-3.0,403.0,528.0,641.0,761.0,-3.0,-4.0,-4.0,-4.0,-4.0,-4.0,-4.0,-3.0,765.0,-3.0,-4.0,-4.0,-4.0,-4.0,-3.0,172.0,-3.0,423.0,544.0,658.0,785.0,-3.0,-4.0,-4.0,-4.0,-4.0,-4.0,-4.0,-3.0,184.0,-3.0,443.0,562.0,678.0,801.0,-3.0,-4.0,-4.0,-4.0,-4.0,-4.0,-4.0,-3.0,187.0,-3.0,449.0,566.0,681.0,803.0,-3.0,-4.0,-4.0,-4.0,-4.0,-4.0,-4.0,-3.0,116.0,-3.0,346.0,476.0,587.0,704.0,-3.0,-4.0,-4.0,-4.0,-4.0,-4.0,-4.0,-3.0,139.0,-3.0,382.0,509.0,616.0,738.0,-3.0,-4.0,-4.0,-4.0,-4.0,-4.0,-4.0,-3.0,145.0,-3.0,390.0,515.0,624.0,746.0,-3.0,-4.0,-4.0,-4.0,-4.0,-4.0,-4.0
462.0,0.0,152.0,0.0,0.0,0.0,-3.0,753.0,0.0,-4.0,-4.0,-4.0,-4.0,-4.0,-4.0,0.0,158.0,0.0,0.0,0.0,-3.0,761.0,0.0,-4.0,-4.0,-4.0,-4.0,-4.0,-4.0,0.0,765.0,0.0,-4.0,-4.0,-4.0,-4.0,76.0,177.0,0.0,0.0,0.0,-3.0,785.0,0.0,-4.0,-4.0,-4.0,-4.0,-4.0,-4.0,91.0,184.0,0.0,0.0,0.0,-3.0,801.0,0.0,-4.0,-4.0,-4.0,-4.0,-4.0,-4.0,93.0,187.0,0.0,0.0,0.0,-3.0,803.0,0.0,-4.0,-4.0,-4.0,-4.0,-4.0,-4.0,27.0,124.0,218.0,344.0,479.0,-3.0,710.0,828.0,-4.0,-4.0,-4.0,-4.0,-4.0,-4.0,45.0,141.0,255.0,382.0,509.0,-3.0,736.0,863.0,-4.0,-4.0,-4.0,-4.0,-4.0,-4.0,49.0,145.0,262.0,390.0,515.0,-3.0,746.0,871.0,-4.0,-4.0,-4.0,-4.0,-4.0,-4.0
463.0,61.0,154.0,271.0,397.0,521.0,0.0,755.0,0.0,-4.0,-4.0,-4.0,-4.0,-4.0,-4.0,65.0,158.0,279.0,403.0,529.0,0.0,762.0,0.0,-4.0,-4.0,-4.0,-4.0,-4.0,-4.0,282.0,765.0,0.0,-4.0,-4.0,-4.0,-4.0,82.0,174.0,294.0,424.0,543.0,659.0,781.0,905.0,-4.0,-4.0,-4.0,-4.0,-4.0,-4.0,91.0,184.0,311.0,444.0,562.0,678.0,801.0,923.0,-4.0,-4.0,-4.0,-4.0,-4.0,-4.0,93.0,187.0,319.0,449.0,566.0,681.0,803.0,926.0,-4.0,-4.0,-4.0,-4.0,-4.0,-4.0,28.0,125.0,212.0,348.0,474.0,588.0,706.0,831.0,-4.0,-4.0,-4.0,-4.0,-4.0,-4.0,45.0,141.0,253.0,382.0,507.0,616.0,738.0,862.0,-4.0,-4.0,-4.0,-4.0,-4.0,-4.0,49.0,145.0,262.0,390.0,513.0,624.0,746.0,871.0,-4.0,-4.0,-4.0,-4.0,-4.0,-4.0
464.0,61.0,-5.0,272.0,397.0,-5.0,-4.0,-4.0,-4.0,-4.0,-4.0,-4.0,-4.0,-4.0,-4.0,65.0,-5.0,280.0,403.0,-5.0,-4.0,-4.0,-4.0,-4.0,-4.0,-4.0,-4.0,-4.0,-4.0,282.0,-4.0,-4.0,-4.0,-4.0,-4.0,-4.0,81.0,-5.0,297.0,417.0,-5.0,-4.0,-4.0,-4.0,-4.0,-4.0,-4.0,-4.0,-4.0,-4.0,91.0,-5.0,314.0,443.0,-5.0,-4.0,-4.0,-4.0,-4.0,-4.0,-4.0,-4.0,-4.0,-4.0,93.0,-5.0,319.0,449.0,-5.0,-4.0,-4.0,-4.0,-4.0,-4.0,-4.0,-4.0,-4.0,-4.0,23.0,-5.0,222.0,349.0,-5.0,-4.0,-4.0,-4.0,-4.0,-4.0,-4.0,-4.0,-4.0,-4.0,43.0,-5.0,254.0,382.0,-5.0,-4.0,-4.0,-4.0,-4.0,-4.0,-4.0,-4.0,-4.0,-4.0,50.0,-5.0,262.0,390.0,-5.0,-4.0,-4.0,-4.0,-4.0,-4.0,-4.0,-4.0,-4.0,-4.0
465.0,-5.0,152.0,0.0,399.0,0.0,635.0,753.0,875.0,1000.0,1128.0,1259.0,-4.0,-4.0,-4.0,-5.0,158.0,0.0,403.0,0.0,641.0,761.0,885.0,1013.0,1142.0,1273.0,-4.0,-4.0,-4.0,0.0,765.0,889.0,1017.0,1145.0,1277.0,-4.0,-5.0,172.0,297.0,423.0,544.0,659.0,786.0,906.0,1030.0,1160.0,1294.0,-4.0,-4.0,-4.0,-5.0,184.0,314.0,443.0,562.0,678.0,801.0,923.0,1053.0,1178.0,1315.0,-4.0,-4.0,-4.0,-5.0,187.0,319.0,449.0,566.0,681.0,803.0,926.0,1060.0,1184.0,1318.0,-4.0,-4.0,-4.0,-5.0,123.0,218.0,347.0,476.0,587.0,709.0,832.0,944.0,1079.0,1200.0,-4.0,-4.0,-4.0,-5.0,139.0,255.0,382.0,509.0,616.0,738.0,863.0,978.0,1114.0,1243.0,-4.0,-4.0,-4.0,-5.0,145.0,262.0,390.0,515.0,624.0,746.0,871.0,992.0,1120.0,1253.0,-4.0,-4.0,-4.0
466.0,61.0,152.0,0.0,399.0,523.0,635.0,753.0,875.0,-4.0,-4.0,-4.0,-4.0,-4.0,-4.0,65.0,158.0,0.0,403.0,529.0,641.0,761.0,885.0,-4.0,-4.0,-4.0,-4.0,-4.0,-4.0,0.0,765.0,889.0,-4.0,-4.0,-4.0,-4.0,81.0,172.0,297.0,422.0,545.0,659.0,782.0,905.0,-4.0,-4.0,-4.0,-4.0,-4.0,-4.0,91.0,184.0,314.0,443.0,562.0,678.0,801.0,923.0,-4.0,-4.0,-4.0,-4.0,-4.0,-4.0,93.0,187.0,319.0,449.0,566.0,681.0,803.0,926.0,-4.0,-4.0,-4.0,-4.0,-4.0,-4.0,16.0,121.0,217.0,345.0,476.0,587.0,705.0,833.0,-4.0,-4.0,-4.0,-4.0,-4.0,-4.0,43.0,139.0,255.0,382.0,509.0,616.0,738.0,863.0,-4.0,-4.0,-4.0,-4.0,-4.0,-4.0,50.0,145.0,262.0,390.0,515.0,624.0,746.0,871.0,-4.0,-4.0,-4.0,-4.0,-4.0,-4.0
467.0,61.0,152.0,0.0,399.0,0.0,635.0,0.0,875.0,-4.0,-4.0,-4.0,-4.0,-4.0,-4.0,65.0,158.0,0.0,403.0,0.0,641.0,0.0,885.0,-4.0,-4.0,-4.0,-4.0,-4.0,-4.0,0.0,0.0,889.0,-4.0,-4.0,-4.0,-4.0,81.0,172.0,297.0,417.0,545.0,659.0,782.0,905.0,-4.0,-4.0,-4.0,-4.0,-4.0,-4.0,91.0,184.0,314.0,443.0,562.0,678.0,801.0,923.0,-4.0,-4.0,-4.0,-4.0,-4.0,-4.0,93.0,187.0,319.0,449.0,566.0,681.0,803.0,926.0,-4.0,-4.0,-4.0,-4.0,-4.0,-4.0,16.0,121.0,216.0,344.0,476.0,587.0,705.0,833.0,-4.0,-4.0,-4.0,-4.0,-4.0,-4.0,43.0,139.0,255.0,382.0,509.0,616.0,738.0,863.0,-4.0,-4.0,-4.0,-4.0,-4.0,-4.0,50.0,145.0,262.0,390.0,515.0,624.0,746.0,871.0,-4.0,-4.0,-4.0,-4.0,-4.0,-4.0
468.0,56.0,152.0,272.0,399.0,0.0,629.0,0.0,875.0,-4.0,-4.0,-4.0,-4.0,-4.0,-4.0,65.0,158.0,280.0,403.0,0.0,641.0,0.0,885.0,-4.0,-4.0,-4.0,-4.0,-4.0,-4.0,282.0,0.0,889.0,-4.0,-4.0,-4.0,-4.0,76.0,172.0,297.0,423.0,544.0,659.0,785.0,906.0,-4.0,-4.0,-4.0,-4.0,-4.0,-4.0,91.0,184.0,314.0,443.0,562.0,678.0,801.0,923.0,-4.0,-4.0,-4.0,-4.0,-4.0,-4.0,93.0,187.0,319.0,449.0,566.0,681.0,803.0,926.0,-4.0,-4.0,-4.0,-4.0,-4.0,-4.0,22.0,121.0,221.0,346.0,477.0,587.0,705.0,828.0,-4.0,-4.0,-4.0,-4.0,-4.0,-4.0,43.0,139.0,255.0,382.0,509.0,616.0,738.0,863.0,-4.0,-4.0,-4.0,-4.0,-4.0,-4.0,50.0,145.0,262.0,390.0,515.0,624.0,746.0,871.0,-4.0,-4.0,-4.0,-4.0,-4.0,-4.0
469.0,61.0,154.0,272.0,397.0,523.0,629.0,753.0,-3.0,-4.0,-4.0,-4.0,-4.0,-4.0,-4.0,65.0,158.0,280.0,403.0,529.0,641.0,761.0,-3.0,-4.0,-4.0,-4.0,-4.0,-4.0,-4.0,282.0,765.0,-3.0,-4.0,-4.0,-4.0,-4.0,82.0,175.0,297.0,422.0,545.0,657.0,782.0,-3.0,-4.0,-4.0,-4.0,-4.0,-4.0,-4.0,91.0,184.0,314.0,443.0,562.0,678.0,801.0,-3.0,-4.0,-4.0,-4.0,-4.0,-4.0,-4.0,93.0,187.0,319.0,449.0,566.0,681.0,803.0,-3.0,-4.0,-4.0,-4.0,-4.0,-4.0,-4.0,26.0,119.0,222.0,345.0,479.0,589.0,706.0,-3.0,-4.0,-4.0,-4.0,-4.0,-4.0,-4.0,45.0,141.0,254.0,382.0,509.0,616.0,738.0,-3.0,-4.0,-4.0,-4.0,-4.0,-4.0,-4.0,49.0,145.0,262.0,390.0,515.0,624.0,746.0,-3.0,-4.0,-4.0,-4.0,-4.0,-4.0,-4.0
470.0,61.0,154.0,0.0,-3.0,523.0,635.0,753.0,875.0,-4.0,-4.0,-4.0,-4.0,-4.0,-4.0,65.0,158.0,0.0,-3.0,529.0,641.0,761.0,885.0,-4.0,-4.0,-4.0,-4.0,-4.0,-4.0,0.0,765.0,889.0,-4.0,-4.0,-4.0,-4.0,81.0,172.0,297.0,-3.0,545.0,659.0,782.0,906.0,-4.0,-4.0,-4.0,-4.0,-4.0,-4.0,91.0,184.0,314.0,-3.0,562.0,678.0,801.0,923.0,-4.0,-4.0,-4.0,-4.0,-4.0,-4.0,93.0,187.0,319.0,-3.0,566.0,681.0,803.0,926.0,-4.0,-4.0,-4.0,-4.0,-4.0,-4.0,23.0,125.0,217.0,-3.0,476.0,587.0,709.0,833.0,-4.0,-4.0,-4.0,-4.0,-4.0,-4.0,43.0,141.0,255.0,-3.0,509.0,616.0,738.0,863.0,-4.0,-4.0,-4.0,-4.0,-4.0,-4.0,50.0,145.0,262.0,-3.0,515.0,624.0,746.0,871.0,-4.0,-4.0,-4.0,-4.0,-4.0,-4.0
471.0,62.0,155.0,276.0,399.0,523.0,-4.0,-4.0,-4.0,-4.0,-4.0,-4.0,-4.0,-4.0,-4.0,66.0,159.0,279.0,403.0,529.0,-4.0,-4.0,-4.0,-4.0,-4.0,-4.0,-4.0,-4.0,-4.0,282.0,-4.0,-4.0,-4.0,-4.0,-4.0,-4.0,79.0,173.0,300.0,425.0,546.0,-4.0,-4.0,-4.0,-4.0,-4.0,-4.0,-4.0,-4.0,-4.0,90.0,185.0,315.0,445.0,563.0,-4.0,-4.0,-4.0,-4.0,-4.0,-4.0,-4.0,-4.0,-4.0,93.0,187.0,319.0,449.0,566.0,-4.0,-4.0,-4.0,-4.0,-4.0,-4.0,-4.0,-4.0,-4.0,29.0,126.0,223.0,350.0,480.0,-4.0,-4.0,-4.0,-4.0,-4.0,-4.0,-4.0,-4.0,-4.0,46.0,142.0,257.0,383.0,508.0,-4.0,-4.0,-4.0,-4.0,-4.0,-4.0,-4.0,-4.0,-4.0,51.0,146.0,263.0,391.0,514.0,-4.0,-4.0,-4.0,-4.0,-4.0,-4.0,-4.0,-4.0,-4.0
472.0,56.0,155.0,269.0,397.0,-5.0,629.0,0.0,0.0,-4.0,-4.0,-4.0,-4.0,-4.0,-4.0,65.0,159.0,279.0,403.0,-5.0,641.0,0.0,0.0,-4.0,-4.0,-4.0,-4.0,-4.0,-4.0,282.0,0.0,0.0,-4.0,-4.0,-4.0,-4.0,79.0,178.0,286.0,421.0,-5.0,658.0,785.0,0.0,-4.0,-4.0,-4.0,-4.0,-4.0,-4.0,90.0,185.0,311.0,444.0,-5.0,678.0,801.0,0.0,-4.0,-4.0,-4.0,-4.0,-4.0,-4.0,93.0,187.0,319.0,449.0,-5.0,681.0,803.0,0.0,-4.0,-4.0,-4.0,-4.0,-4.0,-4.0,30.0,127.0,213.0,343.0,-5.0,589.0,710.0,831.0,-4.0,-4.0,-4.0,-4.0,-4.0,-4.0,46.0,143.0,253.0,381.0,-5.0,616.0,736.0,862.0,-4.0,-4.0,-4.0,-4.0,-4.0,-4.0,51.0,146.0,262.0,390.0,-5.0,624.0,746.0,871.0,-4.0,-4.0,-4.0,-4.0,-4.0,-4.0
473.0,62.0,155.0,274.0,400.0,526.0,-4.0,-4.0,-4.0,-4.0,-4.0,-4.0,-4.0,-4.0,-4.0,66.0,159.0,280.0,403.0,529.0,-4.0,-4.0,-4.0,-4.0,-4.0,-4.0,-4.0,-4.0,-4.0,282.0,-4.0,-4.0,-4.0,-4.0,-4.0,-4.0,83.0,178.0,301.0,426.0,547.0,-4.0,-4.0,-4.0,-4.0,-4.0,-4.0,-4.0,-4.0,-4.0,90.0,185.0,315.0,445.0,563.0,-4.0,-4.0,-4.0,-4.0,-4.0,-4.0,-4.0,-4.0,-4.0,93.0,187.0,319.0,449.0,566.0,-4.0,-4.0,-4.0,-4.0,-4.0,-4.0,-4.0,-4.0,-4.0,30.0,127.0,224.0,351.0,481.0,-4.0,-4.0,-4.0,-4.0,-4.0,-4.0,-4.0,-4.0,-4.0,46.0,143.0,257.0,383.0,508.0,-4.0,-4.0,-4.0,-4.0,-4.0,-4.0,-4.0,-4.0,-4.0,51.0,146.0,263.0,391.0,514.0,-4.0,-4.0,-4.0,-4.0,-4.0,-4.0,-4.0,-4.0,-4.0
474.0,-5.0,155.0,274.0,400.0,526.0,-4.0,-4.0,-4.0,-4.0,-4.0,-4.0,-4.0,-4.0,-4.0,-5.0,159.0,280.0,403.0,529.0,-4.0,-4.0,-4.0,-4.0,-4.0,-4.0,-4.0,-4.0,-4.0,282.0,-4.0,-4.0,-4.0,-4.0,-4.0,-4.0,-5.0,178.0,301.0,426.0,548.0,-4.0,-4.0,-4.0,-4.0,-4.0,-4.0,-4.0,-4.0,-4.0,-5.0,185.0,315.0,445.0,563.0,-4.0,-4.0,-4.0,-4.0,-4.0,-4.0,-4.0,-4.0,-4.0,-5.0,187.0,319.0,449.0,566.0,-4.0,-4.0,-4.0,-4.0,-4.0,-4.0,-4.0,-4.0,-4.0,-5.0,127.0,225.0,352.0,481.0,-4.0,-4.0,-4.0,-4.0,-4.0,-4.0,-4.0,-4.0,-4.0,-5.0,143.0,257.0,383.0,508.0,-4.0,-4.0,-4.0,-4.0,-4.0,-4.0,-4.0,-4.0,-4.0,-5.0,146.0,263.0,391.0,514.0,-4.0,-4.0,-4.0,-4.0,-4.0,-4.0,-4.0,-4.0,-4.0
475.0,62.0,155.0,274.0,400.0,526.0,-4.0,-4.0,-4.0,-4.0,-4.0,-4.0,-4.0,-4.0,-4.0,66.0,159.0,280.0,403.0,529.0,-4.0,-4.0,-4.0,-4.0,-4.0,-4.0,-4.0,-4.0,-4.0,282.0,-4.0,-4.0,-4.0,-4.0,-4.0,-4.0,83.0,178.0,302.0,425.0,549.0,-4.0,-4.0,-4.0,-4.0,-4.0,-4.0,-4.0,-4.0,-4.0,90.0,185.0,315.0,445.0,563.0,-4.0,-4.0,-4.0,-4.0,-4.0,-4.0,-4.0,-4.0,-4.0,93.0,187.0,319.0,449.0,566.0,-4.0,-4.0,-4.0,-4.0,-4.0,-4.0,-4.0,-4.0,-4.0,30.0,127.0,226.0,353.0,482.0,-4.0,-4.0,-4.0,-4.0,-4.0,-4.0,-4.0,-4.0,-4.0,46.0,143.0,257.0,383.0,508.0,-4.0,-4.0,-4.0,-4.0,-4.0,-4.0,-4.0,-4.0,-4.0,51.0,146.0,263.0,391.0,514.0,-4.0,-4.0,-4.0,-4.0,-4.0,-4.0,-4.0,-4.0,-4.0
476.0,62.0,155.0,274.0,400.0,526.0,-4.0,-4.0,-4.0,-4.0,-4.0,-4.0,-4.0,-4.0,-4.0,66.0,159.0,280.0,403.0,529.0,-4.0,-4.0,-4.0,-4.0,-4.0,-4.0,-4.0,-4.0,-4.0,282.0,-4.0,-4.0,-4.0,-4.0,-4.0,-4.0,83.0,178.0,302.0,425.0,547.0,-4.0,-4.0,-4.0,-4.0,-4.0,-4.0,-4.0,-4.0,-4.0,90.0,185.0,315.0,445.0,563.0,-4.0,-4.0,-4.0,-4.0,-4.0,-4.0,-4.0,-4.0,-4.0,93.0,187.0,319.0,449.0,566.0,-4.0,-4.0,-4.0,-4.0,-4.0,-4.0,-4.0,-4.0,-4.0,30.0,127.0,226.0,353.0,481.0,-4.0,-4.0,-4.0,-4.0,-4.0,-4.0,-4.0,-4.0,-4.0,46.0,143.0,257.0,383.0,508.0,-4.0,-4.0,-4.0,-4.0,-4.0,-4.0,-4.0,-4.0,-4.0,51.0,146.0,263.0,391.0,514.0,-4.0,-4.0,-4.0,-4.0,-4.0,-4.0,-4.0,-4.0,-4.0
477.0,56.0,-3.0,274.0,400.0,526.0,-4.0,-4.0,-4.0,-4.0,-4.0,-4.0,-4.0,-4.0,-4.0,65.0,-3.0,280.0,403.0,529.0,-4.0,-4.0,-4.0,-4.0,-4.0,-4.0,-4.0,-4.0,-4.0,282.0,-4.0,-4.0,-4.0,-4.0,-4.0,-4.0,79.0,-3.0,300.0,426.0,546.0,-4.0,-4.0,-4.0,-4.0,-4.0,-4.0,-4.0,-4.0,-4.0,90.0,-3.0,315.0,445.0,563.0,-4.0,-4.0,-4.0,-4.0,-4.0,-4.0,-4.0,-4.0,-4.0,93.0,-3.0,319.0,449.0,566.0,-4.0,-4.0,-4.0,-4.0,-4.0,-4.0,-4.0,-4.0,-4.0,29.0,-3.0,225.0,352.0,483.0,-4.0,-4.0,-4.0,-4.0,-4.0,-4.0,-4.0,-4.0,-4.0,46.0,-3.0,257.0,383.0,508.0,-4.0,-4.0,-4.0,-4.0,-4.0,-4.0,-4.0,-4.0,-4.0,51.0,-3.0,263.0,391.0,514.0,-4.0,-4.0,-4.0,-4.0,-4.0,-4.0,-4.0,-4.0,-4.0
478.0,62.0,155.0,276.0,399.0,523.0,-4.0,-4.0,-4.0,-4.0,-4.0,-4.0,-4.0,-4.0,-4.0,66.0,159.0,279.0,403.0,529.0,-4.0,-4.0,-4.0,-4.0,-4.0,-4.0,-4.0,-4.0,-4.0,282.0,-4.0,-4.0,-4.0,-4.0,-4.0,-4.0,79.0,178.0,300.0,425.0,549.0,-4.0,-4.0,-4.0,-4.0,-4.0,-4.0,-4.0,-4.0,-4.0,90.0,185.0,315.0,445.0,563.0,-4.0,-4.0,-4.0,-4.0,-4.0,-4.0,-4.0,-4.0,-4.0,93.0,187.0,319.0,449.0,566.0,-4.0,-4.0,-4.0,-4.0,-4.0,-4.0,-4.0,-4.0,-4.0,29.0,126.0,223.0,350.0,475.0,-4.0,-4.0,-4.0,-4.0,-4.0,-4.0,-4.0,-4.0,-4.0,46.0,142.0,257.0,383.0,508.0,-4.0,-4.0,-4.0,-4.0,-4.0,-4.0,-4.0,-4.0,-4.0,51.0,146.0,263.0,391.0,514.0,-4.0,-4.0,-4.0,-4.0,-4.0,-4.0,-4.0,-4.0,-4.0
479.0,0.0,155.0,274.0,400.0,526.0,-4.0,-4.0,-4.0,-4.0,-4.0,-4.0,-4.0,-4.0,-4.0,0.0,159.0,280.0,403.0,529.0,-4.0,-4.0,-4.0,-4.0,-4.0,-4.0,-4.0,-4.0,-4.0,282.0,-4.0,-4.0,-4.0,-4.0,-4.0,-4.0,79.0,178.0,300.0,426.0,546.0,-4.0,-4.0,-4.0,-4.0,-4.0,-4.0,-4.0,-4.0,-4.0,90.0,185.0,315.0,445.0,563.0,-4.0,-4.0,-4.0,-4.0,-4.0,-4.0,-4.0,-4.0,-4.0,93.0,187.0,319.0,449.0,566.0,-4.0,-4.0,-4.0,-4.0,-4.0,-4.0,-4.0,-4.0,-4.0,30.0,127.0,227.0,352.0,481.0,-4.0,-4.0,-4.0,-4.0,-4.0,-4.0,-4.0,-4.0,-4.0,46.0,143.0,257.0,383.0,508.0,-4.0,-4.0,-4.0,-4.0,-4.0,-4.0,-4.0,-4.0,-4.0,51.0,146.0,263.0,391.0,514.0,-4.0,-4.0,-4.0,-4.0,-4.0,-4.0,-4.0,-4.0,-4.0
480.0,56.0,155.0,269.0,397.0,0.0,629.0,0.0,0.0,-4.0,-4.0,-4.0,-4.0,-4.0,-4.0,65.0,159.0,279.0,403.0,0.0,641.0,0.0,0.0,-4.0,-4.0,-4.0,-4.0,-4.0,-4.0,282.0,0.0,0.0,-4.0,-4.0,-4.0,-4.0,79.0,178.0,286.0,421.0,538.0,658.0,785.0,906.0,-4.0,-4.0,-4.0,-4.0,-4.0,-4.0,90.0,185.0,311.0,444.0,561.0,678.0,801.0,923.0,-4.0,-4.0,-4.0,-4.0,-4.0,-4.0,93.0,187.0,319.0,449.0,566.0,681.0,803.0,926.0,-4.0,-4.0,-4.0,-4.0,-4.0,-4.0,30.0,127.0,213.0,340.0,472.0,589.0,710.0,831.0,-4.0,-4.0,-4.0,-4.0,-4.0,-4.0,46.0,143.0,253.0,381.0,506.0,616.0,736.0,862.0,-4.0,-4.0,-4.0,-4.0,-4.0,-4.0,51.0,146.0,262.0,390.0,513.0,624.0,746.0,871.0,-4.0,-4.0,-4.0,-4.0,-4.0,-4.0
481.0,56.0,155.0,0.0,400.0,0.0,-4.0,-4.0,-4.0,-4.0,-4.0,-4.0,-4.0,-4.0,-4.0,65.0,159.0,0.0,403.0,0.0,-4.0,-4.0,-4.0,-4.0,-4.0,-4.0,-4.0,-4.0,-4.0,0.0,-4.0,-4.0,-4.0,-4.0,-4.0,-4.0,79.0,178.0,0.0,426.0,547.0,-4.0,-4.0,-4.0,-4.0,-4.0,-4.0,-4.0,-4.0,-4.0,90.0,185.0,0.0,445.0,563.0,-4.0,-4.0,-4.0,-4.0,-4.0,-4.0,-4.0,-4.0,-4.0,93.0,187.0,0.0,449.0,566.0,-4.0,-4.0,-4.0,-4.0,-4.0,-4.0,-4.0,-4.0,-4.0,30.0,127.0,227.0,351.0,481.0,-4.0,-4.0,-4.0,-4.0,-4.0,-4.0,-4.0,-4.0,-4.0,46.0,143.0,257.0,383.0,508.0,-4.0,-4.0,-4.0,-4.0,-4.0,-4.0,-4.0,-4.0,-4.0,51.0,146.0,263.0,391.0,514.0,-4.0,-4.0,-4.0,-4.0,-4.0,-4.0,-4.0,-4.0,-4.0
482.0,62.0,155.0,274.0,400.0,526.0,-4.0,-4.0,-4.0,-4.0,-4.0,-4.0,-4.0,-4.0,-4.0,66.0,159.0,280.0,403.0,529.0,-4.0,-4.0,-4.0,-4.0,-4.0,-4.0,-4.0,-4.0,-4.0,282.0,-4.0,-4.0,-4.0,-4.0,-4.0,-4.0,83.0,178.0,301.0,426.0,547.0,-4.0,-4.0,-4.0,-4.0,-4.0,-4.0,-4.0,-4.0,-4.0,90.0,185.0,315.0,445.0,563.0,-4.0,-4.0,-4.0,-4.0,-4.0,-4.0,-4.0,-4.0,-4.0,93.0,187.0,319.0,449.0,566.0,-4.0,-4.0,-4.0,-4.0,-4.0,-4.0,-4.0,-4.0,-4.0,30.0,127.0,224.0,351.0,481.0,-4.0,-4.0,-4.0,-4.0,-4.0,-4.0,-4.0,-4.0,-4.0,46.0,143.0,257.0,383.0,508.0,-4.0,-4.0,-4.0,-4.0,-4.0,-4.0,-4.0,-4.0,-4.0,51.0,146.0,263.0,391.0,514.0,-4.0,-4.0,-4.0,-4.0,-4.0,-4.0,-4.0,-4.0,-4.0
483.0,62.0,155.0,274.0,400.0,526.0,-4.0,-4.0,-4.0,-4.0,-4.0,-4.0,-4.0,-4.0,-4.0,66.0,159.0,280.0,403.0,529.0,-4.0,-4.0,-4.0,-4.0,-4.0,-4.0,-4.0,-4.0,-4.0,282.0,-4.0,-4.0,-4.0,-4.0,-4.0,-4.0,83.0,178.0,301.0,426.0,547.0,-4.0,-4.0,-4.0,-4.0,-4.0,-4.0,-4.0,-4.0,-4.0,90.0,185.0,315.0,445.0,563.0,-4.0,-4.0,-4.0,-4.0,-4.0,-4.0,-4.0,-4.0,-4.0,93.0,187.0,319.0,449.0,566.0,-4.0,-4.0,-4.0,-4.0,-4.0,-4.0,-4.0,-4.0,-4.0,30.0,127.0,224.0,351.0,481.0,-4.0,-4.0,-4.0,-4.0,-4.0,-4.0,-4.0,-4.0,-4.0,46.0,143.0,257.0,383.0,508.0,-4.0,-4.0,-4.0,-4.0,-4.0,-4.0,-4.0,-4.0,-4.0,51.0,146.0,263.0,391.0,514.0,-4.0,-4.0,-4.0,-4.0,-4.0,-4.0,-4.0,-4.0,-4.0
484.0,62.0,155.0,276.0,399.0,526.0,-4.0,-4.0,-4.0,-4.0,-4.0,-4.0,-4.0,-4.0,-4.0,66.0,159.0,279.0,403.0,529.0,-4.0,-4.0,-4.0,-4.0,-4.0,-4.0,-4.0,-4.0,-4.0,282.0,-4.0,-4.0,-4.0,-4.0,-4.0,-4.0,83.0,178.0,302.0,425.0,549.0,-4.0,-4.0,-4.0,-4.0,-4.0,-4.0,-4.0,-4.0,-4.0,90.0,185.0,315.0,445.0,563.0,-4.0,-4.0,-4.0,-4.0,-4.0,-4.0,-4.0,-4.0,-4.0,93.0,187.0,319.0,449.0,566.0,-4.0,-4.0,-4.0,-4.0,-4.0,-4.0,-4.0,-4.0,-4.0,29.0,126.0,223.0,354.0,482.0,-4.0,-4.0,-4.0,-4.0,-4.0,-4.0,-4.0,-4.0,-4.0,46.0,142.0,257.0,383.0,508.0,-4.0,-4.0,-4.0,-4.0,-4.0,-4.0,-4.0,-4.0,-4.0,51.0,146.0,263.0,391.0,514.0,-4.0,-4.0,-4.0,-4.0,-4.0,-4.0,-4.0,-4.0,-4.0
485.0,62.0,0.0,274.0,400.0,526.0,-4.0,-4.0,-4.0,-4.0,-4.0,-4.0,-4.0,-4.0,-4.0,66.0,0.0,280.0,403.0,529.0,-4.0,-4.0,-4.0,-4.0,-4.0,-4.0,-4.0,-4.0,-4.0,282.0,-4.0,-4.0,-4.0,-4.0,-4.0,-4.0,83.0,0.0,301.0,426.0,547.0,-4.0,-4.0,-4.0,-4.0,-4.0,-4.0,-4.0,-4.0,-4.0,90.0,0.0,315.0,445.0,563.0,-4.0,-4.0,-4.0,-4.0,-4.0,-4.0,-4.0,-4.0,-4.0,93.0,0.0,319.0,449.0,566.0,-4.0,-4.0,-4.0,-4.0,-4.0,-4.0,-4.0,-4.0,-4.0,30.0,127.0,225.0,355.0,483.0,-4.0,-4.0,-4.0,-4.0,-4.0,-4.0,-4.0,-4.0,-4.0,46.0,143.0,257.0,384.0,508.0,-4.0,-4.0,-4.0,-4.0,-4.0,-4.0,-4.0,-4.0,-4.0,51.0,146.0,263.0,391.0,514.0,-4.0,-4.0,-4.0,-4.0,-4.0,-4.0,-4.0,-4.0,-4.0
486.0,0.0,155.0,274.0,400.0,526.0,-4.0,-4.0,-4.0,-4.0,-4.0,-4.0,-4.0,-4.0,-4.0,0.0,159.0,280.0,403.0,529.0,-4.0,-4.0,-4.0,-4.0,-4.0,-4.0,-4.0,-4.0,-4.0,282.0,-4.0,-4.0,-4.0,-4.0,-4.0,-4.0,83.0,178.0,301.0,425.0,547.0,-4.0,-4.0,-4.0,-4.0,-4.0,-4.0,-4.0,-4.0,-4.0,90.0,185.0,315.0,445.0,563.0,-4.0,-4.0,-4.0,-4.0,-4.0,-4.0,-4.0,-4.0,-4.0,93.0,187.0,319.0,449.0,566.0,-4.0,-4.0,-4.0,-4.0,-4.0,-4.0,-4.0,-4.0,-4.0,30.0,127.0,226.0,353.0,481.0,-4.0,-4.0,-4.0,-4.0,-4.0,-4.0,-4.0,-4.0,-4.0,46.0,143.0,257.0,383.0,508.0,-4.0,-4.0,-4.0,-4.0,-4.0,-4.0,-4.0,-4.0,-4.0,51.0,146.0,263.0,391.0,514.0,-4.0,-4.0,-4.0,-4.0,-4.0,-4.0,-4.0,-4.0,-4.0
487.0,62.0,155.0,274.0,400.0,526.0,-4.0,-4.0,-4.0,-4.0,-4.0,-4.0,-4.0,-4.0,-4.0,66.0,159.0,280.0,403.0,529.0,-4.0,-4.0,-4.0,-4.0,-4.0,-4.0,-4.0,-4.0,-4.0,282.0,-4.0,-4.0,-4.0,-4.0,-4.0,-4.0,83.0,178.0,302.0,425.0,549.0,-4.0,-4.0,-4.0,-4.0,-4.0,-4.0,-4.0,-4.0,-4.0,90.0,185.0,315.0,445.0,563.0,-4.0,-4.0,-4.0,-4.0,-4.0,-4.0,-4.0,-4.0,-4.0,93.0,187.0,319.0,449.0,566.0,-4.0,-4.0,-4.0,-4.0,-4.0,-4.0,-4.0,-4.0,-4.0,30.0,127.0,226.0,353.0,482.0,-4.0,-4.0,-4.0,-4.0,-4.0,-4.0,-4.0,-4.0,-4.0,46.0,143.0,257.0,383.0,508.0,-4.0,-4.0,-4.0,-4.0,-4.0,-4.0,-4.0,-4.0,-4.0,51.0,146.0,263.0,391.0,514.0,-4.0,-4.0,-4.0,-4.0,-4.0,-4.0,-4.0,-4.0,-4.0
488.0,62.0,155.0,276.0,399.0,523.0,-4.0,-4.0,-4.0,-4.0,-4.0,-4.0,-4.0,-4.0,-4.0,66.0,159.0,279.0,403.0,529.0,-4.0,-4.0,-4.0,-4.0,-4.0,-4.0,-4.0,-4.0,-4.0,282.0,-4.0,-4.0,-4.0,-4.0,-4.0,-4.0,79.0,178.0,300.0,425.0,546.0,-4.0,-4.0,-4.0,-4.0,-4.0,-4.0,-4.0,-4.0,-4.0,90.0,185.0,315.0,445.0,563.0,-4.0,-4.0,-4.0,-4.0,-4.0,-4.0,-4.0,-4.0,-4.0,93.0,187.0,319.0,449.0,566.0,-4.0,-4.0,-4.0,-4.0,-4.0,-4.0,-4.0,-4.0,-4.0,29.0,126.0,223.0,350.0,475.0,-4.0,-4.0,-4.0,-4.0,-4.0,-4.0,-4.0,-4.0,-4.0,46.0,142.0,257.0,383.0,508.0,-4.0,-4.0,-4.0,-4.0,-4.0,-4.0,-4.0,-4.0,-4.0,51.0,146.0,263.0,391.0,514.0,-4.0,-4.0,-4.0,-4.0,-4.0,-4.0,-4.0,-4.0,-4.0
489.0,56.0,152.0,273.0,0.0,526.0,-4.0,-4.0,-4.0,-4.0,-4.0,-4.0,-4.0,-4.0,-4.0,65.0,158.0,280.0,0.0,529.0,-4.0,-4.0,-4.0,-4.0,-4.0,-4.0,-4.0,-4.0,-4.0,282.0,-4.0,-4.0,-4.0,-4.0,-4.0,-4.0,83.0,179.0,300.0,426.0,546.0,-4.0,-4.0,-4.0,-4.0,-4.0,-4.0,-4.0,-4.0,-4.0,90.0,185.0,315.0,445.0,563.0,-4.0,-4.0,-4.0,-4.0,-4.0,-4.0,-4.0,-4.0,-4.0,93.0,187.0,319.0,449.0,566.0,-4.0,-4.0,-4.0,-4.0,-4.0,-4.0,-4.0,-4.0,-4.0,31.0,128.0,225.0,355.0,483.0,-4.0,-4.0,-4.0,-4.0,-4.0,-4.0,-4.0,-4.0,-4.0,47.0,142.0,257.0,384.0,508.0,-4.0,-4.0,-4.0,-4.0,-4.0,-4.0,-4.0,-4.0,-4.0,51.0,146.0,263.0,391.0,514.0,-4.0,-4.0,-4.0,-4.0,-4.0,-4.0,-4.0,-4.0,-4.0
490.0,62.0,155.0,274.0,400.0,526.0,-4.0,-4.0,-4.0,-4.0,-4.0,-4.0,-4.0,-4.0,-4.0,66.0,159.0,280.0,403.0,529.0,-4.0,-4.0,-4.0,-4.0,-4.0,-4.0,-4.0,-4.0,-4.0,282.0,-4.0,-4.0,-4.0,-4.0,-4.0,-4.0,83.0,178.0,301.0,426.0,547.0,-4.0,-4.0,-4.0,-4.0,-4.0,-4.0,-4.0,-4.0,-4.0,90.0,185.0,315.0,445.0,563.0,-4.0,-4.0,-4.0,-4.0,-4.0,-4.0,-4.0,-4.0,-4.0,93.0,187.0,319.0,449.0,566.0,-4.0,-4.0,-4.0,-4.0,-4.0,-4.0,-4.0,-4.0,-4.0,30.0,127.0,224.0,351.0,481.0,-4.0,-4.0,-4.0,-4.0,-4.0,-4.0,-4.0,-4.0,-4.0,46.0,143.0,257.0,383.0,508.0,-4.0,-4.0,-4.0,-4.0,-4.0,-4.0,-4.0,-4.0,-4.0,51.0,146.0,263.0,391.0,514.0,-4.0,-4.0,-4.0,-4.0,-4.0,-4.0,-4.0,-4.0,-4.0
491.0,63.0,156.0,273.0,401.0,523.0,-4.0,-4.0,-4.0,-4.0,-4.0,-4.0,-4.0,-4.0,-4.0,66.0,159.0,280.0,403.0,529.0,-4.0,-4.0,-4.0,-4.0,-4.0,-4.0,-4.0,-4.0,-4.0,282.0,-4.0,-4.0,-4.0,-4.0,-4.0,-4.0,84.0,179.0,296.0,427.0,548.0,-4.0,-4.0,-4.0,-4.0,-4.0,-4.0,-4.0,-4.0,-4.0,90.0,185.0,315.0,445.0,563.0,-4.0,-4.0,-4.0,-4.0,-4.0,-4.0,-4.0,-4.0,-4.0,93.0,187.0,319.0,449.0,566.0,-4.0,-4.0,-4.0,-4.0,-4.0,-4.0,-4.0,-4.0,-4.0,32.0,128.0,228.0,356.0,484.0,-4.0,-4.0,-4.0,-4.0,-4.0,-4.0,-4.0,-4.0,-4.0,47.0,142.0,258.0,384.0,508.0,-4.0,-4.0,-4.0,-4.0,-4.0,-4.0,-4.0,-4.0,-4.0,51.0,146.0,263.0,391.0,514.0,-4.0,-4.0,-4.0,-4.0,-4.0,-4.0,-4.0,-4.0,-4.0
492.0,56.0,155.0,274.0,400.0,0.0,-4.0,-4.0,-4.0,-4.0,-4.0,-4.0,-4.0,-4.0,-4.0,65.0,159.0,280.0,403.0,0.0,-4.0,-4.0,-4.0,-4.0,-4.0,-4.0,-4.0,-4.0,-4.0,282.0,-4.0,-4.0,-4.0,-4.0,-4.0,-4.0,79.0,178.0,300.0,426.0,0.0,-4.0,-4.0,-4.0,-4.0,-4.0,-4.0,-4.0,-4.0,-4.0,90.0,185.0,315.0,445.0,0.0,-4.0,-4.0,-4.0,-4.0,-4.0,-4.0,-4.0,-4.0,-4.0,93.0,187.0,319.0,449.0,0.0,-4.0,-4.0,-4.0,-4.0,-4.0,-4.0,-4.0,-4.0,-4.0,29.0,127.0,227.0,350.0,481.0,-4.0,-4.0,-4.0,-4.0,-4.0,-4.0,-4.0,-4.0,-4.0,46.0,143.0,257.0,383.0,508.0,-4.0,-4.0,-4.0,-4.0,-4.0,-4.0,-4.0,-4.0,-4.0,51.0,146.0,263.0,391.0,514.0,-4.0,-4.0,-4.0,-4.0,-4.0,-4.0,-4.0,-4.0,-4.0
493.0,56.0,155.0,274.0,400.0,0.0,-4.0,-4.0,-4.0,-4.0,-4.0,-4.0,-4.0,-4.0,-4.0,65.0,159.0,280.0,403.0,0.0,-4.0,-4.0,-4.0,-4.0,-4.0,-4.0,-4.0,-4.0,-4.0,282.0,-4.0,-4.0,-4.0,-4.0,-4.0,-4.0,83.0,178.0,300.0,426.0,0.0,-4.0,-4.0,-4.0,-4.0,-4.0,-4.0,-4.0,-4.0,-4.0,90.0,185.0,315.0,445.0,0.0,-4.0,-4.0,-4.0,-4.0,-4.0,-4.0,-4.0,-4.0,-4.0,93.0,187.0,319.0,449.0,0.0,-4.0,-4.0,-4.0,-4.0,-4.0,-4.0,-4.0,-4.0,-4.0,29.0,127.0,227.0,352.0,481.0,-4.0,-4.0,-4.0,-4.0,-4.0,-4.0,-4.0,-4.0,-4.0,46.0,143.0,257.0,383.0,508.0,-4.0,-4.0,-4.0,-4.0,-4.0,-4.0,-4.0,-4.0,-4.0,51.0,146.0,263.0,391.0,514.0,-4.0,-4.0,-4.0,-4.0,-4.0,-4.0,-4.0,-4.0,-4.0
494.0,62.0,155.0,274.0,400.0,526.0,-4.0,-4.0,-4.0,-4.0,-4.0,-4.0,-4.0,-4.0,-4.0,66.0,159.0,280.0,403.0,529.0,-4.0,-4.0,-4.0,-4.0,-4.0,-4.0,-4.0,-4.0,-4.0,282.0,-4.0,-4.0,-4.0,-4.0,-4.0,-4.0,83.0,178.0,301.0,425.0,547.0,-4.0,-4.0,-4.0,-4.0,-4.0,-4.0,-4.0,-4.0,-4.0,90.0,185.0,315.0,445.0,563.0,-4.0,-4.0,-4.0,-4.0,-4.0,-4.0,-4.0,-4.0,-4.0,93.0,187.0,319.0,449.0,566.0,-4.0,-4.0,-4.0,-4.0,-4.0,-4.0,-4.0,-4.0,-4.0,30.0,127.0,224.0,353.0,481.0,-4.0,-4.0,-4.0,-4.0,-4.0,-4.0,-4.0,-4.0,-4.0,46.0,143.0,257.0,383.0,508.0,-4.0,-4.0,-4.0,-4.0,-4.0,-4.0,-4.0,-4.0,-4.0,51.0,146.0,263.0,391.0,514.0,-4.0,-4.0,-4.0,-4.0,-4.0,-4.0,-4.0,-4.0,-4.0
495.0,63.0,156.0,273.0,401.0,526.0,-4.0,-4.0,-4.0,-4.0,-4.0,-4.0,-4.0,-4.0,-4.0,66.0,159.0,280.0,403.0,529.0,-4.0,-4.0,-4.0,-4.0,-4.0,-4.0,-4.0,-4.0,-4.0,282.0,-4.0,-4.0,-4.0,-4.0,-4.0,-4.0,84.0,179.0,301.0,427.0,548.0,-4.0,-4.0,-4.0,-4.0,-4.0,-4.0,-4.0,-4.0,-4.0,90.0,185.0,315.0,445.0,563.0,-4.0,-4.0,-4.0,-4.0,-4.0,-4.0,-4.0,-4.0,-4.0,93.0,187.0,319.0,449.0,566.0,-4.0,-4.0,-4.0,-4.0,-4.0,-4.0,-4.0,-4.0,-4.0,31.0,128.0,225.0,355.0,483.0,-4.0,-4.0,-4.0,-4.0,-4.0,-4.0,-4.0,-4.0,-4.0,47.0,142.0,257.0,384.0,508.0,-4.0,-4.0,-4.0,-4.0,-4.0,-4.0,-4.0,-4.0,-4.0,51.0,146.0,263.0,391.0,514.0,-4.0,-4.0,-4.0,-4.0,-4.0,-4.0,-4.0,-4.0,-4.0
496.0,62.0,155.0,274.0,400.0,526.0,-4.0,-4.0,-4.0,-4.0,-4.0,-4.0,-4.0,-4.0,-4.0,66.0,159.0,280.0,403.0,529.0,-4.0,-4.0,-4.0,-4.0,-4.0,-4.0,-4.0,-4.0,-4.0,282.0,-4.0,-4.0,-4.0,-4.0,-4.0,-4.0,83.0,178.0,301.0,426.0,547.0,-4.0,-4.0,-4.0,-4.0,-4.0,-4.0,-4.0,-4.0,-4.0,90.0,185.0,315.0,445.0,563.0,-4.0,-4.0,-4.0,-4.0,-4.0,-4.0,-4.0,-4.0,-4.0,93.0,187.0,319.0,449.0,566.0,-4.0,-4.0,-4.0,-4.0,-4.0,-4.0,-4.0,-4.0,-4.0,30.0,127.0,224.0,351.0,481.0,-4.0,-4.0,-4.0,-4.0,-4.0,-4.0,-4.0,-4.0,-4.0,46.0,143.0,257.0,383.0,508.0,-4.0,-4.0,-4.0,-4.0,-4.0,-4.0,-4.0,-4.0,-4.0,51.0,146.0,263.0,391.0,514.0,-4.0,-4.0,-4.0,-4.0,-4.0,-4.0,-4.0,-4.0,-4.0
497.0,0.0,155.0,274.0,399.0,526.0,-4.0,-4.0,-4.0,-4.0,-4.0,-4.0,-4.0,-4.0,-4.0,0.0,159.0,280.0,403.0,529.0,-4.0,-4.0,-4.0,-4.0,-4.0,-4.0,-4.0,-4.0,-4.0,282.0,-4.0,-4.0,-4.0,-4.0,-4.0,-4.0,83.0,178.0,302.0,425.0,549.0,-4.0,-4.0,-4.0,-4.0,-4.0,-4.0,-4.0,-4.0,-4.0,90.0,185.0,315.0,445.0,563.0,-4.0,-4.0,-4.0,-4.0,-4.0,-4.0,-4.0,-4.0,-4.0,93.0,187.0,319.0,449.0,566.0,-4.0,-4.0,-4.0,-4.0,-4.0,-4.0,-4.0,-4.0,-4.0,30.0,127.0,226.0,354.0,482.0,-4.0,-4.0,-4.0,-4.0,-4.0,-4.0,-4.0,-4.0,-4.0,46.0,143.0,257.0,383.0,508.0,-4.0,-4.0,-4.0,-4.0,-4.0,-4.0,-4.0,-4.0,-4.0,51.0,146.0,263.0,391.0,514.0,-4.0,-4.0,-4.0,-4.0,-4.0,-4.0,-4.0,-4.0,-4.0
498.0,56.0,152.0,272.0,399.0,523.0,-4.0,-4.0,-4.0,-4.0,-4.0,-4.0,-4.0,-4.0,-4.0,65.0,158.0,280.0,403.0,529.0,-4.0,-4.0,-4.0,-4.0,-4.0,-4.0,-4.0,-4.0,-4.0,282.0,-4.0,-4.0,-4.0,-4.0,-4.0,-4.0,79.0,178.0,286.0,425.0,538.0,-4.0,-4.0,-4.0,-4.0,-4.0,-4.0,-4.0,-4.0,-4.0,90.0,185.0,311.0,445.0,561.0,-4.0,-4.0,-4.0,-4.0,-4.0,-4.0,-4.0,-4.0,-4.0,93.0,187.0,319.0,449.0,566.0,-4.0,-4.0,-4.0,-4.0,-4.0,-4.0,-4.0,-4.0,-4.0,29.0,127.0,213.0,354.0,475.0,-4.0,-4.0,-4.0,-4.0,-4.0,-4.0,-4.0,-4.0,-4.0,46.0,143.0,253.0,383.0,508.0,-4.0,-4.0,-4.0,-4.0,-4.0,-4.0,-4.0,-4.0,-4.0,51.0,146.0,262.0,391.0,514.0,-4.0,-4.0,-4.0,-4.0,-4.0,-4.0,-4.0,-4.0,-4.0
499.0,0.0,0.0,269.0,-3.0,0.0,0.0,0.0,0.0,-4.0,-4.0,-4.0,-4.0,-4.0,-4.0,0.0,0.0,279.0,-3.0,0.0,0.0,0.0,0.0,-4.0,-4.0,-4.0,-4.0,-4.0,-4.0,282.0,0.0,0.0,-4.0,-4.0,-4.0,-4.0,79.0,178.0,286.0,-3.0,0.0,657.0,782.0,0.0,-4.0,-4.0,-4.0,-4.0,-4.0,-4.0,90.0,185.0,311.0,-3.0,0.0,678.0,801.0,0.0,-4.0,-4.0,-4.0,-4.0,-4.0,-4.0,93.0,187.0,319.0,-3.0,0.0,681.0,803.0,0.0,-4.0,-4.0,-4.0,-4.0,-4.0,-4.0,29.0,127.0,213.0,-3.0,469.0,583.0,702.0,826.0,-4.0,-4.0,-4.0,-4.0,-4.0,-4.0,46.0,143.0,253.0,-3.0,505.0,615.0,736.0,862.0,-4.0,-4.0,-4.0,-4.0,-4.0,-4.0,51.0,146.0,262.0,-3.0,513.0,624.0,746.0,871.0,-4.0,-4.0,-4.0,-4.0,-4.0,-4.0
500.0,56.0,0.0,0.0,399.0,526.0,-4.0,-4.0,-4.0,-4.0,-4.0,-4.0,-4.0,-4.0,-4.0,65.0,0.0,0.0,403.0,529.0,-4.0,-4.0,-4.0,-4.0,-4.0,-4.0,-4.0,-4.0,-4.0,0.0,-4.0,-4.0,-4.0,-4.0,-4.0,-4.0,79.0,173.0,300.0,425.0,538.0,-4.0,-4.0,-4.0,-4.0,-4.0,-4.0,-4.0,-4.0,-4.0,90.0,185.0,315.0,445.0,561.0,-4.0,-4.0,-4.0,-4.0,-4.0,-4.0,-4.0,-4.0,-4.0,93.0,187.0,319.0,449.0,566.0,-4.0,-4.0,-4.0,-4.0,-4.0,-4.0,-4.0,-4.0,-4.0,30.0,126.0,223.0,354.0,482.0,-4.0,-4.0,-4.0,-4.0,-4.0,-4.0,-4.0,-4.0,-4.0,46.0,142.0,257.0,383.0,508.0,-4.0,-4.0,-4.0,-4.0,-4.0,-4.0,-4.0,-4.0,-4.0,51.0,146.0,263.0,391.0,514.0,-4.0,-4.0,-4.0,-4.0,-4.0,-4.0,-4.0,-4.0,-4.0
501.0,56.0,155.0,273.0,400.0,526.0,-4.0,-4.0,-4.0,-4.0,-4.0,-4.0,-4.0,-4.0,-4.0,65.0,159.0,280.0,403.0,529.0,-4.0,-4.0,-4.0,-4.0,-4.0,-4.0,-4.0,-4.0,-4.0,282.0,-4.0,-4.0,-4.0,-4.0,-4.0,-4.0,79.0,178.0,301.0,426.0,547.0,-4.0,-4.0,-4.0,-4.0,-4.0,-4.0,-4.0,-4.0,-4.0,90.0,185.0,315.0,445.0,563.0,-4.0,-4.0,-4.0,-4.0,-4.0,-4.0,-4.0,-4.0,-4.0,93.0,187.0,319.0,449.0,566.0,-4.0,-4.0,-4.0,-4.0,-4.0,-4.0,-4.0,-4.0,-4.0,30.0,127.0,225.0,351.0,483.0,-4.0,-4.0,-4.0,-4.0,-4.0,-4.0,-4.0,-4.0,-4.0,46.0,143.0,257.0,383.0,508.0,-4.0,-4.0,-4.0,-4.0,-4.0,-4.0,-4.0,-4.0,-4.0,51.0,146.0,263.0,391.0,514.0,-4.0,-4.0,-4.0,-4.0,-4.0,-4.0,-4.0,-4.0,-4.0
502.0,-3.0,155.0,274.0,400.0,526.0,-4.0,-4.0,-4.0,-4.0,-4.0,-4.0,-4.0,-4.0,-4.0,-3.0,159.0,280.0,403.0,529.0,-4.0,-4.0,-4.0,-4.0,-4.0,-4.0,-4.0,-4.0,-4.0,282.0,-4.0,-4.0,-4.0,-4.0,-4.0,-4.0,-3.0,178.0,301.0,426.0,547.0,-4.0,-4.0,-4.0,-4.0,-4.0,-4.0,-4.0,-4.0,-4.0,-3.0,185.0,315.0,445.0,563.0,-4.0,-4.0,-4.0,-4.0,-4.0,-4.0,-4.0,-4.0,-4.0,-3.0,187.0,319.0,449.0,566.0,-4.0,-4.0,-4.0,-4.0,-4.0,-4.0,-4.0,-4.0,-4.0,-3.0,127.0,227.0,352.0,481.0,-4.0,-4.0,-4.0,-4.0,-4.0,-4.0,-4.0,-4.0,-4.0,-3.0,143.0,257.0,383.0,508.0,-4.0,-4.0,-4.0,-4.0,-4.0,-4.0,-4.0,-4.0,-4.0,-3.0,146.0,263.0,391.0,514.0,-4.0,-4.0,-4.0,-4.0,-4.0,-4.0,-4.0,-4.0,-4.0
503.0,62.0,155.0,274.0,400.0,0.0,-4.0,-4.0,-4.0,-4.0,-4.0,-4.0,-4.0,-4.0,-4.0,66.0,159.0,280.0,403.0,0.0,-4.0,-4.0,-4.0,-4.0,-4.0,-4.0,-4.0,-4.0,-4.0,282.0,-4.0,-4.0,-4.0,-4.0,-4.0,-4.0,83.0,178.0,302.0,425.0,0.0,-4.0,-4.0,-4.0,-4.0,-4.0,-4.0,-4.0,-4.0,-4.0,90.0,185.0,315.0,445.0,0.0,-4.0,-4.0,-4.0,-4.0,-4.0,-4.0,-4.0,-4.0,-4.0,93.0,187.0,319.0,449.0,0.0,-4.0,-4.0,-4.0,-4.0,-4.0,-4.0,-4.0,-4.0,-4.0,30.0,127.0,226.0,354.0,482.0,-4.0,-4.0,-4.0,-4.0,-4.0,-4.0,-4.0,-4.0,-4.0,46.0,143.0,257.0,383.0,508.0,-4.0,-4.0,-4.0,-4.0,-4.0,-4.0,-4.0,-4.0,-4.0,51.0,146.0,263.0,391.0,514.0,-4.0,-4.0,-4.0,-4.0,-4.0,-4.0,-4.0,-4.0,-4.0
504.0,-3.0,-3.0,274.0,399.0,526.0,-4.0,-4.0,-4.0,-4.0,-4.0,-4.0,-4.0,-4.0,-4.0,-3.0,-3.0,280.0,403.0,529.0,-4.0,-4.0,-4.0,-4.0,-4.0,-4.0,-4.0,-4.0,-4.0,282.0,-4.0,-4.0,-4.0,-4.0,-4.0,-4.0,-3.0,-3.0,300.0,425.0,538.0,-4.0,-4.0,-4.0,-4.0,-4.0,-4.0,-4.0,-4.0,-4.0,-3.0,-3.0,315.0,445.0,561.0,-4.0,-4.0,-4.0,-4.0,-4.0,-4.0,-4.0,-4.0,-4.0,-3.0,-3.0,319.0,449.0,566.0,-4.0,-4.0,-4.0,-4.0,-4.0,-4.0,-4.0,-4.0,-4.0,-3.0,-3.0,223.0,354.0,482.0,-4.0,-4.0,-4.0,-4.0,-4.0,-4.0,-4.0,-4.0,-4.0,-3.0,-3.0,257.0,383.0,508.0,-4.0,-4.0,-4.0,-4.0,-4.0,-4.0,-4.0,-4.0,-4.0,-3.0,-3.0,263.0,391.0,514.0,-4.0,-4.0,-4.0,-4.0,-4.0,-4.0,-4.0,-4.0,-4.0
505.0,56.0,152.0,272.0,-3.0,523.0,629.0,755.0,882.0,-4.0,-4.0,-4.0,-4.0,-4.0,-4.0,65.0,158.0,280.0,-3.0,529.0,641.0,762.0,885.0,-4.0,-4.0,-4.0,-4.0,-4.0,-4.0,282.0,765.0,889.0,-4.0,-4.0,-4.0,-4.0,79.0,178.0,286.0,-3.0,538.0,657.0,782.0,904.0,-4.0,-4.0,-4.0,-4.0,-4.0,-4.0,90.0,185.0,311.0,-3.0,561.0,678.0,801.0,923.0,-4.0,-4.0,-4.0,-4.0,-4.0,-4.0,93.0,187.0,319.0,-3.0,566.0,681.0,803.0,926.0,-4.0,-4.0,-4.0,-4.0,-4.0,-4.0,29.0,127.0,213.0,-3.0,472.0,585.0,702.0,826.0,-4.0,-4.0,-4.0,-4.0,-4.0,-4.0,46.0,143.0,253.0,-3.0,506.0,615.0,736.0,862.0,-4.0,-4.0,-4.0,-4.0,-4.0,-4.0,51.0,146.0,262.0,-3.0,513.0,624.0,746.0,871.0,-4.0,-4.0,-4.0,-4.0,-4.0,-4.0
506.0,0.0,155.0,-4.0,-4.0,-4.0,-4.0,-4.0,-4.0,-4.0,-4.0,-4.0,-4.0,-4.0,-4.0,0.0,159.0,-4.0,-4.0,-4.0,-4.0,-4.0,-4.0,-4.0,-4.0,-4.0,-4.0,-4.0,-4.0,-4.0,-4.0,-4.0,-4.0,-4.0,-4.0,-4.0,79.0,178.0,-4.0,-4.0,-4.0,-4.0,-4.0,-4.0,-4.0,-4.0,-4.0,-4.0,-4.0,-4.0,90.0,185.0,-4.0,-4.0,-4.0,-4.0,-4.0,-4.0,-4.0,-4.0,-4.0,-4.0,-4.0,-4.0,93.0,187.0,-4.0,-4.0,-4.0,-4.0,-4.0,-4.0,-4.0,-4.0,-4.0,-4.0,-4.0,-4.0,30.0,127.0,-4.0,-4.0,-4.0,-4.0,-4.0,-4.0,-4.0,-4.0,-4.0,-4.0,-4.0,-4.0,46.0,143.0,-4.0,-4.0,-4.0,-4.0,-4.0,-4.0,-4.0,-4.0,-4.0,-4.0,-4.0,-4.0,51.0,146.0,-4.0,-4.0,-4.0,-4.0,-4.0,-4.0,-4.0,-4.0,-4.0,-4.0,-4.0,-4.0
507.0,56.0,155.0,274.0,400.0,526.0,-4.0,-4.0,-4.0,-4.0,-4.0,-4.0,-4.0,-4.0,-4.0,65.0,159.0,280.0,403.0,529.0,-4.0,-4.0,-4.0,-4.0,-4.0,-4.0,-4.0,-4.0,-4.0,282.0,-4.0,-4.0,-4.0,-4.0,-4.0,-4.0,83.0,178.0,301.0,426.0,547.0,-4.0,-4.0,-4.0,-4.0,-4.0,-4.0,-4.0,-4.0,-4.0,90.0,185.0,315.0,445.0,563.0,-4.0,-4.0,-4.0,-4.0,-4.0,-4.0,-4.0,-4.0,-4.0,93.0,187.0,319.0,449.0,566.0,-4.0,-4.0,-4.0,-4.0,-4.0,-4.0,-4.0,-4.0,-4.0,29.0,127.0,224.0,351.0,481.0,-4.0,-4.0,-4.0,-4.0,-4.0,-4.0,-4.0,-4.0,-4.0,46.0,143.0,257.0,383.0,508.0,-4.0,-4.0,-4.0,-4.0,-4.0,-4.0,-4.0,-4.0,-4.0,51.0,146.0,263.0,391.0,514.0,-4.0,-4.0,-4.0,-4.0,-4.0,-4.0,-4.0,-4.0,-4.0
508.0,62.0,155.0,276.0,399.0,526.0,-4.0,-4.0,-4.0,-4.0,-4.0,-4.0,-4.0,-4.0,-4.0,66.0,159.0,279.0,403.0,529.0,-4.0,-4.0,-4.0,-4.0,-4.0,-4.0,-4.0,-4.0,-4.0,282.0,-4.0,-4.0,-4.0,-4.0,-4.0,-4.0,83.0,178.0,302.0,425.0,549.0,-4.0,-4.0,-4.0,-4.0,-4.0,-4.0,-4.0,-4.0,-4.0,90.0,185.0,315.0,445.0,563.0,-4.0,-4.0,-4.0,-4.0,-4.0,-4.0,-4.0,-4.0,-4.0,93.0,187.0,319.0,449.0,566.0,-4.0,-4.0,-4.0,-4.0,-4.0,-4.0,-4.0,-4.0,-4.0,30.0,127.0,223.0,354.0,482.0,-4.0,-4.0,-4.0,-4.0,-4.0,-4.0,-4.0,-4.0,-4.0,46.0,143.0,257.0,383.0,508.0,-4.0,-4.0,-4.0,-4.0,-4.0,-4.0,-4.0,-4.0,-4.0,51.0,146.0,263.0,391.0,514.0,-4.0,-4.0,-4.0,-4.0,-4.0,-4.0,-4.0,-4.0,-4.0
509.0,63.0,156.0,273.0,399.0,523.0,-4.0,-4.0,-4.0,-4.0,-4.0,-4.0,-4.0,-4.0,-4.0,66.0,159.0,280.0,403.0,529.0,-4.0,-4.0,-4.0,-4.0,-4.0,-4.0,-4.0,-4.0,-4.0,282.0,-4.0,-4.0,-4.0,-4.0,-4.0,-4.0,84.0,179.0,296.0,427.0,546.0,-4.0,-4.0,-4.0,-4.0,-4.0,-4.0,-4.0,-4.0,-4.0,90.0,185.0,315.0,445.0,563.0,-4.0,-4.0,-4.0,-4.0,-4.0,-4.0,-4.0,-4.0,-4.0,93.0,187.0,319.0,449.0,566.0,-4.0,-4.0,-4.0,-4.0,-4.0,-4.0,-4.0,-4.0,-4.0,32.0,128.0,228.0,355.0,480.0,-4.0,-4.0,-4.0,-4.0,-4.0,-4.0,-4.0,-4.0,-4.0,47.0,142.0,258.0,384.0,508.0,-4.0,-4.0,-4.0,-4.0,-4.0,-4.0,-4.0,-4.0,-4.0,51.0,146.0,263.0,391.0,514.0,-4.0,-4.0,-4.0,-4.0,-4.0,-4.0,-4.0,-4.0,-4.0
510.0,62.0,155.0,274.0,400.0,526.0,-4.0,-4.0,-4.0,-4.0,-4.0,-4.0,-4.0,-4.0,-4.0,66.0,159.0,280.0,403.0,529.0,-4.0,-4.0,-4.0,-4.0,-4.0,-4.0,-4.0,-4.0,-4.0,282.0,-4.0,-4.0,-4.0,-4.0,-4.0,-4.0,83.0,173.0,301.0,426.0,547.0,-4.0,-4.0,-4.0,-4.0,-4.0,-4.0,-4.0,-4.0,-4.0,90.0,185.0,315.0,445.0,563.0,-4.0,-4.0,-4.0,-4.0,-4.0,-4.0,-4.0,-4.0,-4.0,93.0,187.0,319.0,449.0,566.0,-4.0,-4.0,-4.0,-4.0,-4.0,-4.0,-4.0,-4.0,-4.0,30.0,127.0,224.0,351.0,481.0,-4.0,-4.0,-4.0,-4.0,-4.0,-4.0,-4.0,-4.0,-4.0,46.0,143.0,257.0,383.0,508.0,-4.0,-4.0,-4.0,-4.0,-4.0,-4.0,-4.0,-4.0,-4.0,51.0,146.0,263.0,391.0,514.0,-4.0,-4.0,-4.0,-4.0,-4.0,-4.0,-4.0,-4.0,-4.0
511.0,62.0,155.0,274.0,400.0,526.0,-4.0,-4.0,-4.0,-4.0,-4.0,-4.0,-4.0,-4.0,-4.0,66.0,159.0,280.0,403.0,529.0,-4.0,-4.0,-4.0,-4.0,-4.0,-4.0,-4.0,-4.0,-4.0,282.0,-4.0,-4.0,-4.0,-4.0,-4.0,-4.0,83.0,173.0,301.0,426.0,548.0,-4.0,-4.0,-4.0,-4.0,-4.0,-4.0,-4.0,-4.0,-4.0,90.0,185.0,315.0,445.0,563.0,-4.0,-4.0,-4.0,-4.0,-4.0,-4.0,-4.0,-4.0,-4.0,93.0,187.0,319.0,449.0,566.0,-4.0,-4.0,-4.0,-4.0,-4.0,-4.0,-4.0,-4.0,-4.0,30.0,127.0,224.0,351.0,481.0,-4.0,-4.0,-4.0,-4.0,-4.0,-4.0,-4.0,-4.0,-4.0,46.0,143.0,257.0,383.0,508.0,-4.0,-4.0,-4.0,-4.0,-4.0,-4.0,-4.0,-4.0,-4.0,51.0,146.0,263.0,391.0,514.0,-4.0,-4.0,-4.0,-4.0,-4.0,-4.0,-4.0,-4.0,-4.0
512.0,-3.0,-3.0,-4.0,-4.0,-4.0,-4.0,-4.0,-4.0,-4.0,-4.0,-4.0,-4.0,-4.0,-4.0,-3.0,-3.0,-4.0,-4.0,-4.0,-4.0,-4.0,-4.0,-4.0,-4.0,-4.0,-4.0,-4.0,-4.0,-4.0,-4.0,-4.0,-4.0,-4.0,-4.0,-4.0,-3.0,-3.0,-4.0,-4.0,-4.0,-4.0,-4.0,-4.0,-4.0,-4.0,-4.0,-4.0,-4.0,-4.0,-3.0,-3.0,-4.0,-4.0,-4.0,-4.0,-4.0,-4.0,-4.0,-4.0,-4.0,-4.0,-4.0,-4.0,-3.0,-3.0,-4.0,-4.0,-4.0,-4.0,-4.0,-4.0,-4.0,-4.0,-4.0,-4.0,-4.0,-4.0,-3.0,-3.0,-4.0,-4.0,-4.0,-4.0,-4.0,-4.0,-4.0,-4.0,-4.0,-4.0,-4.0,-4.0,-3.0,-3.0,-4.0,-4.0,-4.0,-4.0,-4.0,-4.0,-4.0,-4.0,-4.0,-4.0,-4.0,-4.0,-3.0,-3.0,-4.0,-4.0,-4.0,-4.0,-4.0,-4.0,-4.0,-4.0,-4.0,-4.0,-4.0,-4.0
513.0,56.0,152.0,-3.0,-3.0,523.0,-4.0,-4.0,-4.0,-4.0,-4.0,-4.0,-4.0,-4.0,-4.0,65.0,158.0,-3.0,-3.0,529.0,-4.0,-4.0,-4.0,-4.0,-4.0,-4.0,-4.0,-4.0,-4.0,-3.0,-4.0,-4.0,-4.0,-4.0,-4.0,-4.0,79.0,173.0,-3.0,-3.0,546.0,-4.0,-4.0,-4.0,-4.0,-4.0,-4.0,-4.0,-4.0,-4.0,90.0,185.0,-3.0,-3.0,563.0,-4.0,-4.0,-4.0,-4.0,-4.0,-4.0,-4.0,-4.0,-4.0,93.0,187.0,-3.0,-3.0,566.0,-4.0,-4.0,-4.0,-4.0,-4.0,-4.0,-4.0,-4.0,-4.0,29.0,126.0,-3.0,-3.0,480.0,-4.0,-4.0,-4.0,-4.0,-4.0,-4.0,-4.0,-4.0,-4.0,46.0,142.0,-3.0,-3.0,508.0,-4.0,-4.0,-4.0,-4.0,-4.0,-4.0,-4.0,-4.0,-4.0,51.0,146.0,-3.0,-3.0,514.0,-4.0,-4.0,-4.0,-4.0,-4.0,-4.0,-4.0,-4.0,-4.0
514.0,62.0,-3.0,-3.0,0.0,0.0,-4.0,-4.0,-4.0,-4.0,-4.0,-4.0,-4.0,-4.0,-4.0,66.0,-3.0,-3.0,0.0,0.0,-4.0,-4.0,-4.0,-4.0,-4.0,-4.0,-4.0,-4.0,-4.0,-3.0,-4.0,-4.0,-4.0,-4.0,-4.0,-4.0,79.0,-3.0,-3.0,0.0,0.0,-4.0,-4.0,-4.0,-4.0,-4.0,-4.0,-4.0,-4.0,-4.0,90.0,-3.0,-3.0,0.0,0.0,-4.0,-4.0,-4.0,-4.0,-4.0,-4.0,-4.0,-4.0,-4.0,93.0,-3.0,-3.0,0.0,0.0,-4.0,-4.0,-4.0,-4.0,-4.0,-4.0,-4.0,-4.0,-4.0,30.0,-3.0,-3.0,350.0,473.0,-4.0,-4.0,-4.0,-4.0,-4.0,-4.0,-4.0,-4.0,-4.0,46.0,-3.0,-3.0,383.0,505.0,-4.0,-4.0,-4.0,-4.0,-4.0,-4.0,-4.0,-4.0,-4.0,51.0,-3.0,-3.0,391.0,513.0,-4.0,-4.0,-4.0,-4.0,-4.0,-4.0,-4.0,-4.0,-4.0
515.0,62.0,155.0,274.0,400.0,526.0,-4.0,-4.0,-4.0,-4.0,-4.0,-4.0,-4.0,-4.0,-4.0,66.0,159.0,280.0,403.0,529.0,-4.0,-4.0,-4.0,-4.0,-4.0,-4.0,-4.0,-4.0,-4.0,282.0,-4.0,-4.0,-4.0,-4.0,-4.0,-4.0,83.0,178.0,301.0,426.0,548.0,-4.0,-4.0,-4.0,-4.0,-4.0,-4.0,-4.0,-4.0,-4.0,90.0,185.0,315.0,445.0,563.0,-4.0,-4.0,-4.0,-4.0,-4.0,-4.0,-4.0,-4.0,-4.0,93.0,187.0,319.0,449.0,566.0,-4.0,-4.0,-4.0,-4.0,-4.0,-4.0,-4.0,-4.0,-4.0,30.0,127.0,224.0,351.0,481.0,-4.0,-4.0,-4.0,-4.0,-4.0,-4.0,-4.0,-4.0,-4.0,46.0,143.0,257.0,383.0,508.0,-4.0,-4.0,-4.0,-4.0,-4.0,-4.0,-4.0,-4.0,-4.0,51.0,146.0,263.0,391.0,514.0,-4.0,-4.0,-4.0,-4.0,-4.0,-4.0,-4.0,-4.0,-4.0
516.0,62.0,155.0,274.0,400.0,526.0,-4.0,-4.0,-4.0,-4.0,-4.0,-4.0,-4.0,-4.0,-4.0,66.0,159.0,280.0,403.0,529.0,-4.0,-4.0,-4.0,-4.0,-4.0,-4.0,-4.0,-4.0,-4.0,282.0,-4.0,-4.0,-4.0,-4.0,-4.0,-4.0,83.0,178.0,302.0,425.0,549.0,-4.0,-4.0,-4.0,-4.0,-4.0,-4.0,-4.0,-4.0,-4.0,90.0,185.0,315.0,445.0,563.0,-4.0,-4.0,-4.0,-4.0,-4.0,-4.0,-4.0,-4.0,-4.0,93.0,187.0,319.0,449.0,566.0,-4.0,-4.0,-4.0,-4.0,-4.0,-4.0,-4.0,-4.0,-4.0,30.0,127.0,226.0,354.0,482.0,-4.0,-4.0,-4.0,-4.0,-4.0,-4.0,-4.0,-4.0,-4.0,46.0,143.0,257.0,383.0,508.0,-4.0,-4.0,-4.0,-4.0,-4.0,-4.0,-4.0,-4.0,-4.0,51.0,146.0,263.0,391.0,514.0,-4.0,-4.0,-4.0,-4.0,-4.0,-4.0,-4.0,-4.0,-4.0
517.0,-3.0,152.0,274.0,0.0,523.0,-4.0,-4.0,-4.0,-4.0,-4.0,-4.0,-4.0,-4.0,-4.0,-3.0,158.0,280.0,0.0,529.0,-4.0,-4.0,-4.0,-4.0,-4.0,-4.0,-4.0,-4.0,-4.0,282.0,-4.0,-4.0,-4.0,-4.0,-4.0,-4.0,-3.0,173.0,300.0,426.0,546.0,-4.0,-4.0,-4.0,-4.0,-4.0,-4.0,-4.0,-4.0,-4.0,-3.0,185.0,315.0,445.0,563.0,-4.0,-4.0,-4.0,-4.0,-4.0,-4.0,-4.0,-4.0,-4.0,-3.0,187.0,319.0,449.0,566.0,-4.0,-4.0,-4.0,-4.0,-4.0,-4.0,-4.0,-4.0,-4.0,-3.0,126.0,227.0,350.0,480.0,-4.0,-4.0,-4.0,-4.0,-4.0,-4.0,-4.0,-4.0,-4.0,-3.0,142.0,257.0,383.0,508.0,-4.0,-4.0,-4.0,-4.0,-4.0,-4.0,-4.0,-4.0,-4.0,-3.0,146.0,263.0,391.0,514.0,-4.0,-4.0,-4.0,-4.0,-4.0,-4.0,-4.0,-4.0,-4.0
518.0,-3.0,-3.0,-4.0,-4.0,-4.0,-4.0,-4.0,-4.0,-4.0,-4.0,-4.0,-4.0,-4.0,-4.0,-3.0,-3.0,-4.0,-4.0,-4.0,-4.0,-4.0,-4.0,-4.0,-4.0,-4.0,-4.0,-4.0,-4.0,-4.0,-4.0,-4.0,-4.0,-4.0,-4.0,-4.0,-3.0,-3.0,-4.0,-4.0,-4.0,-4.0,-4.0,-4.0,-4.0,-4.0,-4.0,-4.0,-4.0,-4.0,-3.0,-3.0,-4.0,-4.0,-4.0,-4.0,-4.0,-4.0,-4.0,-4.0,-4.0,-4.0,-4.0,-4.0,-3.0,-3.0,-4.0,-4.0,-4.0,-4.0,-4.0,-4.0,-4.0,-4.0,-4.0,-4.0,-4.0,-4.0,-3.0,-3.0,-4.0,-4.0,-4.0,-4.0,-4.0,-4.0,-4.0,-4.0,-4.0,-4.0,-4.0,-4.0,-3.0,-3.0,-4.0,-4.0,-4.0,-4.0,-4.0,-4.0,-4.0,-4.0,-4.0,-4.0,-4.0,-4.0,-3.0,-3.0,-4.0,-4.0,-4.0,-4.0,-4.0,-4.0,-4.0,-4.0,-4.0,-4.0,-4.0,-4.0
519.0,56.0,-3.0,-4.0,-4.0,-4.0,-4.0,-4.0,-4.0,-4.0,-4.0,-4.0,-4.0,-4.0,-4.0,65.0,-3.0,-4.0,-4.0,-4.0,-4.0,-4.0,-4.0,-4.0,-4.0,-4.0,-4.0,-4.0,-4.0,-4.0,-4.0,-4.0,-4.0,-4.0,-4.0,-4.0,79.0,-3.0,-4.0,-4.0,-4.0,-4.0,-4.0,-4.0,-4.0,-4.0,-4.0,-4.0,-4.0,-4.0,90.0,-3.0,-4.0,-4.0,-4.0,-4.0,-4.0,-4.0,-4.0,-4.0,-4.0,-4.0,-4.0,-4.0,93.0,-3.0,-4.0,-4.0,-4.0,-4.0,-4.0,-4.0,-4.0,-4.0,-4.0,-4.0,-4.0,-4.0,29.0,-3.0,-4.0,-4.0,-4.0,-4.0,-4.0,-4.0,-4.0,-4.0,-4.0,-4.0,-4.0,-4.0,46.0,-3.0,-4.0,-4.0,-4.0,-4.0,-4.0,-4.0,-4.0,-4.0,-4.0,-4.0,-4.0,-4.0,51.0,-3.0,-4.0,-4.0,-4.0,-4.0,-4.0,-4.0,-4.0,-4.0,-4.0,-4.0,-4.0,-4.0
520.0,-5.0,155.0,276.0,399.0,520.0,-4.0,-4.0,-4.0,-4.0,-4.0,-4.0,-4.0,-4.0,-4.0,-5.0,159.0,279.0,403.0,528.0,-4.0,-4.0,-4.0,-4.0,-4.0,-4.0,-4.0,-4.0,-4.0,282.0,-4.0,-4.0,-4.0,-4.0,-4.0,-4.0,-5.0,173.0,300.0,428.0,546.0,-4.0,-4.0,-4.0,-4.0,-4.0,-4.0,-4.0,-4.0,-4.0,-5.0,185.0,315.0,442.0,563.0,-4.0,-4.0,-4.0,-4.0,-4.0,-4.0,-4.0,-4.0,-4.0,-5.0,187.0,319.0,448.0,566.0,-4.0,-4.0,-4.0,-4.0,-4.0,-4.0,-4.0,-4.0,-4.0,-5.0,126.0,223.0,350.0,480.0,-4.0,-4.0,-4.0,-4.0,-4.0,-4.0,-4.0,-4.0,-4.0,-5.0,142.0,257.0,383.0,508.0,-4.0,-4.0,-4.0,-4.0,-4.0,-4.0,-4.0,-4.0,-4.0,-5.0,146.0,263.0,391.0,514.0,-4.0,-4.0,-4.0,-4.0,-4.0,-4.0,-4.0,-4.0,-4.0
521.0,-3.0,-3.0,-3.0,-3.0,0.0,-3.0,-3.0,-3.0,-3.0,0.0,1261.0,-4.0,-4.0,-4.0,-3.0,-3.0,-3.0,-3.0,0.0,-3.0,-3.0,-3.0,-3.0,0.0,1274.0,-4.0,-4.0,-4.0,-3.0,-3.0,-3.0,-3.0,0.0,1277.0,-4.0,-3.0,-3.0,-3.0,-3.0,0.0,-3.0,-3.0,-3.0,-3.0,0.0,1293.0,-4.0,-4.0,-4.0,-3.0,-3.0,-3.0,-3.0,0.0,-3.0,-3.0,-3.0,-3.0,0.0,1315.0,-4.0,-4.0,-4.0,-3.0,-3.0,-3.0,-3.0,0.0,-3.0,-3.0,-3.0,-3.0,0.0,1318.0,-4.0,-4.0,-4.0,-3.0,-3.0,-3.0,-3.0,472.0,-3.0,-3.0,-3.0,-3.0,1078.0,1206.0,-4.0,-4.0,-4.0,-3.0,-3.0,-3.0,-3.0,506.0,-3.0,-3.0,-3.0,-3.0,1114.0,1245.0,-4.0,-4.0,-4.0,-3.0,-3.0,-3.0,-3.0,513.0,-3.0,-3.0,-3.0,-3.0,1120.0,1253.0,-4.0,-4.0,-4.0
522.0,62.0,152.0,274.0,399.0,526.0,-4.0,-4.0,-4.0,-4.0,-4.0,-4.0,-4.0,-4.0,-4.0,66.0,158.0,280.0,403.0,529.0,-4.0,-4.0,-4.0,-4.0,-4.0,-4.0,-4.0,-4.0,-4.0,282.0,-4.0,-4.0,-4.0,-4.0,-4.0,-4.0,83.0,178.0,302.0,425.0,549.0,-4.0,-4.0,-4.0,-4.0,-4.0,-4.0,-4.0,-4.0,-4.0,90.0,185.0,315.0,445.0,563.0,-4.0,-4.0,-4.0,-4.0,-4.0,-4.0,-4.0,-4.0,-4.0,93.0,187.0,319.0,449.0,566.0,-4.0,-4.0,-4.0,-4.0,-4.0,-4.0,-4.0,-4.0,-4.0,30.0,127.0,226.0,353.0,482.0,-4.0,-4.0,-4.0,-4.0,-4.0,-4.0,-4.0,-4.0,-4.0,46.0,143.0,257.0,383.0,508.0,-4.0,-4.0,-4.0,-4.0,-4.0,-4.0,-4.0,-4.0,-4.0,51.0,146.0,263.0,391.0,514.0,-4.0,-4.0,-4.0,-4.0,-4.0,-4.0,-4.0,-4.0,-4.0
523.0,62.0,152.0,274.0,400.0,526.0,-4.0,-4.0,-4.0,-4.0,-4.0,-4.0,-4.0,-4.0,-4.0,66.0,158.0,280.0,403.0,529.0,-4.0,-4.0,-4.0,-4.0,-4.0,-4.0,-4.0,-4.0,-4.0,282.0,-4.0,-4.0,-4.0,-4.0,-4.0,-4.0,83.0,178.0,302.0,425.0,549.0,-4.0,-4.0,-4.0,-4.0,-4.0,-4.0,-4.0,-4.0,-4.0,90.0,185.0,315.0,445.0,563.0,-4.0,-4.0,-4.0,-4.0,-4.0,-4.0,-4.0,-4.0,-4.0,93.0,187.0,319.0,449.0,566.0,-4.0,-4.0,-4.0,-4.0,-4.0,-4.0,-4.0,-4.0,-4.0,30.0,127.0,226.0,353.0,482.0,-4.0,-4.0,-4.0,-4.0,-4.0,-4.0,-4.0,-4.0,-4.0,46.0,143.0,257.0,383.0,508.0,-4.0,-4.0,-4.0,-4.0,-4.0,-4.0,-4.0,-4.0,-4.0,51.0,146.0,263.0,391.0,514.0,-4.0,-4.0,-4.0,-4.0,-4.0,-4.0,-4.0,-4.0,-4.0
524.0,-5.0,-5.0,276.0,399.0,526.0,-4.0,-4.0,-4.0,-4.0,-4.0,-4.0,-4.0,-4.0,-4.0,-5.0,-5.0,279.0,403.0,529.0,-4.0,-4.0,-4.0,-4.0,-4.0,-4.0,-4.0,-4.0,-4.0,282.0,-4.0,-4.0,-4.0,-4.0,-4.0,-4.0,-5.0,-5.0,302.0,425.0,549.0,-4.0,-4.0,-4.0,-4.0,-4.0,-4.0,-4.0,-4.0,-4.0,-5.0,-5.0,315.0,445.0,563.0,-4.0,-4.0,-4.0,-4.0,-4.0,-4.0,-4.0,-4.0,-4.0,-5.0,-5.0,319.0,449.0,566.0,-4.0,-4.0,-4.0,-4.0,-4.0,-4.0,-4.0,-4.0,-4.0,-5.0,-5.0,223.0,353.0,482.0,-4.0,-4.0,-4.0,-4.0,-4.0,-4.0,-4.0,-4.0,-4.0,-5.0,-5.0,257.0,383.0,508.0,-4.0,-4.0,-4.0,-4.0,-4.0,-4.0,-4.0,-4.0,-4.0,-5.0,-5.0,263.0,391.0,514.0,-4.0,-4.0,-4.0,-4.0,-4.0,-4.0,-4.0,-4.0,-4.0
525.0,62.0,155.0,274.0,400.0,526.0,-4.0,-4.0,-4.0,-4.0,-4.0,-4.0,-4.0,-4.0,-4.0,66.0,159.0,280.0,403.0,529.0,-4.0,-4.0,-4.0,-4.0,-4.0,-4.0,-4.0,-4.0,-4.0,282.0,-4.0,-4.0,-4.0,-4.0,-4.0,-4.0,83.0,178.0,302.0,425.0,549.0,-4.0,-4.0,-4.0,-4.0,-4.0,-4.0,-4.0,-4.0,-4.0,90.0,185.0,315.0,445.0,563.0,-4.0,-4.0,-4.0,-4.0,-4.0,-4.0,-4.0,-4.0,-4.0,93.0,187.0,319.0,449.0,566.0,-4.0,-4.0,-4.0,-4.0,-4.0,-4.0,-4.0,-4.0,-4.0,30.0,127.0,226.0,353.0,482.0,-4.0,-4.0,-4.0,-4.0,-4.0,-4.0,-4.0,-4.0,-4.0,46.0,143.0,257.0,383.0,508.0,-4.0,-4.0,-4.0,-4.0,-4.0,-4.0,-4.0,-4.0,-4.0,51.0,146.0,263.0,391.0,514.0,-4.0,-4.0,-4.0,-4.0,-4.0,-4.0,-4.0,-4.0,-4.0
526.0,57.0,152.0,276.0,399.0,523.0,-4.0,-4.0,-4.0,-4.0,-4.0,-4.0,-4.0,-4.0,-4.0,66.0,158.0,279.0,403.0,529.0,-4.0,-4.0,-4.0,-4.0,-4.0,-4.0,-4.0,-4.0,-4.0,282.0,-4.0,-4.0,-4.0,-4.0,-4.0,-4.0,85.0,173.0,299.0,429.0,550.0,-4.0,-4.0,-4.0,-4.0,-4.0,-4.0,-4.0,-4.0,-4.0,90.0,185.0,316.0,446.0,563.0,-4.0,-4.0,-4.0,-4.0,-4.0,-4.0,-4.0,-4.0,-4.0,93.0,187.0,319.0,449.0,566.0,-4.0,-4.0,-4.0,-4.0,-4.0,-4.0,-4.0,-4.0,-4.0,33.0,129.0,220.0,357.0,485.0,-4.0,-4.0,-4.0,-4.0,-4.0,-4.0,-4.0,-4.0,-4.0,44.0,140.0,256.0,385.0,510.0,-4.0,-4.0,-4.0,-4.0,-4.0,-4.0,-4.0,-4.0,-4.0,51.0,146.0,263.0,391.0,514.0,-4.0,-4.0,-4.0,-4.0,-4.0,-4.0,-4.0,-4.0,-4.0
527.0,57.0,0.0,274.0,399.0,520.0,-4.0,-4.0,-4.0,-4.0,-4.0,-4.0,-4.0,-4.0,-4.0,66.0,0.0,280.0,403.0,528.0,-4.0,-4.0,-4.0,-4.0,-4.0,-4.0,-4.0,-4.0,-4.0,282.0,-4.0,-4.0,-4.0,-4.0,-4.0,-4.0,71.0,176.0,299.0,430.0,545.0,-4.0,-4.0,-4.0,-4.0,-4.0,-4.0,-4.0,-4.0,-4.0,90.0,185.0,316.0,446.0,562.0,-4.0,-4.0,-4.0,-4.0,-4.0,-4.0,-4.0,-4.0,-4.0,93.0,187.0,319.0,449.0,566.0,-4.0,-4.0,-4.0,-4.0,-4.0,-4.0,-4.0,-4.0,-4.0,24.0,130.0,229.0,358.0,486.0,-4.0,-4.0,-4.0,-4.0,-4.0,-4.0,-4.0,-4.0,-4.0,44.0,140.0,256.0,385.0,510.0,-4.0,-4.0,-4.0,-4.0,-4.0,-4.0,-4.0,-4.0,-4.0,51.0,146.0,263.0,391.0,514.0,-4.0,-4.0,-4.0,-4.0,-4.0,-4.0,-4.0,-4.0,-4.0
528.0,55.0,152.0,268.0,395.0,519.0,-4.0,-4.0,-4.0,-4.0,-4.0,-4.0,-4.0,-4.0,-4.0,64.0,158.0,278.0,404.0,527.0,-4.0,-4.0,-4.0,-4.0,-4.0,-4.0,-4.0,-4.0,-4.0,281.0,-4.0,-4.0,-4.0,-4.0,-4.0,-4.0,85.0,176.0,299.0,430.0,536.0,-4.0,-4.0,-4.0,-4.0,-4.0,-4.0,-4.0,-4.0,-4.0,90.0,185.0,316.0,446.0,560.0,-4.0,-4.0,-4.0,-4.0,-4.0,-4.0,-4.0,-4.0,-4.0,93.0,187.0,319.0,449.0,565.0,-4.0,-4.0,-4.0,-4.0,-4.0,-4.0,-4.0,-4.0,-4.0,34.0,120.0,229.0,358.0,486.0,-4.0,-4.0,-4.0,-4.0,-4.0,-4.0,-4.0,-4.0,-4.0,44.0,140.0,256.0,385.0,510.0,-4.0,-4.0,-4.0,-4.0,-4.0,-4.0,-4.0,-4.0,-4.0,51.0,146.0,263.0,391.0,514.0,-4.0,-4.0,-4.0,-4.0,-4.0,-4.0,-4.0,-4.0,-4.0
529.0,57.0,152.0,276.0,-3.0,523.0,-4.0,-4.0,-4.0,-4.0,-4.0,-4.0,-4.0,-4.0,-4.0,66.0,158.0,279.0,-3.0,529.0,-4.0,-4.0,-4.0,-4.0,-4.0,-4.0,-4.0,-4.0,-4.0,282.0,-4.0,-4.0,-4.0,-4.0,-4.0,-4.0,71.0,176.0,303.0,-3.0,551.0,-4.0,-4.0,-4.0,-4.0,-4.0,-4.0,-4.0,-4.0,-4.0,90.0,185.0,316.0,-3.0,563.0,-4.0,-4.0,-4.0,-4.0,-4.0,-4.0,-4.0,-4.0,-4.0,93.0,187.0,319.0,-3.0,566.0,-4.0,-4.0,-4.0,-4.0,-4.0,-4.0,-4.0,-4.0,-4.0,24.0,130.0,230.0,-3.0,487.0,-4.0,-4.0,-4.0,-4.0,-4.0,-4.0,-4.0,-4.0,-4.0,44.0,140.0,256.0,-3.0,510.0,-4.0,-4.0,-4.0,-4.0,-4.0,-4.0,-4.0,-4.0,-4.0,51.0,146.0,263.0,-3.0,514.0,-4.0,-4.0,-4.0,-4.0,-4.0,-4.0,-4.0,-4.0,-4.0
530.0,57.0,0.0,268.0,399.0,0.0,-4.0,-4.0,-4.0,-4.0,-4.0,-4.0,-4.0,-4.0,-4.0,66.0,0.0,278.0,403.0,0.0,-4.0,-4.0,-4.0,-4.0,-4.0,-4.0,-4.0,-4.0,-4.0,281.0,-4.0,-4.0,-4.0,-4.0,-4.0,-4.0,71.0,176.0,299.0,430.0,0.0,-4.0,-4.0,-4.0,-4.0,-4.0,-4.0,-4.0,-4.0,-4.0,90.0,185.0,316.0,446.0,0.0,-4.0,-4.0,-4.0,-4.0,-4.0,-4.0,-4.0,-4.0,-4.0,93.0,187.0,319.0,449.0,0.0,-4.0,-4.0,-4.0,-4.0,-4.0,-4.0,-4.0,-4.0,-4.0,24.0,130.0,231.0,358.0,486.0,-4.0,-4.0,-4.0,-4.0,-4.0,-4.0,-4.0,-4.0,-4.0,44.0,140.0,256.0,385.0,510.0,-4.0,-4.0,-4.0,-4.0,-4.0,-4.0,-4.0,-4.0,-4.0,51.0,146.0,263.0,391.0,514.0,-4.0,-4.0,-4.0,-4.0,-4.0,-4.0,-4.0,-4.0,-4.0
531.0,0.0,0.0,0.0,0.0,0.0,-4.0,-4.0,-4.0,-4.0,-4.0,-4.0,-4.0,-4.0,-4.0,0.0,0.0,0.0,0.0,0.0,-4.0,-4.0,-4.0,-4.0,-4.0,-4.0,-4.0,-4.0,-4.0,0.0,-4.0,-4.0,-4.0,-4.0,-4.0,-4.0,0.0,0.0,0.0,0.0,546.0,-4.0,-4.0,-4.0,-4.0,-4.0,-4.0,-4.0,-4.0,-4.0,0.0,0.0,0.0,0.0,563.0,-4.0,-4.0,-4.0,-4.0,-4.0,-4.0,-4.0,-4.0,-4.0,0.0,0.0,0.0,0.0,566.0,-4.0,-4.0,-4.0,-4.0,-4.0,-4.0,-4.0,-4.0,-4.0,24.0,129.0,232.0,357.0,486.0,-4.0,-4.0,-4.0,-4.0,-4.0,-4.0,-4.0,-4.0,-4.0,44.0,140.0,256.0,385.0,510.0,-4.0,-4.0,-4.0,-4.0,-4.0,-4.0,-4.0,-4.0,-4.0,51.0,146.0,263.0,391.0,514.0,-4.0,-4.0,-4.0,-4.0,-4.0,-4.0,-4.0,-4.0,-4.0
532.0,57.0,152.0,268.0,0.0,523.0,-4.0,-4.0,-4.0,-4.0,-4.0,-4.0,-4.0,-4.0,-4.0,66.0,158.0,278.0,0.0,529.0,-4.0,-4.0,-4.0,-4.0,-4.0,-4.0,-4.0,-4.0,-4.0,281.0,-4.0,-4.0,-4.0,-4.0,-4.0,-4.0,85.0,176.0,303.0,431.0,551.0,-4.0,-4.0,-4.0,-4.0,-4.0,-4.0,-4.0,-4.0,-4.0,90.0,185.0,316.0,446.0,563.0,-4.0,-4.0,-4.0,-4.0,-4.0,-4.0,-4.0,-4.0,-4.0,93.0,187.0,319.0,449.0,566.0,-4.0,-4.0,-4.0,-4.0,-4.0,-4.0,-4.0,-4.0,-4.0,33.0,120.0,232.0,359.0,487.0,-4.0,-4.0,-4.0,-4.0,-4.0,-4.0,-4.0,-4.0,-4.0,44.0,140.0,256.0,385.0,510.0,-4.0,-4.0,-4.0,-4.0,-4.0,-4.0,-4.0,-4.0,-4.0,51.0,146.0,263.0,391.0,514.0,-4.0,-4.0,-4.0,-4.0,-4.0,-4.0,-4.0,-4.0,-4.0
533.0,0.0,152.0,276.0,0.0,523.0,-4.0,-4.0,-4.0,-4.0,-4.0,-4.0,-4.0,-4.0,-4.0,0.0,158.0,279.0,0.0,529.0,-4.0,-4.0,-4.0,-4.0,-4.0,-4.0,-4.0,-4.0,-4.0,282.0,-4.0,-4.0,-4.0,-4.0,-4.0,-4.0,71.0,173.0,303.0,431.0,551.0,-4.0,-4.0,-4.0,-4.0,-4.0,-4.0,-4.0,-4.0,-4.0,90.0,185.0,316.0,446.0,563.0,-4.0,-4.0,-4.0,-4.0,-4.0,-4.0,-4.0,-4.0,-4.0,93.0,187.0,319.0,449.0,566.0,-4.0,-4.0,-4.0,-4.0,-4.0,-4.0,-4.0,-4.0,-4.0,24.0,131.0,230.0,359.0,487.0,-4.0,-4.0,-4.0,-4.0,-4.0,-4.0,-4.0,-4.0,-4.0,44.0,140.0,256.0,385.0,510.0,-4.0,-4.0,-4.0,-4.0,-4.0,-4.0,-4.0,-4.0,-4.0,51.0,146.0,263.0,391.0,514.0,-4.0,-4.0,-4.0,-4.0,-4.0,-4.0,-4.0,-4.0,-4.0
534.0,-3.0,0.0,-4.0,-4.0,-4.0,-4.0,-4.0,-4.0,-4.0,-4.0,-4.0,-4.0,-4.0,-4.0,-3.0,0.0,-4.0,-4.0,-4.0,-4.0,-4.0,-4.0,-4.0,-4.0,-4.0,-4.0,-4.0,-4.0,-4.0,-4.0,-4.0,-4.0,-4.0,-4.0,-4.0,-3.0,173.0,-4.0,-4.0,-4.0,-4.0,-4.0,-4.0,-4.0,-4.0,-4.0,-4.0,-4.0,-4.0,-3.0,185.0,-4.0,-4.0,-4.0,-4.0,-4.0,-4.0,-4.0,-4.0,-4.0,-4.0,-4.0,-4.0,-3.0,187.0,-4.0,-4.0,-4.0,-4.0,-4.0,-4.0,-4.0,-4.0,-4.0,-4.0,-4.0,-4.0,-3.0,129.0,-4.0,-4.0,-4.0,-4.0,-4.0,-4.0,-4.0,-4.0,-4.0,-4.0,-4.0,-4.0,-3.0,140.0,-4.0,-4.0,-4.0,-4.0,-4.0,-4.0,-4.0,-4.0,-4.0,-4.0,-4.0,-4.0,-3.0,146.0,-4.0,-4.0,-4.0,-4.0,-4.0,-4.0,-4.0,-4.0,-4.0,-4.0,-4.0,-4.0
535.0,-3.0,152.0,272.0,0.0,0.0,-4.0,-4.0,-4.0,-4.0,-4.0,-4.0,-4.0,-4.0,-4.0,-3.0,158.0,280.0,0.0,0.0,-4.0,-4.0,-4.0,-4.0,-4.0,-4.0,-4.0,-4.0,-4.0,282.0,-4.0,-4.0,-4.0,-4.0,-4.0,-4.0,-3.0,173.0,297.0,429.0,0.0,-4.0,-4.0,-4.0,-4.0,-4.0,-4.0,-4.0,-4.0,-4.0,-3.0,185.0,314.0,446.0,0.0,-4.0,-4.0,-4.0,-4.0,-4.0,-4.0,-4.0,-4.0,-4.0,-3.0,187.0,319.0,449.0,0.0,-4.0,-4.0,-4.0,-4.0,-4.0,-4.0,-4.0,-4.0,-4.0,-3.0,131.0,233.0,357.0,485.0,-4.0,-4.0,-4.0,-4.0,-4.0,-4.0,-4.0,-4.0,-4.0,-3.0,140.0,256.0,385.0,510.0,-4.0,-4.0,-4.0,-4.0,-4.0,-4.0,-4.0,-4.0,-4.0,-3.0,146.0,263.0,391.0,514.0,-4.0,-4.0,-4.0,-4.0,-4.0,-4.0,-4.0,-4.0,-4.0
536.0,57.0,152.0,276.0,399.0,523.0,0.0,753.0,875.0,-4.0,-4.0,-4.0,-4.0,-4.0,-4.0,66.0,158.0,279.0,403.0,529.0,0.0,761.0,885.0,-4.0,-4.0,-4.0,-4.0,-4.0,-4.0,282.0,765.0,889.0,-4.0,-4.0,-4.0,-4.0,85.0,173.0,299.0,423.0,544.0,658.0,785.0,906.0,-4.0,-4.0,-4.0,-4.0,-4.0,-4.0,90.0,185.0,316.0,443.0,562.0,678.0,801.0,923.0,-4.0,-4.0,-4.0,-4.0,-4.0,-4.0,93.0,187.0,319.0,449.0,566.0,681.0,803.0,926.0,-4.0,-4.0,-4.0,-4.0,-4.0,-4.0,33.0,131.0,220.0,346.0,477.0,586.0,709.0,832.0,-4.0,-4.0,-4.0,-4.0,-4.0,-4.0,44.0,140.0,256.0,382.0,509.0,616.0,738.0,863.0,-4.0,-4.0,-4.0,-4.0,-4.0,-4.0,51.0,146.0,263.0,390.0,515.0,624.0,746.0,871.0,-4.0,-4.0,-4.0,-4.0,-4.0,-4.0
537.0,57.0,0.0,-4.0,-4.0,-4.0,-4.0,-4.0,-4.0,-4.0,-4.0,-4.0,-4.0,-4.0,-4.0,66.0,0.0,-4.0,-4.0,-4.0,-4.0,-4.0,-4.0,-4.0,-4.0,-4.0,-4.0,-4.0,-4.0,-4.0,-4.0,-4.0,-4.0,-4.0,-4.0,-4.0,71.0,173.0,-4.0,-4.0,-4.0,-4.0,-4.0,-4.0,-4.0,-4.0,-4.0,-4.0,-4.0,-4.0,90.0,185.0,-4.0,-4.0,-4.0,-4.0,-4.0,-4.0,-4.0,-4.0,-4.0,-4.0,-4.0,-4.0,93.0,187.0,-4.0,-4.0,-4.0,-4.0,-4.0,-4.0,-4.0,-4.0,-4.0,-4.0,-4.0,-4.0,24.0,131.0,-4.0,-4.0,-4.0,-4.0,-4.0,-4.0,-4.0,-4.0,-4.0,-4.0,-4.0,-4.0,44.0,140.0,-4.0,-4.0,-4.0,-4.0,-4.0,-4.0,-4.0,-4.0,-4.0,-4.0,-4.0,-4.0,51.0,146.0,-4.0,-4.0,-4.0,-4.0,-4.0,-4.0,-4.0,-4.0,-4.0,-4.0,-4.0,-4.0
538.0,57.0,152.0,0.0,0.0,0.0,0.0,0.0,0.0,-4.0,-4.0,-4.0,-4.0,-4.0,-4.0,66.0,158.0,0.0,0.0,0.0,0.0,0.0,0.0,-4.0,-4.0,-4.0,-4.0,-4.0,-4.0,0.0,0.0,0.0,-4.0,-4.0,-4.0,-4.0,85.0,173.0,297.0,0.0,0.0,0.0,785.0,0.0,-4.0,-4.0,-4.0,-4.0,-4.0,-4.0,90.0,185.0,314.0,0.0,0.0,0.0,801.0,0.0,-4.0,-4.0,-4.0,-4.0,-4.0,-4.0,93.0,187.0,319.0,0.0,0.0,0.0,803.0,0.0,-4.0,-4.0,-4.0,-4.0,-4.0,-4.0,33.0,129.0,218.0,344.0,477.0,587.0,705.0,828.0,-4.0,-4.0,-4.0,-4.0,-4.0,-4.0,44.0,140.0,255.0,382.0,509.0,616.0,738.0,863.0,-4.0,-4.0,-4.0,-4.0,-4.0,-4.0,51.0,146.0,262.0,390.0,515.0,624.0,746.0,871.0,-4.0,-4.0,-4.0,-4.0,-4.0,-4.0
539.0,57.0,152.0,276.0,399.0,523.0,-4.0,-4.0,-4.0,-4.0,-4.0,-4.0,-4.0,-4.0,-4.0,66.0,158.0,279.0,403.0,529.0,-4.0,-4.0,-4.0,-4.0,-4.0,-4.0,-4.0,-4.0,-4.0,282.0,-4.0,-4.0,-4.0,-4.0,-4.0,-4.0,85.0,173.0,303.0,431.0,551.0,-4.0,-4.0,-4.0,-4.0,-4.0,-4.0,-4.0,-4.0,-4.0,90.0,185.0,316.0,446.0,563.0,-4.0,-4.0,-4.0,-4.0,-4.0,-4.0,-4.0,-4.0,-4.0,93.0,187.0,319.0,449.0,566.0,-4.0,-4.0,-4.0,-4.0,-4.0,-4.0,-4.0,-4.0,-4.0,33.0,129.0,230.0,359.0,487.0,-4.0,-4.0,-4.0,-4.0,-4.0,-4.0,-4.0,-4.0,-4.0,44.0,140.0,256.0,385.0,510.0,-4.0,-4.0,-4.0,-4.0,-4.0,-4.0,-4.0,-4.0,-4.0,51.0,146.0,263.0,391.0,514.0,-4.0,-4.0,-4.0,-4.0,-4.0,-4.0,-4.0,-4.0,-4.0
540.0,57.0,152.0,276.0,399.0,0.0,-4.0,-4.0,-4.0,-4.0,-4.0,-4.0,-4.0,-4.0,-4.0,66.0,158.0,279.0,403.0,0.0,-4.0,-4.0,-4.0,-4.0,-4.0,-4.0,-4.0,-4.0,-4.0,282.0,-4.0,-4.0,-4.0,-4.0,-4.0,-4.0,85.0,173.0,299.0,432.0,546.0,-4.0,-4.0,-4.0,-4.0,-4.0,-4.0,-4.0,-4.0,-4.0,90.0,185.0,316.0,446.0,563.0,-4.0,-4.0,-4.0,-4.0,-4.0,-4.0,-4.0,-4.0,-4.0,93.0,187.0,319.0,449.0,566.0,-4.0,-4.0,-4.0,-4.0,-4.0,-4.0,-4.0,-4.0,-4.0,33.0,129.0,220.0,358.0,488.0,-4.0,-4.0,-4.0,-4.0,-4.0,-4.0,-4.0,-4.0,-4.0,44.0,140.0,256.0,385.0,510.0,-4.0,-4.0,-4.0,-4.0,-4.0,-4.0,-4.0,-4.0,-4.0,51.0,146.0,263.0,391.0,514.0,-4.0,-4.0,-4.0,-4.0,-4.0,-4.0,-4.0,-4.0,-4.0
541.0,56.0,152.0,268.0,399.0,0.0,-4.0,-4.0,-4.0,-4.0,-4.0,-4.0,-4.0,-4.0,-4.0,65.0,158.0,278.0,403.0,0.0,-4.0,-4.0,-4.0,-4.0,-4.0,-4.0,-4.0,-4.0,-4.0,281.0,-4.0,-4.0,-4.0,-4.0,-4.0,-4.0,71.0,173.0,300.0,430.0,0.0,-4.0,-4.0,-4.0,-4.0,-4.0,-4.0,-4.0,-4.0,-4.0,90.0,185.0,315.0,446.0,0.0,-4.0,-4.0,-4.0,-4.0,-4.0,-4.0,-4.0,-4.0,-4.0,93.0,187.0,319.0,449.0,0.0,-4.0,-4.0,-4.0,-4.0,-4.0,-4.0,-4.0,-4.0,-4.0,24.0,130.0,231.0,358.0,486.0,-4.0,-4.0,-4.0,-4.0,-4.0,-4.0,-4.0,-4.0,-4.0,44.0,140.0,256.0,385.0,510.0,-4.0,-4.0,-4.0,-4.0,-4.0,-4.0,-4.0,-4.0,-4.0,51.0,146.0,263.0,391.0,514.0,-4.0,-4.0,-4.0,-4.0,-4.0,-4.0,-4.0,-4.0,-4.0
542.0,0.0,152.0,-4.0,-4.0,-4.0,-4.0,-4.0,-4.0,-4.0,-4.0,-4.0,-4.0,-4.0,-4.0,0.0,158.0,-4.0,-4.0,-4.0,-4.0,-4.0,-4.0,-4.0,-4.0,-4.0,-4.0,-4.0,-4.0,-4.0,-4.0,-4.0,-4.0,-4.0,-4.0,-4.0,71.0,176.0,-4.0,-4.0,-4.0,-4.0,-4.0,-4.0,-4.0,-4.0,-4.0,-4.0,-4.0,-4.0,90.0,185.0,-4.0,-4.0,-4.0,-4.0,-4.0,-4.0,-4.0,-4.0,-4.0,-4.0,-4.0,-4.0,93.0,187.0,-4.0,-4.0,-4.0,-4.0,-4.0,-4.0,-4.0,-4.0,-4.0,-4.0,-4.0,-4.0,24.0,130.0,-4.0,-4.0,-4.0,-4.0,-4.0,-4.0,-4.0,-4.0,-4.0,-4.0,-4.0,-4.0,44.0,140.0,-4.0,-4.0,-4.0,-4.0,-4.0,-4.0,-4.0,-4.0,-4.0,-4.0,-4.0,-4.0,51.0,146.0,-4.0,-4.0,-4.0,-4.0,-4.0,-4.0,-4.0,-4.0,-4.0,-4.0,-4.0,-4.0
543.0,57.0,155.0,-4.0,-4.0,-4.0,-4.0,-4.0,-4.0,-4.0,-4.0,-4.0,-4.0,-4.0,-4.0,66.0,159.0,-4.0,-4.0,-4.0,-4.0,-4.0,-4.0,-4.0,-4.0,-4.0,-4.0,-4.0,-4.0,-4.0,-4.0,-4.0,-4.0,-4.0,-4.0,-4.0,71.0,176.0,-4.0,-4.0,-4.0,-4.0,-4.0,-4.0,-4.0,-4.0,-4.0,-4.0,-4.0,-4.0,90.0,185.0,-4.0,-4.0,-4.0,-4.0,-4.0,-4.0,-4.0,-4.0,-4.0,-4.0,-4.0,-4.0,93.0,187.0,-4.0,-4.0,-4.0,-4.0,-4.0,-4.0,-4.0,-4.0,-4.0,-4.0,-4.0,-4.0,24.0,130.0,-4.0,-4.0,-4.0,-4.0,-4.0,-4.0,-4.0,-4.0,-4.0,-4.0,-4.0,-4.0,44.0,140.0,-4.0,-4.0,-4.0,-4.0,-4.0,-4.0,-4.0,-4.0,-4.0,-4.0,-4.0,-4.0,51.0,146.0,-4.0,-4.0,-4.0,-4.0,-4.0,-4.0,-4.0,-4.0,-4.0,-4.0,-4.0,-4.0
544.0,56.0,152.0,-4.0,-4.0,-4.0,-4.0,-4.0,-4.0,-4.0,-4.0,-4.0,-4.0,-4.0,-4.0,65.0,158.0,-4.0,-4.0,-4.0,-4.0,-4.0,-4.0,-4.0,-4.0,-4.0,-4.0,-4.0,-4.0,-4.0,-4.0,-4.0,-4.0,-4.0,-4.0,-4.0,71.0,176.0,-4.0,-4.0,-4.0,-4.0,-4.0,-4.0,-4.0,-4.0,-4.0,-4.0,-4.0,-4.0,90.0,185.0,-4.0,-4.0,-4.0,-4.0,-4.0,-4.0,-4.0,-4.0,-4.0,-4.0,-4.0,-4.0,93.0,187.0,-4.0,-4.0,-4.0,-4.0,-4.0,-4.0,-4.0,-4.0,-4.0,-4.0,-4.0,-4.0,24.0,130.0,-4.0,-4.0,-4.0,-4.0,-4.0,-4.0,-4.0,-4.0,-4.0,-4.0,-4.0,-4.0,44.0,140.0,-4.0,-4.0,-4.0,-4.0,-4.0,-4.0,-4.0,-4.0,-4.0,-4.0,-4.0,-4.0,51.0,146.0,-4.0,-4.0,-4.0,-4.0,-4.0,-4.0,-4.0,-4.0,-4.0,-4.0,-4.0,-4.0
545.0,57.0,151.0,-4.0,-4.0,-4.0,-4.0,-4.0,-4.0,-4.0,-4.0,-4.0,-4.0,-4.0,-4.0,66.0,157.0,-4.0,-4.0,-4.0,-4.0,-4.0,-4.0,-4.0,-4.0,-4.0,-4.0,-4.0,-4.0,-4.0,-4.0,-4.0,-4.0,-4.0,-4.0,-4.0,71.0,176.0,-4.0,-4.0,-4.0,-4.0,-4.0,-4.0,-4.0,-4.0,-4.0,-4.0,-4.0,-4.0,90.0,185.0,-4.0,-4.0,-4.0,-4.0,-4.0,-4.0,-4.0,-4.0,-4.0,-4.0,-4.0,-4.0,93.0,187.0,-4.0,-4.0,-4.0,-4.0,-4.0,-4.0,-4.0,-4.0,-4.0,-4.0,-4.0,-4.0,24.0,118.0,-4.0,-4.0,-4.0,-4.0,-4.0,-4.0,-4.0,-4.0,-4.0,-4.0,-4.0,-4.0,44.0,140.0,-4.0,-4.0,-4.0,-4.0,-4.0,-4.0,-4.0,-4.0,-4.0,-4.0,-4.0,-4.0,51.0,146.0,-4.0,-4.0,-4.0,-4.0,-4.0,-4.0,-4.0,-4.0,-4.0,-4.0,-4.0,-4.0
546.0,0.0,0.0,268.0,399.0,0.0,-4.0,-4.0,-4.0,-4.0,-4.0,-4.0,-4.0,-4.0,-4.0,0.0,0.0,278.0,403.0,0.0,-4.0,-4.0,-4.0,-4.0,-4.0,-4.0,-4.0,-4.0,-4.0,281.0,-4.0,-4.0,-4.0,-4.0,-4.0,-4.0,0.0,173.0,300.0,417.0,0.0,-4.0,-4.0,-4.0,-4.0,-4.0,-4.0,-4.0,-4.0,-4.0,0.0,185.0,315.0,443.0,0.0,-4.0,-4.0,-4.0,-4.0,-4.0,-4.0,-4.0,-4.0,-4.0,0.0,187.0,319.0,449.0,0.0,-4.0,-4.0,-4.0,-4.0,-4.0,-4.0,-4.0,-4.0,-4.0,24.0,129.0,231.0,357.0,486.0,-4.0,-4.0,-4.0,-4.0,-4.0,-4.0,-4.0,-4.0,-4.0,44.0,140.0,256.0,385.0,510.0,-4.0,-4.0,-4.0,-4.0,-4.0,-4.0,-4.0,-4.0,-4.0,51.0,146.0,263.0,391.0,514.0,-4.0,-4.0,-4.0,-4.0,-4.0,-4.0,-4.0,-4.0,-4.0
547.0,56.0,152.0,276.0,399.0,523.0,-4.0,-4.0,-4.0,-4.0,-4.0,-4.0,-4.0,-4.0,-4.0,65.0,158.0,279.0,403.0,529.0,-4.0,-4.0,-4.0,-4.0,-4.0,-4.0,-4.0,-4.0,-4.0,282.0,-4.0,-4.0,-4.0,-4.0,-4.0,-4.0,79.0,173.0,304.0,430.0,550.0,-4.0,-4.0,-4.0,-4.0,-4.0,-4.0,-4.0,-4.0,-4.0,90.0,185.0,316.0,446.0,563.0,-4.0,-4.0,-4.0,-4.0,-4.0,-4.0,-4.0,-4.0,-4.0,93.0,187.0,319.0,449.0,566.0,-4.0,-4.0,-4.0,-4.0,-4.0,-4.0,-4.0,-4.0,-4.0,34.0,131.0,229.0,358.0,488.0,-4.0,-4.0,-4.0,-4.0,-4.0,-4.0,-4.0,-4.0,-4.0,44.0,140.0,256.0,385.0,510.0,-4.0,-4.0,-4.0,-4.0,-4.0,-4.0,-4.0,-4.0,-4.0,51.0,146.0,263.0,391.0,514.0,-4.0,-4.0,-4.0,-4.0,-4.0,-4.0,-4.0,-4.0,-4.0
548.0,56.0,152.0,-4.0,-4.0,-4.0,-4.0,-4.0,-4.0,-4.0,-4.0,-4.0,-4.0,-4.0,-4.0,65.0,158.0,-4.0,-4.0,-4.0,-4.0,-4.0,-4.0,-4.0,-4.0,-4.0,-4.0,-4.0,-4.0,-4.0,-4.0,-4.0,-4.0,-4.0,-4.0,-4.0,79.0,173.0,-4.0,-4.0,-4.0,-4.0,-4.0,-4.0,-4.0,-4.0,-4.0,-4.0,-4.0,-4.0,90.0,185.0,-4.0,-4.0,-4.0,-4.0,-4.0,-4.0,-4.0,-4.0,-4.0,-4.0,-4.0,-4.0,93.0,187.0,-4.0,-4.0,-4.0,-4.0,-4.0,-4.0,-4.0,-4.0,-4.0,-4.0,-4.0,-4.0,33.0,131.0,-4.0,-4.0,-4.0,-4.0,-4.0,-4.0,-4.0,-4.0,-4.0,-4.0,-4.0,-4.0,44.0,140.0,-4.0,-4.0,-4.0,-4.0,-4.0,-4.0,-4.0,-4.0,-4.0,-4.0,-4.0,-4.0,51.0,146.0,-4.0,-4.0,-4.0,-4.0,-4.0,-4.0,-4.0,-4.0,-4.0,-4.0,-4.0,-4.0
549.0,0.0,-3.0,-4.0,-4.0,-4.0,-4.0,-4.0,-4.0,-4.0,-4.0,-4.0,-4.0,-4.0,-4.0,0.0,-3.0,-4.0,-4.0,-4.0,-4.0,-4.0,-4.0,-4.0,-4.0,-4.0,-4.0,-4.0,-4.0,-4.0,-4.0,-4.0,-4.0,-4.0,-4.0,-4.0,0.0,-3.0,-4.0,-4.0,-4.0,-4.0,-4.0,-4.0,-4.0,-4.0,-4.0,-4.0,-4.0,-4.0,0.0,-3.0,-4.0,-4.0,-4.0,-4.0,-4.0,-4.0,-4.0,-4.0,-4.0,-4.0,-4.0,-4.0,0.0,-3.0,-4.0,-4.0,-4.0,-4.0,-4.0,-4.0,-4.0,-4.0,-4.0,-4.0,-4.0,-4.0,24.0,-3.0,-4.0,-4.0,-4.0,-4.0,-4.0,-4.0,-4.0,-4.0,-4.0,-4.0,-4.0,-4.0,44.0,-3.0,-4.0,-4.0,-4.0,-4.0,-4.0,-4.0,-4.0,-4.0,-4.0,-4.0,-4.0,-4.0,51.0,-3.0,-4.0,-4.0,-4.0,-4.0,-4.0,-4.0,-4.0,-4.0,-4.0,-4.0,-4.0,-4.0
550.0,56.0,152.0,-4.0,-4.0,-4.0,-4.0,-4.0,-4.0,-4.0,-4.0,-4.0,-4.0,-4.0,-4.0,65.0,158.0,-4.0,-4.0,-4.0,-4.0,-4.0,-4.0,-4.0,-4.0,-4.0,-4.0,-4.0,-4.0,-4.0,-4.0,-4.0,-4.0,-4.0,-4.0,-4.0,79.0,173.0,-4.0,-4.0,-4.0,-4.0,-4.0,-4.0,-4.0,-4.0,-4.0,-4.0,-4.0,-4.0,90.0,185.0,-4.0,-4.0,-4.0,-4.0,-4.0,-4.0,-4.0,-4.0,-4.0,-4.0,-4.0,-4.0,93.0,187.0,-4.0,-4.0,-4.0,-4.0,-4.0,-4.0,-4.0,-4.0,-4.0,-4.0,-4.0,-4.0,33.0,131.0,-4.0,-4.0,-4.0,-4.0,-4.0,-4.0,-4.0,-4.0,-4.0,-4.0,-4.0,-4.0,44.0,140.0,-4.0,-4.0,-4.0,-4.0,-4.0,-4.0,-4.0,-4.0,-4.0,-4.0,-4.0,-4.0,51.0,146.0,-4.0,-4.0,-4.0,-4.0,-4.0,-4.0,-4.0,-4.0,-4.0,-4.0,-4.0,-4.0
551.0,57.0,0.0,276.0,0.0,0.0,629.0,753.0,-3.0,-4.0,-4.0,-4.0,-4.0,-4.0,-4.0,66.0,0.0,279.0,0.0,0.0,641.0,761.0,-3.0,-4.0,-4.0,-4.0,-4.0,-4.0,-4.0,282.0,765.0,-3.0,-4.0,-4.0,-4.0,-4.0,85.0,173.0,299.0,429.0,0.0,658.0,785.0,-3.0,-4.0,-4.0,-4.0,-4.0,-4.0,-4.0,90.0,185.0,316.0,446.0,0.0,678.0,801.0,-3.0,-4.0,-4.0,-4.0,-4.0,-4.0,-4.0,93.0,187.0,319.0,449.0,0.0,681.0,803.0,-3.0,-4.0,-4.0,-4.0,-4.0,-4.0,-4.0,33.0,129.0,232.0,358.0,488.0,586.0,710.0,-3.0,-4.0,-4.0,-4.0,-4.0,-4.0,-4.0,44.0,140.0,256.0,385.0,510.0,616.0,736.0,-3.0,-4.0,-4.0,-4.0,-4.0,-4.0,-4.0,51.0,146.0,263.0,391.0,514.0,624.0,746.0,-3.0,-4.0,-4.0,-4.0,-4.0,-4.0,-4.0
552.0,0.0,155.0,274.0,-3.0,520.0,-4.0,-4.0,-4.0,-4.0,-4.0,-4.0,-4.0,-4.0,-4.0,0.0,159.0,280.0,-3.0,528.0,-4.0,-4.0,-4.0,-4.0,-4.0,-4.0,-4.0,-4.0,-4.0,282.0,-4.0,-4.0,-4.0,-4.0,-4.0,-4.0,71.0,176.0,299.0,-3.0,545.0,-4.0,-4.0,-4.0,-4.0,-4.0,-4.0,-4.0,-4.0,-4.0,90.0,185.0,316.0,-3.0,562.0,-4.0,-4.0,-4.0,-4.0,-4.0,-4.0,-4.0,-4.0,-4.0,93.0,187.0,319.0,-3.0,566.0,-4.0,-4.0,-4.0,-4.0,-4.0,-4.0,-4.0,-4.0,-4.0,24.0,130.0,231.0,-3.0,486.0,-4.0,-4.0,-4.0,-4.0,-4.0,-4.0,-4.0,-4.0,-4.0,44.0,140.0,256.0,-3.0,510.0,-4.0,-4.0,-4.0,-4.0,-4.0,-4.0,-4.0,-4.0,-4.0,51.0,146.0,263.0,-3.0,514.0,-4.0,-4.0,-4.0,-4.0,-4.0,-4.0,-4.0,-4.0,-4.0
553.0,57.0,-3.0,268.0,399.0,525.0,629.0,753.0,875.0,-4.0,-4.0,-4.0,-4.0,-4.0,-4.0,66.0,-3.0,278.0,403.0,527.0,641.0,761.0,885.0,-4.0,-4.0,-4.0,-4.0,-4.0,-4.0,281.0,765.0,889.0,-4.0,-4.0,-4.0,-4.0,85.0,-3.0,299.0,423.0,544.0,658.0,783.0,907.0,-4.0,-4.0,-4.0,-4.0,-4.0,-4.0,90.0,-3.0,316.0,443.0,562.0,678.0,801.0,923.0,-4.0,-4.0,-4.0,-4.0,-4.0,-4.0,93.0,-3.0,319.0,449.0,566.0,681.0,803.0,926.0,-4.0,-4.0,-4.0,-4.0,-4.0,-4.0,33.0,-3.0,220.0,346.0,476.0,586.0,704.0,827.0,-4.0,-4.0,-4.0,-4.0,-4.0,-4.0,44.0,-3.0,256.0,382.0,509.0,616.0,738.0,863.0,-4.0,-4.0,-4.0,-4.0,-4.0,-4.0,51.0,-3.0,263.0,390.0,515.0,624.0,746.0,871.0,-4.0,-4.0,-4.0,-4.0,-4.0,-4.0
554.0,63.0,156.0,-3.0,-3.0,523.0,0.0,-3.0,-3.0,-4.0,-4.0,-4.0,-4.0,-4.0,-4.0,66.0,159.0,-3.0,-3.0,529.0,0.0,-3.0,-3.0,-4.0,-4.0,-4.0,-4.0,-4.0,-4.0,-3.0,-3.0,-3.0,-4.0,-4.0,-4.0,-4.0,86.0,179.0,-3.0,-3.0,551.0,658.0,-3.0,-3.0,-4.0,-4.0,-4.0,-4.0,-4.0,-4.0,90.0,185.0,-3.0,-3.0,563.0,678.0,-3.0,-3.0,-4.0,-4.0,-4.0,-4.0,-4.0,-4.0,93.0,187.0,-3.0,-3.0,566.0,681.0,-3.0,-3.0,-4.0,-4.0,-4.0,-4.0,-4.0,-4.0,35.0,132.0,-3.0,-3.0,489.0,586.0,-3.0,-3.0,-4.0,-4.0,-4.0,-4.0,-4.0,-4.0,47.0,142.0,-3.0,-3.0,510.0,616.0,-3.0,-3.0,-4.0,-4.0,-4.0,-4.0,-4.0,-4.0,51.0,146.0,-3.0,-3.0,514.0,624.0,-3.0,-3.0,-4.0,-4.0,-4.0,-4.0,-4.0,-4.0
555.0,57.0,152.0,268.0,399.0,525.0,629.0,753.0,875.0,-4.0,-4.0,-4.0,-4.0,-4.0,-4.0,66.0,158.0,278.0,403.0,527.0,641.0,761.0,885.0,-4.0,-4.0,-4.0,-4.0,-4.0,-4.0,281.0,765.0,889.0,-4.0,-4.0,-4.0,-4.0,85.0,176.0,299.0,432.0,550.0,658.0,786.0,907.0,-4.0,-4.0,-4.0,-4.0,-4.0,-4.0,90.0,185.0,316.0,446.0,563.0,678.0,801.0,923.0,-4.0,-4.0,-4.0,-4.0,-4.0,-4.0,93.0,187.0,319.0,449.0,566.0,681.0,803.0,926.0,-4.0,-4.0,-4.0,-4.0,-4.0,-4.0,33.0,120.0,234.0,360.0,488.0,586.0,709.0,832.0,-4.0,-4.0,-4.0,-4.0,-4.0,-4.0,44.0,140.0,256.0,385.0,510.0,616.0,738.0,863.0,-4.0,-4.0,-4.0,-4.0,-4.0,-4.0,51.0,146.0,263.0,391.0,514.0,624.0,746.0,871.0,-4.0,-4.0,-4.0,-4.0,-4.0,-4.0
556.0,63.0,156.0,273.0,401.0,523.0,-4.0,-4.0,-4.0,-4.0,-4.0,-4.0,-4.0,-4.0,-4.0,66.0,159.0,280.0,403.0,529.0,-4.0,-4.0,-4.0,-4.0,-4.0,-4.0,-4.0,-4.0,-4.0,282.0,-4.0,-4.0,-4.0,-4.0,-4.0,-4.0,84.0,179.0,296.0,427.0,551.0,-4.0,-4.0,-4.0,-4.0,-4.0,-4.0,-4.0,-4.0,-4.0,90.0,185.0,315.0,445.0,563.0,-4.0,-4.0,-4.0,-4.0,-4.0,-4.0,-4.0,-4.0,-4.0,93.0,187.0,319.0,449.0,566.0,-4.0,-4.0,-4.0,-4.0,-4.0,-4.0,-4.0,-4.0,-4.0,35.0,132.0,228.0,356.0,484.0,-4.0,-4.0,-4.0,-4.0,-4.0,-4.0,-4.0,-4.0,-4.0,47.0,142.0,258.0,384.0,508.0,-4.0,-4.0,-4.0,-4.0,-4.0,-4.0,-4.0,-4.0,-4.0,51.0,146.0,263.0,391.0,514.0,-4.0,-4.0,-4.0,-4.0,-4.0,-4.0,-4.0,-4.0,-4.0
557.0,63.0,155.0,268.0,0.0,523.0,-4.0,-4.0,-4.0,-4.0,-4.0,-4.0,-4.0,-4.0,-4.0,66.0,159.0,278.0,0.0,529.0,-4.0,-4.0,-4.0,-4.0,-4.0,-4.0,-4.0,-4.0,-4.0,281.0,-4.0,-4.0,-4.0,-4.0,-4.0,-4.0,86.0,179.0,304.0,432.0,550.0,-4.0,-4.0,-4.0,-4.0,-4.0,-4.0,-4.0,-4.0,-4.0,90.0,185.0,316.0,446.0,563.0,-4.0,-4.0,-4.0,-4.0,-4.0,-4.0,-4.0,-4.0,-4.0,93.0,187.0,319.0,449.0,566.0,-4.0,-4.0,-4.0,-4.0,-4.0,-4.0,-4.0,-4.0,-4.0,35.0,132.0,234.0,360.0,488.0,-4.0,-4.0,-4.0,-4.0,-4.0,-4.0,-4.0,-4.0,-4.0,47.0,142.0,256.0,385.0,510.0,-4.0,-4.0,-4.0,-4.0,-4.0,-4.0,-4.0,-4.0,-4.0,51.0,146.0,263.0,391.0,514.0,-4.0,-4.0,-4.0,-4.0,-4.0,-4.0,-4.0,-4.0,-4.0
558.0,-5.0,152.0,276.0,399.0,523.0,635.0,0.0,-3.0,-4.0,-4.0,-4.0,-4.0,-4.0,-4.0,-5.0,158.0,279.0,403.0,529.0,641.0,0.0,-3.0,-4.0,-4.0,-4.0,-4.0,-4.0,-4.0,282.0,0.0,-3.0,-4.0,-4.0,-4.0,-4.0,-5.0,176.0,303.0,417.0,545.0,659.0,785.0,-3.0,-4.0,-4.0,-4.0,-4.0,-4.0,-4.0,-5.0,185.0,316.0,443.0,562.0,678.0,801.0,-3.0,-4.0,-4.0,-4.0,-4.0,-4.0,-4.0,-5.0,187.0,319.0,449.0,566.0,681.0,803.0,-3.0,-4.0,-4.0,-4.0,-4.0,-4.0,-4.0,-5.0,130.0,219.0,349.0,479.0,587.0,705.0,-3.0,-4.0,-4.0,-4.0,-4.0,-4.0,-4.0,-5.0,140.0,254.0,382.0,509.0,616.0,738.0,-3.0,-4.0,-4.0,-4.0,-4.0,-4.0,-4.0,-5.0,146.0,262.0,390.0,515.0,624.0,746.0,-3.0,-4.0,-4.0,-4.0,-4.0,-4.0,-4.0
559.0,57.0,151.0,-4.0,-4.0,-4.0,-4.0,-4.0,-4.0,-4.0,-4.0,-4.0,-4.0,-4.0,-4.0,66.0,157.0,-4.0,-4.0,-4.0,-4.0,-4.0,-4.0,-4.0,-4.0,-4.0,-4.0,-4.0,-4.0,-4.0,-4.0,-4.0,-4.0,-4.0,-4.0,-4.0,71.0,176.0,-4.0,-4.0,-4.0,-4.0,-4.0,-4.0,-4.0,-4.0,-4.0,-4.0,-4.0,-4.0,90.0,185.0,-4.0,-4.0,-4.0,-4.0,-4.0,-4.0,-4.0,-4.0,-4.0,-4.0,-4.0,-4.0,93.0,187.0,-4.0,-4.0,-4.0,-4.0,-4.0,-4.0,-4.0,-4.0,-4.0,-4.0,-4.0,-4.0,24.0,118.0,-4.0,-4.0,-4.0,-4.0,-4.0,-4.0,-4.0,-4.0,-4.0,-4.0,-4.0,-4.0,44.0,140.0,-4.0,-4.0,-4.0,-4.0,-4.0,-4.0,-4.0,-4.0,-4.0,-4.0,-4.0,-4.0,51.0,146.0,-4.0,-4.0,-4.0,-4.0,-4.0,-4.0,-4.0,-4.0,-4.0,-4.0,-4.0,-4.0
560.0,0.0,-3.0,276.0,399.0,0.0,-4.0,-4.0,-4.0,-4.0,-4.0,-4.0,-4.0,-4.0,-4.0,0.0,-3.0,279.0,403.0,0.0,-4.0,-4.0,-4.0,-4.0,-4.0,-4.0,-4.0,-4.0,-4.0,282.0,-4.0,-4.0,-4.0,-4.0,-4.0,-4.0,85.0,-3.0,299.0,430.0,546.0,-4.0,-4.0,-4.0,-4.0,-4.0,-4.0,-4.0,-4.0,-4.0,90.0,-3.0,316.0,446.0,563.0,-4.0,-4.0,-4.0,-4.0,-4.0,-4.0,-4.0,-4.0,-4.0,93.0,-3.0,319.0,449.0,566.0,-4.0,-4.0,-4.0,-4.0,-4.0,-4.0,-4.0,-4.0,-4.0,33.0,-3.0,231.0,358.0,486.0,-4.0,-4.0,-4.0,-4.0,-4.0,-4.0,-4.0,-4.0,-4.0,44.0,-3.0,256.0,385.0,510.0,-4.0,-4.0,-4.0,-4.0,-4.0,-4.0,-4.0,-4.0,-4.0,51.0,-3.0,263.0,391.0,514.0,-4.0,-4.0,-4.0,-4.0,-4.0,-4.0,-4.0,-4.0,-4.0
561.0,57.0,152.0,268.0,399.0,525.0,-3.0,753.0,0.0,-4.0,-4.0,-4.0,-4.0,-4.0,-4.0,66.0,158.0,278.0,403.0,527.0,-3.0,761.0,0.0,-4.0,-4.0,-4.0,-4.0,-4.0,-4.0,281.0,765.0,0.0,-4.0,-4.0,-4.0,-4.0,85.0,176.0,299.0,423.0,544.0,-3.0,783.0,0.0,-4.0,-4.0,-4.0,-4.0,-4.0,-4.0,90.0,185.0,316.0,443.0,562.0,-3.0,801.0,0.0,-4.0,-4.0,-4.0,-4.0,-4.0,-4.0,93.0,187.0,319.0,449.0,566.0,-3.0,803.0,0.0,-4.0,-4.0,-4.0,-4.0,-4.0,-4.0,33.0,120.0,220.0,346.0,476.0,-3.0,704.0,827.0,-4.0,-4.0,-4.0,-4.0,-4.0,-4.0,44.0,140.0,256.0,382.0,509.0,-3.0,738.0,863.0,-4.0,-4.0,-4.0,-4.0,-4.0,-4.0,51.0,146.0,263.0,390.0,515.0,-3.0,746.0,871.0,-4.0,-4.0,-4.0,-4.0,-4.0,-4.0
562.0,0.0,0.0,276.0,399.0,0.0,-4.0,-4.0,-4.0,-4.0,-4.0,-4.0,-4.0,-4.0,-4.0,0.0,0.0,279.0,403.0,0.0,-4.0,-4.0,-4.0,-4.0,-4.0,-4.0,-4.0,-4.0,-4.0,282.0,-4.0,-4.0,-4.0,-4.0,-4.0,-4.0,71.0,173.0,299.0,429.0,0.0,-4.0,-4.0,-4.0,-4.0,-4.0,-4.0,-4.0,-4.0,-4.0,90.0,185.0,316.0,446.0,0.0,-4.0,-4.0,-4.0,-4.0,-4.0,-4.0,-4.0,-4.0,-4.0,93.0,187.0,319.0,449.0,0.0,-4.0,-4.0,-4.0,-4.0,-4.0,-4.0,-4.0,-4.0,-4.0,24.0,131.0,232.0,357.0,486.0,-4.0,-4.0,-4.0,-4.0,-4.0,-4.0,-4.0,-4.0,-4.0,44.0,140.0,256.0,385.0,510.0,-4.0,-4.0,-4.0,-4.0,-4.0,-4.0,-4.0,-4.0,-4.0,51.0,146.0,263.0,391.0,514.0,-4.0,-4.0,-4.0,-4.0,-4.0,-4.0,-4.0,-4.0,-4.0
563.0,57.0,152.0,276.0,-3.0,0.0,-4.0,-4.0,-4.0,-4.0,-4.0,-4.0,-4.0,-4.0,-4.0,66.0,158.0,279.0,-3.0,0.0,-4.0,-4.0,-4.0,-4.0,-4.0,-4.0,-4.0,-4.0,-4.0,282.0,-4.0,-4.0,-4.0,-4.0,-4.0,-4.0,85.0,173.0,299.0,-3.0,0.0,-4.0,-4.0,-4.0,-4.0,-4.0,-4.0,-4.0,-4.0,-4.0,90.0,185.0,316.0,-3.0,0.0,-4.0,-4.0,-4.0,-4.0,-4.0,-4.0,-4.0,-4.0,-4.0,93.0,187.0,319.0,-3.0,0.0,-4.0,-4.0,-4.0,-4.0,-4.0,-4.0,-4.0,-4.0,-4.0,33.0,129.0,232.0,-3.0,485.0,-4.0,-4.0,-4.0,-4.0,-4.0,-4.0,-4.0,-4.0,-4.0,44.0,140.0,256.0,-3.0,510.0,-4.0,-4.0,-4.0,-4.0,-4.0,-4.0,-4.0,-4.0,-4.0,51.0,146.0,263.0,-3.0,514.0,-4.0,-4.0,-4.0,-4.0,-4.0,-4.0,-4.0,-4.0,-4.0
564.0,57.0,152.0,276.0,399.0,0.0,629.0,753.0,-3.0,-4.0,-4.0,-4.0,-4.0,-4.0,-4.0,66.0,158.0,279.0,403.0,0.0,641.0,761.0,-3.0,-4.0,-4.0,-4.0,-4.0,-4.0,-4.0,282.0,765.0,-3.0,-4.0,-4.0,-4.0,-4.0,85.0,173.0,299.0,429.0,0.0,658.0,785.0,-3.0,-4.0,-4.0,-4.0,-4.0,-4.0,-4.0,90.0,185.0,316.0,446.0,0.0,678.0,801.0,-3.0,-4.0,-4.0,-4.0,-4.0,-4.0,-4.0,93.0,187.0,319.0,449.0,0.0,681.0,803.0,-3.0,-4.0,-4.0,-4.0,-4.0,-4.0,-4.0,33.0,129.0,232.0,357.0,488.0,586.0,710.0,-3.0,-4.0,-4.0,-4.0,-4.0,-4.0,-4.0,44.0,140.0,256.0,385.0,510.0,616.0,736.0,-3.0,-4.0,-4.0,-4.0,-4.0,-4.0,-4.0,51.0,146.0,263.0,391.0,514.0,624.0,746.0,-3.0,-4.0,-4.0,-4.0,-4.0,-4.0,-4.0
565.0,56.0,152.0,272.0,399.0,523.0,-4.0,-4.0,-4.0,-4.0,-4.0,-4.0,-4.0,-4.0,-4.0,65.0,158.0,280.0,403.0,529.0,-4.0,-4.0,-4.0,-4.0,-4.0,-4.0,-4.0,-4.0,-4.0,282.0,-4.0,-4.0,-4.0,-4.0,-4.0,-4.0,86.0,180.0,303.0,431.0,551.0,-4.0,-4.0,-4.0,-4.0,-4.0,-4.0,-4.0,-4.0,-4.0,90.0,185.0,316.0,446.0,563.0,-4.0,-4.0,-4.0,-4.0,-4.0,-4.0,-4.0,-4.0,-4.0,93.0,187.0,319.0,449.0,566.0,-4.0,-4.0,-4.0,-4.0,-4.0,-4.0,-4.0,-4.0,-4.0,36.0,133.0,230.0,359.0,489.0,-4.0,-4.0,-4.0,-4.0,-4.0,-4.0,-4.0,-4.0,-4.0,44.0,140.0,256.0,385.0,510.0,-4.0,-4.0,-4.0,-4.0,-4.0,-4.0,-4.0,-4.0,-4.0,51.0,146.0,263.0,391.0,514.0,-4.0,-4.0,-4.0,-4.0,-4.0,-4.0,-4.0,-4.0,-4.0
566.0,56.0,152.0,272.0,399.0,523.0,-4.0,-4.0,-4.0,-4.0,-4.0,-4.0,-4.0,-4.0,-4.0,65.0,158.0,280.0,403.0,529.0,-4.0,-4.0,-4.0,-4.0,-4.0,-4.0,-4.0,-4.0,-4.0,282.0,-4.0,-4.0,-4.0,-4.0,-4.0,-4.0,86.0,180.0,303.0,431.0,551.0,-4.0,-4.0,-4.0,-4.0,-4.0,-4.0,-4.0,-4.0,-4.0,90.0,185.0,316.0,446.0,563.0,-4.0,-4.0,-4.0,-4.0,-4.0,-4.0,-4.0,-4.0,-4.0,93.0,187.0,319.0,449.0,566.0,-4.0,-4.0,-4.0,-4.0,-4.0,-4.0,-4.0,-4.0,-4.0,36.0,133.0,230.0,359.0,489.0,-4.0,-4.0,-4.0,-4.0,-4.0,-4.0,-4.0,-4.0,-4.0,44.0,140.0,256.0,385.0,510.0,-4.0,-4.0,-4.0,-4.0,-4.0,-4.0,-4.0,-4.0,-4.0,51.0,146.0,263.0,391.0,514.0,-4.0,-4.0,-4.0,-4.0,-4.0,-4.0,-4.0,-4.0,-4.0
567.0,56.0,154.0,276.0,399.0,523.0,-4.0,-4.0,-4.0,-4.0,-4.0,-4.0,-4.0,-4.0,-4.0,65.0,158.0,279.0,403.0,529.0,-4.0,-4.0,-4.0,-4.0,-4.0,-4.0,-4.0,-4.0,-4.0,282.0,-4.0,-4.0,-4.0,-4.0,-4.0,-4.0,86.0,180.0,303.0,431.0,551.0,-4.0,-4.0,-4.0,-4.0,-4.0,-4.0,-4.0,-4.0,-4.0,90.0,185.0,316.0,446.0,563.0,-4.0,-4.0,-4.0,-4.0,-4.0,-4.0,-4.0,-4.0,-4.0,93.0,187.0,319.0,449.0,566.0,-4.0,-4.0,-4.0,-4.0,-4.0,-4.0,-4.0,-4.0,-4.0,36.0,133.0,233.0,359.0,487.0,-4.0,-4.0,-4.0,-4.0,-4.0,-4.0,-4.0,-4.0,-4.0,44.0,140.0,256.0,385.0,510.0,-4.0,-4.0,-4.0,-4.0,-4.0,-4.0,-4.0,-4.0,-4.0,51.0,146.0,263.0,391.0,514.0,-4.0,-4.0,-4.0,-4.0,-4.0,-4.0,-4.0,-4.0,-4.0
568.0,0.0,0.0,276.0,-3.0,0.0,0.0,753.0,-3.0,-4.0,-4.0,-4.0,-4.0,-4.0,-4.0,0.0,0.0,279.0,-3.0,0.0,0.0,761.0,-3.0,-4.0,-4.0,-4.0,-4.0,-4.0,-4.0,282.0,765.0,-3.0,-4.0,-4.0,-4.0,-4.0,79.0,173.0,299.0,-3.0,0.0,658.0,785.0,-3.0,-4.0,-4.0,-4.0,-4.0,-4.0,-4.0,90.0,185.0,316.0,-3.0,0.0,678.0,801.0,-3.0,-4.0,-4.0,-4.0,-4.0,-4.0,-4.0,93.0,187.0,319.0,-3.0,0.0,681.0,803.0,-3.0,-4.0,-4.0,-4.0,-4.0,-4.0,-4.0,33.0,129.0,231.0,-3.0,486.0,586.0,710.0,-3.0,-4.0,-4.0,-4.0,-4.0,-4.0,-4.0,44.0,140.0,256.0,-3.0,510.0,616.0,736.0,-3.0,-4.0,-4.0,-4.0,-4.0,-4.0,-4.0,51.0,146.0,263.0,-3.0,514.0,624.0,746.0,-3.0,-4.0,-4.0,-4.0,-4.0,-4.0,-4.0
569.0,57.0,152.0,0.0,0.0,0.0,635.0,0.0,875.0,-4.0,-4.0,-4.0,-4.0,-4.0,-4.0,66.0,158.0,0.0,0.0,0.0,641.0,0.0,885.0,-4.0,-4.0,-4.0,-4.0,-4.0,-4.0,0.0,0.0,889.0,-4.0,-4.0,-4.0,-4.0,71.0,173.0,303.0,0.0,0.0,658.0,785.0,895.0,-4.0,-4.0,-4.0,-4.0,-4.0,-4.0,90.0,185.0,316.0,0.0,0.0,678.0,801.0,921.0,-4.0,-4.0,-4.0,-4.0,-4.0,-4.0,93.0,187.0,319.0,0.0,0.0,681.0,803.0,926.0,-4.0,-4.0,-4.0,-4.0,-4.0,-4.0,24.0,131.0,232.0,344.0,479.0,587.0,705.0,833.0,-4.0,-4.0,-4.0,-4.0,-4.0,-4.0,44.0,140.0,256.0,382.0,509.0,616.0,738.0,863.0,-4.0,-4.0,-4.0,-4.0,-4.0,-4.0,51.0,146.0,263.0,390.0,515.0,624.0,746.0,871.0,-4.0,-4.0,-4.0,-4.0,-4.0,-4.0
570.0,0.0,0.0,-3.0,-3.0,0.0,-3.0,753.0,-3.0,-4.0,-4.0,-4.0,-4.0,-4.0,-4.0,0.0,0.0,-3.0,-3.0,0.0,-3.0,761.0,-3.0,-4.0,-4.0,-4.0,-4.0,-4.0,-4.0,-3.0,765.0,-3.0,-4.0,-4.0,-4.0,-4.0,86.0,173.0,-3.0,-3.0,0.0,-3.0,785.0,-3.0,-4.0,-4.0,-4.0,-4.0,-4.0,-4.0,90.0,185.0,-3.0,-3.0,0.0,-3.0,801.0,-3.0,-4.0,-4.0,-4.0,-4.0,-4.0,-4.0,93.0,187.0,-3.0,-3.0,0.0,-3.0,803.0,-3.0,-4.0,-4.0,-4.0,-4.0,-4.0,-4.0,36.0,133.0,-3.0,-3.0,479.0,-3.0,710.0,-3.0,-4.0,-4.0,-4.0,-4.0,-4.0,-4.0,44.0,140.0,-3.0,-3.0,509.0,-3.0,736.0,-3.0,-4.0,-4.0,-4.0,-4.0,-4.0,-4.0,51.0,146.0,-3.0,-3.0,515.0,-3.0,746.0,-3.0,-4.0,-4.0,-4.0,-4.0,-4.0,-4.0
571.0,57.0,152.0,276.0,399.0,523.0,-4.0,-4.0,-4.0,-4.0,-4.0,-4.0,-4.0,-4.0,-4.0,66.0,158.0,279.0,403.0,529.0,-4.0,-4.0,-4.0,-4.0,-4.0,-4.0,-4.0,-4.0,-4.0,282.0,-4.0,-4.0,-4.0,-4.0,-4.0,-4.0,85.0,173.0,299.0,429.0,550.0,-4.0,-4.0,-4.0,-4.0,-4.0,-4.0,-4.0,-4.0,-4.0,90.0,185.0,316.0,446.0,563.0,-4.0,-4.0,-4.0,-4.0,-4.0,-4.0,-4.0,-4.0,-4.0,93.0,187.0,319.0,449.0,566.0,-4.0,-4.0,-4.0,-4.0,-4.0,-4.0,-4.0,-4.0,-4.0,34.0,131.0,232.0,357.0,485.0,-4.0,-4.0,-4.0,-4.0,-4.0,-4.0,-4.0,-4.0,-4.0,44.0,140.0,256.0,385.0,510.0,-4.0,-4.0,-4.0,-4.0,-4.0,-4.0,-4.0,-4.0,-4.0,51.0,146.0,263.0,391.0,514.0,-4.0,-4.0,-4.0,-4.0,-4.0,-4.0,-4.0,-4.0,-4.0
572.0,0.0,0.0,-4.0,-4.0,-4.0,-4.0,-4.0,-4.0,-4.0,-4.0,-4.0,-4.0,-4.0,-4.0,0.0,0.0,-4.0,-4.0,-4.0,-4.0,-4.0,-4.0,-4.0,-4.0,-4.0,-4.0,-4.0,-4.0,-4.0,-4.0,-4.0,-4.0,-4.0,-4.0,-4.0,79.0,173.0,-4.0,-4.0,-4.0,-4.0,-4.0,-4.0,-4.0,-4.0,-4.0,-4.0,-4.0,-4.0,90.0,185.0,-4.0,-4.0,-4.0,-4.0,-4.0,-4.0,-4.0,-4.0,-4.0,-4.0,-4.0,-4.0,93.0,187.0,-4.0,-4.0,-4.0,-4.0,-4.0,-4.0,-4.0,-4.0,-4.0,-4.0,-4.0,-4.0,36.0,133.0,-4.0,-4.0,-4.0,-4.0,-4.0,-4.0,-4.0,-4.0,-4.0,-4.0,-4.0,-4.0,44.0,140.0,-4.0,-4.0,-4.0,-4.0,-4.0,-4.0,-4.0,-4.0,-4.0,-4.0,-4.0,-4.0,51.0,146.0,-4.0,-4.0,-4.0,-4.0,-4.0,-4.0,-4.0,-4.0,-4.0,-4.0,-4.0,-4.0
573.0,56.0,154.0,276.0,399.0,523.0,-4.0,-4.0,-4.0,-4.0,-4.0,-4.0,-4.0,-4.0,-4.0,65.0,158.0,279.0,403.0,529.0,-4.0,-4.0,-4.0,-4.0,-4.0,-4.0,-4.0,-4.0,-4.0,282.0,-4.0,-4.0,-4.0,-4.0,-4.0,-4.0,86.0,180.0,303.0,431.0,551.0,-4.0,-4.0,-4.0,-4.0,-4.0,-4.0,-4.0,-4.0,-4.0,90.0,185.0,316.0,446.0,563.0,-4.0,-4.0,-4.0,-4.0,-4.0,-4.0,-4.0,-4.0,-4.0,93.0,187.0,319.0,449.0,566.0,-4.0,-4.0,-4.0,-4.0,-4.0,-4.0,-4.0,-4.0,-4.0,36.0,133.0,233.0,359.0,487.0,-4.0,-4.0,-4.0,-4.0,-4.0,-4.0,-4.0,-4.0,-4.0,44.0,140.0,256.0,385.0,510.0,-4.0,-4.0,-4.0,-4.0,-4.0,-4.0,-4.0,-4.0,-4.0,51.0,146.0,263.0,391.0,514.0,-4.0,-4.0,-4.0,-4.0,-4.0,-4.0,-4.0,-4.0,-4.0
574.0,57.0,152.0,0.0,399.0,525.0,629.0,753.0,875.0,-3.0,0.0,1259.0,-4.0,-4.0,-4.0,66.0,158.0,0.0,403.0,527.0,641.0,761.0,885.0,-3.0,0.0,1273.0,-4.0,-4.0,-4.0,0.0,765.0,889.0,-3.0,0.0,1277.0,-4.0,85.0,176.0,299.0,423.0,544.0,658.0,783.0,907.0,-3.0,1150.0,1293.0,-4.0,-4.0,-4.0,90.0,185.0,316.0,443.0,562.0,678.0,801.0,923.0,-3.0,1178.0,1315.0,-4.0,-4.0,-4.0,93.0,187.0,319.0,449.0,566.0,681.0,803.0,926.0,-3.0,1184.0,1318.0,-4.0,-4.0,-4.0,33.0,120.0,220.0,357.0,476.0,586.0,704.0,827.0,-3.0,1078.0,1193.0,-4.0,-4.0,-4.0,44.0,140.0,256.0,385.0,509.0,616.0,738.0,863.0,-3.0,1114.0,1243.0,-4.0,-4.0,-4.0,51.0,146.0,263.0,391.0,515.0,624.0,746.0,871.0,-3.0,1120.0,1253.0,-4.0,-4.0,-4.0
575.0,57.0,152.0,276.0,399.0,523.0,-4.0,-4.0,-4.0,-4.0,-4.0,-4.0,-4.0,-4.0,-4.0,66.0,158.0,279.0,403.0,529.0,-4.0,-4.0,-4.0,-4.0,-4.0,-4.0,-4.0,-4.0,-4.0,282.0,-4.0,-4.0,-4.0,-4.0,-4.0,-4.0,85.0,180.0,299.0,432.0,546.0,-4.0,-4.0,-4.0,-4.0,-4.0,-4.0,-4.0,-4.0,-4.0,90.0,185.0,316.0,446.0,563.0,-4.0,-4.0,-4.0,-4.0,-4.0,-4.0,-4.0,-4.0,-4.0,93.0,187.0,319.0,449.0,566.0,-4.0,-4.0,-4.0,-4.0,-4.0,-4.0,-4.0,-4.0,-4.0,33.0,129.0,234.0,358.0,488.0,-4.0,-4.0,-4.0,-4.0,-4.0,-4.0,-4.0,-4.0,-4.0,44.0,140.0,256.0,385.0,510.0,-4.0,-4.0,-4.0,-4.0,-4.0,-4.0,-4.0,-4.0,-4.0,51.0,146.0,263.0,391.0,514.0,-4.0,-4.0,-4.0,-4.0,-4.0,-4.0,-4.0,-4.0,-4.0
576.0,56.0,154.0,276.0,399.0,523.0,-4.0,-4.0,-4.0,-4.0,-4.0,-4.0,-4.0,-4.0,-4.0,65.0,158.0,279.0,403.0,529.0,-4.0,-4.0,-4.0,-4.0,-4.0,-4.0,-4.0,-4.0,-4.0,282.0,-4.0,-4.0,-4.0,-4.0,-4.0,-4.0,86.0,180.0,303.0,431.0,551.0,-4.0,-4.0,-4.0,-4.0,-4.0,-4.0,-4.0,-4.0,-4.0,90.0,185.0,316.0,446.0,563.0,-4.0,-4.0,-4.0,-4.0,-4.0,-4.0,-4.0,-4.0,-4.0,93.0,187.0,319.0,449.0,566.0,-4.0,-4.0,-4.0,-4.0,-4.0,-4.0,-4.0,-4.0,-4.0,36.0,133.0,233.0,359.0,487.0,-4.0,-4.0,-4.0,-4.0,-4.0,-4.0,-4.0,-4.0,-4.0,44.0,140.0,256.0,385.0,510.0,-4.0,-4.0,-4.0,-4.0,-4.0,-4.0,-4.0,-4.0,-4.0,51.0,146.0,263.0,391.0,514.0,-4.0,-4.0,-4.0,-4.0,-4.0,-4.0,-4.0,-4.0,-4.0
577.0,63.0,156.0,273.0,401.0,523.0,-4.0,-4.0,-4.0,-4.0,-4.0,-4.0,-4.0,-4.0,-4.0,66.0,159.0,280.0,403.0,529.0,-4.0,-4.0,-4.0,-4.0,-4.0,-4.0,-4.0,-4.0,-4.0,282.0,-4.0,-4.0,-4.0,-4.0,-4.0,-4.0,84.0,179.0,296.0,427.0,551.0,-4.0,-4.0,-4.0,-4.0,-4.0,-4.0,-4.0,-4.0,-4.0,90.0,185.0,315.0,445.0,563.0,-4.0,-4.0,-4.0,-4.0,-4.0,-4.0,-4.0,-4.0,-4.0,93.0,187.0,319.0,449.0,566.0,-4.0,-4.0,-4.0,-4.0,-4.0,-4.0,-4.0,-4.0,-4.0,32.0,132.0,228.0,356.0,489.0,-4.0,-4.0,-4.0,-4.0,-4.0,-4.0,-4.0,-4.0,-4.0,47.0,142.0,258.0,384.0,510.0,-4.0,-4.0,-4.0,-4.0,-4.0,-4.0,-4.0,-4.0,-4.0,51.0,146.0,263.0,391.0,514.0,-4.0,-4.0,-4.0,-4.0,-4.0,-4.0,-4.0,-4.0,-4.0
578.0,-5.0,-5.0,-5.0,399.0,-5.0,-4.0,-4.0,-4.0,-4.0,-4.0,-4.0,-4.0,-4.0,-4.0,-5.0,-5.0,-5.0,403.0,-5.0,-4.0,-4.0,-4.0,-4.0,-4.0,-4.0,-4.0,-4.0,-4.0,-5.0,-4.0,-4.0,-4.0,-4.0,-4.0,-4.0,-5.0,-5.0,-5.0,431.0,-5.0,-4.0,-4.0,-4.0,-4.0,-4.0,-4.0,-4.0,-4.0,-4.0,-5.0,-5.0,-5.0,446.0,-5.0,-4.0,-4.0,-4.0,-4.0,-4.0,-4.0,-4.0,-4.0,-4.0,-5.0,-5.0,-5.0,449.0,-5.0,-4.0,-4.0,-4.0,-4.0,-4.0,-4.0,-4.0,-4.0,-4.0,-5.0,-5.0,-5.0,359.0,-5.0,-4.0,-4.0,-4.0,-4.0,-4.0,-4.0,-4.0,-4.0,-4.0,-5.0,-5.0,-5.0,385.0,-5.0,-4.0,-4.0,-4.0,-4.0,-4.0,-4.0,-4.0,-4.0,-4.0,-5.0,-5.0,-5.0,391.0,-5.0,-4.0,-4.0,-4.0,-4.0,-4.0,-4.0,-4.0,-4.0,-4.0
579.0,63.0,0.0,273.0,401.0,526.0,-4.0,-4.0,-4.0,-4.0,-4.0,-4.0,-4.0,-4.0,-4.0,66.0,0.0,280.0,403.0,529.0,-4.0,-4.0,-4.0,-4.0,-4.0,-4.0,-4.0,-4.0,-4.0,282.0,-4.0,-4.0,-4.0,-4.0,-4.0,-4.0,84.0,179.0,296.0,427.0,548.0,-4.0,-4.0,-4.0,-4.0,-4.0,-4.0,-4.0,-4.0,-4.0,90.0,185.0,315.0,445.0,563.0,-4.0,-4.0,-4.0,-4.0,-4.0,-4.0,-4.0,-4.0,-4.0,93.0,187.0,319.0,449.0,566.0,-4.0,-4.0,-4.0,-4.0,-4.0,-4.0,-4.0,-4.0,-4.0,31.0,128.0,228.0,356.0,484.0,-4.0,-4.0,-4.0,-4.0,-4.0,-4.0,-4.0,-4.0,-4.0,47.0,142.0,258.0,384.0,508.0,-4.0,-4.0,-4.0,-4.0,-4.0,-4.0,-4.0,-4.0,-4.0,51.0,146.0,263.0,391.0,514.0,-4.0,-4.0,-4.0,-4.0,-4.0,-4.0,-4.0,-4.0,-4.0
580.0,63.0,156.0,273.0,401.0,526.0,-4.0,-4.0,-4.0,-4.0,-4.0,-4.0,-4.0,-4.0,-4.0,66.0,159.0,280.0,403.0,529.0,-4.0,-4.0,-4.0,-4.0,-4.0,-4.0,-4.0,-4.0,-4.0,282.0,-4.0,-4.0,-4.0,-4.0,-4.0,-4.0,84.0,179.0,296.0,427.0,551.0,-4.0,-4.0,-4.0,-4.0,-4.0,-4.0,-4.0,-4.0,-4.0,90.0,185.0,315.0,445.0,563.0,-4.0,-4.0,-4.0,-4.0,-4.0,-4.0,-4.0,-4.0,-4.0,93.0,187.0,319.0,449.0,566.0,-4.0,-4.0,-4.0,-4.0,-4.0,-4.0,-4.0,-4.0,-4.0,32.0,132.0,228.0,356.0,489.0,-4.0,-4.0,-4.0,-4.0,-4.0,-4.0,-4.0,-4.0,-4.0,47.0,142.0,258.0,384.0,510.0,-4.0,-4.0,-4.0,-4.0,-4.0,-4.0,-4.0,-4.0,-4.0,51.0,146.0,263.0,391.0,514.0,-4.0,-4.0,-4.0,-4.0,-4.0,-4.0,-4.0,-4.0,-4.0
581.0,0.0,0.0,-4.0,-4.0,-4.0,-4.0,-4.0,-4.0,-4.0,-4.0,-4.0,-4.0,-4.0,-4.0,0.0,0.0,-4.0,-4.0,-4.0,-4.0,-4.0,-4.0,-4.0,-4.0,-4.0,-4.0,-4.0,-4.0,-4.0,-4.0,-4.0,-4.0,-4.0,-4.0,-4.0,0.0,0.0,-4.0,-4.0,-4.0,-4.0,-4.0,-4.0,-4.0,-4.0,-4.0,-4.0,-4.0,-4.0,0.0,0.0,-4.0,-4.0,-4.0,-4.0,-4.0,-4.0,-4.0,-4.0,-4.0,-4.0,-4.0,-4.0,0.0,0.0,-4.0,-4.0,-4.0,-4.0,-4.0,-4.0,-4.0,-4.0,-4.0,-4.0,-4.0,-4.0,33.0,129.0,-4.0,-4.0,-4.0,-4.0,-4.0,-4.0,-4.0,-4.0,-4.0,-4.0,-4.0,-4.0,44.0,140.0,-4.0,-4.0,-4.0,-4.0,-4.0,-4.0,-4.0,-4.0,-4.0,-4.0,-4.0,-4.0,51.0,146.0,-4.0,-4.0,-4.0,-4.0,-4.0,-4.0,-4.0,-4.0,-4.0,-4.0,-4.0,-4.0
582.0,-3.0,152.0,276.0,399.0,0.0,-4.0,-4.0,-4.0,-4.0,-4.0,-4.0,-4.0,-4.0,-4.0,-3.0,158.0,279.0,403.0,0.0,-4.0,-4.0,-4.0,-4.0,-4.0,-4.0,-4.0,-4.0,-4.0,282.0,-4.0,-4.0,-4.0,-4.0,-4.0,-4.0,-3.0,173.0,304.0,429.0,0.0,-4.0,-4.0,-4.0,-4.0,-4.0,-4.0,-4.0,-4.0,-4.0,-3.0,185.0,316.0,446.0,0.0,-4.0,-4.0,-4.0,-4.0,-4.0,-4.0,-4.0,-4.0,-4.0,-3.0,187.0,319.0,449.0,0.0,-4.0,-4.0,-4.0,-4.0,-4.0,-4.0,-4.0,-4.0,-4.0,-3.0,131.0,230.0,357.0,485.0,-4.0,-4.0,-4.0,-4.0,-4.0,-4.0,-4.0,-4.0,-4.0,-3.0,140.0,256.0,385.0,510.0,-4.0,-4.0,-4.0,-4.0,-4.0,-4.0,-4.0,-4.0,-4.0,-3.0,146.0,263.0,391.0,514.0,-4.0,-4.0,-4.0,-4.0,-4.0,-4.0,-4.0,-4.0,-4.0
583.0,63.0,156.0,273.0,401.0,523.0,-4.0,-4.0,-4.0,-4.0,-4.0,-4.0,-4.0,-4.0,-4.0,66.0,159.0,280.0,403.0,529.0,-4.0,-4.0,-4.0,-4.0,-4.0,-4.0,-4.0,-4.0,-4.0,282.0,-4.0,-4.0,-4.0,-4.0,-4.0,-4.0,84.0,179.0,296.0,427.0,551.0,-4.0,-4.0,-4.0,-4.0,-4.0,-4.0,-4.0,-4.0,-4.0,90.0,185.0,315.0,445.0,563.0,-4.0,-4.0,-4.0,-4.0,-4.0,-4.0,-4.0,-4.0,-4.0,93.0,187.0,319.0,449.0,566.0,-4.0,-4.0,-4.0,-4.0,-4.0,-4.0,-4.0,-4.0,-4.0,32.0,132.0,228.0,356.0,489.0,-4.0,-4.0,-4.0,-4.0,-4.0,-4.0,-4.0,-4.0,-4.0,47.0,142.0,258.0,384.0,510.0,-4.0,-4.0,-4.0,-4.0,-4.0,-4.0,-4.0,-4.0,-4.0,51.0,146.0,263.0,391.0,514.0,-4.0,-4.0,-4.0,-4.0,-4.0,-4.0,-4.0,-4.0,-4.0
584.0,57.0,152.0,268.0,-3.0,0.0,-4.0,-4.0,-4.0,-4.0,-4.0,-4.0,-4.0,-4.0,-4.0,66.0,158.0,278.0,-3.0,0.0,-4.0,-4.0,-4.0,-4.0,-4.0,-4.0,-4.0,-4.0,-4.0,281.0,-4.0,-4.0,-4.0,-4.0,-4.0,-4.0,85.0,176.0,299.0,-3.0,0.0,-4.0,-4.0,-4.0,-4.0,-4.0,-4.0,-4.0,-4.0,-4.0,90.0,185.0,316.0,-3.0,0.0,-4.0,-4.0,-4.0,-4.0,-4.0,-4.0,-4.0,-4.0,-4.0,93.0,187.0,319.0,-3.0,0.0,-4.0,-4.0,-4.0,-4.0,-4.0,-4.0,-4.0,-4.0,-4.0,33.0,120.0,220.0,-3.0,488.0,-4.0,-4.0,-4.0,-4.0,-4.0,-4.0,-4.0,-4.0,-4.0,44.0,140.0,256.0,-3.0,510.0,-4.0,-4.0,-4.0,-4.0,-4.0,-4.0,-4.0,-4.0,-4.0,51.0,146.0,263.0,-3.0,514.0,-4.0,-4.0,-4.0,-4.0,-4.0,-4.0,-4.0,-4.0,-4.0
585.0,62.0,152.0,276.0,399.0,523.0,-4.0,-4.0,-4.0,-4.0,-4.0,-4.0,-4.0,-4.0,-4.0,66.0,158.0,279.0,403.0,529.0,-4.0,-4.0,-4.0,-4.0,-4.0,-4.0,-4.0,-4.0,-4.0,282.0,-4.0,-4.0,-4.0,-4.0,-4.0,-4.0,79.0,173.0,300.0,429.0,546.0,-4.0,-4.0,-4.0,-4.0,-4.0,-4.0,-4.0,-4.0,-4.0,90.0,185.0,315.0,446.0,563.0,-4.0,-4.0,-4.0,-4.0,-4.0,-4.0,-4.0,-4.0,-4.0,93.0,187.0,319.0,449.0,566.0,-4.0,-4.0,-4.0,-4.0,-4.0,-4.0,-4.0,-4.0,-4.0,34.0,131.0,232.0,357.0,485.0,-4.0,-4.0,-4.0,-4.0,-4.0,-4.0,-4.0,-4.0,-4.0,44.0,140.0,256.0,385.0,510.0,-4.0,-4.0,-4.0,-4.0,-4.0,-4.0,-4.0,-4.0,-4.0,51.0,146.0,263.0,391.0,514.0,-4.0,-4.0,-4.0,-4.0,-4.0,-4.0,-4.0,-4.0,-4.0
586.0,-3.0,-3.0,-4.0,-4.0,-4.0,-4.0,-4.0,-4.0,-4.0,-4.0,-4.0,-4.0,-4.0,-4.0,-3.0,-3.0,-4.0,-4.0,-4.0,-4.0,-4.0,-4.0,-4.0,-4.0,-4.0,-4.0,-4.0,-4.0,-4.0,-4.0,-4.0,-4.0,-4.0,-4.0,-4.0,-3.0,-3.0,-4.0,-4.0,-4.0,-4.0,-4.0,-4.0,-4.0,-4.0,-4.0,-4.0,-4.0,-4.0,-3.0,-3.0,-4.0,-4.0,-4.0,-4.0,-4.0,-4.0,-4.0,-4.0,-4.0,-4.0,-4.0,-4.0,-3.0,-3.0,-4.0,-4.0,-4.0,-4.0,-4.0,-4.0,-4.0,-4.0,-4.0,-4.0,-4.0,-4.0,-3.0,-3.0,-4.0,-4.0,-4.0,-4.0,-4.0,-4.0,-4.0,-4.0,-4.0,-4.0,-4.0,-4.0,-3.0,-3.0,-4.0,-4.0,-4.0,-4.0,-4.0,-4.0,-4.0,-4.0,-4.0,-4.0,-4.0,-4.0,-3.0,-3.0,-4.0,-4.0,-4.0,-4.0,-4.0,-4.0,-4.0,-4.0,-4.0,-4.0,-4.0,-4.0
587.0,-3.0,155.0,-4.0,-4.0,-4.0,-4.0,-4.0,-4.0,-4.0,-4.0,-4.0,-4.0,-4.0,-4.0,-3.0,159.0,-4.0,-4.0,-4.0,-4.0,-4.0,-4.0,-4.0,-4.0,-4.0,-4.0,-4.0,-4.0,-4.0,-4.0,-4.0,-4.0,-4.0,-4.0,-4.0,-3.0,179.0,-4.0,-4.0,-4.0,-4.0,-4.0,-4.0,-4.0,-4.0,-4.0,-4.0,-4.0,-4.0,-3.0,185.0,-4.0,-4.0,-4.0,-4.0,-4.0,-4.0,-4.0,-4.0,-4.0,-4.0,-4.0,-4.0,-3.0,187.0,-4.0,-4.0,-4.0,-4.0,-4.0,-4.0,-4.0,-4.0,-4.0,-4.0,-4.0,-4.0,-3.0,132.0,-4.0,-4.0,-4.0,-4.0,-4.0,-4.0,-4.0,-4.0,-4.0,-4.0,-4.0,-4.0,-3.0,142.0,-4.0,-4.0,-4.0,-4.0,-4.0,-4.0,-4.0,-4.0,-4.0,-4.0,-4.0,-4.0,-3.0,146.0,-4.0,-4.0,-4.0,-4.0,-4.0,-4.0,-4.0,-4.0,-4.0,-4.0,-4.0,-4.0
588.0,63.0,156.0,273.0,401.0,523.0,-4.0,-4.0,-4.0,-4.0,-4.0,-4.0,-4.0,-4.0,-4.0,66.0,159.0,280.0,403.0,529.0,-4.0,-4.0,-4.0,-4.0,-4.0,-4.0,-4.0,-4.0,-4.0,282.0,-4.0,-4.0,-4.0,-4.0,-4.0,-4.0,84.0,179.0,296.0,427.0,551.0,-4.0,-4.0,-4.0,-4.0,-4.0,-4.0,-4.0,-4.0,-4.0,90.0,185.0,315.0,445.0,563.0,-4.0,-4.0,-4.0,-4.0,-4.0,-4.0,-4.0,-4.0,-4.0,93.0,187.0,319.0,449.0,566.0,-4.0,-4.0,-4.0,-4.0,-4.0,-4.0,-4.0,-4.0,-4.0,32.0,132.0,228.0,356.0,489.0,-4.0,-4.0,-4.0,-4.0,-4.0,-4.0,-4.0,-4.0,-4.0,47.0,142.0,258.0,384.0,510.0,-4.0,-4.0,-4.0,-4.0,-4.0,-4.0,-4.0,-4.0,-4.0,51.0,146.0,263.0,391.0,514.0,-4.0,-4.0,-4.0,-4.0,-4.0,-4.0,-4.0,-4.0,-4.0
589.0,0.0,0.0,0.0,0.0,0.0,0.0,0.0,-3.0,-4.0,-4.0,-4.0,-4.0,-4.0,-4.0,0.0,0.0,0.0,0.0,0.0,0.0,0.0,-3.0,-4.0,-4.0,-4.0,-4.0,-4.0,-4.0,0.0,0.0,-3.0,-4.0,-4.0,-4.0,-4.0,0.0,173.0,297.0,417.0,0.0,657.0,0.0,-3.0,-4.0,-4.0,-4.0,-4.0,-4.0,-4.0,0.0,185.0,314.0,443.0,0.0,678.0,0.0,-3.0,-4.0,-4.0,-4.0,-4.0,-4.0,-4.0,0.0,187.0,319.0,449.0,0.0,681.0,0.0,-3.0,-4.0,-4.0,-4.0,-4.0,-4.0,-4.0,34.0,132.0,231.0,357.0,486.0,589.0,704.0,-3.0,-4.0,-4.0,-4.0,-4.0,-4.0,-4.0,44.0,142.0,256.0,385.0,510.0,616.0,738.0,-3.0,-4.0,-4.0,-4.0,-4.0,-4.0,-4.0,51.0,146.0,263.0,391.0,514.0,624.0,746.0,-3.0,-4.0,-4.0,-4.0,-4.0,-4.0,-4.0
590.0,57.0,-3.0,-4.0,-4.0,-4.0,-4.0,-4.0,-4.0,-4.0,-4.0,-4.0,-4.0,-4.0,-4.0,66.0,-3.0,-4.0,-4.0,-4.0,-4.0,-4.0,-4.0,-4.0,-4.0,-4.0,-4.0,-4.0,-4.0,-4.0,-4.0,-4.0,-4.0,-4.0,-4.0,-4.0,71.0,-3.0,-4.0,-4.0,-4.0,-4.0,-4.0,-4.0,-4.0,-4.0,-4.0,-4.0,-4.0,-4.0,90.0,-3.0,-4.0,-4.0,-4.0,-4.0,-4.0,-4.0,-4.0,-4.0,-4.0,-4.0,-4.0,-4.0,93.0,-3.0,-4.0,-4.0,-4.0,-4.0,-4.0,-4.0,-4.0,-4.0,-4.0,-4.0,-4.0,-4.0,24.0,-3.0,-4.0,-4.0,-4.0,-4.0,-4.0,-4.0,-4.0,-4.0,-4.0,-4.0,-4.0,-4.0,44.0,-3.0,-4.0,-4.0,-4.0,-4.0,-4.0,-4.0,-4.0,-4.0,-4.0,-4.0,-4.0,-4.0,51.0,-3.0,-4.0,-4.0,-4.0,-4.0,-4.0,-4.0,-4.0,-4.0,-4.0,-4.0,-4.0,-4.0
591.0,63.0,156.0,273.0,401.0,0.0,-4.0,-4.0,-4.0,-4.0,-4.0,-4.0,-4.0,-4.0,-4.0,66.0,159.0,280.0,403.0,0.0,-4.0,-4.0,-4.0,-4.0,-4.0,-4.0,-4.0,-4.0,-4.0,282.0,-4.0,-4.0,-4.0,-4.0,-4.0,-4.0,84.0,179.0,296.0,427.0,0.0,-4.0,-4.0,-4.0,-4.0,-4.0,-4.0,-4.0,-4.0,-4.0,90.0,185.0,315.0,445.0,0.0,-4.0,-4.0,-4.0,-4.0,-4.0,-4.0,-4.0,-4.0,-4.0,93.0,187.0,319.0,449.0,0.0,-4.0,-4.0,-4.0,-4.0,-4.0,-4.0,-4.0,-4.0,-4.0,31.0,132.0,228.0,356.0,484.0,-4.0,-4.0,-4.0,-4.0,-4.0,-4.0,-4.0,-4.0,-4.0,47.0,142.0,258.0,384.0,508.0,-4.0,-4.0,-4.0,-4.0,-4.0,-4.0,-4.0,-4.0,-4.0,51.0,146.0,263.0,391.0,514.0,-4.0,-4.0,-4.0,-4.0,-4.0,-4.0,-4.0,-4.0,-4.0
592.0,55.0,151.0,272.0,397.0,0.0,-4.0,-4.0,-4.0,-4.0,-4.0,-4.0,-4.0,-4.0,-4.0,64.0,157.0,280.0,403.0,0.0,-4.0,-4.0,-4.0,-4.0,-4.0,-4.0,-4.0,-4.0,-4.0,282.0,-4.0,-4.0,-4.0,-4.0,-4.0,-4.0,86.0,180.0,297.0,417.0,0.0,-4.0,-4.0,-4.0,-4.0,-4.0,-4.0,-4.0,-4.0,-4.0,90.0,185.0,314.0,443.0,0.0,-4.0,-4.0,-4.0,-4.0,-4.0,-4.0,-4.0,-4.0,-4.0,93.0,187.0,319.0,449.0,0.0,-4.0,-4.0,-4.0,-4.0,-4.0,-4.0,-4.0,-4.0,-4.0,24.0,130.0,219.0,349.0,479.0,-4.0,-4.0,-4.0,-4.0,-4.0,-4.0,-4.0,-4.0,-4.0,44.0,140.0,254.0,382.0,509.0,-4.0,-4.0,-4.0,-4.0,-4.0,-4.0,-4.0,-4.0,-4.0,51.0,146.0,262.0,390.0,515.0,-4.0,-4.0,-4.0,-4.0,-4.0,-4.0,-4.0,-4.0,-4.0
593.0,63.0,156.0,273.0,401.0,523.0,-4.0,-4.0,-4.0,-4.0,-4.0,-4.0,-4.0,-4.0,-4.0,66.0,159.0,280.0,403.0,529.0,-4.0,-4.0,-4.0,-4.0,-4.0,-4.0,-4.0,-4.0,-4.0,282.0,-4.0,-4.0,-4.0,-4.0,-4.0,-4.0,84.0,179.0,296.0,427.0,551.0,-4.0,-4.0,-4.0,-4.0,-4.0,-4.0,-4.0,-4.0,-4.0,90.0,185.0,315.0,445.0,563.0,-4.0,-4.0,-4.0,-4.0,-4.0,-4.0,-4.0,-4.0,-4.0,93.0,187.0,319.0,449.0,566.0,-4.0,-4.0,-4.0,-4.0,-4.0,-4.0,-4.0,-4.0,-4.0,31.0,132.0,228.0,356.0,489.0,-4.0,-4.0,-4.0,-4.0,-4.0,-4.0,-4.0,-4.0,-4.0,47.0,142.0,258.0,384.0,510.0,-4.0,-4.0,-4.0,-4.0,-4.0,-4.0,-4.0,-4.0,-4.0,51.0,146.0,263.0,391.0,514.0,-4.0,-4.0,-4.0,-4.0,-4.0,-4.0,-4.0,-4.0,-4.0
594.0,57.0,152.0,276.0,399.0,523.0,629.0,753.0,875.0,-4.0,-4.0,-4.0,-4.0,-4.0,-4.0,66.0,158.0,279.0,403.0,529.0,641.0,761.0,885.0,-4.0,-4.0,-4.0,-4.0,-4.0,-4.0,282.0,765.0,889.0,-4.0,-4.0,-4.0,-4.0,85.0,173.0,299.0,429.0,546.0,658.0,783.0,907.0,-4.0,-4.0,-4.0,-4.0,-4.0,-4.0,90.0,185.0,316.0,446.0,563.0,678.0,801.0,923.0,-4.0,-4.0,-4.0,-4.0,-4.0,-4.0,93.0,187.0,319.0,449.0,566.0,681.0,803.0,926.0,-4.0,-4.0,-4.0,-4.0,-4.0,-4.0,33.0,129.0,230.0,357.0,485.0,586.0,704.0,827.0,-4.0,-4.0,-4.0,-4.0,-4.0,-4.0,44.0,140.0,256.0,385.0,510.0,616.0,738.0,863.0,-4.0,-4.0,-4.0,-4.0,-4.0,-4.0,51.0,146.0,263.0,391.0,514.0,624.0,746.0,871.0,-4.0,-4.0,-4.0,-4.0,-4.0,-4.0
595.0,63.0,156.0,273.0,401.0,0.0,0.0,0.0,0.0,-4.0,-4.0,-4.0,-4.0,-4.0,-4.0,66.0,159.0,280.0,403.0,0.0,0.0,0.0,0.0,-4.0,-4.0,-4.0,-4.0,-4.0,-4.0,282.0,0.0,0.0,-4.0,-4.0,-4.0,-4.0,84.0,179.0,296.0,427.0,545.0,658.0,785.0,906.0,-4.0,-4.0,-4.0,-4.0,-4.0,-4.0,90.0,185.0,315.0,445.0,562.0,678.0,801.0,923.0,-4.0,-4.0,-4.0,-4.0,-4.0,-4.0,93.0,187.0,319.0,449.0,566.0,681.0,803.0,926.0,-4.0,-4.0,-4.0,-4.0,-4.0,-4.0,31.0,128.0,228.0,355.0,479.0,589.0,710.0,833.0,-4.0,-4.0,-4.0,-4.0,-4.0,-4.0,47.0,142.0,258.0,384.0,509.0,616.0,736.0,863.0,-4.0,-4.0,-4.0,-4.0,-4.0,-4.0,51.0,146.0,263.0,391.0,515.0,624.0,746.0,871.0,-4.0,-4.0,-4.0,-4.0,-4.0,-4.0
596.0,0.0,155.0,274.0,400.0,-5.0,-4.0,-4.0,-4.0,-4.0,-4.0,-4.0,-4.0,-4.0,-4.0,0.0,159.0,280.0,403.0,-5.0,-4.0,-4.0,-4.0,-4.0,-4.0,-4.0,-4.0,-4.0,-4.0,282.0,-4.0,-4.0,-4.0,-4.0,-4.0,-4.0,71.0,179.0,296.0,432.0,-5.0,-4.0,-4.0,-4.0,-4.0,-4.0,-4.0,-4.0,-4.0,-4.0,90.0,185.0,315.0,446.0,-5.0,-4.0,-4.0,-4.0,-4.0,-4.0,-4.0,-4.0,-4.0,-4.0,93.0,187.0,319.0,449.0,-5.0,-4.0,-4.0,-4.0,-4.0,-4.0,-4.0,-4.0,-4.0,-4.0,35.0,128.0,229.0,360.0,-5.0,-4.0,-4.0,-4.0,-4.0,-4.0,-4.0,-4.0,-4.0,-4.0,47.0,142.0,256.0,385.0,-5.0,-4.0,-4.0,-4.0,-4.0,-4.0,-4.0,-4.0,-4.0,-4.0,51.0,146.0,263.0,391.0,-5.0,-4.0,-4.0,-4.0,-4.0,-4.0,-4.0,-4.0,-4.0,-4.0
597.0,0.0,154.0,276.0,399.0,523.0,-4.0,-4.0,-4.0,-4.0,-4.0,-4.0,-4.0,-4.0,-4.0,0.0,158.0,279.0,403.0,529.0,-4.0,-4.0,-4.0,-4.0,-4.0,-4.0,-4.0,-4.0,-4.0,282.0,-4.0,-4.0,-4.0,-4.0,-4.0,-4.0,86.0,180.0,303.0,430.0,550.0,-4.0,-4.0,-4.0,-4.0,-4.0,-4.0,-4.0,-4.0,-4.0,90.0,185.0,316.0,446.0,563.0,-4.0,-4.0,-4.0,-4.0,-4.0,-4.0,-4.0,-4.0,-4.0,93.0,187.0,319.0,449.0,566.0,-4.0,-4.0,-4.0,-4.0,-4.0,-4.0,-4.0,-4.0,-4.0,36.0,133.0,233.0,358.0,488.0,-4.0,-4.0,-4.0,-4.0,-4.0,-4.0,-4.0,-4.0,-4.0,44.0,140.0,256.0,385.0,510.0,-4.0,-4.0,-4.0,-4.0,-4.0,-4.0,-4.0,-4.0,-4.0,51.0,146.0,263.0,391.0,514.0,-4.0,-4.0,-4.0,-4.0,-4.0,-4.0,-4.0,-4.0,-4.0
598.0,56.0,152.0,276.0,399.0,523.0,-4.0,-4.0,-4.0,-4.0,-4.0,-4.0,-4.0,-4.0,-4.0,65.0,158.0,279.0,403.0,529.0,-4.0,-4.0,-4.0,-4.0,-4.0,-4.0,-4.0,-4.0,-4.0,282.0,-4.0,-4.0,-4.0,-4.0,-4.0,-4.0,86.0,180.0,303.0,431.0,551.0,-4.0,-4.0,-4.0,-4.0,-4.0,-4.0,-4.0,-4.0,-4.0,90.0,185.0,316.0,446.0,563.0,-4.0,-4.0,-4.0,-4.0,-4.0,-4.0,-4.0,-4.0,-4.0,93.0,187.0,319.0,449.0,566.0,-4.0,-4.0,-4.0,-4.0,-4.0,-4.0,-4.0,-4.0,-4.0,35.0,133.0,230.0,359.0,487.0,-4.0,-4.0,-4.0,-4.0,-4.0,-4.0,-4.0,-4.0,-4.0,47.0,140.0,256.0,385.0,510.0,-4.0,-4.0,-4.0,-4.0,-4.0,-4.0,-4.0,-4.0,-4.0,51.0,146.0,263.0,391.0,514.0,-4.0,-4.0,-4.0,-4.0,-4.0,-4.0,-4.0,-4.0,-4.0
599.0,63.0,156.0,273.0,401.0,-5.0,-4.0,-4.0,-4.0,-4.0,-4.0,-4.0,-4.0,-4.0,-4.0,66.0,159.0,280.0,403.0,-5.0,-4.0,-4.0,-4.0,-4.0,-4.0,-4.0,-4.0,-4.0,-4.0,282.0,-4.0,-4.0,-4.0,-4.0,-4.0,-4.0,84.0,179.0,304.0,432.0,-5.0,-4.0,-4.0,-4.0,-4.0,-4.0,-4.0,-4.0,-4.0,-4.0,90.0,185.0,316.0,446.0,-5.0,-4.0,-4.0,-4.0,-4.0,-4.0,-4.0,-4.0,-4.0,-4.0,93.0,187.0,319.0,449.0,-5.0,-4.0,-4.0,-4.0,-4.0,-4.0,-4.0,-4.0,-4.0,-4.0,35.0,132.0,234.0,360.0,-5.0,-4.0,-4.0,-4.0,-4.0,-4.0,-4.0,-4.0,-4.0,-4.0,47.0,142.0,256.0,385.0,-5.0,-4.0,-4.0,-4.0,-4.0,-4.0,-4.0,-4.0,-4.0,-4.0,51.0,146.0,263.0,391.0,-5.0,-4.0,-4.0,-4.0,-4.0,-4.0,-4.0,-4.0,-4.0,-4.0
1832.0,-4.0,-4.0,268.0,398.0,520.0,636.0,0.0,0.0,0.0,0.0,0.0,0.0,0.0,-3.0,-4.0,-4.0,278.0,404.0,528.0,642.0,0.0,0.0,0.0,0.0,0.0,0.0,0.0,-3.0,281.0,0.0,0.0,0.0,0.0,0.0,0.0,-4.0,-4.0,305.0,433.0,552.0,661.0,0.0,908.0,1031.0,1162.0,1281.0,1404.0,1534.0,-3.0,-4.0,-4.0,317.0,447.0,564.0,679.0,0.0,920.0,1052.0,1179.0,1313.0,1426.0,1569.0,-3.0,-4.0,-4.0,318.0,448.0,565.0,682.0,0.0,927.0,1061.0,1184.0,1319.0,1432.0,1575.0,-3.0,-4.0,-4.0,235.0,361.0,490.0,591.0,712.0,834.0,947.0,1080.0,1188.0,1326.0,1440.0,-3.0,-4.0,-4.0,259.0,386.0,504.0,617.0,739.0,865.0,983.0,1109.0,1241.0,1373.0,1492.0,-3.0,-4.0,-4.0,261.0,389.0,512.0,623.0,745.0,870.0,993.0,1121.0,1254.0,1383.0,1503.0,-3.0
1833.0,-4.0,-4.0,0.0,396.0,0.0,632.0,-3.0,-3.0,0.0,0.0,1266.0,-4.0,-4.0,-4.0,-4.0,-4.0,0.0,404.0,0.0,640.0,-3.0,-3.0,0.0,0.0,1274.0,-4.0,-4.0,-4.0,0.0,-3.0,-3.0,0.0,0.0,1277.0,-4.0,-4.0,-4.0,305.0,434.0,0.0,662.0,-3.0,-3.0,1032.0,1161.0,1295.0,-4.0,-4.0,-4.0,-4.0,-4.0,317.0,447.0,0.0,677.0,-3.0,-3.0,1052.0,1179.0,1313.0,-4.0,-4.0,-4.0,-4.0,-4.0,318.0,448.0,0.0,682.0,-3.0,-3.0,1061.0,1184.0,1319.0,-4.0,-4.0,-4.0,-4.0,-4.0,236.0,362.0,490.0,592.0,-3.0,-3.0,947.0,1081.0,1207.0,-4.0,-4.0,-4.0,-4.0,-4.0,259.0,386.0,504.0,617.0,-3.0,-3.0,983.0,1109.0,1241.0,-4.0,-4.0,-4.0,-4.0,-4.0,261.0,389.0,512.0,623.0,-3.0,-3.0,993.0,1121.0,1254.0,-4.0,-4.0,-4.0
1834.0,-4.0,-4.0,268.0,398.0,520.0,0.0,756.0,877.0,1002.0,1131.0,1266.0,1391.0,1509.0,1643.0,-4.0,-4.0,278.0,404.0,528.0,0.0,760.0,886.0,1014.0,1142.0,1274.0,1399.0,1524.0,1655.0,281.0,764.0,889.0,1017.0,1145.0,1277.0,1528.0,-4.0,-4.0,306.0,433.0,553.0,663.0,787.0,909.0,1023.0,1149.0,1283.0,1404.0,1535.0,1658.0,-4.0,-4.0,317.0,447.0,564.0,679.0,798.0,920.0,1052.0,1179.0,1313.0,1426.0,1568.0,1690.0,-4.0,-4.0,318.0,448.0,565.0,682.0,804.0,927.0,1061.0,1184.0,1319.0,1432.0,1575.0,1696.0,-4.0,-4.0,237.0,361.0,491.0,591.0,713.0,835.0,948.0,1080.0,1208.0,1327.0,1435.0,1578.0,-4.0,-4.0,259.0,386.0,504.0,617.0,739.0,865.0,983.0,1109.0,1241.0,1372.0,1490.0,1626.0,-4.0,-4.0,261.0,389.0,512.0,623.0,745.0,870.0,993.0,1121.0,1254.0,1383.0,1503.0,1637.0
1835.0,-4.0,-4.0,268.0,398.0,522.0,636.0,756.0,877.0,1005.0,1131.0,1261.0,1391.0,1509.0,-3.0,-4.0,-4.0,278.0,404.0,528.0,642.0,760.0,886.0,1014.0,1142.0,1274.0,1399.0,1524.0,-3.0,281.0,764.0,889.0,1017.0,1145.0,1277.0,1528.0,-4.0,-4.0,307.0,433.0,553.0,663.0,787.0,909.0,1031.0,1162.0,1281.0,1404.0,1534.0,-3.0,-4.0,-4.0,317.0,447.0,564.0,679.0,798.0,920.0,1052.0,1179.0,1313.0,1426.0,1569.0,-3.0,-4.0,-4.0,318.0,448.0,565.0,682.0,804.0,927.0,1061.0,1184.0,1319.0,1432.0,1575.0,-3.0,-4.0,-4.0,238.0,361.0,491.0,591.0,714.0,835.0,948.0,1080.0,1190.0,1326.0,1440.0,-3.0,-4.0,-4.0,259.0,386.0,504.0,617.0,739.0,865.0,983.0,1109.0,1241.0,1373.0,1492.0,-3.0,-4.0,-4.0,261.0,389.0,512.0,623.0,745.0,870.0,993.0,1121.0,1254.0,1383.0,1503.0,-3.0
1836.0,-4.0,-4.0,268.0,398.0,520.0,637.0,757.0,881.0,1006.0,1132.0,1267.0,1392.0,1512.0,1645.0,-4.0,-4.0,278.0,404.0,528.0,642.0,763.0,887.0,1016.0,1143.0,1275.0,1399.0,1525.0,1655.0,281.0,764.0,890.0,1018.0,1146.0,1278.0,1529.0,-4.0,-4.0,306.0,435.0,554.0,664.0,787.0,893.0,1032.0,1161.0,1295.0,1404.0,1536.0,1662.0,-4.0,-4.0,317.0,447.0,564.0,679.0,798.0,920.0,1052.0,1179.0,1313.0,1426.0,1569.0,1691.0,-4.0,-4.0,318.0,448.0,565.0,682.0,804.0,927.0,1061.0,1184.0,1319.0,1432.0,1575.0,1696.0,-4.0,-4.0,237.0,363.0,491.0,593.0,715.0,836.0,949.0,1081.0,1207.0,1328.0,1441.0,1583.0,-4.0,-4.0,259.0,386.0,504.0,617.0,739.0,865.0,983.0,1109.0,1241.0,1373.0,1492.0,1628.0,-4.0,-4.0,261.0,389.0,512.0,623.0,745.0,870.0,993.0,1121.0,1254.0,1383.0,1503.0,1637.0
1837.0,-4.0,-4.0,0.0,-3.0,520.0,636.0,750.0,881.0,1006.0,0.0,1259.0,0.0,-3.0,0.0,-4.0,-4.0,0.0,-3.0,528.0,642.0,760.0,887.0,1016.0,0.0,1273.0,0.0,-3.0,0.0,0.0,764.0,890.0,1018.0,0.0,1277.0,-3.0,-4.0,-4.0,305.0,-3.0,554.0,664.0,779.0,893.0,1032.0,1161.0,1295.0,1404.0,-3.0,1662.0,-4.0,-4.0,317.0,-3.0,564.0,679.0,798.0,920.0,1052.0,1179.0,1313.0,1426.0,-3.0,1691.0,-4.0,-4.0,318.0,-3.0,565.0,682.0,804.0,927.0,1061.0,1184.0,1319.0,1432.0,-3.0,1696.0,-4.0,-4.0,236.0,-3.0,490.0,594.0,715.0,837.0,949.0,1081.0,1207.0,1328.0,-3.0,1583.0,-4.0,-4.0,259.0,-3.0,504.0,617.0,739.0,865.0,983.0,1109.0,1241.0,1373.0,-3.0,1628.0,-4.0,-4.0,261.0,-3.0,512.0,623.0,745.0,870.0,993.0,1121.0,1254.0,1383.0,-3.0,1637.0
1838.0,-4.0,-4.0,268.0,398.0,520.0,636.0,756.0,877.0,1005.0,1131.0,1261.0,-3.0,1509.0,1646.0,-4.0,-4.0,278.0,404.0,528.0,642.0,760.0,886.0,1014.0,1142.0,1274.0,-3.0,1524.0,1655.0,281.0,764.0,889.0,1017.0,1145.0,1277.0,1528.0,-4.0,-4.0,305.0,433.0,552.0,663.0,787.0,909.0,1031.0,1162.0,1281.0,-3.0,1534.0,1662.0,-4.0,-4.0,317.0,447.0,564.0,679.0,798.0,920.0,1052.0,1179.0,1313.0,-3.0,1569.0,1691.0,-4.0,-4.0,318.0,448.0,565.0,682.0,804.0,927.0,1061.0,1184.0,1319.0,-3.0,1575.0,1696.0,-4.0,-4.0,235.0,361.0,491.0,591.0,714.0,835.0,948.0,1080.0,1188.0,-3.0,1440.0,1584.0,-4.0,-4.0,259.0,386.0,504.0,617.0,739.0,865.0,983.0,1109.0,1241.0,-3.0,1492.0,1628.0,-4.0,-4.0,261.0,389.0,512.0,623.0,745.0,870.0,993.0,1121.0,1254.0,-3.0,1503.0,1637.0
1839.0,-4.0,-4.0,268.0,0.0,520.0,636.0,756.0,877.0,1005.0,1131.0,1261.0,1391.0,1509.0,1646.0,-4.0,-4.0,278.0,0.0,528.0,642.0,760.0,886.0,1014.0,1142.0,1274.0,1399.0,1524.0,1655.0,281.0,764.0,889.0,1017.0,1145.0,1277.0,1528.0,-4.0,-4.0,307.0,0.0,553.0,663.0,787.0,909.0,1031.0,1162.0,1281.0,1404.0,1534.0,1662.0,-4.0,-4.0,317.0,0.0,564.0,679.0,798.0,920.0,1052.0,1179.0,1313.0,1426.0,1569.0,1691.0,-4.0,-4.0,318.0,0.0,565.0,682.0,804.0,927.0,1061.0,1184.0,1319.0,1432.0,1575.0,1696.0,-4.0,-4.0,238.0,361.0,491.0,591.0,714.0,835.0,948.0,1080.0,1188.0,1326.0,1440.0,1584.0,-4.0,-4.0,259.0,386.0,504.0,617.0,739.0,865.0,983.0,1109.0,1241.0,1373.0,1492.0,1628.0,-4.0,-4.0,261.0,389.0,512.0,623.0,745.0,870.0,993.0,1121.0,1254.0,1383.0,1503.0,1637.0
1840.0,-4.0,-4.0,268.0,398.0,520.0,636.0,756.0,0.0,1005.0,1131.0,1261.0,1391.0,1509.0,1646.0,-4.0,-4.0,278.0,404.0,528.0,642.0,760.0,0.0,1014.0,1142.0,1274.0,1399.0,1524.0,1655.0,281.0,764.0,0.0,1017.0,1145.0,1277.0,1528.0,-4.0,-4.0,306.0,433.0,553.0,663.0,787.0,909.0,1031.0,1162.0,1281.0,1404.0,1534.0,1662.0,-4.0,-4.0,317.0,447.0,564.0,679.0,798.0,920.0,1052.0,1179.0,1313.0,1426.0,1569.0,1691.0,-4.0,-4.0,318.0,448.0,565.0,682.0,804.0,927.0,1061.0,1184.0,1319.0,1432.0,1575.0,1696.0,-4.0,-4.0,239.0,361.0,491.0,591.0,713.0,836.0,948.0,1080.0,1188.0,1326.0,1440.0,1584.0,-4.0,-4.0,259.0,386.0,504.0,617.0,739.0,865.0,983.0,1109.0,1241.0,1373.0,1492.0,1628.0,-4.0,-4.0,261.0,389.0,512.0,623.0,745.0,870.0,993.0,1121.0,1254.0,1383.0,1503.0,1637.0
1841.0,-4.0,-4.0,268.0,398.0,520.0,636.0,750.0,881.0,-4.0,-4.0,-4.0,-4.0,-4.0,-4.0,-4.0,-4.0,278.0,404.0,528.0,642.0,760.0,887.0,-4.0,-4.0,-4.0,-4.0,-4.0,-4.0,281.0,764.0,890.0,-4.0,-4.0,-4.0,-4.0,-4.0,-4.0,307.0,435.0,554.0,664.0,787.0,910.0,-4.0,-4.0,-4.0,-4.0,-4.0,-4.0,-4.0,-4.0,317.0,447.0,564.0,679.0,798.0,920.0,-4.0,-4.0,-4.0,-4.0,-4.0,-4.0,-4.0,-4.0,318.0,448.0,565.0,682.0,804.0,927.0,-4.0,-4.0,-4.0,-4.0,-4.0,-4.0,-4.0,-4.0,240.0,363.0,490.0,594.0,713.0,836.0,-4.0,-4.0,-4.0,-4.0,-4.0,-4.0,-4.0,-4.0,259.0,386.0,504.0,617.0,739.0,865.0,-4.0,-4.0,-4.0,-4.0,-4.0,-4.0,-4.0,-4.0,261.0,389.0,512.0,623.0,745.0,870.0,-4.0,-4.0,-4.0,-4.0,-4.0,-4.0
1842.0,-4.0,-4.0,0.0,398.0,518.0,636.0,757.0,-3.0,1000.0,1128.0,1266.0,-3.0,1509.0,1645.0,-4.0,-4.0,0.0,404.0,527.0,642.0,763.0,-3.0,1013.0,1142.0,1274.0,-3.0,1524.0,1655.0,0.0,764.0,-3.0,1017.0,1145.0,1277.0,1528.0,-4.0,-4.0,305.0,435.0,554.0,664.0,777.0,-3.0,1032.0,1161.0,1296.0,-3.0,1535.0,1658.0,-4.0,-4.0,317.0,447.0,564.0,679.0,798.0,-3.0,1052.0,1179.0,1313.0,-3.0,1568.0,1690.0,-4.0,-4.0,318.0,448.0,565.0,682.0,804.0,-3.0,1061.0,1184.0,1319.0,-3.0,1575.0,1696.0,-4.0,-4.0,240.0,363.0,490.0,594.0,715.0,-3.0,949.0,1081.0,1207.0,-3.0,1434.0,1585.0,-4.0,-4.0,259.0,386.0,504.0,617.0,739.0,-3.0,983.0,1109.0,1241.0,-3.0,1490.0,1627.0,-4.0,-4.0,261.0,389.0,512.0,623.0,745.0,-3.0,993.0,1121.0,1254.0,-3.0,1503.0,1637.0
1843.0,-4.0,-4.0,268.0,398.0,0.0,-4.0,-4.0,-4.0,-4.0,-4.0,-4.0,-4.0,-4.0,-4.0,-4.0,-4.0,278.0,404.0,0.0,-4.0,-4.0,-4.0,-4.0,-4.0,-4.0,-4.0,-4.0,-4.0,281.0,-4.0,-4.0,-4.0,-4.0,-4.0,-4.0,-4.0,-4.0,305.0,435.0,0.0,-4.0,-4.0,-4.0,-4.0,-4.0,-4.0,-4.0,-4.0,-4.0,-4.0,-4.0,317.0,447.0,0.0,-4.0,-4.0,-4.0,-4.0,-4.0,-4.0,-4.0,-4.0,-4.0,-4.0,-4.0,318.0,448.0,0.0,-4.0,-4.0,-4.0,-4.0,-4.0,-4.0,-4.0,-4.0,-4.0,-4.0,-4.0,235.0,363.0,490.0,-4.0,-4.0,-4.0,-4.0,-4.0,-4.0,-4.0,-4.0,-4.0,-4.0,-4.0,259.0,386.0,504.0,-4.0,-4.0,-4.0,-4.0,-4.0,-4.0,-4.0,-4.0,-4.0,-4.0,-4.0,261.0,389.0,512.0,-4.0,-4.0,-4.0,-4.0,-4.0,-4.0,-4.0,-4.0,-4.0
1844.0,-4.0,-4.0,268.0,398.0,520.0,636.0,756.0,877.0,1005.0,1131.0,1261.0,1391.0,1509.0,1646.0,-4.0,-4.0,278.0,404.0,528.0,642.0,760.0,886.0,1014.0,1142.0,1274.0,1399.0,1524.0,1655.0,281.0,764.0,889.0,1017.0,1145.0,1277.0,1528.0,-4.0,-4.0,307.0,433.0,553.0,665.0,787.0,909.0,1031.0,1162.0,1283.0,1404.0,1534.0,1662.0,-4.0,-4.0,317.0,447.0,564.0,679.0,798.0,920.0,1052.0,1179.0,1313.0,1426.0,1569.0,1691.0,-4.0,-4.0,318.0,448.0,565.0,682.0,804.0,927.0,1061.0,1184.0,1319.0,1432.0,1575.0,1696.0,-4.0,-4.0,238.0,361.0,491.0,593.0,714.0,835.0,948.0,1080.0,1190.0,1326.0,1440.0,1584.0,-4.0,-4.0,259.0,386.0,504.0,617.0,739.0,865.0,983.0,1109.0,1241.0,1373.0,1492.0,1628.0,-4.0,-4.0,261.0,389.0,512.0,623.0,745.0,870.0,993.0,1121.0,1254.0,1383.0,1503.0,1637.0
1845.0,-4.0,-4.0,268.0,398.0,520.0,636.0,753.0,877.0,1000.0,-3.0,1261.0,1390.0,1509.0,-3.0,-4.0,-4.0,278.0,404.0,528.0,642.0,761.0,886.0,1013.0,-3.0,1274.0,1400.0,1524.0,-3.0,281.0,765.0,889.0,1017.0,-3.0,1277.0,1528.0,-4.0,-4.0,307.0,435.0,554.0,664.0,777.0,893.0,1032.0,-3.0,1281.0,1402.0,1530.0,-3.0,-4.0,-4.0,317.0,447.0,564.0,679.0,798.0,920.0,1052.0,-3.0,1313.0,1426.0,1567.0,-3.0,-4.0,-4.0,318.0,448.0,565.0,682.0,804.0,927.0,1061.0,-3.0,1319.0,1432.0,1575.0,-3.0,-4.0,-4.0,236.0,363.0,490.0,592.0,712.0,807.0,949.0,-3.0,1188.0,1329.0,1438.0,-3.0,-4.0,-4.0,259.0,386.0,504.0,617.0,739.0,857.0,983.0,-3.0,1241.0,1371.0,1491.0,-3.0,-4.0,-4.0,261.0,389.0,512.0,623.0,745.0,870.0,993.0,-3.0,1254.0,1383.0,1503.0,-3.0
1846.0,-4.0,-4.0,0.0,398.0,0.0,-3.0,-5.0,-5.0,1000.0,1128.0,1266.0,1391.0,-3.0,1645.0,-4.0,-4.0,0.0,404.0,0.0,-3.0,-5.0,-5.0,1013.0,1142.0,1274.0,1399.0,-3.0,1655.0,0.0,-5.0,-5.0,1017.0,1145.0,1277.0,-3.0,-4.0,-4.0,305.0,435.0,0.0,-3.0,-5.0,-5.0,1032.0,1161.0,1295.0,1404.0,-3.0,1662.0,-4.0,-4.0,317.0,447.0,0.0,-3.0,-5.0,-5.0,1052.0,1179.0,1313.0,1426.0,-3.0,1691.0,-4.0,-4.0,318.0,448.0,0.0,-3.0,-5.0,-5.0,1061.0,1184.0,1319.0,1432.0,-3.0,1696.0,-4.0,-4.0,236.0,362.0,490.0,-3.0,-5.0,-5.0,949.0,1081.0,1207.0,1328.0,-3.0,1583.0,-4.0,-4.0,259.0,386.0,504.0,-3.0,-5.0,-5.0,983.0,1109.0,1241.0,1373.0,-3.0,1628.0,-4.0,-4.0,261.0,389.0,512.0,-3.0,-5.0,-5.0,993.0,1121.0,1254.0,1383.0,-3.0,1637.0
1847.0,-4.0,-4.0,268.0,398.0,0.0,636.0,756.0,877.0,1005.0,1131.0,0.0,0.0,1513.0,1647.0,-4.0,-4.0,278.0,404.0,0.0,642.0,760.0,886.0,1014.0,1142.0,0.0,0.0,1526.0,1656.0,281.0,764.0,889.0,1017.0,1145.0,0.0,1529.0,-4.0,-4.0,307.0,433.0,553.0,665.0,787.0,911.0,1029.0,1163.0,1297.0,1405.0,1537.0,1663.0,-4.0,-4.0,317.0,447.0,564.0,679.0,798.0,924.0,1056.0,1181.0,1316.0,1427.0,1570.0,1692.0,-4.0,-4.0,318.0,448.0,565.0,682.0,804.0,927.0,1062.0,1185.0,1320.0,1433.0,1576.0,1697.0,-4.0,-4.0,238.0,361.0,491.0,593.0,714.0,838.0,937.0,1082.0,1209.0,1330.0,1442.0,1586.0,-4.0,-4.0,259.0,386.0,504.0,617.0,739.0,866.0,982.0,1115.0,1247.0,1374.0,1493.0,1629.0,-4.0,-4.0,261.0,389.0,512.0,623.0,745.0,872.0,994.0,1122.0,1255.0,1384.0,1504.0,1638.0
1848.0,-4.0,-4.0,268.0,-5.0,-5.0,636.0,757.0,875.0,1000.0,-5.0,1266.0,1391.0,1511.0,1645.0,-4.0,-4.0,278.0,-5.0,-5.0,642.0,763.0,885.0,1013.0,-5.0,1274.0,1399.0,1524.0,1655.0,281.0,764.0,889.0,1017.0,-5.0,1277.0,1528.0,-4.0,-4.0,307.0,-5.0,-5.0,665.0,787.0,910.0,1033.0,-5.0,1283.0,1404.0,1538.0,1664.0,-4.0,-4.0,317.0,-5.0,-5.0,679.0,798.0,920.0,1052.0,-5.0,1313.0,1426.0,1569.0,1691.0,-4.0,-4.0,318.0,-5.0,-5.0,682.0,804.0,927.0,1061.0,-5.0,1319.0,1432.0,1575.0,1696.0,-4.0,-4.0,240.0,-5.0,-5.0,593.0,713.0,836.0,950.0,-5.0,1208.0,1331.0,1441.0,1583.0,-4.0,-4.0,259.0,-5.0,-5.0,617.0,739.0,865.0,983.0,-5.0,1241.0,1373.0,1492.0,1628.0,-4.0,-4.0,261.0,-5.0,-5.0,623.0,745.0,870.0,993.0,-5.0,1254.0,1383.0,1503.0,1637.0
1849.0,-4.0,-4.0,268.0,398.0,520.0,-5.0,-5.0,881.0,1000.0,1126.0,1266.0,1391.0,1511.0,1645.0,-4.0,-4.0,278.0,404.0,528.0,-5.0,-5.0,887.0,1013.0,1141.0,1274.0,1399.0,1524.0,1655.0,281.0,-5.0,890.0,1017.0,1145.0,1277.0,1528.0,-4.0,-4.0,307.0,435.0,554.0,-5.0,-5.0,910.0,1033.0,1149.0,1296.0,1404.0,1538.0,1664.0,-4.0,-4.0,317.0,447.0,564.0,-5.0,-5.0,920.0,1052.0,1179.0,1313.0,1426.0,1569.0,1691.0,-4.0,-4.0,318.0,448.0,565.0,-5.0,-5.0,927.0,1061.0,1184.0,1319.0,1432.0,1575.0,1696.0,-4.0,-4.0,240.0,363.0,490.0,-5.0,-5.0,834.0,947.0,1066.0,1208.0,1332.0,1441.0,1587.0,-4.0,-4.0,259.0,386.0,504.0,-5.0,-5.0,865.0,983.0,1109.0,1241.0,1373.0,1492.0,1628.0,-4.0,-4.0,261.0,389.0,512.0,-5.0,-5.0,870.0,993.0,1121.0,1254.0,1383.0,1503.0,1637.0
1850.0,-4.0,-4.0,268.0,398.0,520.0,636.0,756.0,-4.0,-4.0,-4.0,-4.0,-4.0,-4.0,-4.0,-4.0,-4.0,278.0,404.0,528.0,642.0,760.0,-4.0,-4.0,-4.0,-4.0,-4.0,-4.0,-4.0,281.0,764.0,-4.0,-4.0,-4.0,-4.0,-4.0,-4.0,-4.0,307.0,433.0,552.0,663.0,787.0,-4.0,-4.0,-4.0,-4.0,-4.0,-4.0,-4.0,-4.0,-4.0,317.0,447.0,564.0,679.0,798.0,-4.0,-4.0,-4.0,-4.0,-4.0,-4.0,-4.0,-4.0,-4.0,318.0,448.0,565.0,682.0,804.0,-4.0,-4.0,-4.0,-4.0,-4.0,-4.0,-4.0,-4.0,-4.0,238.0,361.0,491.0,591.0,714.0,-4.0,-4.0,-4.0,-4.0,-4.0,-4.0,-4.0,-4.0,-4.0,259.0,386.0,504.0,617.0,739.0,-4.0,-4.0,-4.0,-4.0,-4.0,-4.0,-4.0,-4.0,-4.0,261.0,389.0,512.0,623.0,745.0,-4.0,-4.0,-4.0,-4.0,-4.0,-4.0,-4.0
1851.0,-4.0,-4.0,268.0,398.0,0.0,636.0,750.0,0.0,1006.0,1132.0,1267.0,1392.0,-3.0,1645.0,-4.0,-4.0,278.0,404.0,0.0,642.0,760.0,0.0,1016.0,1143.0,1275.0,1399.0,-3.0,1655.0,281.0,764.0,0.0,1018.0,1146.0,1278.0,-3.0,-4.0,-4.0,307.0,435.0,0.0,664.0,777.0,893.0,1032.0,1161.0,1295.0,1404.0,-3.0,1662.0,-4.0,-4.0,317.0,447.0,0.0,679.0,798.0,920.0,1052.0,1179.0,1313.0,1426.0,-3.0,1691.0,-4.0,-4.0,318.0,448.0,0.0,682.0,804.0,927.0,1061.0,1184.0,1319.0,1432.0,-3.0,1696.0,-4.0,-4.0,241.0,363.0,490.0,594.0,715.0,834.0,949.0,1081.0,1207.0,1328.0,-3.0,1583.0,-4.0,-4.0,259.0,386.0,504.0,617.0,739.0,865.0,983.0,1109.0,1241.0,1373.0,-3.0,1628.0,-4.0,-4.0,261.0,389.0,512.0,623.0,745.0,870.0,993.0,1121.0,1254.0,1383.0,-3.0,1637.0
1852.0,-4.0,-4.0,268.0,398.0,0.0,636.0,750.0,881.0,1000.0,1126.0,1266.0,1391.0,1511.0,-3.0,-4.0,-4.0,278.0,404.0,0.0,642.0,760.0,887.0,1013.0,1141.0,1274.0,1399.0,1524.0,-3.0,281.0,764.0,890.0,1017.0,1145.0,1277.0,1528.0,-4.0,-4.0,307.0,435.0,0.0,664.0,777.0,893.0,1032.0,1161.0,1296.0,1404.0,1538.0,-3.0,-4.0,-4.0,317.0,447.0,0.0,679.0,798.0,920.0,1052.0,1179.0,1313.0,1426.0,1569.0,-3.0,-4.0,-4.0,318.0,448.0,0.0,682.0,804.0,927.0,1061.0,1184.0,1319.0,1432.0,1575.0,-3.0,-4.0,-4.0,240.0,363.0,491.0,594.0,715.0,837.0,947.0,1066.0,1208.0,1332.0,1441.0,-3.0,-4.0,-4.0,259.0,386.0,504.0,617.0,739.0,865.0,983.0,1109.0,1241.0,1373.0,1492.0,-3.0,-4.0,-4.0,261.0,389.0,512.0,623.0,745.0,870.0,993.0,1121.0,1254.0,1383.0,1503.0,-3.0
1853.0,-4.0,-4.0,0.0,398.0,518.0,636.0,757.0,875.0,1000.0,1128.0,1266.0,1391.0,1511.0,1645.0,-4.0,-4.0,0.0,404.0,527.0,642.0,763.0,885.0,1013.0,1142.0,1274.0,1399.0,1524.0,1655.0,0.0,764.0,889.0,1017.0,1145.0,1277.0,1528.0,-4.0,-4.0,305.0,435.0,554.0,664.0,777.0,893.0,1032.0,1161.0,1283.0,1404.0,1536.0,1665.0,-4.0,-4.0,317.0,447.0,564.0,679.0,798.0,920.0,1052.0,1179.0,1313.0,1426.0,1569.0,1691.0,-4.0,-4.0,318.0,448.0,565.0,682.0,804.0,927.0,1061.0,1184.0,1319.0,1432.0,1575.0,1696.0,-4.0,-4.0,236.0,363.0,490.0,594.0,715.0,834.0,950.0,1081.0,1208.0,1331.0,1434.0,1585.0,-4.0,-4.0,259.0,386.0,504.0,617.0,739.0,865.0,983.0,1109.0,1241.0,1373.0,1490.0,1627.0,-4.0,-4.0,261.0,389.0,512.0,623.0,745.0,870.0,993.0,1121.0,1254.0,1383.0,1503.0,1637.0
1854.0,-4.0,-4.0,268.0,398.0,520.0,636.0,750.0,881.0,1000.0,1126.0,1266.0,1391.0,1511.0,1645.0,-4.0,-4.0,278.0,404.0,528.0,642.0,760.0,887.0,1013.0,1141.0,1274.0,1399.0,1524.0,1655.0,281.0,764.0,890.0,1017.0,1145.0,1277.0,1528.0,-4.0,-4.0,307.0,435.0,554.0,664.0,787.0,910.0,1033.0,1149.0,1296.0,1404.0,1538.0,1664.0,-4.0,-4.0,317.0,447.0,564.0,679.0,798.0,920.0,1052.0,1179.0,1313.0,1426.0,1569.0,1691.0,-4.0,-4.0,318.0,448.0,565.0,682.0,804.0,927.0,1061.0,1184.0,1319.0,1432.0,1575.0,1696.0,-4.0,-4.0,240.0,363.0,490.0,594.0,713.0,836.0,950.0,1066.0,1208.0,1332.0,1441.0,1583.0,-4.0,-4.0,259.0,386.0,504.0,617.0,739.0,865.0,983.0,1109.0,1241.0,1373.0,1492.0,1628.0,-4.0,-4.0,261.0,389.0,512.0,623.0,745.0,870.0,993.0,1121.0,1254.0,1383.0,1503.0,1637.0
1855.0,-4.0,-4.0,-3.0,398.0,520.0,636.0,756.0,877.0,0.0,0.0,1261.0,1391.0,1511.0,1645.0,-4.0,-4.0,-3.0,404.0,528.0,642.0,760.0,886.0,0.0,0.0,1274.0,1399.0,1524.0,1655.0,-3.0,764.0,889.0,0.0,0.0,1277.0,1528.0,-4.0,-4.0,-3.0,433.0,552.0,663.0,787.0,909.0,0.0,1162.0,1281.0,1404.0,1534.0,1662.0,-4.0,-4.0,-3.0,447.0,564.0,679.0,798.0,920.0,0.0,1179.0,1313.0,1426.0,1569.0,1691.0,-4.0,-4.0,-3.0,448.0,565.0,682.0,804.0,927.0,0.0,1184.0,1319.0,1432.0,1575.0,1696.0,-4.0,-4.0,-3.0,361.0,491.0,591.0,713.0,836.0,947.0,1080.0,1190.0,1328.0,1440.0,1583.0,-4.0,-4.0,-3.0,386.0,504.0,617.0,739.0,865.0,983.0,1109.0,1241.0,1373.0,1492.0,1628.0,-4.0,-4.0,-3.0,389.0,512.0,623.0,745.0,870.0,993.0,1121.0,1254.0,1383.0,1503.0,1637.0
1856.0,-4.0,-4.0,268.0,398.0,0.0,636.0,0.0,875.0,1000.0,1128.0,1266.0,1391.0,1511.0,1645.0,-4.0,-4.0,278.0,404.0,0.0,642.0,0.0,885.0,1013.0,1142.0,1274.0,1399.0,1524.0,1655.0,281.0,0.0,889.0,1017.0,1145.0,1277.0,1528.0,-4.0,-4.0,307.0,435.0,553.0,665.0,777.0,910.0,1033.0,1161.0,1295.0,1404.0,1534.0,1662.0,-4.0,-4.0,317.0,447.0,564.0,679.0,798.0,920.0,1052.0,1179.0,1313.0,1426.0,1569.0,1691.0,-4.0,-4.0,318.0,448.0,565.0,682.0,804.0,927.0,1061.0,1184.0,1319.0,1432.0,1575.0,1696.0,-4.0,-4.0,241.0,363.0,491.0,592.0,712.0,836.0,950.0,1081.0,1207.0,1328.0,1440.0,1583.0,-4.0,-4.0,259.0,386.0,504.0,617.0,739.0,865.0,983.0,1109.0,1241.0,1373.0,1492.0,1628.0,-4.0,-4.0,261.0,389.0,512.0,623.0,745.0,870.0,993.0,1121.0,1254.0,1383.0,1503.0,1637.0
1857.0,-4.0,-4.0,268.0,398.0,0.0,636.0,756.0,877.0,1005.0,1131.0,1261.0,1391.0,1509.0,1646.0,-4.0,-4.0,278.0,404.0,0.0,642.0,760.0,886.0,1014.0,1142.0,1274.0,1399.0,1524.0,1655.0,281.0,764.0,889.0,1017.0,1145.0,1277.0,1528.0,-4.0,-4.0,307.0,433.0,0.0,663.0,787.0,909.0,1031.0,1162.0,1281.0,1404.0,1534.0,1662.0,-4.0,-4.0,317.0,447.0,0.0,679.0,798.0,920.0,1052.0,1179.0,1313.0,1426.0,1569.0,1691.0,-4.0,-4.0,318.0,448.0,0.0,682.0,804.0,927.0,1061.0,1184.0,1319.0,1432.0,1575.0,1696.0,-4.0,-4.0,238.0,361.0,491.0,591.0,714.0,835.0,948.0,1080.0,1188.0,1326.0,1440.0,1584.0,-4.0,-4.0,259.0,386.0,504.0,617.0,739.0,865.0,983.0,1109.0,1241.0,1373.0,1492.0,1628.0,-4.0,-4.0,261.0,389.0,512.0,623.0,745.0,870.0,993.0,1121.0,1254.0,1383.0,1503.0,1637.0
1858.0,-4.0,-4.0,0.0,399.0,520.0,0.0,756.0,875.0,0.0,0.0,0.0,1392.0,1510.0,0.0,-4.0,-4.0,0.0,403.0,528.0,0.0,760.0,885.0,0.0,0.0,0.0,1399.0,1524.0,0.0,0.0,764.0,889.0,0.0,0.0,0.0,1528.0,-4.0,-4.0,291.0,433.0,552.0,0.0,777.0,908.0,0.0,1159.0,1281.0,1402.0,1530.0,1660.0,-4.0,-4.0,313.0,447.0,564.0,0.0,798.0,920.0,0.0,1180.0,1313.0,1426.0,1567.0,1690.0,-4.0,-4.0,318.0,448.0,565.0,0.0,804.0,927.0,0.0,1184.0,1319.0,1432.0,1575.0,1696.0,-4.0,-4.0,239.0,364.0,491.0,591.0,714.0,836.0,948.0,1066.0,1188.0,1327.0,1435.0,1578.0,-4.0,-4.0,259.0,386.0,504.0,617.0,739.0,865.0,983.0,1109.0,1241.0,1372.0,1490.0,1626.0,-4.0,-4.0,261.0,389.0,512.0,623.0,745.0,870.0,993.0,1121.0,1254.0,1383.0,1503.0,1637.0
1859.0,-4.0,-4.0,268.0,398.0,-5.0,632.0,750.0,881.0,1000.0,1126.0,1266.0,-3.0,-3.0,1645.0,-4.0,-4.0,278.0,404.0,-5.0,640.0,760.0,887.0,1013.0,1141.0,1274.0,-3.0,-3.0,1655.0,281.0,764.0,890.0,1017.0,1145.0,1277.0,-3.0,-4.0,-4.0,305.0,434.0,-5.0,661.0,777.0,893.0,1028.0,1161.0,1296.0,-3.0,-3.0,1664.0,-4.0,-4.0,317.0,447.0,-5.0,679.0,798.0,920.0,1054.0,1179.0,1313.0,-3.0,-3.0,1691.0,-4.0,-4.0,318.0,448.0,-5.0,682.0,804.0,927.0,1061.0,1184.0,1319.0,-3.0,-3.0,1696.0,-4.0,-4.0,235.0,362.0,-5.0,592.0,712.0,837.0,947.0,1066.0,1208.0,-3.0,-3.0,1587.0,-4.0,-4.0,259.0,386.0,-5.0,617.0,739.0,865.0,983.0,1109.0,1241.0,-3.0,-3.0,1628.0,-4.0,-4.0,261.0,389.0,-5.0,623.0,745.0,870.0,993.0,1121.0,1254.0,-3.0,-3.0,1637.0
1860.0,-4.0,-4.0,268.0,398.0,0.0,636.0,756.0,877.0,1005.0,1131.0,-3.0,1391.0,1509.0,1646.0,-4.0,-4.0,278.0,404.0,0.0,642.0,760.0,886.0,1014.0,1142.0,-3.0,1399.0,1524.0,1655.0,281.0,764.0,889.0,1017.0,1145.0,-3.0,1528.0,-4.0,-4.0,307.0,433.0,0.0,663.0,787.0,909.0,1023.0,1162.0,-3.0,1404.0,1534.0,1664.0,-4.0,-4.0,317.0,447.0,0.0,679.0,798.0,920.0,1052.0,1179.0,-3.0,1426.0,1569.0,1691.0,-4.0,-4.0,318.0,448.0,0.0,682.0,804.0,927.0,1061.0,1184.0,-3.0,1432.0,1575.0,1696.0,-4.0,-4.0,238.0,361.0,491.0,591.0,714.0,835.0,948.0,1080.0,-3.0,1326.0,1440.0,1587.0,-4.0,-4.0,259.0,386.0,504.0,617.0,739.0,865.0,983.0,1109.0,-3.0,1373.0,1492.0,1628.0,-4.0,-4.0,261.0,389.0,512.0,623.0,745.0,870.0,993.0,1121.0,-3.0,1383.0,1503.0,1637.0
1861.0,-4.0,-4.0,0.0,399.0,520.0,629.0,750.0,881.0,1001.0,1130.0,1266.0,1392.0,1511.0,1645.0,-4.0,-4.0,0.0,403.0,528.0,641.0,760.0,887.0,1013.0,1143.0,1274.0,1399.0,1524.0,1655.0,0.0,764.0,890.0,1017.0,1146.0,1277.0,1528.0,-4.0,-4.0,306.0,434.0,555.0,661.0,777.0,893.0,1028.0,1161.0,1295.0,1404.0,1536.0,1662.0,-4.0,-4.0,317.0,447.0,564.0,679.0,798.0,920.0,1054.0,1179.0,1313.0,1426.0,1569.0,1691.0,-4.0,-4.0,318.0,448.0,565.0,682.0,804.0,927.0,1061.0,1184.0,1319.0,1432.0,1575.0,1696.0,-4.0,-4.0,239.0,364.0,492.0,594.0,715.0,837.0,947.0,1081.0,1207.0,1328.0,1441.0,1583.0,-4.0,-4.0,259.0,386.0,504.0,617.0,739.0,865.0,983.0,1109.0,1241.0,1373.0,1492.0,1628.0,-4.0,-4.0,261.0,389.0,512.0,623.0,745.0,870.0,993.0,1121.0,1254.0,1383.0,1503.0,1637.0
1862.0,-4.0,-4.0,268.0,398.0,-5.0,632.0,757.0,881.0,-3.0,1128.0,-3.0,0.0,-3.0,1645.0,-4.0,-4.0,278.0,404.0,-5.0,640.0,763.0,887.0,-3.0,1142.0,-3.0,0.0,-3.0,1655.0,281.0,764.0,890.0,-3.0,1145.0,-3.0,-3.0,-4.0,-4.0,306.0,434.0,-5.0,664.0,777.0,893.0,-3.0,1161.0,-3.0,0.0,-3.0,1664.0,-4.0,-4.0,317.0,447.0,-5.0,679.0,798.0,920.0,-3.0,1179.0,-3.0,0.0,-3.0,1691.0,-4.0,-4.0,318.0,448.0,-5.0,682.0,804.0,927.0,-3.0,1184.0,-3.0,0.0,-3.0,1696.0,-4.0,-4.0,241.0,364.0,-5.0,594.0,715.0,834.0,-3.0,1081.0,-3.0,1328.0,-3.0,1583.0,-4.0,-4.0,259.0,386.0,-5.0,617.0,739.0,865.0,-3.0,1109.0,-3.0,1373.0,-3.0,1628.0,-4.0,-4.0,261.0,389.0,-5.0,623.0,745.0,870.0,-3.0,1121.0,-3.0,1383.0,-3.0,1637.0
1863.0,-4.0,-4.0,268.0,398.0,520.0,637.0,756.0,877.0,1005.0,1131.0,1266.0,1391.0,1509.0,1646.0,-4.0,-4.0,278.0,404.0,528.0,642.0,760.0,886.0,1014.0,1142.0,1274.0,1399.0,1524.0,1655.0,281.0,764.0,889.0,1017.0,1145.0,1277.0,1528.0,-4.0,-4.0,306.0,436.0,553.0,661.0,787.0,909.0,1033.0,1149.0,1283.0,1404.0,1534.0,1664.0,-4.0,-4.0,317.0,447.0,564.0,679.0,798.0,920.0,1052.0,1179.0,1313.0,1426.0,1569.0,1691.0,-4.0,-4.0,318.0,448.0,565.0,682.0,804.0,927.0,1061.0,1184.0,1319.0,1432.0,1575.0,1696.0,-4.0,-4.0,237.0,365.0,492.0,593.0,713.0,835.0,948.0,1080.0,1208.0,1326.0,1440.0,1584.0,-4.0,-4.0,259.0,386.0,504.0,617.0,739.0,865.0,983.0,1109.0,1241.0,1373.0,1492.0,1628.0,-4.0,-4.0,261.0,389.0,512.0,623.0,745.0,870.0,993.0,1121.0,1254.0,1383.0,1503.0,1637.0
1864.0,-4.0,-4.0,268.0,399.0,522.0,632.0,753.0,877.0,1002.0,1128.0,1261.0,1390.0,1509.0,0.0,-4.0,-4.0,278.0,403.0,528.0,640.0,761.0,886.0,1014.0,1142.0,1274.0,1400.0,1524.0,0.0,281.0,765.0,889.0,1017.0,1145.0,1277.0,1528.0,-4.0,-4.0,306.0,434.0,555.0,653.0,771.0,899.0,1028.0,1156.0,1284.0,1402.0,1530.0,1660.0,-4.0,-4.0,317.0,447.0,564.0,677.0,798.0,922.0,1054.0,1180.0,1314.0,1426.0,1567.0,1690.0,-4.0,-4.0,318.0,448.0,565.0,682.0,804.0,927.0,1061.0,1184.0,1319.0,1432.0,1575.0,1696.0,-4.0,-4.0,241.0,364.0,492.0,582.0,699.0,816.0,946.0,1075.0,1204.0,1329.0,1438.0,1581.0,-4.0,-4.0,259.0,386.0,504.0,614.0,735.0,860.0,979.0,1112.0,1244.0,1371.0,1491.0,1626.0,-4.0,-4.0,261.0,389.0,512.0,623.0,745.0,870.0,993.0,1121.0,1254.0,1383.0,1503.0,1637.0
1865.0,-4.0,-4.0,268.0,398.0,520.0,637.0,-5.0,-5.0,1000.0,-3.0,1266.0,1391.0,1509.0,1643.0,-4.0,-4.0,278.0,404.0,528.0,642.0,-5.0,-5.0,1013.0,-3.0,1274.0,1399.0,1524.0,1655.0,281.0,-5.0,-5.0,1017.0,-3.0,1277.0,1528.0,-4.0,-4.0,306.0,434.0,555.0,661.0,-5.0,-5.0,1032.0,-3.0,1296.0,1404.0,1535.0,1658.0,-4.0,-4.0,317.0,447.0,564.0,679.0,-5.0,-5.0,1052.0,-3.0,1313.0,1426.0,1568.0,1690.0,-4.0,-4.0,318.0,448.0,565.0,682.0,-5.0,-5.0,1061.0,-3.0,1319.0,1432.0,1575.0,1696.0,-4.0,-4.0,239.0,364.0,492.0,594.0,-5.0,-5.0,950.0,-3.0,1207.0,1331.0,1434.0,1585.0,-4.0,-4.0,259.0,386.0,504.0,617.0,-5.0,-5.0,983.0,-3.0,1241.0,1373.0,1490.0,1627.0,-4.0,-4.0,261.0,389.0,512.0,623.0,-5.0,-5.0,993.0,-3.0,1254.0,1383.0,1503.0,1637.0
1866.0,-4.0,-4.0,268.0,398.0,520.0,637.0,-3.0,881.0,1000.0,0.0,1266.0,-3.0,1509.0,1645.0,-4.0,-4.0,278.0,404.0,528.0,642.0,-3.0,887.0,1013.0,0.0,1274.0,-3.0,1524.0,1655.0,281.0,-3.0,890.0,1017.0,0.0,1277.0,1528.0,-4.0,-4.0,306.0,434.0,555.0,661.0,-3.0,910.0,1032.0,0.0,1296.0,-3.0,1536.0,1665.0,-4.0,-4.0,317.0,447.0,564.0,679.0,-3.0,920.0,1052.0,0.0,1313.0,-3.0,1569.0,1691.0,-4.0,-4.0,318.0,448.0,565.0,682.0,-3.0,927.0,1061.0,0.0,1319.0,-3.0,1575.0,1696.0,-4.0,-4.0,239.0,364.0,492.0,594.0,-3.0,834.0,950.0,1081.0,1207.0,-3.0,1434.0,1585.0,-4.0,-4.0,259.0,386.0,504.0,617.0,-3.0,865.0,983.0,1109.0,1241.0,-3.0,1490.0,1627.0,-4.0,-4.0,261.0,389.0,512.0,623.0,-3.0,870.0,993.0,1121.0,1254.0,-3.0,1503.0,1637.0
1867.0,-4.0,-4.0,268.0,398.0,522.0,636.0,756.0,877.0,1005.0,1131.0,1261.0,1391.0,1509.0,1643.0,-4.0,-4.0,278.0,404.0,528.0,642.0,760.0,886.0,1014.0,1142.0,1274.0,1399.0,1524.0,1655.0,281.0,764.0,889.0,1017.0,1145.0,1277.0,1528.0,-4.0,-4.0,307.0,433.0,552.0,663.0,778.0,908.0,1031.0,1159.0,1286.0,1403.0,1535.0,1666.0,-4.0,-4.0,317.0,447.0,564.0,679.0,798.0,920.0,1052.0,1180.0,1314.0,1426.0,1568.0,1690.0,-4.0,-4.0,318.0,448.0,565.0,682.0,804.0,927.0,1061.0,1184.0,1319.0,1432.0,1575.0,1696.0,-4.0,-4.0,238.0,361.0,491.0,595.0,716.0,811.0,940.0,1070.0,1210.0,1327.0,1435.0,1588.0,-4.0,-4.0,259.0,386.0,504.0,617.0,735.0,857.0,979.0,1112.0,1244.0,1372.0,1490.0,1626.0,-4.0,-4.0,261.0,389.0,512.0,623.0,745.0,870.0,993.0,1121.0,1254.0,1383.0,1503.0,1637.0
1868.0,-4.0,-4.0,0.0,398.0,0.0,636.0,756.0,877.0,1005.0,0.0,0.0,1391.0,1509.0,1646.0,-4.0,-4.0,0.0,404.0,0.0,642.0,760.0,886.0,1014.0,0.0,0.0,1399.0,1524.0,1655.0,0.0,764.0,889.0,1017.0,0.0,0.0,1528.0,-4.0,-4.0,306.0,436.0,0.0,663.0,787.0,909.0,1031.0,0.0,0.0,1404.0,1534.0,1662.0,-4.0,-4.0,317.0,447.0,0.0,679.0,798.0,920.0,1052.0,0.0,0.0,1426.0,1569.0,1691.0,-4.0,-4.0,318.0,448.0,0.0,682.0,804.0,927.0,1061.0,0.0,0.0,1432.0,1575.0,1696.0,-4.0,-4.0,239.0,361.0,491.0,591.0,714.0,835.0,948.0,1080.0,1188.0,1326.0,1440.0,1584.0,-4.0,-4.0,259.0,386.0,504.0,617.0,739.0,865.0,983.0,1109.0,1241.0,1373.0,1492.0,1628.0,-4.0,-4.0,261.0,389.0,512.0,623.0,745.0,870.0,993.0,1121.0,1254.0,1383.0,1503.0,1637.0
1869.0,-4.0,-4.0,268.0,398.0,0.0,-3.0,756.0,877.0,1005.0,1131.0,1266.0,1391.0,1509.0,1643.0,-4.0,-4.0,278.0,404.0,0.0,-3.0,760.0,886.0,1014.0,1142.0,1274.0,1399.0,1524.0,1655.0,281.0,764.0,889.0,1017.0,1145.0,1277.0,1528.0,-4.0,-4.0,307.0,433.0,552.0,-3.0,787.0,909.0,1033.0,1162.0,1283.0,1404.0,1536.0,1665.0,-4.0,-4.0,317.0,447.0,564.0,-3.0,798.0,920.0,1052.0,1179.0,1313.0,1426.0,1569.0,1691.0,-4.0,-4.0,318.0,448.0,565.0,-3.0,804.0,927.0,1061.0,1184.0,1319.0,1432.0,1575.0,1696.0,-4.0,-4.0,238.0,361.0,491.0,-3.0,714.0,835.0,948.0,1080.0,1190.0,1332.0,1434.0,1585.0,-4.0,-4.0,259.0,386.0,504.0,-3.0,739.0,865.0,983.0,1109.0,1241.0,1373.0,1490.0,1627.0,-4.0,-4.0,261.0,389.0,512.0,-3.0,745.0,870.0,993.0,1121.0,1254.0,1383.0,1503.0,1637.0
1870.0,-4.0,-4.0,268.0,399.0,522.0,632.0,756.0,881.0,1000.0,1126.0,1266.0,1391.0,1511.0,1645.0,-4.0,-4.0,278.0,403.0,528.0,640.0,760.0,887.0,1013.0,1141.0,1274.0,1399.0,1524.0,1655.0,281.0,764.0,890.0,1017.0,1145.0,1277.0,1528.0,-4.0,-4.0,306.0,434.0,555.0,665.0,777.0,893.0,1032.0,1161.0,1281.0,1404.0,1536.0,1665.0,-4.0,-4.0,317.0,447.0,564.0,679.0,798.0,920.0,1052.0,1179.0,1313.0,1426.0,1569.0,1691.0,-4.0,-4.0,318.0,448.0,565.0,682.0,804.0,927.0,1061.0,1184.0,1319.0,1432.0,1575.0,1696.0,-4.0,-4.0,241.0,364.0,492.0,592.0,715.0,834.0,950.0,1081.0,1190.0,1331.0,1434.0,1585.0,-4.0,-4.0,259.0,386.0,504.0,617.0,739.0,865.0,983.0,1109.0,1241.0,1373.0,1490.0,1627.0,-4.0,-4.0,261.0,389.0,512.0,623.0,745.0,870.0,993.0,1121.0,1254.0,1383.0,1503.0,1637.0
1871.0,-4.0,-4.0,0.0,0.0,0.0,-5.0,-5.0,875.0,1004.0,1133.0,0.0,1393.0,1514.0,0.0,-4.0,-4.0,0.0,0.0,0.0,-5.0,-5.0,885.0,1015.0,1144.0,0.0,1400.0,1526.0,0.0,0.0,-5.0,889.0,1018.0,1146.0,0.0,1529.0,-4.0,-4.0,306.0,411.0,556.0,-5.0,-5.0,896.0,1029.0,1164.0,1298.0,1405.0,1537.0,0.0,-4.0,-4.0,317.0,442.0,564.0,-5.0,-5.0,919.0,1056.0,1181.0,1316.0,1427.0,1570.0,0.0,-4.0,-4.0,318.0,448.0,565.0,-5.0,-5.0,926.0,1062.0,1185.0,1320.0,1433.0,1576.0,0.0,-4.0,-4.0,242.0,332.0,493.0,-5.0,-5.0,807.0,937.0,1083.0,1211.0,1330.0,1442.0,1589.0,-4.0,-4.0,252.0,379.0,502.0,-5.0,-5.0,857.0,982.0,1115.0,1247.0,1374.0,1493.0,1629.0,-4.0,-4.0,261.0,389.0,512.0,-5.0,-5.0,870.0,994.0,1122.0,1255.0,1384.0,1504.0,1638.0
1872.0,-4.0,-4.0,268.0,398.0,0.0,632.0,750.0,880.0,0.0,1128.0,1266.0,1391.0,1511.0,1645.0,-4.0,-4.0,278.0,404.0,0.0,640.0,760.0,888.0,0.0,1142.0,1274.0,1399.0,1524.0,1655.0,281.0,764.0,890.0,0.0,1145.0,1277.0,1528.0,-4.0,-4.0,305.0,434.0,555.0,664.0,777.0,893.0,1032.0,1161.0,1283.0,1404.0,1536.0,1665.0,-4.0,-4.0,317.0,447.0,564.0,679.0,798.0,920.0,1052.0,1179.0,1313.0,1426.0,1569.0,1691.0,-4.0,-4.0,318.0,448.0,565.0,682.0,804.0,927.0,1061.0,1184.0,1319.0,1432.0,1575.0,1696.0,-4.0,-4.0,235.0,364.0,492.0,592.0,715.0,837.0,947.0,1081.0,1190.0,1331.0,1441.0,1583.0,-4.0,-4.0,259.0,386.0,504.0,617.0,739.0,865.0,983.0,1109.0,1241.0,1373.0,1492.0,1628.0,-4.0,-4.0,261.0,389.0,512.0,623.0,745.0,870.0,993.0,1121.0,1254.0,1383.0,1503.0,1637.0
1873.0,-4.0,-4.0,268.0,398.0,0.0,636.0,752.0,875.0,-3.0,0.0,1266.0,0.0,1509.0,0.0,-4.0,-4.0,278.0,404.0,0.0,642.0,762.0,885.0,-3.0,0.0,1274.0,0.0,1524.0,0.0,281.0,765.0,889.0,-3.0,0.0,1277.0,1528.0,-4.0,-4.0,306.0,436.0,552.0,661.0,777.0,908.0,-3.0,1162.0,1281.0,1402.0,1531.0,1658.0,-4.0,-4.0,317.0,447.0,564.0,679.0,798.0,920.0,-3.0,1179.0,1313.0,1426.0,1568.0,1690.0,-4.0,-4.0,318.0,448.0,565.0,682.0,804.0,927.0,-3.0,1184.0,1319.0,1432.0,1575.0,1696.0,-4.0,-4.0,237.0,365.0,467.0,591.0,712.0,807.0,-3.0,1080.0,1190.0,1327.0,1435.0,1578.0,-4.0,-4.0,259.0,386.0,504.0,617.0,739.0,857.0,-3.0,1109.0,1241.0,1372.0,1490.0,1626.0,-4.0,-4.0,261.0,389.0,512.0,623.0,745.0,870.0,-3.0,1121.0,1254.0,1383.0,1503.0,1637.0
1874.0,-4.0,-4.0,268.0,398.0,520.0,629.0,-3.0,881.0,1001.0,1130.0,1266.0,1392.0,1511.0,1645.0,-4.0,-4.0,278.0,404.0,528.0,641.0,-3.0,887.0,1013.0,1143.0,1274.0,1399.0,1524.0,1655.0,281.0,-3.0,890.0,1017.0,1146.0,1277.0,1528.0,-4.0,-4.0,306.0,434.0,555.0,662.0,-3.0,893.0,1028.0,1161.0,1295.0,1404.0,1536.0,1662.0,-4.0,-4.0,317.0,447.0,564.0,677.0,-3.0,920.0,1054.0,1179.0,1313.0,1426.0,1569.0,1691.0,-4.0,-4.0,318.0,448.0,565.0,682.0,-3.0,927.0,1061.0,1184.0,1319.0,1432.0,1575.0,1696.0,-4.0,-4.0,241.0,364.0,492.0,594.0,-3.0,837.0,947.0,1081.0,1207.0,1328.0,1441.0,1583.0,-4.0,-4.0,259.0,386.0,504.0,617.0,-3.0,865.0,983.0,1109.0,1241.0,1373.0,1492.0,1628.0,-4.0,-4.0,261.0,389.0,512.0,623.0,-3.0,870.0,993.0,1121.0,1254.0,1383.0,1503.0,1637.0
1875.0,-4.0,-4.0,0.0,398.0,520.0,636.0,750.0,875.0,1000.0,1128.0,1266.0,1391.0,1511.0,1645.0,-4.0,-4.0,0.0,404.0,528.0,642.0,760.0,885.0,1013.0,1142.0,1274.0,1399.0,1524.0,1655.0,0.0,764.0,889.0,1017.0,1145.0,1277.0,1528.0,-4.0,-4.0,306.0,434.0,555.0,664.0,777.0,893.0,1032.0,1161.0,1296.0,1404.0,1536.0,1665.0,-4.0,-4.0,317.0,447.0,564.0,679.0,798.0,920.0,1052.0,1179.0,1313.0,1426.0,1569.0,1691.0,-4.0,-4.0,318.0,448.0,565.0,682.0,804.0,927.0,1061.0,1184.0,1319.0,1432.0,1575.0,1696.0,-4.0,-4.0,241.0,364.0,492.0,594.0,715.0,837.0,949.0,1081.0,1207.0,1331.0,1434.0,1585.0,-4.0,-4.0,259.0,386.0,504.0,617.0,739.0,865.0,983.0,1109.0,1241.0,1373.0,1490.0,1627.0,-4.0,-4.0,261.0,389.0,512.0,623.0,745.0,870.0,993.0,1121.0,1254.0,1383.0,1503.0,1637.0
1876.0,-4.0,-4.0,268.0,398.0,520.0,637.0,753.0,881.0,1000.0,1128.0,1266.0,-4.0,-4.0,-4.0,-4.0,-4.0,278.0,404.0,528.0,642.0,761.0,887.0,1013.0,1142.0,1274.0,-4.0,-4.0,-4.0,281.0,765.0,890.0,1017.0,1145.0,1277.0,-4.0,-4.0,-4.0,306.0,434.0,555.0,661.0,777.0,893.0,1032.0,1161.0,1296.0,-4.0,-4.0,-4.0,-4.0,-4.0,317.0,447.0,564.0,679.0,798.0,920.0,1052.0,1179.0,1313.0,-4.0,-4.0,-4.0,-4.0,-4.0,318.0,448.0,565.0,682.0,804.0,927.0,1061.0,1184.0,1319.0,-4.0,-4.0,-4.0,-4.0,-4.0,239.0,364.0,492.0,594.0,715.0,834.0,949.0,1081.0,1207.0,-4.0,-4.0,-4.0,-4.0,-4.0,259.0,386.0,504.0,617.0,739.0,865.0,983.0,1109.0,1241.0,-4.0,-4.0,-4.0,-4.0,-4.0,261.0,389.0,512.0,623.0,745.0,870.0,993.0,1121.0,1254.0,-4.0,-4.0,-4.0
1877.0,-4.0,-4.0,268.0,398.0,520.0,637.0,-3.0,881.0,1006.0,1132.0,1267.0,1392.0,1512.0,1645.0,-4.0,-4.0,278.0,404.0,528.0,642.0,-3.0,887.0,1016.0,1143.0,1275.0,1399.0,1525.0,1655.0,281.0,-3.0,890.0,1018.0,1146.0,1278.0,1529.0,-4.0,-4.0,306.0,434.0,555.0,661.0,-3.0,893.0,1032.0,1161.0,1295.0,1404.0,1532.0,1662.0,-4.0,-4.0,317.0,447.0,564.0,679.0,-3.0,920.0,1052.0,1179.0,1313.0,1426.0,1568.0,1691.0,-4.0,-4.0,318.0,448.0,565.0,682.0,-3.0,927.0,1061.0,1184.0,1319.0,1432.0,1575.0,1696.0,-4.0,-4.0,239.0,364.0,492.0,594.0,-3.0,834.0,949.0,1081.0,1207.0,1328.0,1434.0,1583.0,-4.0,-4.0,259.0,386.0,504.0,617.0,-3.0,865.0,983.0,1109.0,1241.0,1373.0,1490.0,1628.0,-4.0,-4.0,261.0,389.0,512.0,623.0,-3.0,870.0,993.0,1121.0,1254.0,1383.0,1503.0,1637.0
1878.0,-4.0,-4.0,268.0,398.0,-5.0,636.0,-5.0,877.0,-5.0,1131.0,-3.0,-3.0,1509.0,-3.0,-4.0,-4.0,278.0,404.0,-5.0,642.0,-5.0,886.0,-5.0,1142.0,-3.0,-3.0,1524.0,-3.0,281.0,-5.0,889.0,-5.0,1145.0,-3.0,1528.0,-4.0,-4.0,305.0,436.0,-5.0,661.0,-5.0,910.0,-5.0,1162.0,-3.0,-3.0,1534.0,-3.0,-4.0,-4.0,317.0,447.0,-5.0,679.0,-5.0,920.0,-5.0,1179.0,-3.0,-3.0,1569.0,-3.0,-4.0,-4.0,318.0,448.0,-5.0,682.0,-5.0,927.0,-5.0,1184.0,-3.0,-3.0,1575.0,-3.0,-4.0,-4.0,235.0,365.0,-5.0,591.0,-5.0,807.0,-5.0,1080.0,-3.0,-3.0,1440.0,-3.0,-4.0,-4.0,259.0,386.0,-5.0,617.0,-5.0,857.0,-5.0,1109.0,-3.0,-3.0,1492.0,-3.0,-4.0,-4.0,261.0,389.0,-5.0,623.0,-5.0,870.0,-5.0,1121.0,-3.0,-3.0,1503.0,-3.0
1879.0,-4.0,-4.0,268.0,398.0,-5.0,632.0,750.0,881.0,1000.0,1126.0,1266.0,1391.0,1511.0,-3.0,-4.0,-4.0,278.0,404.0,-5.0,640.0,760.0,887.0,1013.0,1141.0,1274.0,1399.0,1524.0,-3.0,281.0,764.0,890.0,1017.0,1145.0,1277.0,1528.0,-4.0,-4.0,305.0,434.0,-5.0,661.0,777.0,893.0,1032.0,1161.0,1296.0,1404.0,1538.0,-3.0,-4.0,-4.0,317.0,447.0,-5.0,679.0,798.0,920.0,1052.0,1179.0,1313.0,1426.0,1569.0,-3.0,-4.0,-4.0,318.0,448.0,-5.0,682.0,804.0,927.0,1061.0,1184.0,1319.0,1432.0,1575.0,-3.0,-4.0,-4.0,235.0,362.0,-5.0,592.0,712.0,837.0,947.0,1066.0,1208.0,1332.0,1441.0,-3.0,-4.0,-4.0,259.0,386.0,-5.0,617.0,739.0,865.0,983.0,1109.0,1241.0,1373.0,1492.0,-3.0,-4.0,-4.0,261.0,389.0,-5.0,623.0,745.0,870.0,993.0,1121.0,1254.0,1383.0,1503.0,-3.0
1880.0,-4.0,-4.0,0.0,398.0,520.0,636.0,756.0,877.0,1005.0,1131.0,1266.0,1391.0,1509.0,-3.0,-4.0,-4.0,0.0,404.0,528.0,642.0,760.0,886.0,1014.0,1142.0,1274.0,1399.0,1524.0,-3.0,0.0,764.0,889.0,1017.0,1145.0,1277.0,1528.0,-4.0,-4.0,307.0,433.0,553.0,663.0,787.0,909.0,1033.0,1162.0,1281.0,1404.0,1534.0,-3.0,-4.0,-4.0,317.0,447.0,564.0,679.0,798.0,920.0,1052.0,1179.0,1313.0,1426.0,1569.0,-3.0,-4.0,-4.0,318.0,448.0,565.0,682.0,804.0,927.0,1061.0,1184.0,1319.0,1432.0,1575.0,-3.0,-4.0,-4.0,238.0,361.0,491.0,591.0,713.0,836.0,948.0,1080.0,1190.0,1326.0,1440.0,-3.0,-4.0,-4.0,259.0,386.0,504.0,617.0,739.0,865.0,983.0,1109.0,1241.0,1373.0,1492.0,-3.0,-4.0,-4.0,261.0,389.0,512.0,623.0,745.0,870.0,993.0,1121.0,1254.0,1383.0,1503.0,-3.0
1881.0,-4.0,-4.0,0.0,399.0,520.0,0.0,756.0,875.0,0.0,1131.0,-3.0,1391.0,-3.0,1646.0,-4.0,-4.0,0.0,403.0,528.0,0.0,760.0,885.0,0.0,1142.0,-3.0,1399.0,-3.0,1655.0,0.0,764.0,889.0,0.0,1145.0,-3.0,-3.0,-4.0,-4.0,305.0,436.0,552.0,661.0,777.0,908.0,1031.0,1162.0,-3.0,1404.0,-3.0,1662.0,-4.0,-4.0,317.0,447.0,564.0,679.0,798.0,920.0,1052.0,1179.0,-3.0,1426.0,-3.0,1691.0,-4.0,-4.0,318.0,448.0,565.0,682.0,804.0,927.0,1061.0,1184.0,-3.0,1432.0,-3.0,1696.0,-4.0,-4.0,235.0,364.0,491.0,591.0,714.0,834.0,948.0,1080.0,-3.0,1326.0,-3.0,1584.0,-4.0,-4.0,259.0,386.0,504.0,617.0,739.0,865.0,983.0,1109.0,-3.0,1373.0,-3.0,1628.0,-4.0,-4.0,261.0,389.0,512.0,623.0,745.0,870.0,993.0,1121.0,-3.0,1383.0,-3.0,1637.0
1882.0,-4.0,-4.0,268.0,398.0,520.0,637.0,753.0,881.0,1000.0,1128.0,1266.0,1391.0,1511.0,1645.0,-4.0,-4.0,278.0,404.0,528.0,642.0,761.0,887.0,1013.0,1142.0,1274.0,1399.0,1524.0,1655.0,281.0,765.0,890.0,1017.0,1145.0,1277.0,1528.0,-4.0,-4.0,306.0,434.0,555.0,661.0,777.0,910.0,1032.0,1149.0,1295.0,1404.0,1534.0,1662.0,-4.0,-4.0,317.0,447.0,564.0,679.0,798.0,920.0,1052.0,1179.0,1313.0,1426.0,1569.0,1691.0,-4.0,-4.0,318.0,448.0,565.0,682.0,804.0,927.0,1061.0,1184.0,1319.0,1432.0,1575.0,1696.0,-4.0,-4.0,239.0,364.0,492.0,594.0,713.0,834.0,950.0,1081.0,1207.0,1328.0,1440.0,1583.0,-4.0,-4.0,259.0,386.0,504.0,617.0,739.0,865.0,983.0,1109.0,1241.0,1373.0,1492.0,1628.0,-4.0,-4.0,261.0,389.0,512.0,623.0,745.0,870.0,993.0,1121.0,1254.0,1383.0,1503.0,1637.0
1883.0,-4.0,-4.0,0.0,399.0,0.0,-5.0,-5.0,875.0,-3.0,1128.0,1261.0,1390.0,-4.0,-4.0,-4.0,-4.0,0.0,403.0,0.0,-5.0,-5.0,885.0,-3.0,1142.0,1274.0,1400.0,-4.0,-4.0,0.0,-5.0,889.0,-3.0,1145.0,1277.0,-4.0,-4.0,-4.0,291.0,416.0,537.0,-5.0,-5.0,899.0,-3.0,1157.0,1289.0,1406.0,-4.0,-4.0,-4.0,-4.0,313.0,442.0,560.0,-5.0,-5.0,922.0,-3.0,1180.0,1314.0,1426.0,-4.0,-4.0,-4.0,-4.0,318.0,448.0,565.0,-5.0,-5.0,927.0,-3.0,1184.0,1319.0,1432.0,-4.0,-4.0,-4.0,-4.0,209.0,366.0,494.0,-5.0,-5.0,839.0,-3.0,1084.0,1212.0,1323.0,-4.0,-4.0,-4.0,-4.0,252.0,380.0,502.0,-5.0,-5.0,860.0,-3.0,1110.0,1242.0,1372.0,-4.0,-4.0,-4.0,-4.0,261.0,389.0,512.0,-5.0,-5.0,870.0,-3.0,1121.0,1254.0,1383.0,-4.0,-4.0
1884.0,-4.0,-4.0,268.0,402.0,522.0,632.0,750.0,879.0,1004.0,1133.0,0.0,1393.0,0.0,1647.0,-4.0,-4.0,278.0,404.0,528.0,640.0,760.0,887.0,1015.0,1144.0,0.0,1400.0,0.0,1656.0,281.0,764.0,890.0,1018.0,1146.0,0.0,0.0,-4.0,-4.0,291.0,413.0,557.0,666.0,778.0,903.0,1034.0,1165.0,1299.0,1407.0,1539.0,1667.0,-4.0,-4.0,313.0,442.0,560.0,677.0,798.0,922.0,1056.0,1181.0,1316.0,1427.0,1570.0,1692.0,-4.0,-4.0,318.0,448.0,565.0,682.0,804.0,927.0,1062.0,1185.0,1320.0,1433.0,1576.0,1697.0,-4.0,-4.0,209.0,367.0,495.0,596.0,717.0,840.0,951.0,1085.0,1213.0,1333.0,1443.0,1590.0,-4.0,-4.0,252.0,380.0,503.0,614.0,735.0,861.0,982.0,1116.0,1248.0,1375.0,1494.0,1630.0,-4.0,-4.0,261.0,389.0,512.0,623.0,745.0,870.0,994.0,1122.0,1255.0,1384.0,1504.0,1638.0
1885.0,-4.0,-4.0,268.0,398.0,520.0,638.0,-5.0,880.0,1004.0,1133.0,1268.0,-4.0,-4.0,-4.0,-4.0,-4.0,278.0,404.0,528.0,642.0,-5.0,888.0,1015.0,1144.0,1276.0,-4.0,-4.0,-4.0,281.0,-5.0,890.0,1018.0,1146.0,1278.0,-4.0,-4.0,-4.0,306.0,413.0,536.0,662.0,-5.0,899.0,1029.0,1165.0,1299.0,-4.0,-4.0,-4.0,-4.0,-4.0,317.0,442.0,560.0,677.0,-5.0,922.0,1056.0,1181.0,1316.0,-4.0,-4.0,-4.0,-4.0,-4.0,318.0,448.0,565.0,682.0,-5.0,927.0,1062.0,1185.0,1320.0,-4.0,-4.0,-4.0,-4.0,-4.0,242.0,365.0,493.0,579.0,-5.0,839.0,951.0,1086.0,1214.0,-4.0,-4.0,-4.0,-4.0,-4.0,252.0,386.0,502.0,612.0,-5.0,860.0,982.0,1116.0,1248.0,-4.0,-4.0,-4.0,-4.0,-4.0,261.0,389.0,512.0,623.0,-5.0,870.0,994.0,1122.0,1255.0,-4.0,-4.0,-4.0
1886.0,-4.0,-4.0,268.0,398.0,0.0,636.0,753.0,877.0,0.0,1128.0,0.0,0.0,1511.0,1643.0,-4.0,-4.0,278.0,404.0,0.0,642.0,761.0,886.0,0.0,1142.0,0.0,0.0,1524.0,1655.0,281.0,765.0,889.0,0.0,1145.0,0.0,1528.0,-4.0,-4.0,307.0,413.0,556.0,666.0,779.0,908.0,1031.0,1162.0,0.0,0.0,1533.0,1661.0,-4.0,-4.0,317.0,442.0,564.0,677.0,798.0,920.0,1052.0,1179.0,0.0,0.0,1568.0,1690.0,-4.0,-4.0,318.0,448.0,565.0,682.0,804.0,927.0,1061.0,1184.0,0.0,0.0,1575.0,1696.0,-4.0,-4.0,243.0,368.0,467.0,595.0,718.0,811.0,940.0,1084.0,1215.0,1325.0,1444.0,1582.0,-4.0,-4.0,259.0,380.0,504.0,617.0,735.0,857.0,979.0,1110.0,1244.0,1372.0,1490.0,1627.0,-4.0,-4.0,261.0,389.0,512.0,623.0,745.0,870.0,993.0,1121.0,1254.0,1383.0,1503.0,1637.0
1887.0,-4.0,-4.0,275.0,395.0,518.0,632.0,750.0,879.0,1001.0,1128.0,1261.0,1390.0,1510.0,-3.0,-4.0,-4.0,277.0,404.0,527.0,640.0,760.0,887.0,1013.0,1142.0,1274.0,1400.0,1524.0,-3.0,281.0,764.0,890.0,1017.0,1145.0,1277.0,1528.0,-4.0,-4.0,308.0,437.0,536.0,653.0,788.0,901.0,1025.0,1156.0,1300.0,1408.0,1530.0,-3.0,-4.0,-4.0,313.0,442.0,560.0,677.0,798.0,922.0,1054.0,1180.0,1314.0,1427.0,1567.0,-3.0,-4.0,-4.0,318.0,448.0,565.0,682.0,804.0,927.0,1061.0,1184.0,1319.0,1433.0,1575.0,-3.0,-4.0,-4.0,208.0,369.0,493.0,579.0,700.0,841.0,943.0,1075.0,1204.0,1324.0,1438.0,-3.0,-4.0,-4.0,251.0,387.0,502.0,612.0,735.0,861.0,981.0,1112.0,1244.0,1371.0,1491.0,-3.0,-4.0,-4.0,261.0,389.0,512.0,623.0,745.0,870.0,993.0,1121.0,1254.0,1383.0,1503.0,-3.0
1888.0,-4.0,-4.0,0.0,398.0,520.0,638.0,757.0,880.0,1004.0,1133.0,1269.0,1393.0,1515.0,-4.0,-4.0,-4.0,0.0,404.0,528.0,642.0,763.0,888.0,1015.0,1144.0,1276.0,1400.0,1526.0,-4.0,0.0,764.0,890.0,1018.0,1146.0,1278.0,1529.0,-4.0,-4.0,290.0,413.0,537.0,662.0,779.0,899.0,1029.0,1164.0,1298.0,1405.0,1540.0,-4.0,-4.0,-4.0,313.0,442.0,560.0,677.0,798.0,922.0,1056.0,1181.0,1316.0,1427.0,1570.0,-4.0,-4.0,-4.0,318.0,448.0,565.0,682.0,804.0,927.0,1062.0,1185.0,1320.0,1433.0,1576.0,-4.0,-4.0,-4.0,242.0,368.0,493.0,582.0,716.0,839.0,952.0,1083.0,1216.0,1330.0,1445.0,-4.0,-4.0,-4.0,252.0,380.0,502.0,614.0,735.0,860.0,984.0,1115.0,1247.0,1374.0,1495.0,-4.0,-4.0,-4.0,261.0,389.0,512.0,623.0,745.0,870.0,994.0,1122.0,1255.0,1384.0,1504.0,-4.0
1889.0,-4.0,-4.0,275.0,402.0,522.0,632.0,750.0,879.0,1002.0,1134.0,1263.0,-3.0,1516.0,1648.0,-4.0,-4.0,277.0,404.0,528.0,640.0,760.0,887.0,1014.0,1142.0,1274.0,-3.0,1524.0,1655.0,281.0,764.0,890.0,1017.0,1145.0,1277.0,1528.0,-4.0,-4.0,308.0,437.0,557.0,666.0,778.0,903.0,1025.0,1153.0,1286.0,-3.0,1533.0,1661.0,-4.0,-4.0,313.0,442.0,560.0,677.0,798.0,922.0,1054.0,1180.0,1314.0,-3.0,1568.0,1690.0,-4.0,-4.0,318.0,448.0,565.0,682.0,804.0,927.0,1061.0,1184.0,1319.0,-3.0,1575.0,1696.0,-4.0,-4.0,244.0,369.0,495.0,596.0,717.0,840.0,933.0,1087.0,1217.0,-3.0,1444.0,1582.0,-4.0,-4.0,252.0,387.0,503.0,614.0,735.0,861.0,979.0,1112.0,1244.0,-3.0,1490.0,1627.0,-4.0,-4.0,261.0,389.0,512.0,623.0,745.0,870.0,993.0,1121.0,1254.0,-3.0,1503.0,1637.0
1890.0,-4.0,-4.0,275.0,395.0,520.0,629.0,753.0,875.0,1004.0,1135.0,1270.0,1394.0,1515.0,1647.0,-4.0,-4.0,277.0,404.0,528.0,641.0,761.0,885.0,1015.0,1144.0,1276.0,1401.0,1526.0,1656.0,281.0,765.0,889.0,1018.0,1146.0,1278.0,1529.0,-4.0,-4.0,291.0,413.0,536.0,662.0,779.0,899.0,1035.0,1166.0,1301.0,1409.0,1540.0,1668.0,-4.0,-4.0,313.0,442.0,560.0,677.0,798.0,922.0,1056.0,1181.0,1316.0,1427.0,1570.0,1692.0,-4.0,-4.0,318.0,448.0,565.0,682.0,804.0,927.0,1062.0,1185.0,1320.0,1433.0,1576.0,1697.0,-4.0,-4.0,245.0,367.0,494.0,582.0,717.0,839.0,953.0,1088.0,1218.0,1334.0,1445.0,1591.0,-4.0,-4.0,252.0,380.0,502.0,614.0,735.0,860.0,985.0,1116.0,1249.0,1375.0,1495.0,1630.0,-4.0,-4.0,261.0,389.0,512.0,623.0,745.0,870.0,994.0,1122.0,1255.0,1384.0,1504.0,1638.0
1891.0,-4.0,-4.0,0.0,395.0,520.0,-4.0,-4.0,-4.0,-4.0,-4.0,-4.0,-4.0,-4.0,-4.0,-4.0,-4.0,0.0,404.0,528.0,-4.0,-4.0,-4.0,-4.0,-4.0,-4.0,-4.0,-4.0,-4.0,0.0,-4.0,-4.0,-4.0,-4.0,-4.0,-4.0,-4.0,-4.0,291.0,413.0,537.0,-4.0,-4.0,-4.0,-4.0,-4.0,-4.0,-4.0,-4.0,-4.0,-4.0,-4.0,313.0,442.0,560.0,-4.0,-4.0,-4.0,-4.0,-4.0,-4.0,-4.0,-4.0,-4.0,-4.0,-4.0,318.0,448.0,565.0,-4.0,-4.0,-4.0,-4.0,-4.0,-4.0,-4.0,-4.0,-4.0,-4.0,-4.0,209.0,367.0,457.0,-4.0,-4.0,-4.0,-4.0,-4.0,-4.0,-4.0,-4.0,-4.0,-4.0,-4.0,252.0,380.0,502.0,-4.0,-4.0,-4.0,-4.0,-4.0,-4.0,-4.0,-4.0,-4.0,-4.0,-4.0,261.0,389.0,512.0,-4.0,-4.0,-4.0,-4.0,-4.0,-4.0,-4.0,-4.0,-4.0
1892.0,-4.0,-4.0,0.0,0.0,522.0,629.0,757.0,0.0,1001.0,1128.0,0.0,0.0,0.0,1643.0,-4.0,-4.0,0.0,0.0,528.0,641.0,763.0,0.0,1013.0,1142.0,0.0,0.0,0.0,1655.0,0.0,764.0,0.0,1017.0,1145.0,0.0,0.0,-4.0,-4.0,291.0,413.0,557.0,666.0,778.0,903.0,1028.0,1157.0,0.0,0.0,1531.0,1658.0,-4.0,-4.0,313.0,442.0,560.0,677.0,798.0,922.0,1054.0,1180.0,0.0,0.0,1568.0,1690.0,-4.0,-4.0,318.0,448.0,565.0,682.0,804.0,927.0,1061.0,1184.0,0.0,0.0,1575.0,1696.0,-4.0,-4.0,209.0,366.0,494.0,596.0,717.0,840.0,943.0,1084.0,1215.0,1322.0,1435.0,1578.0,-4.0,-4.0,252.0,380.0,502.0,614.0,735.0,861.0,981.0,1110.0,1244.0,1372.0,1490.0,1626.0,-4.0,-4.0,261.0,389.0,512.0,623.0,745.0,870.0,993.0,1121.0,1254.0,1383.0,1503.0,1637.0
1893.0,-4.0,-4.0,275.0,395.0,522.0,632.0,753.0,875.0,1000.0,1128.0,1268.0,1393.0,1515.0,1647.0,-4.0,-4.0,277.0,404.0,528.0,640.0,761.0,885.0,1013.0,1142.0,1276.0,1400.0,1526.0,1656.0,281.0,765.0,889.0,1017.0,1145.0,1278.0,1529.0,-4.0,-4.0,308.0,413.0,557.0,662.0,777.0,899.0,1035.0,1167.0,1302.0,1410.0,1540.0,1669.0,-4.0,-4.0,313.0,442.0,560.0,677.0,798.0,922.0,1056.0,1181.0,1316.0,1427.0,1570.0,1692.0,-4.0,-4.0,318.0,448.0,565.0,682.0,804.0,927.0,1062.0,1185.0,1320.0,1433.0,1576.0,1697.0,-4.0,-4.0,245.0,366.0,494.0,597.0,699.0,816.0,951.0,1086.0,1219.0,1335.0,1446.0,1592.0,-4.0,-4.0,252.0,380.0,502.0,614.0,735.0,860.0,982.0,1116.0,1250.0,1374.0,1494.0,1630.0,-4.0,-4.0,261.0,389.0,512.0,623.0,745.0,870.0,994.0,1122.0,1256.0,1384.0,1504.0,1638.0
1894.0,-4.0,-4.0,275.0,402.0,522.0,-5.0,750.0,879.0,1002.0,1128.0,1261.0,1390.0,1509.0,-3.0,-4.0,-4.0,277.0,404.0,528.0,-5.0,760.0,887.0,1014.0,1142.0,1274.0,1400.0,1524.0,-3.0,281.0,764.0,890.0,1017.0,1145.0,1277.0,1528.0,-4.0,-4.0,309.0,437.0,558.0,-5.0,788.0,903.0,1028.0,1156.0,1284.0,1402.0,1530.0,-3.0,-4.0,-4.0,313.0,442.0,560.0,-5.0,798.0,922.0,1054.0,1180.0,1314.0,1426.0,1567.0,-3.0,-4.0,-4.0,318.0,448.0,565.0,-5.0,804.0,927.0,1061.0,1184.0,1319.0,1432.0,1575.0,-3.0,-4.0,-4.0,246.0,369.0,496.0,-5.0,719.0,842.0,946.0,1075.0,1204.0,1329.0,1438.0,-3.0,-4.0,-4.0,252.0,387.0,503.0,-5.0,735.0,861.0,979.0,1112.0,1244.0,1371.0,1491.0,-3.0,-4.0,-4.0,261.0,389.0,512.0,-5.0,745.0,870.0,993.0,1121.0,1254.0,1383.0,1503.0,-3.0
1895.0,-4.0,-4.0,275.0,395.0,518.0,0.0,753.0,-3.0,-4.0,-4.0,-4.0,-4.0,-4.0,-4.0,-4.0,-4.0,277.0,404.0,527.0,0.0,761.0,-3.0,-4.0,-4.0,-4.0,-4.0,-4.0,-4.0,281.0,765.0,-3.0,-4.0,-4.0,-4.0,-4.0,-4.0,-4.0,290.0,413.0,536.0,649.0,779.0,-3.0,-4.0,-4.0,-4.0,-4.0,-4.0,-4.0,-4.0,-4.0,313.0,442.0,560.0,676.0,798.0,-3.0,-4.0,-4.0,-4.0,-4.0,-4.0,-4.0,-4.0,-4.0,318.0,448.0,565.0,681.0,804.0,-3.0,-4.0,-4.0,-4.0,-4.0,-4.0,-4.0,-4.0,-4.0,205.0,336.0,493.0,579.0,694.0,-3.0,-4.0,-4.0,-4.0,-4.0,-4.0,-4.0,-4.0,-4.0,251.0,380.0,502.0,612.0,733.0,-3.0,-4.0,-4.0,-4.0,-4.0,-4.0,-4.0,-4.0,-4.0,261.0,389.0,512.0,623.0,745.0,-3.0,-4.0,-4.0,-4.0,-4.0,-4.0,-4.0
1896.0,-4.0,-4.0,275.0,395.0,520.0,629.0,753.0,875.0,1004.0,-3.0,1261.0,1390.0,-3.0,-3.0,-4.0,-4.0,277.0,404.0,528.0,641.0,761.0,885.0,1015.0,-3.0,1274.0,1400.0,-3.0,-3.0,281.0,765.0,889.0,1018.0,-3.0,1277.0,-3.0,-4.0,-4.0,291.0,413.0,536.0,662.0,779.0,899.0,1036.0,-3.0,1289.0,1406.0,-3.0,-3.0,-4.0,-4.0,313.0,442.0,560.0,677.0,798.0,922.0,1054.0,-3.0,1314.0,1426.0,-3.0,-3.0,-4.0,-4.0,318.0,448.0,565.0,682.0,804.0,927.0,1061.0,-3.0,1319.0,1432.0,-3.0,-3.0,-4.0,-4.0,209.0,367.0,493.0,597.0,717.0,839.0,954.0,-3.0,1197.0,1336.0,-3.0,-3.0,-4.0,-4.0,252.0,380.0,502.0,614.0,735.0,860.0,979.0,-3.0,1242.0,1372.0,-3.0,-3.0,-4.0,-4.0,261.0,389.0,512.0,623.0,745.0,870.0,993.0,-3.0,1254.0,1383.0,-3.0,-3.0
1897.0,-4.0,-4.0,-3.0,-3.0,520.0,-3.0,-3.0,-3.0,0.0,0.0,0.0,1392.0,-5.0,0.0,-4.0,-4.0,-3.0,-3.0,528.0,-3.0,-3.0,-3.0,0.0,0.0,0.0,1399.0,-5.0,0.0,-3.0,-3.0,-3.0,0.0,0.0,0.0,-5.0,-4.0,-4.0,-3.0,-3.0,537.0,-3.0,-3.0,-3.0,1028.0,0.0,0.0,1402.0,-5.0,0.0,-4.0,-4.0,-3.0,-3.0,560.0,-3.0,-3.0,-3.0,1054.0,0.0,0.0,1426.0,-5.0,0.0,-4.0,-4.0,-3.0,-3.0,565.0,-3.0,-3.0,-3.0,1061.0,0.0,0.0,1432.0,-5.0,0.0,-4.0,-4.0,-3.0,-3.0,494.0,-3.0,-3.0,-3.0,945.0,1075.0,1192.0,1327.0,-5.0,1578.0,-4.0,-4.0,-3.0,-3.0,502.0,-3.0,-3.0,-3.0,981.0,1112.0,1242.0,1372.0,-5.0,1626.0,-4.0,-4.0,-3.0,-3.0,512.0,-3.0,-3.0,-3.0,993.0,1121.0,1254.0,1383.0,-5.0,1637.0
1898.0,-4.0,-4.0,268.0,398.0,522.0,636.0,750.0,879.0,1000.0,1126.0,1263.0,1389.0,1516.0,1648.0,-4.0,-4.0,278.0,404.0,528.0,642.0,760.0,887.0,1013.0,1141.0,1274.0,1399.0,1524.0,1655.0,281.0,764.0,890.0,1017.0,1145.0,1277.0,1528.0,-4.0,-4.0,307.0,414.0,556.0,665.0,778.0,902.0,1025.0,1153.0,1286.0,1403.0,1541.0,1670.0,-4.0,-4.0,317.0,442.0,564.0,679.0,798.0,922.0,1054.0,1180.0,1314.0,1426.0,1568.0,1690.0,-4.0,-4.0,318.0,448.0,565.0,682.0,804.0,927.0,1061.0,1184.0,1319.0,1432.0,1575.0,1696.0,-4.0,-4.0,243.0,368.0,467.0,595.0,716.0,842.0,946.0,1087.0,1194.0,1337.0,1447.0,1593.0,-4.0,-4.0,259.0,380.0,504.0,617.0,735.0,861.0,979.0,1112.0,1244.0,1372.0,1490.0,1627.0,-4.0,-4.0,261.0,389.0,512.0,623.0,745.0,870.0,993.0,1121.0,1254.0,1383.0,1503.0,1637.0
1899.0,-4.0,-4.0,275.0,395.0,522.0,632.0,750.0,879.0,1002.0,1128.0,1261.0,1391.0,-3.0,1643.0,-4.0,-4.0,277.0,404.0,528.0,640.0,760.0,887.0,1014.0,1142.0,1274.0,1399.0,-3.0,1655.0,281.0,764.0,890.0,1017.0,1145.0,1277.0,-3.0,-4.0,-4.0,309.0,437.0,557.0,653.0,788.0,903.0,1025.0,1157.0,1289.0,1402.0,-3.0,1660.0,-4.0,-4.0,313.0,442.0,560.0,677.0,798.0,922.0,1054.0,1180.0,1314.0,1426.0,-3.0,1690.0,-4.0,-4.0,318.0,448.0,565.0,682.0,804.0,927.0,1061.0,1184.0,1319.0,1432.0,-3.0,1696.0,-4.0,-4.0,246.0,369.0,494.0,582.0,719.0,842.0,955.0,1075.0,1197.0,1324.0,-3.0,1581.0,-4.0,-4.0,252.0,387.0,502.0,614.0,735.0,861.0,979.0,1112.0,1242.0,1371.0,-3.0,1626.0,-4.0,-4.0,261.0,389.0,512.0,623.0,745.0,870.0,993.0,1121.0,1254.0,1383.0,-3.0,1637.0
1900.0,-4.0,-4.0,275.0,398.0,522.0,632.0,750.0,879.0,1002.0,1134.0,1263.0,1389.0,1516.0,-5.0,-4.0,-4.0,277.0,404.0,528.0,640.0,760.0,887.0,1014.0,1142.0,1274.0,1399.0,1524.0,-5.0,281.0,764.0,890.0,1017.0,1145.0,1277.0,1528.0,-4.0,-4.0,309.0,416.0,537.0,667.0,788.0,903.0,1025.0,1153.0,1286.0,1403.0,1541.0,-5.0,-4.0,-4.0,313.0,442.0,560.0,677.0,798.0,922.0,1054.0,1180.0,1314.0,1426.0,1568.0,-5.0,-4.0,-4.0,318.0,448.0,565.0,682.0,804.0,927.0,1061.0,1184.0,1319.0,1432.0,1575.0,-5.0,-4.0,-4.0,247.0,369.0,494.0,582.0,719.0,842.0,955.0,1087.0,1194.0,1337.0,1447.0,-5.0,-4.0,-4.0,252.0,387.0,502.0,614.0,735.0,861.0,979.0,1112.0,1244.0,1372.0,1490.0,-5.0,-4.0,-4.0,261.0,389.0,512.0,623.0,745.0,870.0,993.0,1121.0,1254.0,1383.0,1503.0,-5.0
1901.0,-4.0,-4.0,275.0,398.0,522.0,632.0,750.0,879.0,1002.0,1134.0,1263.0,1389.0,1516.0,1648.0,-4.0,-4.0,277.0,404.0,528.0,640.0,760.0,887.0,1014.0,1142.0,1274.0,1399.0,1524.0,1655.0,281.0,764.0,890.0,1017.0,1145.0,1277.0,1528.0,-4.0,-4.0,309.0,437.0,557.0,653.0,788.0,903.0,1025.0,1153.0,1286.0,1403.0,1541.0,1670.0,-4.0,-4.0,313.0,442.0,560.0,677.0,798.0,922.0,1054.0,1180.0,1314.0,1426.0,1568.0,1690.0,-4.0,-4.0,318.0,448.0,565.0,682.0,804.0,927.0,1061.0,1184.0,1319.0,1432.0,1575.0,1696.0,-4.0,-4.0,246.0,369.0,494.0,582.0,719.0,842.0,955.0,1087.0,1194.0,1337.0,1447.0,1593.0,-4.0,-4.0,252.0,387.0,502.0,614.0,735.0,861.0,979.0,1112.0,1244.0,1372.0,1490.0,1627.0,-4.0,-4.0,261.0,389.0,512.0,623.0,745.0,870.0,993.0,1121.0,1254.0,1383.0,1503.0,1637.0
1902.0,-4.0,-4.0,268.0,395.0,520.0,632.0,750.0,879.0,-5.0,1134.0,1263.0,-3.0,1516.0,1648.0,-4.0,-4.0,278.0,404.0,528.0,640.0,760.0,887.0,-5.0,1142.0,1274.0,-3.0,1524.0,1655.0,281.0,764.0,890.0,-5.0,1145.0,1277.0,1528.0,-4.0,-4.0,291.0,413.0,537.0,666.0,778.0,903.0,-5.0,1153.0,1286.0,-3.0,1531.0,1666.0,-4.0,-4.0,313.0,442.0,560.0,677.0,798.0,922.0,-5.0,1180.0,1314.0,-3.0,1568.0,1690.0,-4.0,-4.0,318.0,448.0,565.0,682.0,804.0,927.0,-5.0,1184.0,1319.0,-3.0,1575.0,1696.0,-4.0,-4.0,209.0,367.0,494.0,596.0,717.0,822.0,-5.0,1087.0,1217.0,-3.0,1448.0,1593.0,-4.0,-4.0,252.0,380.0,502.0,614.0,735.0,861.0,-5.0,1112.0,1244.0,-3.0,1490.0,1627.0,-4.0,-4.0,261.0,389.0,512.0,623.0,745.0,870.0,-5.0,1121.0,1254.0,-3.0,1503.0,1637.0
1903.0,-4.0,-4.0,267.0,398.0,520.0,638.0,757.0,-3.0,1004.0,1133.0,1268.0,-4.0,-4.0,-4.0,-4.0,-4.0,278.0,404.0,528.0,642.0,763.0,-3.0,1015.0,1144.0,1276.0,-4.0,-4.0,-4.0,281.0,764.0,-3.0,1018.0,1146.0,1278.0,-4.0,-4.0,-4.0,290.0,413.0,536.0,668.0,789.0,-3.0,1035.0,1165.0,1299.0,-4.0,-4.0,-4.0,-4.0,-4.0,313.0,442.0,560.0,680.0,802.0,-3.0,1056.0,1181.0,1316.0,-4.0,-4.0,-4.0,-4.0,-4.0,318.0,448.0,565.0,682.0,804.0,-3.0,1062.0,1185.0,1320.0,-4.0,-4.0,-4.0,-4.0,-4.0,242.0,366.0,493.0,598.0,720.0,-3.0,956.0,1086.0,1214.0,-4.0,-4.0,-4.0,-4.0,-4.0,252.0,380.0,502.0,618.0,740.0,-3.0,986.0,1116.0,1248.0,-4.0,-4.0,-4.0,-4.0,-4.0,261.0,389.0,512.0,625.0,747.0,-3.0,994.0,1122.0,1255.0,-4.0,-4.0,-4.0
1904.0,-4.0,-4.0,275.0,0.0,-5.0,632.0,-5.0,879.0,-5.0,-5.0,-5.0,-5.0,-5.0,-5.0,-4.0,-4.0,277.0,0.0,-5.0,640.0,-5.0,887.0,-5.0,-5.0,-5.0,-5.0,-5.0,-5.0,281.0,-5.0,890.0,-5.0,-5.0,-5.0,-5.0,-4.0,-4.0,309.0,437.0,-5.0,667.0,-5.0,903.0,-5.0,-5.0,-5.0,-5.0,-5.0,-5.0,-4.0,-4.0,313.0,442.0,-5.0,677.0,-5.0,922.0,-5.0,-5.0,-5.0,-5.0,-5.0,-5.0,-4.0,-4.0,318.0,448.0,-5.0,682.0,-5.0,927.0,-5.0,-5.0,-5.0,-5.0,-5.0,-5.0,-4.0,-4.0,244.0,369.0,-5.0,596.0,-5.0,822.0,-5.0,-5.0,-5.0,-5.0,-5.0,-5.0,-4.0,-4.0,252.0,387.0,-5.0,614.0,-5.0,861.0,-5.0,-5.0,-5.0,-5.0,-5.0,-5.0,-4.0,-4.0,261.0,389.0,-5.0,623.0,-5.0,870.0,-5.0,-5.0,-5.0,-5.0,-5.0,-5.0
1905.0,-4.0,-4.0,270.0,395.0,0.0,632.0,750.0,879.0,1004.0,1128.0,0.0,-3.0,-3.0,0.0,-4.0,-4.0,277.0,404.0,0.0,640.0,760.0,887.0,1015.0,1142.0,0.0,-3.0,-3.0,0.0,281.0,764.0,890.0,1018.0,1145.0,0.0,-3.0,-4.0,-4.0,290.0,414.0,536.0,667.0,776.0,903.0,1028.0,1159.0,0.0,-3.0,-3.0,1671.0,-4.0,-4.0,313.0,442.0,560.0,677.0,798.0,922.0,1054.0,1180.0,0.0,-3.0,-3.0,1692.0,-4.0,-4.0,318.0,448.0,565.0,682.0,804.0,927.0,1061.0,1184.0,0.0,-3.0,-3.0,1697.0,-4.0,-4.0,242.0,366.0,463.0,579.0,719.0,822.0,933.0,1070.0,1214.0,-3.0,-3.0,1592.0,-4.0,-4.0,252.0,380.0,502.0,612.0,735.0,861.0,979.0,1112.0,1248.0,-3.0,-3.0,1630.0,-4.0,-4.0,261.0,389.0,512.0,623.0,745.0,870.0,993.0,1121.0,1255.0,-3.0,-3.0,1638.0
1906.0,-4.0,-4.0,275.0,402.0,522.0,-4.0,-4.0,-4.0,-4.0,-4.0,-4.0,-4.0,-4.0,-4.0,-4.0,-4.0,277.0,404.0,528.0,-4.0,-4.0,-4.0,-4.0,-4.0,-4.0,-4.0,-4.0,-4.0,281.0,-4.0,-4.0,-4.0,-4.0,-4.0,-4.0,-4.0,-4.0,309.0,437.0,558.0,-4.0,-4.0,-4.0,-4.0,-4.0,-4.0,-4.0,-4.0,-4.0,-4.0,-4.0,313.0,442.0,560.0,-4.0,-4.0,-4.0,-4.0,-4.0,-4.0,-4.0,-4.0,-4.0,-4.0,-4.0,318.0,448.0,565.0,-4.0,-4.0,-4.0,-4.0,-4.0,-4.0,-4.0,-4.0,-4.0,-4.0,-4.0,246.0,369.0,496.0,-4.0,-4.0,-4.0,-4.0,-4.0,-4.0,-4.0,-4.0,-4.0,-4.0,-4.0,252.0,387.0,503.0,-4.0,-4.0,-4.0,-4.0,-4.0,-4.0,-4.0,-4.0,-4.0,-4.0,-4.0,261.0,389.0,512.0,-4.0,-4.0,-4.0,-4.0,-4.0,-4.0,-4.0,-4.0,-4.0
1907.0,-4.0,-4.0,0.0,399.0,0.0,0.0,0.0,875.0,1007.0,1135.0,1270.0,1393.0,1512.0,0.0,-4.0,-4.0,0.0,403.0,0.0,0.0,0.0,885.0,1015.0,1144.0,1276.0,1400.0,1525.0,0.0,0.0,0.0,889.0,1018.0,1146.0,1278.0,1529.0,-4.0,-4.0,291.0,413.0,0.0,662.0,0.0,899.0,1037.0,1168.0,1303.0,1409.0,1542.0,1669.0,-4.0,-4.0,313.0,442.0,0.0,677.0,0.0,922.0,1057.0,1181.0,1316.0,1427.0,1570.0,1692.0,-4.0,-4.0,318.0,448.0,0.0,682.0,0.0,927.0,1062.0,1185.0,1320.0,1433.0,1576.0,1697.0,-4.0,-4.0,209.0,367.0,494.0,597.0,716.0,839.0,957.0,1089.0,1211.0,1334.0,1449.0,1594.0,-4.0,-4.0,252.0,380.0,502.0,614.0,735.0,860.0,984.0,1115.0,1247.0,1375.0,1495.0,1630.0,-4.0,-4.0,261.0,389.0,512.0,623.0,745.0,870.0,994.0,1122.0,1255.0,1384.0,1504.0,1638.0
1908.0,-4.0,-4.0,268.0,395.0,520.0,632.0,750.0,879.0,1002.0,1134.0,1263.0,1389.0,-3.0,1648.0,-4.0,-4.0,278.0,404.0,528.0,640.0,760.0,887.0,1014.0,1142.0,1274.0,1399.0,-3.0,1655.0,281.0,764.0,890.0,1017.0,1145.0,1277.0,-3.0,-4.0,-4.0,291.0,413.0,537.0,666.0,778.0,903.0,1025.0,1153.0,1286.0,1403.0,-3.0,1666.0,-4.0,-4.0,313.0,442.0,560.0,677.0,798.0,922.0,1054.0,1180.0,1314.0,1426.0,-3.0,1690.0,-4.0,-4.0,318.0,448.0,565.0,682.0,804.0,927.0,1061.0,1184.0,1319.0,1432.0,-3.0,1696.0,-4.0,-4.0,209.0,367.0,494.0,596.0,717.0,840.0,933.0,1087.0,1217.0,1322.0,-3.0,1588.0,-4.0,-4.0,252.0,380.0,502.0,614.0,735.0,861.0,979.0,1112.0,1244.0,1372.0,-3.0,1626.0,-4.0,-4.0,261.0,389.0,512.0,623.0,745.0,870.0,993.0,1121.0,1254.0,1383.0,-3.0,1637.0
1909.0,-4.0,-4.0,275.0,-3.0,518.0,0.0,753.0,-3.0,1001.0,0.0,1261.0,1391.0,1511.0,1643.0,-4.0,-4.0,277.0,-3.0,527.0,0.0,761.0,-3.0,1013.0,0.0,1274.0,1399.0,1524.0,1655.0,281.0,765.0,-3.0,1017.0,0.0,1277.0,1528.0,-4.0,-4.0,291.0,-3.0,536.0,649.0,779.0,-3.0,1036.0,1157.0,1289.0,1402.0,1530.0,1660.0,-4.0,-4.0,313.0,-3.0,560.0,676.0,798.0,-3.0,1054.0,1180.0,1314.0,1426.0,1567.0,1690.0,-4.0,-4.0,318.0,-3.0,565.0,681.0,804.0,-3.0,1061.0,1184.0,1319.0,1432.0,1575.0,1696.0,-4.0,-4.0,245.0,-3.0,493.0,579.0,718.0,-3.0,943.0,1073.0,1197.0,1324.0,1437.0,1580.0,-4.0,-4.0,252.0,-3.0,502.0,612.0,735.0,-3.0,981.0,1112.0,1242.0,1371.0,1491.0,1626.0,-4.0,-4.0,261.0,-3.0,512.0,623.0,745.0,-3.0,993.0,1121.0,1254.0,1383.0,1503.0,1637.0
1910.0,-4.0,-4.0,-3.0,395.0,520.0,631.0,750.0,879.0,1002.0,1128.0,-5.0,-5.0,-5.0,0.0,-4.0,-4.0,-3.0,404.0,528.0,640.0,760.0,887.0,1014.0,1142.0,-5.0,-5.0,-5.0,0.0,-3.0,764.0,890.0,1017.0,1145.0,-5.0,-5.0,-4.0,-4.0,-3.0,428.0,558.0,650.0,776.0,903.0,1028.0,1159.0,-5.0,-5.0,-5.0,0.0,-4.0,-4.0,-3.0,442.0,560.0,677.0,798.0,922.0,1054.0,1180.0,-5.0,-5.0,-5.0,0.0,-4.0,-4.0,-3.0,448.0,565.0,682.0,804.0,927.0,1061.0,1184.0,-5.0,-5.0,-5.0,0.0,-4.0,-4.0,-3.0,370.0,496.0,574.0,697.0,840.0,933.0,1070.0,-5.0,-5.0,-5.0,1588.0,-4.0,-4.0,-3.0,387.0,503.0,612.0,733.0,861.0,979.0,1112.0,-5.0,-5.0,-5.0,1626.0,-4.0,-4.0,-3.0,389.0,512.0,623.0,745.0,870.0,993.0,1121.0,-5.0,-5.0,-5.0,1637.0
1911.0,-4.0,-4.0,-3.0,-3.0,0.0,-4.0,-4.0,-4.0,-4.0,-4.0,-4.0,-4.0,-4.0,-4.0,-4.0,-4.0,-3.0,-3.0,0.0,-4.0,-4.0,-4.0,-4.0,-4.0,-4.0,-4.0,-4.0,-4.0,-3.0,-4.0,-4.0,-4.0,-4.0,-4.0,-4.0,-4.0,-4.0,-3.0,-3.0,0.0,-4.0,-4.0,-4.0,-4.0,-4.0,-4.0,-4.0,-4.0,-4.0,-4.0,-4.0,-3.0,-3.0,0.0,-4.0,-4.0,-4.0,-4.0,-4.0,-4.0,-4.0,-4.0,-4.0,-4.0,-4.0,-3.0,-3.0,0.0,-4.0,-4.0,-4.0,-4.0,-4.0,-4.0,-4.0,-4.0,-4.0,-4.0,-4.0,-3.0,-3.0,497.0,-4.0,-4.0,-4.0,-4.0,-4.0,-4.0,-4.0,-4.0,-4.0,-4.0,-4.0,-3.0,-3.0,503.0,-4.0,-4.0,-4.0,-4.0,-4.0,-4.0,-4.0,-4.0,-4.0,-4.0,-4.0,-3.0,-3.0,512.0,-4.0,-4.0,-4.0,-4.0,-4.0,-4.0,-4.0,-4.0,-4.0
1912.0,-4.0,-4.0,275.0,402.0,522.0,632.0,750.0,879.0,1002.0,1128.0,1261.0,1390.0,1509.0,0.0,-4.0,-4.0,277.0,404.0,528.0,640.0,760.0,887.0,1014.0,1142.0,1274.0,1400.0,1524.0,0.0,281.0,764.0,890.0,1017.0,1145.0,1277.0,1528.0,-4.0,-4.0,308.0,438.0,557.0,653.0,788.0,901.0,1025.0,1157.0,1289.0,1402.0,1530.0,0.0,-4.0,-4.0,313.0,442.0,560.0,677.0,798.0,922.0,1054.0,1180.0,1314.0,1426.0,1567.0,0.0,-4.0,-4.0,318.0,448.0,565.0,682.0,804.0,927.0,1061.0,1184.0,1319.0,1432.0,1575.0,0.0,-4.0,-4.0,245.0,371.0,496.0,580.0,700.0,841.0,955.0,1075.0,1212.0,1329.0,1438.0,1581.0,-4.0,-4.0,252.0,387.0,503.0,614.0,735.0,861.0,979.0,1112.0,1242.0,1371.0,1491.0,1626.0,-4.0,-4.0,261.0,389.0,512.0,623.0,745.0,870.0,993.0,1121.0,1254.0,1383.0,1503.0,1637.0
1913.0,-4.0,-4.0,-3.0,0.0,0.0,629.0,0.0,0.0,0.0,0.0,0.0,1390.0,0.0,0.0,-4.0,-4.0,-3.0,0.0,0.0,641.0,0.0,0.0,0.0,0.0,0.0,1400.0,0.0,0.0,-3.0,0.0,0.0,0.0,0.0,0.0,0.0,-4.0,-4.0,-3.0,428.0,533.0,662.0,779.0,0.0,0.0,1157.0,1289.0,1406.0,1532.0,1660.0,-4.0,-4.0,-3.0,442.0,560.0,677.0,798.0,0.0,0.0,1180.0,1314.0,1426.0,1568.0,1690.0,-4.0,-4.0,-3.0,448.0,565.0,682.0,804.0,0.0,0.0,1184.0,1319.0,1432.0,1575.0,1696.0,-4.0,-4.0,-3.0,370.0,497.0,597.0,696.0,843.0,954.0,1084.0,1212.0,1329.0,1436.0,1581.0,-4.0,-4.0,-3.0,387.0,503.0,614.0,735.0,860.0,979.0,1110.0,1242.0,1371.0,1491.0,1626.0,-4.0,-4.0,-3.0,389.0,512.0,623.0,745.0,870.0,993.0,1121.0,1254.0,1383.0,1503.0,1637.0
1914.0,-4.0,-4.0,275.0,398.0,520.0,-4.0,-4.0,-4.0,-4.0,-4.0,-4.0,-4.0,-4.0,-4.0,-4.0,-4.0,277.0,404.0,528.0,-4.0,-4.0,-4.0,-4.0,-4.0,-4.0,-4.0,-4.0,-4.0,281.0,-4.0,-4.0,-4.0,-4.0,-4.0,-4.0,-4.0,-4.0,291.0,438.0,557.0,-4.0,-4.0,-4.0,-4.0,-4.0,-4.0,-4.0,-4.0,-4.0,-4.0,-4.0,313.0,442.0,560.0,-4.0,-4.0,-4.0,-4.0,-4.0,-4.0,-4.0,-4.0,-4.0,-4.0,-4.0,318.0,448.0,565.0,-4.0,-4.0,-4.0,-4.0,-4.0,-4.0,-4.0,-4.0,-4.0,-4.0,-4.0,245.0,370.0,497.0,-4.0,-4.0,-4.0,-4.0,-4.0,-4.0,-4.0,-4.0,-4.0,-4.0,-4.0,252.0,387.0,503.0,-4.0,-4.0,-4.0,-4.0,-4.0,-4.0,-4.0,-4.0,-4.0,-4.0,-4.0,261.0,389.0,512.0,-4.0,-4.0,-4.0,-4.0,-4.0,-4.0,-4.0,-4.0,-4.0
1915.0,-4.0,-4.0,267.0,-5.0,520.0,0.0,0.0,0.0,0.0,-3.0,1263.0,-3.0,0.0,0.0,-4.0,-4.0,278.0,-5.0,528.0,0.0,0.0,0.0,0.0,-3.0,1274.0,-3.0,0.0,0.0,281.0,0.0,0.0,0.0,-3.0,1277.0,0.0,-4.0,-4.0,291.0,-5.0,533.0,650.0,778.0,903.0,1028.0,-3.0,1286.0,-3.0,0.0,0.0,-4.0,-4.0,313.0,-5.0,560.0,677.0,798.0,922.0,1054.0,-3.0,1314.0,-3.0,0.0,0.0,-4.0,-4.0,318.0,-5.0,565.0,682.0,804.0,927.0,1061.0,-3.0,1319.0,-3.0,0.0,0.0,-4.0,-4.0,208.0,-5.0,498.0,574.0,717.0,840.0,945.0,-3.0,1194.0,-3.0,1444.0,1582.0,-4.0,-4.0,251.0,-5.0,503.0,612.0,735.0,861.0,981.0,-3.0,1244.0,-3.0,1490.0,1627.0,-4.0,-4.0,261.0,-5.0,512.0,623.0,745.0,870.0,993.0,-3.0,1254.0,-3.0,1503.0,1637.0
1916.0,-4.0,-4.0,275.0,395.0,520.0,629.0,753.0,875.0,1000.0,1128.0,1261.0,1390.0,1510.0,1644.0,-4.0,-4.0,277.0,404.0,528.0,641.0,761.0,885.0,1013.0,1142.0,1274.0,1400.0,1524.0,1655.0,281.0,765.0,889.0,1017.0,1145.0,1277.0,1528.0,-4.0,-4.0,309.0,428.0,533.0,662.0,779.0,897.0,1036.0,1157.0,1289.0,1406.0,1533.0,1659.0,-4.0,-4.0,313.0,442.0,560.0,677.0,798.0,922.0,1054.0,1180.0,1314.0,1426.0,1568.0,1690.0,-4.0,-4.0,318.0,448.0,565.0,682.0,804.0,927.0,1061.0,1184.0,1319.0,1432.0,1575.0,1696.0,-4.0,-4.0,244.0,372.0,498.0,582.0,718.0,843.0,954.0,1073.0,1212.0,1336.0,1439.0,1582.0,-4.0,-4.0,252.0,387.0,503.0,614.0,735.0,860.0,979.0,1112.0,1242.0,1372.0,1490.0,1627.0,-4.0,-4.0,261.0,389.0,512.0,623.0,745.0,870.0,993.0,1121.0,1254.0,1383.0,1503.0,1637.0
1917.0,-4.0,-4.0,-5.0,395.0,520.0,0.0,0.0,0.0,1001.0,0.0,-3.0,-4.0,-4.0,-4.0,-4.0,-4.0,-5.0,404.0,528.0,0.0,0.0,0.0,1013.0,0.0,-3.0,-4.0,-4.0,-4.0,-5.0,0.0,0.0,1017.0,0.0,-3.0,-4.0,-4.0,-4.0,-5.0,428.0,533.0,662.0,779.0,901.0,1028.0,1159.0,-3.0,-4.0,-4.0,-4.0,-4.0,-4.0,-5.0,442.0,560.0,677.0,798.0,922.0,1054.0,1180.0,-3.0,-4.0,-4.0,-4.0,-4.0,-4.0,-5.0,448.0,565.0,682.0,804.0,927.0,1061.0,1184.0,-3.0,-4.0,-4.0,-4.0,-4.0,-4.0,-5.0,370.0,497.0,596.0,694.0,840.0,936.0,1075.0,-3.0,-4.0,-4.0,-4.0,-4.0,-4.0,-5.0,387.0,503.0,614.0,733.0,861.0,981.0,1112.0,-3.0,-4.0,-4.0,-4.0,-4.0,-4.0,-5.0,389.0,512.0,623.0,745.0,870.0,993.0,1121.0,-3.0,-4.0,-4.0,-4.0
1918.0,-4.0,-4.0,0.0,402.0,522.0,632.0,750.0,879.0,1002.0,1128.0,1263.0,0.0,1516.0,1648.0,-4.0,-4.0,0.0,404.0,528.0,640.0,760.0,887.0,1014.0,1142.0,1274.0,0.0,1524.0,1655.0,0.0,764.0,890.0,1017.0,1145.0,1277.0,1528.0,-4.0,-4.0,0.0,438.0,533.0,650.0,788.0,901.0,1025.0,1153.0,1286.0,0.0,1533.0,1661.0,-4.0,-4.0,0.0,442.0,560.0,677.0,798.0,922.0,1054.0,1180.0,1314.0,0.0,1568.0,1690.0,-4.0,-4.0,0.0,448.0,565.0,682.0,804.0,927.0,1061.0,1184.0,1319.0,0.0,1575.0,1696.0,-4.0,-4.0,245.0,371.0,498.0,580.0,700.0,823.0,933.0,1070.0,1217.0,1337.0,1444.0,1593.0,-4.0,-4.0,252.0,387.0,503.0,614.0,735.0,861.0,979.0,1112.0,1244.0,1372.0,1490.0,1627.0,-4.0,-4.0,261.0,389.0,512.0,623.0,745.0,870.0,993.0,1121.0,1254.0,1383.0,1503.0,1637.0
1919.0,-4.0,-4.0,268.0,395.0,520.0,636.0,756.0,877.0,1000.0,1128.0,1261.0,1391.0,0.0,0.0,-4.0,-4.0,278.0,404.0,528.0,642.0,760.0,886.0,1013.0,1142.0,1274.0,1399.0,0.0,0.0,281.0,764.0,889.0,1017.0,1145.0,1277.0,0.0,-4.0,-4.0,291.0,428.0,552.0,666.0,779.0,897.0,1036.0,1157.0,1281.0,1403.0,1533.0,1661.0,-4.0,-4.0,313.0,442.0,564.0,677.0,798.0,922.0,1054.0,1180.0,1313.0,1426.0,1568.0,1690.0,-4.0,-4.0,318.0,448.0,565.0,682.0,804.0,927.0,1061.0,1184.0,1319.0,1432.0,1575.0,1696.0,-4.0,-4.0,209.0,370.0,498.0,596.0,718.0,843.0,954.0,1073.0,1212.0,1325.0,1444.0,1582.0,-4.0,-4.0,252.0,387.0,503.0,614.0,735.0,860.0,979.0,1112.0,1242.0,1372.0,1490.0,1627.0,-4.0,-4.0,261.0,389.0,512.0,623.0,745.0,870.0,993.0,1121.0,1254.0,1383.0,1503.0,1637.0
1920.0,-4.0,-4.0,275.0,395.0,520.0,632.0,756.0,877.0,1000.0,1128.0,0.0,0.0,0.0,1643.0,-4.0,-4.0,277.0,404.0,528.0,640.0,760.0,886.0,1013.0,1142.0,0.0,0.0,0.0,1655.0,281.0,764.0,889.0,1017.0,1145.0,0.0,0.0,-4.0,-4.0,291.0,428.0,533.0,666.0,779.0,897.0,1036.0,1157.0,1281.0,1402.0,1530.0,1660.0,-4.0,-4.0,313.0,442.0,560.0,677.0,798.0,922.0,1054.0,1180.0,1313.0,1426.0,1567.0,1690.0,-4.0,-4.0,318.0,448.0,565.0,682.0,804.0,927.0,1061.0,1184.0,1319.0,1432.0,1575.0,1696.0,-4.0,-4.0,209.0,370.0,498.0,596.0,718.0,843.0,954.0,1073.0,1212.0,1336.0,1435.0,1579.0,-4.0,-4.0,252.0,387.0,503.0,614.0,735.0,860.0,979.0,1112.0,1242.0,1372.0,1490.0,1627.0,-4.0,-4.0,261.0,389.0,512.0,623.0,745.0,870.0,993.0,1121.0,1254.0,1383.0,1503.0,1637.0
1921.0,-4.0,-4.0,-3.0,402.0,522.0,639.0,758.0,879.0,1002.0,1128.0,1268.0,1395.0,0.0,-3.0,-4.0,-4.0,-3.0,404.0,528.0,642.0,763.0,887.0,1014.0,1142.0,1276.0,1401.0,0.0,-3.0,-3.0,764.0,890.0,1017.0,1145.0,1278.0,0.0,-4.0,-4.0,-3.0,411.0,533.0,650.0,776.0,902.0,1034.0,1159.0,1302.0,1411.0,0.0,-3.0,-4.0,-4.0,-3.0,442.0,560.0,677.0,798.0,922.0,1056.0,1180.0,1316.0,1428.0,0.0,-3.0,-4.0,-4.0,-3.0,448.0,565.0,682.0,804.0,927.0,1062.0,1184.0,1320.0,1433.0,0.0,-3.0,-4.0,-4.0,-3.0,373.0,496.0,599.0,721.0,844.0,951.0,1086.0,1214.0,1338.0,1450.0,-3.0,-4.0,-4.0,-3.0,379.0,503.0,618.0,741.0,867.0,982.0,1116.0,1248.0,1376.0,1496.0,-3.0,-4.0,-4.0,-3.0,389.0,512.0,625.0,747.0,872.0,994.0,1122.0,1255.0,1385.0,1505.0,-3.0
1922.0,-4.0,-4.0,-3.0,395.0,0.0,632.0,0.0,877.0,1000.0,0.0,1261.0,0.0,1510.0,0.0,-4.0,-4.0,-3.0,404.0,0.0,640.0,0.0,886.0,1013.0,0.0,1274.0,0.0,1524.0,0.0,-3.0,0.0,889.0,1017.0,0.0,1277.0,1528.0,-4.0,-4.0,-3.0,438.0,533.0,666.0,779.0,897.0,1036.0,0.0,1281.0,1402.0,1530.0,1660.0,-4.0,-4.0,-3.0,442.0,560.0,677.0,798.0,922.0,1054.0,0.0,1313.0,1426.0,1567.0,1690.0,-4.0,-4.0,-3.0,448.0,565.0,682.0,804.0,927.0,1061.0,0.0,1319.0,1432.0,1575.0,1696.0,-4.0,-4.0,-3.0,370.0,497.0,596.0,718.0,843.0,954.0,1073.0,1212.0,1327.0,1437.0,1581.0,-4.0,-4.0,-3.0,387.0,503.0,614.0,735.0,860.0,979.0,1112.0,1242.0,1372.0,1491.0,1626.0,-4.0,-4.0,-3.0,389.0,512.0,623.0,745.0,870.0,993.0,1121.0,1254.0,1383.0,1503.0,1637.0
1923.0,-4.0,-4.0,275.0,395.0,-5.0,-4.0,-4.0,-4.0,-4.0,-4.0,-4.0,-4.0,-4.0,-4.0,-4.0,-4.0,277.0,404.0,-5.0,-4.0,-4.0,-4.0,-4.0,-4.0,-4.0,-4.0,-4.0,-4.0,281.0,-4.0,-4.0,-4.0,-4.0,-4.0,-4.0,-4.0,-4.0,291.0,428.0,-5.0,-4.0,-4.0,-4.0,-4.0,-4.0,-4.0,-4.0,-4.0,-4.0,-4.0,-4.0,313.0,442.0,-5.0,-4.0,-4.0,-4.0,-4.0,-4.0,-4.0,-4.0,-4.0,-4.0,-4.0,-4.0,318.0,448.0,-5.0,-4.0,-4.0,-4.0,-4.0,-4.0,-4.0,-4.0,-4.0,-4.0,-4.0,-4.0,205.0,373.0,-5.0,-4.0,-4.0,-4.0,-4.0,-4.0,-4.0,-4.0,-4.0,-4.0,-4.0,-4.0,251.0,379.0,-5.0,-4.0,-4.0,-4.0,-4.0,-4.0,-4.0,-4.0,-4.0,-4.0,-4.0,-4.0,261.0,389.0,-5.0,-4.0,-4.0,-4.0,-4.0,-4.0,-4.0,-4.0,-4.0,-4.0
1924.0,-4.0,-4.0,275.0,-5.0,0.0,632.0,-3.0,877.0,0.0,1128.0,-5.0,1391.0,1510.0,1643.0,-4.0,-4.0,277.0,-5.0,0.0,640.0,-3.0,886.0,0.0,1142.0,-5.0,1399.0,1524.0,1655.0,281.0,-3.0,889.0,0.0,1145.0,-5.0,1528.0,-4.0,-4.0,291.0,-5.0,0.0,666.0,-3.0,897.0,0.0,1156.0,-5.0,1403.0,1533.0,1661.0,-4.0,-4.0,313.0,-5.0,0.0,677.0,-3.0,922.0,0.0,1180.0,-5.0,1426.0,1568.0,1690.0,-4.0,-4.0,318.0,-5.0,0.0,682.0,-3.0,927.0,0.0,1184.0,-5.0,1432.0,1575.0,1696.0,-4.0,-4.0,244.0,-5.0,497.0,596.0,-3.0,823.0,945.0,1075.0,-5.0,1325.0,1439.0,1593.0,-4.0,-4.0,252.0,-5.0,503.0,614.0,-3.0,861.0,981.0,1112.0,-5.0,1372.0,1490.0,1627.0,-4.0,-4.0,261.0,-5.0,512.0,623.0,-3.0,870.0,993.0,1121.0,-5.0,1383.0,1503.0,1637.0
1925.0,-4.0,-4.0,0.0,395.0,520.0,0.0,-3.0,0.0,1001.0,0.0,1261.0,1390.0,1510.0,1643.0,-4.0,-4.0,0.0,404.0,528.0,0.0,-3.0,0.0,1013.0,0.0,1274.0,1400.0,1524.0,1655.0,0.0,-3.0,0.0,1017.0,0.0,1277.0,1528.0,-4.0,-4.0,291.0,428.0,533.0,652.0,-3.0,897.0,1028.0,1156.0,1284.0,1402.0,1530.0,1660.0,-4.0,-4.0,313.0,442.0,560.0,676.0,-3.0,922.0,1054.0,1180.0,1314.0,1426.0,1567.0,1690.0,-4.0,-4.0,318.0,448.0,565.0,681.0,-3.0,927.0,1061.0,1184.0,1319.0,1432.0,1575.0,1696.0,-4.0,-4.0,209.0,370.0,497.0,574.0,-3.0,823.0,943.0,1075.0,1192.0,1321.0,1437.0,1580.0,-4.0,-4.0,252.0,387.0,503.0,612.0,-3.0,861.0,981.0,1112.0,1242.0,1371.0,1491.0,1626.0,-4.0,-4.0,261.0,389.0,512.0,623.0,-3.0,870.0,993.0,1121.0,1254.0,1383.0,1503.0,1637.0
1926.0,-4.0,-4.0,267.0,395.0,0.0,0.0,0.0,0.0,-4.0,-4.0,-4.0,-4.0,-4.0,-4.0,-4.0,-4.0,278.0,404.0,0.0,0.0,0.0,0.0,-4.0,-4.0,-4.0,-4.0,-4.0,-4.0,281.0,0.0,0.0,-4.0,-4.0,-4.0,-4.0,-4.0,-4.0,288.0,411.0,0.0,669.0,790.0,912.0,-4.0,-4.0,-4.0,-4.0,-4.0,-4.0,-4.0,-4.0,312.0,442.0,0.0,680.0,802.0,925.0,-4.0,-4.0,-4.0,-4.0,-4.0,-4.0,-4.0,-4.0,318.0,448.0,0.0,682.0,804.0,927.0,-4.0,-4.0,-4.0,-4.0,-4.0,-4.0,-4.0,-4.0,208.0,373.0,497.0,599.0,720.0,845.0,-4.0,-4.0,-4.0,-4.0,-4.0,-4.0,-4.0,-4.0,251.0,379.0,503.0,618.0,740.0,868.0,-4.0,-4.0,-4.0,-4.0,-4.0,-4.0,-4.0,-4.0,261.0,389.0,512.0,625.0,747.0,872.0,-4.0,-4.0,-4.0,-4.0,-4.0,-4.0
1927.0,-4.0,-4.0,267.0,-5.0,520.0,631.0,753.0,878.0,1001.0,1129.0,0.0,0.0,-5.0,-3.0,-4.0,-4.0,278.0,-5.0,528.0,640.0,761.0,886.0,1013.0,1141.0,0.0,0.0,-5.0,-3.0,281.0,765.0,889.0,1017.0,1145.0,0.0,-5.0,-4.0,-4.0,291.0,-5.0,533.0,650.0,771.0,901.0,1025.0,1156.0,1286.0,1403.0,-5.0,-3.0,-4.0,-4.0,313.0,-5.0,560.0,677.0,798.0,922.0,1054.0,1180.0,1314.0,1426.0,-5.0,-3.0,-4.0,-4.0,318.0,-5.0,565.0,682.0,804.0,927.0,1061.0,1184.0,1319.0,1432.0,-5.0,-3.0,-4.0,-4.0,208.0,-5.0,497.0,574.0,718.0,823.0,943.0,1070.0,1210.0,1325.0,-5.0,-3.0,-4.0,-4.0,251.0,-5.0,503.0,612.0,735.0,861.0,981.0,1112.0,1244.0,1372.0,-5.0,-3.0,-4.0,-4.0,261.0,-5.0,512.0,623.0,745.0,870.0,993.0,1121.0,1254.0,1383.0,-5.0,-3.0
1928.0,-4.0,-4.0,268.0,402.0,522.0,632.0,758.0,879.0,1002.0,1134.0,1263.0,1389.0,1516.0,1648.0,-4.0,-4.0,278.0,404.0,528.0,640.0,763.0,887.0,1014.0,1142.0,1274.0,1399.0,1524.0,1655.0,281.0,764.0,890.0,1017.0,1145.0,1277.0,1528.0,-4.0,-4.0,308.0,438.0,533.0,650.0,788.0,903.0,1025.0,1153.0,1286.0,1403.0,1533.0,1661.0,-4.0,-4.0,313.0,442.0,560.0,677.0,798.0,922.0,1054.0,1180.0,1314.0,1426.0,1568.0,1690.0,-4.0,-4.0,318.0,448.0,565.0,682.0,804.0,927.0,1061.0,1184.0,1319.0,1432.0,1575.0,1696.0,-4.0,-4.0,245.0,371.0,498.0,596.0,697.0,840.0,933.0,1087.0,1217.0,1337.0,1444.0,1593.0,-4.0,-4.0,252.0,387.0,503.0,614.0,733.0,861.0,979.0,1112.0,1244.0,1372.0,1490.0,1627.0,-4.0,-4.0,261.0,389.0,512.0,623.0,745.0,870.0,993.0,1121.0,1254.0,1383.0,1503.0,1637.0
1929.0,-4.0,-4.0,0.0,0.0,0.0,0.0,0.0,0.0,0.0,0.0,1261.0,1390.0,1510.0,1644.0,-4.0,-4.0,0.0,0.0,0.0,0.0,0.0,0.0,0.0,0.0,1274.0,1400.0,1524.0,1655.0,0.0,0.0,0.0,0.0,0.0,1277.0,1528.0,-4.0,-4.0,291.0,428.0,0.0,0.0,779.0,0.0,1036.0,1157.0,1289.0,1406.0,1532.0,1659.0,-4.0,-4.0,313.0,442.0,0.0,0.0,798.0,0.0,1054.0,1180.0,1314.0,1426.0,1568.0,1690.0,-4.0,-4.0,318.0,448.0,0.0,0.0,804.0,0.0,1061.0,1184.0,1319.0,1432.0,1575.0,1696.0,-4.0,-4.0,242.0,370.0,497.0,579.0,696.0,841.0,954.0,1073.0,1197.0,1324.0,1437.0,1579.0,-4.0,-4.0,252.0,387.0,503.0,612.0,735.0,861.0,979.0,1112.0,1242.0,1371.0,1491.0,1627.0,-4.0,-4.0,261.0,389.0,512.0,623.0,745.0,870.0,993.0,1121.0,1254.0,1383.0,1503.0,1637.0
1930.0,-4.0,-4.0,0.0,402.0,522.0,632.0,758.0,880.0,1002.0,1128.0,1261.0,0.0,1511.0,1645.0,-4.0,-4.0,0.0,404.0,528.0,640.0,763.0,888.0,1014.0,1142.0,1274.0,0.0,1524.0,1655.0,0.0,764.0,890.0,1017.0,1145.0,1277.0,1528.0,-4.0,-4.0,309.0,439.0,533.0,653.0,788.0,902.0,1025.0,1156.0,1300.0,0.0,1533.0,1661.0,-4.0,-4.0,313.0,442.0,560.0,677.0,798.0,922.0,1054.0,1180.0,1314.0,0.0,1568.0,1690.0,-4.0,-4.0,318.0,448.0,565.0,682.0,804.0,927.0,1061.0,1184.0,1319.0,0.0,1575.0,1696.0,-4.0,-4.0,244.0,371.0,498.0,582.0,699.0,816.0,955.0,1075.0,1210.0,1325.0,1439.0,1582.0,-4.0,-4.0,252.0,387.0,503.0,614.0,735.0,860.0,979.0,1112.0,1244.0,1372.0,1490.0,1627.0,-4.0,-4.0,261.0,389.0,512.0,623.0,745.0,870.0,993.0,1121.0,1254.0,1383.0,1503.0,1637.0
1931.0,-4.0,-4.0,268.0,402.0,522.0,632.0,758.0,879.0,1002.0,1134.0,1263.0,1389.0,1516.0,1648.0,-4.0,-4.0,278.0,404.0,528.0,640.0,763.0,887.0,1014.0,1142.0,1274.0,1399.0,1524.0,1655.0,281.0,764.0,890.0,1017.0,1145.0,1277.0,1528.0,-4.0,-4.0,308.0,438.0,533.0,653.0,788.0,903.0,1025.0,1153.0,1286.0,1403.0,1541.0,1670.0,-4.0,-4.0,313.0,442.0,560.0,677.0,798.0,922.0,1054.0,1180.0,1314.0,1426.0,1568.0,1690.0,-4.0,-4.0,318.0,448.0,565.0,682.0,804.0,927.0,1061.0,1184.0,1319.0,1432.0,1575.0,1696.0,-4.0,-4.0,245.0,371.0,498.0,582.0,699.0,819.0,955.0,1087.0,1194.0,1337.0,1447.0,1593.0,-4.0,-4.0,252.0,387.0,503.0,614.0,735.0,861.0,979.0,1112.0,1244.0,1372.0,1490.0,1627.0,-4.0,-4.0,261.0,389.0,512.0,623.0,745.0,870.0,993.0,1121.0,1254.0,1383.0,1503.0,1637.0
1932.0,-4.0,-4.0,-3.0,0.0,0.0,629.0,0.0,0.0,0.0,1128.0,0.0,1390.0,1510.0,1643.0,-4.0,-4.0,-3.0,0.0,0.0,641.0,0.0,0.0,0.0,1142.0,0.0,1400.0,1524.0,1655.0,-3.0,0.0,0.0,0.0,1145.0,0.0,1528.0,-4.0,-4.0,-3.0,0.0,533.0,662.0,779.0,899.0,1036.0,1156.0,1289.0,1406.0,1530.0,1660.0,-4.0,-4.0,-3.0,0.0,560.0,677.0,798.0,922.0,1054.0,1180.0,1314.0,1426.0,1567.0,1690.0,-4.0,-4.0,-3.0,0.0,565.0,682.0,804.0,927.0,1061.0,1184.0,1319.0,1432.0,1575.0,1696.0,-4.0,-4.0,-3.0,370.0,497.0,582.0,699.0,816.0,943.0,1075.0,1197.0,1324.0,1437.0,1579.0,-4.0,-4.0,-3.0,387.0,503.0,614.0,735.0,860.0,981.0,1112.0,1242.0,1371.0,1491.0,1627.0,-4.0,-4.0,-3.0,389.0,512.0,623.0,745.0,870.0,993.0,1121.0,1254.0,1383.0,1503.0,1637.0
1933.0,-4.0,-4.0,275.0,395.0,520.0,629.0,753.0,875.0,1000.0,1128.0,0.0,0.0,0.0,1644.0,-4.0,-4.0,277.0,404.0,528.0,641.0,761.0,885.0,1013.0,1142.0,0.0,0.0,0.0,1655.0,281.0,765.0,889.0,1017.0,1145.0,0.0,0.0,-4.0,-4.0,308.0,438.0,558.0,662.0,779.0,897.0,1036.0,1157.0,1289.0,1406.0,1532.0,1660.0,-4.0,-4.0,313.0,442.0,560.0,677.0,798.0,922.0,1054.0,1180.0,1314.0,1426.0,1568.0,1690.0,-4.0,-4.0,318.0,448.0,565.0,682.0,804.0,927.0,1061.0,1184.0,1319.0,1432.0,1575.0,1696.0,-4.0,-4.0,244.0,372.0,497.0,582.0,718.0,843.0,954.0,1073.0,1212.0,1336.0,1436.0,1579.0,-4.0,-4.0,252.0,387.0,503.0,614.0,735.0,860.0,979.0,1112.0,1242.0,1372.0,1491.0,1627.0,-4.0,-4.0,261.0,389.0,512.0,623.0,745.0,870.0,993.0,1121.0,1254.0,1383.0,1503.0,1637.0
1934.0,-4.0,-4.0,275.0,398.0,520.0,0.0,-5.0,-5.0,-5.0,1128.0,1261.0,1392.0,1511.0,1645.0,-4.0,-4.0,277.0,404.0,528.0,0.0,-5.0,-5.0,-5.0,1142.0,1274.0,1399.0,1524.0,1655.0,281.0,-5.0,-5.0,-5.0,1145.0,1277.0,1528.0,-4.0,-4.0,309.0,438.0,557.0,662.0,-5.0,-5.0,-5.0,1157.0,1289.0,1403.0,1533.0,1661.0,-4.0,-4.0,313.0,442.0,560.0,677.0,-5.0,-5.0,-5.0,1180.0,1314.0,1426.0,1568.0,1690.0,-4.0,-4.0,318.0,448.0,565.0,682.0,-5.0,-5.0,-5.0,1184.0,1319.0,1432.0,1575.0,1696.0,-4.0,-4.0,244.0,371.0,497.0,597.0,-5.0,-5.0,-5.0,1084.0,1212.0,1325.0,1439.0,1582.0,-4.0,-4.0,252.0,387.0,503.0,614.0,-5.0,-5.0,-5.0,1110.0,1242.0,1372.0,1490.0,1627.0,-4.0,-4.0,261.0,389.0,512.0,623.0,-5.0,-5.0,-5.0,1121.0,1254.0,1383.0,1503.0,1637.0
1935.0,-4.0,-4.0,276.0,399.0,520.0,636.0,750.0,875.0,0.0,0.0,1261.0,0.0,-3.0,1645.0,-4.0,-4.0,279.0,403.0,528.0,642.0,760.0,885.0,0.0,0.0,1274.0,0.0,-3.0,1655.0,282.0,764.0,889.0,0.0,0.0,1277.0,-3.0,-4.0,-4.0,300.0,428.0,533.0,664.0,777.0,893.0,1032.0,1161.0,1295.0,1404.0,-3.0,1662.0,-4.0,-4.0,315.0,442.0,560.0,679.0,798.0,920.0,1052.0,1179.0,1313.0,1426.0,-3.0,1691.0,-4.0,-4.0,319.0,448.0,565.0,682.0,804.0,927.0,1061.0,1184.0,1319.0,1432.0,-3.0,1696.0,-4.0,-4.0,245.0,370.0,497.0,594.0,715.0,837.0,949.0,1081.0,1207.0,1328.0,-3.0,1583.0,-4.0,-4.0,252.0,387.0,503.0,617.0,739.0,865.0,983.0,1109.0,1241.0,1373.0,-3.0,1628.0,-4.0,-4.0,261.0,389.0,512.0,623.0,745.0,870.0,993.0,1121.0,1254.0,1383.0,-3.0,1637.0
1936.0,-4.0,-4.0,275.0,395.0,520.0,629.0,753.0,875.0,1004.0,1128.0,1261.0,1390.0,1510.0,1644.0,-4.0,-4.0,277.0,404.0,528.0,641.0,761.0,885.0,1015.0,1142.0,1274.0,1400.0,1524.0,1655.0,281.0,765.0,889.0,1018.0,1145.0,1277.0,1528.0,-4.0,-4.0,291.0,428.0,533.0,662.0,779.0,899.0,1036.0,1157.0,1289.0,1406.0,1532.0,1659.0,-4.0,-4.0,313.0,442.0,560.0,677.0,798.0,922.0,1054.0,1180.0,1314.0,1426.0,1568.0,1690.0,-4.0,-4.0,318.0,448.0,565.0,682.0,804.0,927.0,1061.0,1184.0,1319.0,1432.0,1575.0,1696.0,-4.0,-4.0,209.0,370.0,497.0,582.0,696.0,816.0,954.0,1073.0,1197.0,1336.0,1436.0,1579.0,-4.0,-4.0,252.0,387.0,503.0,614.0,735.0,860.0,979.0,1112.0,1242.0,1372.0,1491.0,1627.0,-4.0,-4.0,261.0,389.0,512.0,623.0,745.0,870.0,993.0,1121.0,1254.0,1383.0,1503.0,1637.0
1937.0,-4.0,-4.0,268.0,402.0,522.0,-3.0,750.0,879.0,1002.0,1134.0,1263.0,1391.0,1516.0,1648.0,-4.0,-4.0,278.0,404.0,528.0,-3.0,760.0,887.0,1014.0,1142.0,1274.0,1399.0,1524.0,1655.0,281.0,764.0,890.0,1017.0,1145.0,1277.0,1528.0,-4.0,-4.0,308.0,438.0,558.0,-3.0,788.0,903.0,1025.0,1159.0,1286.0,1403.0,1533.0,1670.0,-4.0,-4.0,313.0,442.0,560.0,-3.0,798.0,922.0,1054.0,1180.0,1314.0,1426.0,1568.0,1690.0,-4.0,-4.0,318.0,448.0,565.0,-3.0,804.0,927.0,1061.0,1184.0,1319.0,1432.0,1575.0,1696.0,-4.0,-4.0,244.0,371.0,497.0,-3.0,696.0,819.0,955.0,1070.0,1194.0,1325.0,1447.0,1593.0,-4.0,-4.0,252.0,387.0,503.0,-3.0,735.0,861.0,979.0,1112.0,1244.0,1372.0,1490.0,1627.0,-4.0,-4.0,261.0,389.0,512.0,-3.0,745.0,870.0,993.0,1121.0,1254.0,1383.0,1503.0,1637.0
1938.0,-4.0,-4.0,-5.0,402.0,-5.0,-5.0,-5.0,-5.0,-5.0,-5.0,1263.0,-3.0,1516.0,1648.0,-4.0,-4.0,-5.0,404.0,-5.0,-5.0,-5.0,-5.0,-5.0,-5.0,1274.0,-3.0,1524.0,1655.0,-5.0,-5.0,-5.0,-5.0,-5.0,1277.0,1528.0,-4.0,-4.0,-5.0,439.0,-5.0,-5.0,-5.0,-5.0,-5.0,-5.0,1300.0,-3.0,1541.0,1670.0,-4.0,-4.0,-5.0,442.0,-5.0,-5.0,-5.0,-5.0,-5.0,-5.0,1314.0,-3.0,1568.0,1690.0,-4.0,-4.0,-5.0,448.0,-5.0,-5.0,-5.0,-5.0,-5.0,-5.0,1319.0,-3.0,1575.0,1696.0,-4.0,-4.0,-5.0,372.0,-5.0,-5.0,-5.0,-5.0,-5.0,-5.0,1215.0,-3.0,1447.0,1593.0,-4.0,-4.0,-5.0,387.0,-5.0,-5.0,-5.0,-5.0,-5.0,-5.0,1244.0,-3.0,1490.0,1627.0,-4.0,-4.0,-5.0,389.0,-5.0,-5.0,-5.0,-5.0,-5.0,-5.0,1254.0,-3.0,1503.0,1637.0
1939.0,-4.0,-4.0,275.0,402.0,522.0,632.0,750.0,879.0,1002.0,1134.0,1263.0,1389.0,1516.0,1648.0,-4.0,-4.0,277.0,404.0,528.0,640.0,760.0,887.0,1014.0,1142.0,1274.0,1399.0,1524.0,1655.0,281.0,764.0,890.0,1017.0,1145.0,1277.0,1528.0,-4.0,-4.0,309.0,439.0,558.0,667.0,776.0,903.0,1025.0,1153.0,1286.0,1403.0,1541.0,1670.0,-4.0,-4.0,313.0,442.0,560.0,677.0,798.0,922.0,1054.0,1180.0,1314.0,1426.0,1568.0,1690.0,-4.0,-4.0,318.0,448.0,565.0,682.0,804.0,927.0,1061.0,1184.0,1319.0,1432.0,1575.0,1696.0,-4.0,-4.0,246.0,372.0,495.0,596.0,697.0,819.0,933.0,1087.0,1217.0,1337.0,1447.0,1593.0,-4.0,-4.0,252.0,387.0,503.0,614.0,733.0,861.0,979.0,1112.0,1244.0,1372.0,1490.0,1627.0,-4.0,-4.0,261.0,389.0,512.0,623.0,745.0,870.0,993.0,1121.0,1254.0,1383.0,1503.0,1637.0
1940.0,-4.0,-4.0,275.0,402.0,522.0,632.0,0.0,879.0,1002.0,1134.0,1263.0,-3.0,1516.0,1648.0,-4.0,-4.0,277.0,404.0,528.0,640.0,0.0,887.0,1014.0,1142.0,1274.0,-3.0,1524.0,1655.0,281.0,0.0,890.0,1017.0,1145.0,1277.0,1528.0,-4.0,-4.0,308.0,438.0,557.0,666.0,788.0,901.0,1025.0,1159.0,1286.0,-3.0,1531.0,1666.0,-4.0,-4.0,313.0,442.0,560.0,677.0,798.0,922.0,1054.0,1180.0,1314.0,-3.0,1568.0,1690.0,-4.0,-4.0,318.0,448.0,565.0,682.0,804.0,927.0,1061.0,1184.0,1319.0,-3.0,1575.0,1696.0,-4.0,-4.0,247.0,372.0,495.0,596.0,718.0,823.0,933.0,1087.0,1217.0,-3.0,1448.0,1588.0,-4.0,-4.0,252.0,387.0,503.0,614.0,735.0,861.0,979.0,1112.0,1244.0,-3.0,1490.0,1626.0,-4.0,-4.0,261.0,389.0,512.0,623.0,745.0,870.0,993.0,1121.0,1254.0,-3.0,1503.0,1637.0
1941.0,-4.0,-4.0,275.0,402.0,522.0,632.0,750.0,-3.0,1002.0,1134.0,1263.0,1389.0,1509.0,1648.0,-4.0,-4.0,277.0,404.0,528.0,640.0,760.0,-3.0,1014.0,1142.0,1274.0,1399.0,1524.0,1655.0,281.0,764.0,-3.0,1017.0,1145.0,1277.0,1528.0,-4.0,-4.0,308.0,438.0,557.0,666.0,778.0,-3.0,1025.0,1159.0,1300.0,1404.0,1534.0,1664.0,-4.0,-4.0,313.0,442.0,560.0,677.0,798.0,-3.0,1054.0,1180.0,1314.0,1426.0,1569.0,1691.0,-4.0,-4.0,318.0,448.0,565.0,682.0,804.0,-3.0,1061.0,1184.0,1319.0,1432.0,1575.0,1696.0,-4.0,-4.0,245.0,371.0,495.0,595.0,716.0,-3.0,940.0,1066.0,1215.0,1332.0,1440.0,1587.0,-4.0,-4.0,252.0,387.0,503.0,617.0,735.0,-3.0,979.0,1109.0,1244.0,1373.0,1492.0,1628.0,-4.0,-4.0,261.0,389.0,512.0,623.0,745.0,-3.0,993.0,1121.0,1254.0,1383.0,1503.0,1637.0
1942.0,-4.0,-4.0,0.0,396.0,520.0,632.0,750.0,881.0,-3.0,-3.0,-3.0,-4.0,-4.0,-4.0,-4.0,-4.0,0.0,404.0,528.0,640.0,760.0,887.0,-3.0,-3.0,-3.0,-4.0,-4.0,-4.0,0.0,764.0,890.0,-3.0,-3.0,-3.0,-4.0,-4.0,-4.0,291.0,416.0,537.0,662.0,788.0,899.0,-3.0,-3.0,-3.0,-4.0,-4.0,-4.0,-4.0,-4.0,313.0,442.0,560.0,677.0,798.0,922.0,-3.0,-3.0,-3.0,-4.0,-4.0,-4.0,-4.0,-4.0,318.0,448.0,565.0,682.0,804.0,927.0,-3.0,-3.0,-3.0,-4.0,-4.0,-4.0,-4.0,-4.0,209.0,374.0,466.0,582.0,699.0,816.0,-3.0,-3.0,-3.0,-4.0,-4.0,-4.0,-4.0,-4.0,252.0,387.0,503.0,614.0,735.0,860.0,-3.0,-3.0,-3.0,-4.0,-4.0,-4.0,-4.0,-4.0,261.0,389.0,512.0,623.0,745.0,870.0,-3.0,-3.0,-3.0,-4.0,-4.0,-4.0
1943.0,-4.0,-4.0,268.0,398.0,520.0,-3.0,757.0,880.0,-3.0,1133.0,1268.0,1396.0,1515.0,1647.0,-4.0,-4.0,278.0,404.0,528.0,-3.0,763.0,888.0,-3.0,1144.0,1276.0,1400.0,1526.0,1656.0,281.0,764.0,890.0,-3.0,1146.0,1278.0,1529.0,-4.0,-4.0,308.0,411.0,537.0,-3.0,791.0,912.0,-3.0,1165.0,1299.0,1407.0,1539.0,1667.0,-4.0,-4.0,313.0,442.0,560.0,-3.0,802.0,925.0,-3.0,1181.0,1316.0,1427.0,1570.0,1692.0,-4.0,-4.0,318.0,448.0,565.0,-3.0,804.0,927.0,-3.0,1185.0,1320.0,1433.0,1576.0,1697.0,-4.0,-4.0,242.0,332.0,465.0,-3.0,722.0,846.0,-3.0,1090.0,1220.0,1339.0,1451.0,1590.0,-4.0,-4.0,252.0,379.0,503.0,-3.0,741.0,868.0,-3.0,1116.0,1248.0,1375.0,1495.0,1630.0,-4.0,-4.0,261.0,389.0,512.0,-3.0,747.0,872.0,-3.0,1122.0,1255.0,1384.0,1504.0,1638.0
1944.0,-4.0,-4.0,267.0,395.0,519.0,-3.0,752.0,-3.0,0.0,1136.0,0.0,-3.0,1514.0,1647.0,-4.0,-4.0,278.0,404.0,527.0,-3.0,762.0,-3.0,0.0,1144.0,0.0,-3.0,1526.0,1656.0,281.0,765.0,-3.0,0.0,1146.0,0.0,1529.0,-4.0,-4.0,291.0,411.0,533.0,-3.0,771.0,-3.0,0.0,1169.0,1299.0,-3.0,1543.0,1672.0,-4.0,-4.0,313.0,442.0,560.0,-3.0,798.0,-3.0,0.0,1181.0,1316.0,-3.0,1570.0,1692.0,-4.0,-4.0,318.0,448.0,565.0,-3.0,804.0,-3.0,0.0,1185.0,1320.0,-3.0,1576.0,1697.0,-4.0,-4.0,242.0,332.0,465.0,-3.0,689.0,-3.0,956.0,1090.0,1213.0,-3.0,1452.0,1595.0,-4.0,-4.0,252.0,379.0,503.0,-3.0,733.0,-3.0,986.0,1116.0,1248.0,-3.0,1494.0,1630.0,-4.0,-4.0,261.0,389.0,512.0,-3.0,745.0,-3.0,994.0,1122.0,1255.0,-3.0,1504.0,1638.0
1945.0,-4.0,-4.0,268.0,398.0,520.0,0.0,0.0,879.0,-4.0,-4.0,-4.0,-4.0,-4.0,-4.0,-4.0,-4.0,278.0,404.0,528.0,0.0,0.0,887.0,-4.0,-4.0,-4.0,-4.0,-4.0,-4.0,281.0,0.0,890.0,-4.0,-4.0,-4.0,-4.0,-4.0,-4.0,291.0,411.0,537.0,662.0,779.0,899.0,-4.0,-4.0,-4.0,-4.0,-4.0,-4.0,-4.0,-4.0,313.0,442.0,560.0,677.0,798.0,922.0,-4.0,-4.0,-4.0,-4.0,-4.0,-4.0,-4.0,-4.0,318.0,448.0,565.0,682.0,804.0,927.0,-4.0,-4.0,-4.0,-4.0,-4.0,-4.0,-4.0,-4.0,242.0,339.0,465.0,582.0,696.0,816.0,-4.0,-4.0,-4.0,-4.0,-4.0,-4.0,-4.0,-4.0,252.0,379.0,503.0,614.0,735.0,860.0,-4.0,-4.0,-4.0,-4.0,-4.0,-4.0,-4.0,-4.0,261.0,389.0,512.0,623.0,745.0,870.0,-4.0,-4.0,-4.0,-4.0,-4.0,-4.0
1946.0,-4.0,-4.0,-3.0,395.0,520.0,0.0,-3.0,880.0,-4.0,-4.0,-4.0,-4.0,-4.0,-4.0,-4.0,-4.0,-3.0,404.0,528.0,0.0,-3.0,888.0,-4.0,-4.0,-4.0,-4.0,-4.0,-4.0,-3.0,-3.0,890.0,-4.0,-4.0,-4.0,-4.0,-4.0,-4.0,-3.0,411.0,537.0,668.0,-3.0,912.0,-4.0,-4.0,-4.0,-4.0,-4.0,-4.0,-4.0,-4.0,-3.0,442.0,560.0,680.0,-3.0,925.0,-4.0,-4.0,-4.0,-4.0,-4.0,-4.0,-4.0,-4.0,-3.0,448.0,565.0,682.0,-3.0,927.0,-4.0,-4.0,-4.0,-4.0,-4.0,-4.0,-4.0,-4.0,-3.0,339.0,465.0,598.0,-3.0,846.0,-4.0,-4.0,-4.0,-4.0,-4.0,-4.0,-4.0,-4.0,-3.0,379.0,503.0,618.0,-3.0,868.0,-4.0,-4.0,-4.0,-4.0,-4.0,-4.0,-4.0,-4.0,-3.0,389.0,512.0,625.0,-3.0,872.0,-4.0,-4.0,-4.0,-4.0,-4.0,-4.0
1947.0,-4.0,-4.0,268.0,398.0,520.0,-4.0,-4.0,-4.0,-4.0,-4.0,-4.0,-4.0,-4.0,-4.0,-4.0,-4.0,278.0,404.0,528.0,-4.0,-4.0,-4.0,-4.0,-4.0,-4.0,-4.0,-4.0,-4.0,281.0,-4.0,-4.0,-4.0,-4.0,-4.0,-4.0,-4.0,-4.0,291.0,416.0,537.0,-4.0,-4.0,-4.0,-4.0,-4.0,-4.0,-4.0,-4.0,-4.0,-4.0,-4.0,313.0,442.0,560.0,-4.0,-4.0,-4.0,-4.0,-4.0,-4.0,-4.0,-4.0,-4.0,-4.0,-4.0,318.0,448.0,565.0,-4.0,-4.0,-4.0,-4.0,-4.0,-4.0,-4.0,-4.0,-4.0,-4.0,-4.0,242.0,339.0,465.0,-4.0,-4.0,-4.0,-4.0,-4.0,-4.0,-4.0,-4.0,-4.0,-4.0,-4.0,252.0,379.0,503.0,-4.0,-4.0,-4.0,-4.0,-4.0,-4.0,-4.0,-4.0,-4.0,-4.0,-4.0,261.0,389.0,512.0,-4.0,-4.0,-4.0,-4.0,-4.0,-4.0,-4.0,-4.0,-4.0
1948.0,-4.0,-4.0,275.0,402.0,522.0,632.0,-3.0,879.0,1002.0,1134.0,1263.0,1389.0,1516.0,1648.0,-4.0,-4.0,277.0,404.0,528.0,640.0,-3.0,887.0,1014.0,1142.0,1274.0,1399.0,1524.0,1655.0,281.0,-3.0,890.0,1017.0,1145.0,1277.0,1528.0,-4.0,-4.0,309.0,439.0,557.0,667.0,-3.0,903.0,1025.0,1153.0,1286.0,1403.0,1541.0,1670.0,-4.0,-4.0,313.0,442.0,560.0,677.0,-3.0,922.0,1054.0,1180.0,1314.0,1426.0,1568.0,1690.0,-4.0,-4.0,318.0,448.0,565.0,682.0,-3.0,927.0,1061.0,1184.0,1319.0,1432.0,1575.0,1696.0,-4.0,-4.0,244.0,372.0,495.0,596.0,-3.0,819.0,933.0,1087.0,1217.0,1337.0,1447.0,1593.0,-4.0,-4.0,252.0,387.0,503.0,614.0,-3.0,861.0,979.0,1112.0,1244.0,1372.0,1490.0,1627.0,-4.0,-4.0,261.0,389.0,512.0,623.0,-3.0,870.0,993.0,1121.0,1254.0,1383.0,1503.0,1637.0
1949.0,-4.0,-4.0,-3.0,402.0,522.0,632.0,750.0,879.0,1002.0,1134.0,1263.0,1389.0,1516.0,1648.0,-4.0,-4.0,-3.0,404.0,528.0,640.0,760.0,887.0,1014.0,1142.0,1274.0,1399.0,1524.0,1655.0,-3.0,764.0,890.0,1017.0,1145.0,1277.0,1528.0,-4.0,-4.0,-3.0,439.0,557.0,666.0,778.0,903.0,1025.0,1153.0,1286.0,1403.0,1531.0,1666.0,-4.0,-4.0,-3.0,442.0,560.0,677.0,798.0,922.0,1054.0,1180.0,1314.0,1426.0,1568.0,1690.0,-4.0,-4.0,-3.0,448.0,565.0,682.0,804.0,927.0,1061.0,1184.0,1319.0,1432.0,1575.0,1696.0,-4.0,-4.0,-3.0,372.0,495.0,596.0,717.0,840.0,933.0,1087.0,1217.0,1322.0,1448.0,1588.0,-4.0,-4.0,-3.0,387.0,503.0,614.0,735.0,861.0,979.0,1112.0,1244.0,1372.0,1490.0,1626.0,-4.0,-4.0,-3.0,389.0,512.0,623.0,745.0,870.0,993.0,1121.0,1254.0,1383.0,1503.0,1637.0
1950.0,-4.0,-4.0,268.0,396.0,520.0,632.0,750.0,881.0,0.0,1128.0,1261.0,1391.0,1510.0,1643.0,-4.0,-4.0,278.0,404.0,528.0,640.0,760.0,887.0,0.0,1142.0,1274.0,1399.0,1524.0,1655.0,281.0,764.0,890.0,0.0,1145.0,1277.0,1528.0,-4.0,-4.0,308.0,416.0,537.0,662.0,779.0,897.0,1036.0,1156.0,1289.0,1406.0,1532.0,1659.0,-4.0,-4.0,313.0,442.0,560.0,677.0,798.0,922.0,1054.0,1180.0,1314.0,1426.0,1568.0,1690.0,-4.0,-4.0,318.0,448.0,565.0,682.0,804.0,927.0,1061.0,1184.0,1319.0,1432.0,1575.0,1696.0,-4.0,-4.0,244.0,374.0,466.0,597.0,696.0,843.0,954.0,1073.0,1212.0,1336.0,1439.0,1579.0,-4.0,-4.0,252.0,387.0,503.0,614.0,735.0,860.0,979.0,1112.0,1242.0,1372.0,1490.0,1627.0,-4.0,-4.0,261.0,389.0,512.0,623.0,745.0,870.0,993.0,1121.0,1254.0,1383.0,1503.0,1637.0
1951.0,-4.0,-4.0,275.0,402.0,522.0,632.0,758.0,879.0,1002.0,1134.0,1263.0,1389.0,1516.0,1648.0,-4.0,-4.0,277.0,404.0,528.0,640.0,763.0,887.0,1014.0,1142.0,1274.0,1399.0,1524.0,1655.0,281.0,764.0,890.0,1017.0,1145.0,1277.0,1528.0,-4.0,-4.0,309.0,439.0,557.0,653.0,788.0,903.0,1025.0,1153.0,1286.0,1403.0,1541.0,1670.0,-4.0,-4.0,313.0,442.0,560.0,677.0,798.0,922.0,1054.0,1180.0,1314.0,1426.0,1568.0,1690.0,-4.0,-4.0,318.0,448.0,565.0,682.0,804.0,927.0,1061.0,1184.0,1319.0,1432.0,1575.0,1696.0,-4.0,-4.0,247.0,372.0,495.0,582.0,699.0,819.0,955.0,1087.0,1194.0,1337.0,1447.0,1593.0,-4.0,-4.0,252.0,387.0,503.0,614.0,735.0,861.0,979.0,1112.0,1244.0,1372.0,1490.0,1627.0,-4.0,-4.0,261.0,389.0,512.0,623.0,745.0,870.0,993.0,1121.0,1254.0,1383.0,1503.0,1637.0
1952.0,-4.0,-4.0,0.0,395.0,0.0,0.0,0.0,0.0,0.0,1133.0,0.0,-4.0,-4.0,-4.0,-4.0,-4.0,0.0,404.0,0.0,0.0,0.0,0.0,0.0,1144.0,0.0,-4.0,-4.0,-4.0,0.0,0.0,0.0,0.0,1146.0,0.0,-4.0,-4.0,-4.0,308.0,411.0,533.0,652.0,792.0,913.0,1029.0,1165.0,1304.0,-4.0,-4.0,-4.0,-4.0,-4.0,313.0,442.0,560.0,676.0,802.0,925.0,1056.0,1181.0,1316.0,-4.0,-4.0,-4.0,-4.0,-4.0,318.0,448.0,565.0,681.0,804.0,927.0,1062.0,1185.0,1320.0,-4.0,-4.0,-4.0,-4.0,-4.0,244.0,332.0,465.0,574.0,723.0,847.0,953.0,1085.0,1213.0,-4.0,-4.0,-4.0,-4.0,-4.0,252.0,379.0,503.0,612.0,741.0,867.0,985.0,1116.0,1248.0,-4.0,-4.0,-4.0,-4.0,-4.0,261.0,389.0,512.0,623.0,747.0,872.0,994.0,1122.0,1255.0,-4.0,-4.0,-4.0
1953.0,-4.0,-4.0,275.0,396.0,520.0,632.0,750.0,881.0,0.0,1128.0,1266.0,1392.0,-3.0,1645.0,-4.0,-4.0,277.0,404.0,528.0,640.0,760.0,887.0,0.0,1142.0,1274.0,1399.0,-3.0,1655.0,281.0,764.0,890.0,0.0,1145.0,1277.0,-3.0,-4.0,-4.0,308.0,416.0,537.0,662.0,777.0,893.0,1028.0,1161.0,1295.0,1404.0,-3.0,1662.0,-4.0,-4.0,313.0,442.0,560.0,677.0,798.0,920.0,1054.0,1179.0,1313.0,1426.0,-3.0,1691.0,-4.0,-4.0,318.0,448.0,565.0,682.0,804.0,927.0,1061.0,1184.0,1319.0,1432.0,-3.0,1696.0,-4.0,-4.0,247.0,374.0,466.0,582.0,712.0,837.0,947.0,1066.0,1208.0,1328.0,-3.0,1583.0,-4.0,-4.0,252.0,387.0,503.0,614.0,739.0,865.0,983.0,1109.0,1241.0,1373.0,-3.0,1628.0,-4.0,-4.0,261.0,389.0,512.0,623.0,745.0,870.0,993.0,1121.0,1254.0,1383.0,-3.0,1637.0
1954.0,-4.0,-4.0,-3.0,398.0,520.0,-3.0,0.0,-3.0,-4.0,-4.0,-4.0,-4.0,-4.0,-4.0,-4.0,-4.0,-3.0,404.0,528.0,-3.0,0.0,-3.0,-4.0,-4.0,-4.0,-4.0,-4.0,-4.0,-3.0,0.0,-3.0,-4.0,-4.0,-4.0,-4.0,-4.0,-4.0,-3.0,416.0,537.0,-3.0,779.0,-3.0,-4.0,-4.0,-4.0,-4.0,-4.0,-4.0,-4.0,-4.0,-3.0,442.0,560.0,-3.0,798.0,-3.0,-4.0,-4.0,-4.0,-4.0,-4.0,-4.0,-4.0,-4.0,-3.0,448.0,565.0,-3.0,804.0,-3.0,-4.0,-4.0,-4.0,-4.0,-4.0,-4.0,-4.0,-4.0,-3.0,339.0,465.0,-3.0,696.0,-3.0,-4.0,-4.0,-4.0,-4.0,-4.0,-4.0,-4.0,-4.0,-3.0,379.0,503.0,-3.0,735.0,-3.0,-4.0,-4.0,-4.0,-4.0,-4.0,-4.0,-4.0,-4.0,-3.0,389.0,512.0,-3.0,745.0,-3.0,-4.0,-4.0,-4.0,-4.0,-4.0,-4.0
1955.0,-4.0,-4.0,275.0,398.0,520.0,632.0,750.0,0.0,1002.0,1128.0,1261.0,1391.0,1511.0,1648.0,-4.0,-4.0,277.0,404.0,528.0,640.0,760.0,0.0,1014.0,1142.0,1274.0,1399.0,1524.0,1655.0,281.0,764.0,0.0,1017.0,1145.0,1277.0,1528.0,-4.0,-4.0,308.0,416.0,557.0,653.0,788.0,903.0,1025.0,1156.0,1300.0,1403.0,1533.0,1661.0,-4.0,-4.0,313.0,442.0,560.0,677.0,798.0,922.0,1054.0,1180.0,1314.0,1426.0,1568.0,1690.0,-4.0,-4.0,318.0,448.0,565.0,682.0,804.0,927.0,1061.0,1184.0,1319.0,1432.0,1575.0,1696.0,-4.0,-4.0,244.0,372.0,495.0,582.0,699.0,819.0,955.0,1087.0,1197.0,1323.0,1444.0,1582.0,-4.0,-4.0,252.0,387.0,503.0,614.0,735.0,861.0,979.0,1112.0,1242.0,1372.0,1490.0,1627.0,-4.0,-4.0,261.0,389.0,512.0,623.0,745.0,870.0,993.0,1121.0,1254.0,1383.0,1503.0,1637.0
1956.0,-4.0,-4.0,275.0,-3.0,0.0,-4.0,-4.0,-4.0,-4.0,-4.0,-4.0,-4.0,-4.0,-4.0,-4.0,-4.0,277.0,-3.0,0.0,-4.0,-4.0,-4.0,-4.0,-4.0,-4.0,-4.0,-4.0,-4.0,281.0,-4.0,-4.0,-4.0,-4.0,-4.0,-4.0,-4.0,-4.0,291.0,-3.0,0.0,-4.0,-4.0,-4.0,-4.0,-4.0,-4.0,-4.0,-4.0,-4.0,-4.0,-4.0,313.0,-3.0,0.0,-4.0,-4.0,-4.0,-4.0,-4.0,-4.0,-4.0,-4.0,-4.0,-4.0,-4.0,318.0,-3.0,0.0,-4.0,-4.0,-4.0,-4.0,-4.0,-4.0,-4.0,-4.0,-4.0,-4.0,-4.0,209.0,-3.0,465.0,-4.0,-4.0,-4.0,-4.0,-4.0,-4.0,-4.0,-4.0,-4.0,-4.0,-4.0,252.0,-3.0,503.0,-4.0,-4.0,-4.0,-4.0,-4.0,-4.0,-4.0,-4.0,-4.0,-4.0,-4.0,261.0,-3.0,512.0,-4.0,-4.0,-4.0,-4.0,-4.0,-4.0,-4.0,-4.0,-4.0
1957.0,-4.0,-4.0,275.0,395.0,520.0,632.0,753.0,875.0,1000.0,1128.0,1263.0,1389.0,1511.0,0.0,-4.0,-4.0,277.0,404.0,528.0,640.0,761.0,885.0,1013.0,1142.0,1274.0,1399.0,1524.0,0.0,281.0,765.0,889.0,1017.0,1145.0,1277.0,1528.0,-4.0,-4.0,308.0,416.0,537.0,662.0,777.0,899.0,1028.0,1159.0,1286.0,1403.0,1533.0,1661.0,-4.0,-4.0,313.0,442.0,560.0,677.0,798.0,922.0,1054.0,1180.0,1314.0,1426.0,1568.0,1690.0,-4.0,-4.0,318.0,448.0,565.0,682.0,804.0,927.0,1061.0,1184.0,1319.0,1432.0,1575.0,1696.0,-4.0,-4.0,244.0,374.0,466.0,597.0,699.0,816.0,955.0,1087.0,1210.0,1337.0,1444.0,1582.0,-4.0,-4.0,252.0,387.0,503.0,614.0,735.0,860.0,979.0,1112.0,1244.0,1372.0,1490.0,1627.0,-4.0,-4.0,261.0,389.0,512.0,623.0,745.0,870.0,993.0,1121.0,1254.0,1383.0,1503.0,1637.0
1958.0,-4.0,-4.0,275.0,398.0,0.0,632.0,0.0,879.0,1002.0,1128.0,1261.0,-3.0,1511.0,-3.0,-4.0,-4.0,277.0,404.0,0.0,640.0,0.0,887.0,1014.0,1142.0,1274.0,-3.0,1524.0,-3.0,281.0,0.0,890.0,1017.0,1145.0,1277.0,1528.0,-4.0,-4.0,308.0,439.0,537.0,653.0,779.0,897.0,1036.0,1159.0,1284.0,-3.0,1530.0,-3.0,-4.0,-4.0,313.0,442.0,560.0,677.0,798.0,922.0,1054.0,1180.0,1314.0,-3.0,1567.0,-3.0,-4.0,-4.0,318.0,448.0,565.0,682.0,804.0,927.0,1061.0,1184.0,1319.0,-3.0,1575.0,-3.0,-4.0,-4.0,245.0,371.0,495.0,580.0,700.0,841.0,946.0,1075.0,1204.0,-3.0,1438.0,-3.0,-4.0,-4.0,252.0,387.0,503.0,614.0,735.0,861.0,979.0,1112.0,1244.0,-3.0,1491.0,-3.0,-4.0,-4.0,261.0,389.0,512.0,623.0,745.0,870.0,993.0,1121.0,1254.0,-3.0,1503.0,-3.0
1959.0,-4.0,-4.0,268.0,402.0,0.0,632.0,750.0,881.0,1000.0,1126.0,1266.0,0.0,1516.0,1645.0,-4.0,-4.0,278.0,404.0,0.0,640.0,760.0,887.0,1013.0,1141.0,1274.0,0.0,1524.0,1655.0,281.0,764.0,890.0,1017.0,1145.0,1277.0,1528.0,-4.0,-4.0,308.0,416.0,537.0,650.0,788.0,897.0,1028.0,1161.0,1295.0,0.0,1533.0,1661.0,-4.0,-4.0,313.0,442.0,560.0,677.0,798.0,922.0,1054.0,1179.0,1313.0,0.0,1568.0,1690.0,-4.0,-4.0,318.0,448.0,565.0,682.0,804.0,927.0,1061.0,1184.0,1319.0,0.0,1575.0,1696.0,-4.0,-4.0,247.0,374.0,466.0,580.0,700.0,841.0,946.0,1084.0,1204.0,1323.0,1444.0,1582.0,-4.0,-4.0,252.0,387.0,503.0,614.0,735.0,861.0,979.0,1110.0,1244.0,1372.0,1490.0,1627.0,-4.0,-4.0,261.0,389.0,512.0,623.0,745.0,870.0,993.0,1121.0,1254.0,1383.0,1503.0,1637.0
1960.0,-4.0,-4.0,0.0,398.0,0.0,0.0,-5.0,-5.0,1000.0,-3.0,1261.0,1390.0,1511.0,-3.0,-4.0,-4.0,0.0,404.0,0.0,0.0,-5.0,-5.0,1013.0,-3.0,1274.0,1400.0,1524.0,-3.0,0.0,-5.0,-5.0,1017.0,-3.0,1277.0,1528.0,-4.0,-4.0,291.0,438.0,537.0,662.0,-5.0,-5.0,1028.0,-3.0,1284.0,1402.0,1530.0,-3.0,-4.0,-4.0,313.0,442.0,560.0,677.0,-5.0,-5.0,1054.0,-3.0,1314.0,1426.0,1567.0,-3.0,-4.0,-4.0,318.0,448.0,565.0,682.0,-5.0,-5.0,1061.0,-3.0,1319.0,1432.0,1575.0,-3.0,-4.0,-4.0,209.0,371.0,495.0,597.0,-5.0,-5.0,940.0,-3.0,1212.0,1329.0,1438.0,-3.0,-4.0,-4.0,252.0,387.0,503.0,614.0,-5.0,-5.0,979.0,-3.0,1242.0,1371.0,1491.0,-3.0,-4.0,-4.0,261.0,389.0,512.0,623.0,-5.0,-5.0,993.0,-3.0,1254.0,1383.0,1503.0,-3.0
1961.0,-4.0,-4.0,268.0,395.0,520.0,632.0,753.0,875.0,0.0,-5.0,1261.0,1390.0,0.0,1643.0,-4.0,-4.0,278.0,404.0,528.0,640.0,761.0,885.0,0.0,-5.0,1274.0,1400.0,0.0,1655.0,281.0,765.0,889.0,0.0,-5.0,1277.0,0.0,-4.0,-4.0,291.0,411.0,537.0,652.0,779.0,897.0,1028.0,-5.0,1284.0,1402.0,0.0,1660.0,-4.0,-4.0,313.0,442.0,560.0,676.0,798.0,922.0,1054.0,-5.0,1314.0,1426.0,0.0,1690.0,-4.0,-4.0,318.0,448.0,565.0,681.0,804.0,927.0,1061.0,-5.0,1319.0,1432.0,0.0,1696.0,-4.0,-4.0,209.0,339.0,465.0,574.0,694.0,811.0,943.0,-5.0,1192.0,1321.0,1437.0,1580.0,-4.0,-4.0,252.0,379.0,503.0,612.0,733.0,857.0,981.0,-5.0,1242.0,1371.0,1491.0,1626.0,-4.0,-4.0,261.0,389.0,512.0,623.0,745.0,870.0,993.0,-5.0,1254.0,1383.0,1503.0,1637.0
1962.0,-4.0,-4.0,0.0,0.0,0.0,636.0,753.0,875.0,1000.0,0.0,1261.0,1390.0,1510.0,1644.0,-4.0,-4.0,0.0,0.0,0.0,642.0,761.0,885.0,1013.0,0.0,1274.0,1400.0,1524.0,1655.0,0.0,765.0,889.0,1017.0,0.0,1277.0,1528.0,-4.0,-4.0,291.0,416.0,537.0,662.0,779.0,897.0,1036.0,1157.0,1289.0,1406.0,1532.0,1659.0,-4.0,-4.0,313.0,442.0,560.0,677.0,798.0,922.0,1054.0,1180.0,1314.0,1426.0,1568.0,1690.0,-4.0,-4.0,318.0,448.0,565.0,682.0,804.0,927.0,1061.0,1184.0,1319.0,1432.0,1575.0,1696.0,-4.0,-4.0,209.0,339.0,466.0,597.0,718.0,843.0,954.0,1073.0,1197.0,1336.0,1436.0,1579.0,-4.0,-4.0,252.0,379.0,503.0,614.0,735.0,860.0,979.0,1112.0,1242.0,1372.0,1491.0,1627.0,-4.0,-4.0,261.0,389.0,512.0,623.0,745.0,870.0,993.0,1121.0,1254.0,1383.0,1503.0,1637.0
1963.0,-4.0,-4.0,268.0,398.0,520.0,637.0,756.0,877.0,1002.0,1128.0,1263.0,1389.0,1509.0,-5.0,-4.0,-4.0,278.0,404.0,528.0,642.0,760.0,886.0,1014.0,1142.0,1274.0,1399.0,1524.0,-5.0,281.0,764.0,889.0,1017.0,1145.0,1277.0,1528.0,-4.0,-4.0,290.0,416.0,556.0,667.0,778.0,908.0,1028.0,1159.0,1286.0,1403.0,1531.0,-5.0,-4.0,-4.0,313.0,442.0,564.0,677.0,798.0,920.0,1054.0,1180.0,1314.0,1426.0,1568.0,-5.0,-4.0,-4.0,318.0,448.0,565.0,682.0,804.0,927.0,1061.0,1184.0,1319.0,1432.0,1575.0,-5.0,-4.0,-4.0,242.0,374.0,467.0,595.0,716.0,811.0,940.0,1070.0,1210.0,1322.0,1448.0,-5.0,-4.0,-4.0,252.0,387.0,504.0,617.0,735.0,857.0,979.0,1112.0,1244.0,1372.0,1490.0,-5.0,-4.0,-4.0,261.0,389.0,512.0,623.0,745.0,870.0,993.0,1121.0,1254.0,1383.0,1503.0,-5.0
1964.0,-4.0,-4.0,0.0,-5.0,522.0,632.0,0.0,879.0,-4.0,-4.0,-4.0,-4.0,-4.0,-4.0,-4.0,-4.0,0.0,-5.0,528.0,640.0,0.0,887.0,-4.0,-4.0,-4.0,-4.0,-4.0,-4.0,0.0,0.0,890.0,-4.0,-4.0,-4.0,-4.0,-4.0,-4.0,308.0,-5.0,557.0,666.0,779.0,899.0,-4.0,-4.0,-4.0,-4.0,-4.0,-4.0,-4.0,-4.0,313.0,-5.0,560.0,677.0,798.0,922.0,-4.0,-4.0,-4.0,-4.0,-4.0,-4.0,-4.0,-4.0,318.0,-5.0,565.0,682.0,804.0,927.0,-4.0,-4.0,-4.0,-4.0,-4.0,-4.0,-4.0,-4.0,244.0,-5.0,495.0,596.0,718.0,843.0,-4.0,-4.0,-4.0,-4.0,-4.0,-4.0,-4.0,-4.0,252.0,-5.0,503.0,614.0,735.0,860.0,-4.0,-4.0,-4.0,-4.0,-4.0,-4.0,-4.0,-4.0,261.0,-5.0,512.0,623.0,745.0,870.0,-4.0,-4.0,-4.0,-4.0,-4.0,-4.0
1965.0,-4.0,-4.0,267.0,395.0,520.0,632.0,753.0,877.0,1001.0,0.0,1259.0,-4.0,-4.0,-4.0,-4.0,-4.0,278.0,404.0,528.0,640.0,761.0,886.0,1013.0,0.0,1273.0,-4.0,-4.0,-4.0,281.0,765.0,889.0,1017.0,0.0,1277.0,-4.0,-4.0,-4.0,288.0,407.0,535.0,649.0,773.0,895.0,1030.0,0.0,1293.0,-4.0,-4.0,-4.0,-4.0,-4.0,312.0,441.0,559.0,676.0,800.0,921.0,1053.0,0.0,1315.0,-4.0,-4.0,-4.0,-4.0,-4.0,318.0,448.0,565.0,681.0,803.0,926.0,1060.0,0.0,1318.0,-4.0,-4.0,-4.0,-4.0,-4.0,206.0,335.0,461.0,578.0,692.0,813.0,944.0,1078.0,1206.0,-4.0,-4.0,-4.0,-4.0,-4.0,250.0,376.0,501.0,613.0,734.0,858.0,978.0,1114.0,1245.0,-4.0,-4.0,-4.0,-4.0,-4.0,260.0,388.0,511.0,622.0,744.0,869.0,992.0,1120.0,1253.0,-4.0,-4.0,-4.0
1966.0,-4.0,-4.0,272.0,0.0,525.0,635.0,753.0,875.0,1000.0,1128.0,1259.0,-4.0,-4.0,-4.0,-4.0,-4.0,280.0,0.0,527.0,641.0,761.0,885.0,1013.0,1142.0,1273.0,-4.0,-4.0,-4.0,282.0,765.0,889.0,1017.0,1145.0,1277.0,-4.0,-4.0,-4.0,297.0,423.0,544.0,659.0,785.0,906.0,1030.0,1160.0,1291.0,-4.0,-4.0,-4.0,-4.0,-4.0,314.0,443.0,562.0,678.0,801.0,923.0,1053.0,1178.0,1312.0,-4.0,-4.0,-4.0,-4.0,-4.0,319.0,449.0,566.0,681.0,803.0,926.0,1060.0,1184.0,1318.0,-4.0,-4.0,-4.0,-4.0,-4.0,221.0,346.0,477.0,587.0,709.0,832.0,944.0,1079.0,1196.0,-4.0,-4.0,-4.0,-4.0,-4.0,255.0,382.0,509.0,616.0,738.0,863.0,978.0,1114.0,1243.0,-4.0,-4.0,-4.0,-4.0,-4.0,262.0,390.0,515.0,624.0,746.0,871.0,992.0,1120.0,1253.0,-4.0,-4.0,-4.0
1967.0,-4.0,-4.0,0.0,399.0,0.0,0.0,0.0,0.0,-4.0,-4.0,-4.0,-4.0,-4.0,-4.0,-4.0,-4.0,0.0,403.0,0.0,0.0,0.0,0.0,-4.0,-4.0,-4.0,-4.0,-4.0,-4.0,0.0,0.0,0.0,-4.0,-4.0,-4.0,-4.0,-4.0,-4.0,0.0,417.0,545.0,658.0,785.0,906.0,-4.0,-4.0,-4.0,-4.0,-4.0,-4.0,-4.0,-4.0,0.0,443.0,562.0,678.0,801.0,923.0,-4.0,-4.0,-4.0,-4.0,-4.0,-4.0,-4.0,-4.0,0.0,449.0,566.0,681.0,803.0,926.0,-4.0,-4.0,-4.0,-4.0,-4.0,-4.0,-4.0,-4.0,198.0,344.0,479.0,589.0,710.0,833.0,-4.0,-4.0,-4.0,-4.0,-4.0,-4.0,-4.0,-4.0,249.0,382.0,509.0,616.0,736.0,863.0,-4.0,-4.0,-4.0,-4.0,-4.0,-4.0,-4.0,-4.0,260.0,390.0,515.0,624.0,746.0,871.0,-4.0,-4.0,-4.0,-4.0,-4.0,-4.0
1968.0,-4.0,-4.0,0.0,-3.0,523.0,-4.0,-4.0,-4.0,-4.0,-4.0,-4.0,-4.0,-4.0,-4.0,-4.0,-4.0,0.0,-3.0,529.0,-4.0,-4.0,-4.0,-4.0,-4.0,-4.0,-4.0,-4.0,-4.0,0.0,-4.0,-4.0,-4.0,-4.0,-4.0,-4.0,-4.0,-4.0,286.0,-3.0,545.0,-4.0,-4.0,-4.0,-4.0,-4.0,-4.0,-4.0,-4.0,-4.0,-4.0,-4.0,311.0,-3.0,562.0,-4.0,-4.0,-4.0,-4.0,-4.0,-4.0,-4.0,-4.0,-4.0,-4.0,-4.0,319.0,-3.0,566.0,-4.0,-4.0,-4.0,-4.0,-4.0,-4.0,-4.0,-4.0,-4.0,-4.0,-4.0,219.0,-3.0,479.0,-4.0,-4.0,-4.0,-4.0,-4.0,-4.0,-4.0,-4.0,-4.0,-4.0,-4.0,254.0,-3.0,509.0,-4.0,-4.0,-4.0,-4.0,-4.0,-4.0,-4.0,-4.0,-4.0,-4.0,-4.0,262.0,-3.0,515.0,-4.0,-4.0,-4.0,-4.0,-4.0,-4.0,-4.0,-4.0,-4.0
1969.0,-4.0,-4.0,0.0,0.0,0.0,-3.0,0.0,0.0,-4.0,-4.0,-4.0,-4.0,-4.0,-4.0,-4.0,-4.0,0.0,0.0,0.0,-3.0,0.0,0.0,-4.0,-4.0,-4.0,-4.0,-4.0,-4.0,0.0,0.0,0.0,-4.0,-4.0,-4.0,-4.0,-4.0,-4.0,0.0,0.0,0.0,-3.0,0.0,0.0,-4.0,-4.0,-4.0,-4.0,-4.0,-4.0,-4.0,-4.0,0.0,0.0,0.0,-3.0,0.0,0.0,-4.0,-4.0,-4.0,-4.0,-4.0,-4.0,-4.0,-4.0,0.0,0.0,0.0,-3.0,0.0,0.0,-4.0,-4.0,-4.0,-4.0,-4.0,-4.0,-4.0,-4.0,227.0,350.0,480.0,-3.0,702.0,826.0,-4.0,-4.0,-4.0,-4.0,-4.0,-4.0,-4.0,-4.0,257.0,383.0,508.0,-3.0,736.0,862.0,-4.0,-4.0,-4.0,-4.0,-4.0,-4.0,-4.0,-4.0,263.0,391.0,514.0,-3.0,746.0,871.0,-4.0,-4.0,-4.0,-4.0,-4.0,-4.0
1970.0,-4.0,-4.0,268.0,395.0,520.0,-4.0,-4.0,-4.0,-4.0,-4.0,-4.0,-4.0,-4.0,-4.0,-4.0,-4.0,278.0,404.0,528.0,-4.0,-4.0,-4.0,-4.0,-4.0,-4.0,-4.0,-4.0,-4.0,281.0,-4.0,-4.0,-4.0,-4.0,-4.0,-4.0,-4.0,-4.0,300.0,417.0,531.0,-4.0,-4.0,-4.0,-4.0,-4.0,-4.0,-4.0,-4.0,-4.0,-4.0,-4.0,315.0,443.0,559.0,-4.0,-4.0,-4.0,-4.0,-4.0,-4.0,-4.0,-4.0,-4.0,-4.0,-4.0,319.0,449.0,565.0,-4.0,-4.0,-4.0,-4.0,-4.0,-4.0,-4.0,-4.0,-4.0,-4.0,-4.0,227.0,350.0,480.0,-4.0,-4.0,-4.0,-4.0,-4.0,-4.0,-4.0,-4.0,-4.0,-4.0,-4.0,257.0,383.0,508.0,-4.0,-4.0,-4.0,-4.0,-4.0,-4.0,-4.0,-4.0,-4.0,-4.0,-4.0,263.0,391.0,514.0,-4.0,-4.0,-4.0,-4.0,-4.0,-4.0,-4.0,-4.0,-4.0
1971.0,-4.0,-4.0,268.0,395.0,520.0,-4.0,-4.0,-4.0,-4.0,-4.0,-4.0,-4.0,-4.0,-4.0,-4.0,-4.0,278.0,404.0,528.0,-4.0,-4.0,-4.0,-4.0,-4.0,-4.0,-4.0,-4.0,-4.0,281.0,-4.0,-4.0,-4.0,-4.0,-4.0,-4.0,-4.0,-4.0,300.0,417.0,531.0,-4.0,-4.0,-4.0,-4.0,-4.0,-4.0,-4.0,-4.0,-4.0,-4.0,-4.0,315.0,443.0,559.0,-4.0,-4.0,-4.0,-4.0,-4.0,-4.0,-4.0,-4.0,-4.0,-4.0,-4.0,319.0,449.0,565.0,-4.0,-4.0,-4.0,-4.0,-4.0,-4.0,-4.0,-4.0,-4.0,-4.0,-4.0,227.0,350.0,480.0,-4.0,-4.0,-4.0,-4.0,-4.0,-4.0,-4.0,-4.0,-4.0,-4.0,-4.0,257.0,383.0,508.0,-4.0,-4.0,-4.0,-4.0,-4.0,-4.0,-4.0,-4.0,-4.0,-4.0,-4.0,263.0,391.0,514.0,-4.0,-4.0,-4.0,-4.0,-4.0,-4.0,-4.0,-4.0,-4.0
1972.0,-4.0,-4.0,0.0,399.0,0.0,-4.0,-4.0,-4.0,-4.0,-4.0,-4.0,-4.0,-4.0,-4.0,-4.0,-4.0,0.0,403.0,0.0,-4.0,-4.0,-4.0,-4.0,-4.0,-4.0,-4.0,-4.0,-4.0,0.0,-4.0,-4.0,-4.0,-4.0,-4.0,-4.0,-4.0,-4.0,300.0,425.0,546.0,-4.0,-4.0,-4.0,-4.0,-4.0,-4.0,-4.0,-4.0,-4.0,-4.0,-4.0,315.0,445.0,563.0,-4.0,-4.0,-4.0,-4.0,-4.0,-4.0,-4.0,-4.0,-4.0,-4.0,-4.0,319.0,449.0,566.0,-4.0,-4.0,-4.0,-4.0,-4.0,-4.0,-4.0,-4.0,-4.0,-4.0,-4.0,223.0,350.0,475.0,-4.0,-4.0,-4.0,-4.0,-4.0,-4.0,-4.0,-4.0,-4.0,-4.0,-4.0,257.0,383.0,508.0,-4.0,-4.0,-4.0,-4.0,-4.0,-4.0,-4.0,-4.0,-4.0,-4.0,-4.0,263.0,391.0,514.0,-4.0,-4.0,-4.0,-4.0,-4.0,-4.0,-4.0,-4.0,-4.0
1973.0,-4.0,-4.0,274.0,400.0,526.0,-4.0,-4.0,-4.0,-4.0,-4.0,-4.0,-4.0,-4.0,-4.0,-4.0,-4.0,280.0,403.0,529.0,-4.0,-4.0,-4.0,-4.0,-4.0,-4.0,-4.0,-4.0,-4.0,282.0,-4.0,-4.0,-4.0,-4.0,-4.0,-4.0,-4.0,-4.0,302.0,425.0,549.0,-4.0,-4.0,-4.0,-4.0,-4.0,-4.0,-4.0,-4.0,-4.0,-4.0,-4.0,315.0,445.0,563.0,-4.0,-4.0,-4.0,-4.0,-4.0,-4.0,-4.0,-4.0,-4.0,-4.0,-4.0,319.0,449.0,566.0,-4.0,-4.0,-4.0,-4.0,-4.0,-4.0,-4.0,-4.0,-4.0,-4.0,-4.0,223.0,354.0,482.0,-4.0,-4.0,-4.0,-4.0,-4.0,-4.0,-4.0,-4.0,-4.0,-4.0,-4.0,257.0,383.0,508.0,-4.0,-4.0,-4.0,-4.0,-4.0,-4.0,-4.0,-4.0,-4.0,-4.0,-4.0,263.0,391.0,514.0,-4.0,-4.0,-4.0,-4.0,-4.0,-4.0,-4.0,-4.0,-4.0
1974.0,-4.0,-4.0,-3.0,-3.0,0.0,-4.0,-4.0,-4.0,-4.0,-4.0,-4.0,-4.0,-4.0,-4.0,-4.0,-4.0,-3.0,-3.0,0.0,-4.0,-4.0,-4.0,-4.0,-4.0,-4.0,-4.0,-4.0,-4.0,-3.0,-4.0,-4.0,-4.0,-4.0,-4.0,-4.0,-4.0,-4.0,-3.0,-3.0,0.0,-4.0,-4.0,-4.0,-4.0,-4.0,-4.0,-4.0,-4.0,-4.0,-4.0,-4.0,-3.0,-3.0,0.0,-4.0,-4.0,-4.0,-4.0,-4.0,-4.0,-4.0,-4.0,-4.0,-4.0,-4.0,-3.0,-3.0,0.0,-4.0,-4.0,-4.0,-4.0,-4.0,-4.0,-4.0,-4.0,-4.0,-4.0,-4.0,-3.0,-3.0,486.0,-4.0,-4.0,-4.0,-4.0,-4.0,-4.0,-4.0,-4.0,-4.0,-4.0,-4.0,-3.0,-3.0,510.0,-4.0,-4.0,-4.0,-4.0,-4.0,-4.0,-4.0,-4.0,-4.0,-4.0,-4.0,-3.0,-3.0,514.0,-4.0,-4.0,-4.0,-4.0,-4.0,-4.0,-4.0,-4.0,-4.0
1975.0,-4.0,-4.0,0.0,0.0,526.0,-4.0,-4.0,-4.0,-4.0,-4.0,-4.0,-4.0,-4.0,-4.0,-4.0,-4.0,0.0,0.0,529.0,-4.0,-4.0,-4.0,-4.0,-4.0,-4.0,-4.0,-4.0,-4.0,0.0,-4.0,-4.0,-4.0,-4.0,-4.0,-4.0,-4.0,-4.0,300.0,425.0,549.0,-4.0,-4.0,-4.0,-4.0,-4.0,-4.0,-4.0,-4.0,-4.0,-4.0,-4.0,315.0,445.0,563.0,-4.0,-4.0,-4.0,-4.0,-4.0,-4.0,-4.0,-4.0,-4.0,-4.0,-4.0,319.0,449.0,566.0,-4.0,-4.0,-4.0,-4.0,-4.0,-4.0,-4.0,-4.0,-4.0,-4.0,-4.0,227.0,354.0,482.0,-4.0,-4.0,-4.0,-4.0,-4.0,-4.0,-4.0,-4.0,-4.0,-4.0,-4.0,257.0,383.0,508.0,-4.0,-4.0,-4.0,-4.0,-4.0,-4.0,-4.0,-4.0,-4.0,-4.0,-4.0,263.0,391.0,514.0,-4.0,-4.0,-4.0,-4.0,-4.0,-4.0,-4.0,-4.0,-4.0
1976.0,-4.0,-4.0,276.0,-3.0,0.0,-4.0,-4.0,-4.0,-4.0,-4.0,-4.0,-4.0,-4.0,-4.0,-4.0,-4.0,279.0,-3.0,0.0,-4.0,-4.0,-4.0,-4.0,-4.0,-4.0,-4.0,-4.0,-4.0,282.0,-4.0,-4.0,-4.0,-4.0,-4.0,-4.0,-4.0,-4.0,299.0,-3.0,546.0,-4.0,-4.0,-4.0,-4.0,-4.0,-4.0,-4.0,-4.0,-4.0,-4.0,-4.0,316.0,-3.0,563.0,-4.0,-4.0,-4.0,-4.0,-4.0,-4.0,-4.0,-4.0,-4.0,-4.0,-4.0,319.0,-3.0,566.0,-4.0,-4.0,-4.0,-4.0,-4.0,-4.0,-4.0,-4.0,-4.0,-4.0,-4.0,231.0,-3.0,486.0,-4.0,-4.0,-4.0,-4.0,-4.0,-4.0,-4.0,-4.0,-4.0,-4.0,-4.0,256.0,-3.0,510.0,-4.0,-4.0,-4.0,-4.0,-4.0,-4.0,-4.0,-4.0,-4.0,-4.0,-4.0,263.0,-3.0,514.0,-4.0,-4.0,-4.0,-4.0,-4.0,-4.0,-4.0,-4.0,-4.0
1977.0,-4.0,-4.0,0.0,-3.0,0.0,-4.0,-4.0,-4.0,-4.0,-4.0,-4.0,-4.0,-4.0,-4.0,-4.0,-4.0,0.0,-3.0,0.0,-4.0,-4.0,-4.0,-4.0,-4.0,-4.0,-4.0,-4.0,-4.0,0.0,-4.0,-4.0,-4.0,-4.0,-4.0,-4.0,-4.0,-4.0,300.0,-3.0,0.0,-4.0,-4.0,-4.0,-4.0,-4.0,-4.0,-4.0,-4.0,-4.0,-4.0,-4.0,315.0,-3.0,0.0,-4.0,-4.0,-4.0,-4.0,-4.0,-4.0,-4.0,-4.0,-4.0,-4.0,-4.0,319.0,-3.0,0.0,-4.0,-4.0,-4.0,-4.0,-4.0,-4.0,-4.0,-4.0,-4.0,-4.0,-4.0,231.0,-3.0,486.0,-4.0,-4.0,-4.0,-4.0,-4.0,-4.0,-4.0,-4.0,-4.0,-4.0,-4.0,256.0,-3.0,510.0,-4.0,-4.0,-4.0,-4.0,-4.0,-4.0,-4.0,-4.0,-4.0,-4.0,-4.0,263.0,-3.0,514.0,-4.0,-4.0,-4.0,-4.0,-4.0,-4.0,-4.0,-4.0,-4.0
1978.0,-4.0,-4.0,0.0,395.0,519.0,-4.0,-4.0,-4.0,-4.0,-4.0,-4.0,-4.0,-4.0,-4.0,-4.0,-4.0,0.0,404.0,527.0,-4.0,-4.0,-4.0,-4.0,-4.0,-4.0,-4.0,-4.0,-4.0,0.0,-4.0,-4.0,-4.0,-4.0,-4.0,-4.0,-4.0,-4.0,299.0,430.0,550.0,-4.0,-4.0,-4.0,-4.0,-4.0,-4.0,-4.0,-4.0,-4.0,-4.0,-4.0,316.0,446.0,563.0,-4.0,-4.0,-4.0,-4.0,-4.0,-4.0,-4.0,-4.0,-4.0,-4.0,-4.0,319.0,449.0,566.0,-4.0,-4.0,-4.0,-4.0,-4.0,-4.0,-4.0,-4.0,-4.0,-4.0,-4.0,231.0,358.0,486.0,-4.0,-4.0,-4.0,-4.0,-4.0,-4.0,-4.0,-4.0,-4.0,-4.0,-4.0,256.0,385.0,510.0,-4.0,-4.0,-4.0,-4.0,-4.0,-4.0,-4.0,-4.0,-4.0,-4.0,-4.0,263.0,391.0,514.0,-4.0,-4.0,-4.0,-4.0,-4.0,-4.0,-4.0,-4.0,-4.0
1979.0,-4.0,-4.0,0.0,399.0,0.0,0.0,753.0,0.0,-4.0,-4.0,-4.0,-4.0,-4.0,-4.0,-4.0,-4.0,0.0,403.0,0.0,0.0,761.0,0.0,-4.0,-4.0,-4.0,-4.0,-4.0,-4.0,0.0,765.0,0.0,-4.0,-4.0,-4.0,-4.0,-4.0,-4.0,299.0,430.0,0.0,658.0,786.0,906.0,-4.0,-4.0,-4.0,-4.0,-4.0,-4.0,-4.0,-4.0,316.0,446.0,0.0,678.0,801.0,923.0,-4.0,-4.0,-4.0,-4.0,-4.0,-4.0,-4.0,-4.0,319.0,449.0,0.0,681.0,803.0,926.0,-4.0,-4.0,-4.0,-4.0,-4.0,-4.0,-4.0,-4.0,231.0,358.0,486.0,586.0,710.0,828.0,-4.0,-4.0,-4.0,-4.0,-4.0,-4.0,-4.0,-4.0,256.0,385.0,510.0,616.0,736.0,863.0,-4.0,-4.0,-4.0,-4.0,-4.0,-4.0,-4.0,-4.0,263.0,391.0,514.0,624.0,746.0,871.0,-4.0,-4.0,-4.0,-4.0,-4.0,-4.0
1980.0,-4.0,-4.0,276.0,399.0,520.0,-4.0,-4.0,-4.0,-4.0,-4.0,-4.0,-4.0,-4.0,-4.0,-4.0,-4.0,279.0,403.0,528.0,-4.0,-4.0,-4.0,-4.0,-4.0,-4.0,-4.0,-4.0,-4.0,282.0,-4.0,-4.0,-4.0,-4.0,-4.0,-4.0,-4.0,-4.0,299.0,430.0,546.0,-4.0,-4.0,-4.0,-4.0,-4.0,-4.0,-4.0,-4.0,-4.0,-4.0,-4.0,316.0,446.0,563.0,-4.0,-4.0,-4.0,-4.0,-4.0,-4.0,-4.0,-4.0,-4.0,-4.0,-4.0,319.0,449.0,566.0,-4.0,-4.0,-4.0,-4.0,-4.0,-4.0,-4.0,-4.0,-4.0,-4.0,-4.0,229.0,358.0,486.0,-4.0,-4.0,-4.0,-4.0,-4.0,-4.0,-4.0,-4.0,-4.0,-4.0,-4.0,256.0,385.0,510.0,-4.0,-4.0,-4.0,-4.0,-4.0,-4.0,-4.0,-4.0,-4.0,-4.0,-4.0,263.0,391.0,514.0,-4.0,-4.0,-4.0,-4.0,-4.0,-4.0,-4.0,-4.0,-4.0
1981.0,-4.0,-4.0,276.0,399.0,0.0,0.0,-3.0,-3.0,-4.0,-4.0,-4.0,-4.0,-4.0,-4.0,-4.0,-4.0,279.0,403.0,0.0,0.0,-3.0,-3.0,-4.0,-4.0,-4.0,-4.0,-4.0,-4.0,282.0,-3.0,-3.0,-4.0,-4.0,-4.0,-4.0,-4.0,-4.0,299.0,430.0,0.0,658.0,-3.0,-3.0,-4.0,-4.0,-4.0,-4.0,-4.0,-4.0,-4.0,-4.0,316.0,446.0,0.0,678.0,-3.0,-3.0,-4.0,-4.0,-4.0,-4.0,-4.0,-4.0,-4.0,-4.0,319.0,449.0,0.0,681.0,-3.0,-3.0,-4.0,-4.0,-4.0,-4.0,-4.0,-4.0,-4.0,-4.0,231.0,358.0,486.0,586.0,-3.0,-3.0,-4.0,-4.0,-4.0,-4.0,-4.0,-4.0,-4.0,-4.0,256.0,385.0,510.0,616.0,-3.0,-3.0,-4.0,-4.0,-4.0,-4.0,-4.0,-4.0,-4.0,-4.0,263.0,391.0,514.0,624.0,-3.0,-3.0,-4.0,-4.0,-4.0,-4.0,-4.0,-4.0
1982.0,-4.0,-4.0,-3.0,-3.0,0.0,-4.0,-4.0,-4.0,-4.0,-4.0,-4.0,-4.0,-4.0,-4.0,-4.0,-4.0,-3.0,-3.0,0.0,-4.0,-4.0,-4.0,-4.0,-4.0,-4.0,-4.0,-4.0,-4.0,-3.0,-4.0,-4.0,-4.0,-4.0,-4.0,-4.0,-4.0,-4.0,-3.0,-3.0,0.0,-4.0,-4.0,-4.0,-4.0,-4.0,-4.0,-4.0,-4.0,-4.0,-4.0,-4.0,-3.0,-3.0,0.0,-4.0,-4.0,-4.0,-4.0,-4.0,-4.0,-4.0,-4.0,-4.0,-4.0,-4.0,-3.0,-3.0,0.0,-4.0,-4.0,-4.0,-4.0,-4.0,-4.0,-4.0,-4.0,-4.0,-4.0,-4.0,-3.0,-3.0,486.0,-4.0,-4.0,-4.0,-4.0,-4.0,-4.0,-4.0,-4.0,-4.0,-4.0,-4.0,-3.0,-3.0,510.0,-4.0,-4.0,-4.0,-4.0,-4.0,-4.0,-4.0,-4.0,-4.0,-4.0,-4.0,-3.0,-3.0,514.0,-4.0,-4.0,-4.0,-4.0,-4.0,-4.0,-4.0,-4.0,-4.0
1983.0,-4.0,-4.0,276.0,-3.0,0.0,-4.0,-4.0,-4.0,-4.0,-4.0,-4.0,-4.0,-4.0,-4.0,-4.0,-4.0,279.0,-3.0,0.0,-4.0,-4.0,-4.0,-4.0,-4.0,-4.0,-4.0,-4.0,-4.0,282.0,-4.0,-4.0,-4.0,-4.0,-4.0,-4.0,-4.0,-4.0,299.0,-3.0,546.0,-4.0,-4.0,-4.0,-4.0,-4.0,-4.0,-4.0,-4.0,-4.0,-4.0,-4.0,316.0,-3.0,563.0,-4.0,-4.0,-4.0,-4.0,-4.0,-4.0,-4.0,-4.0,-4.0,-4.0,-4.0,319.0,-3.0,566.0,-4.0,-4.0,-4.0,-4.0,-4.0,-4.0,-4.0,-4.0,-4.0,-4.0,-4.0,231.0,-3.0,486.0,-4.0,-4.0,-4.0,-4.0,-4.0,-4.0,-4.0,-4.0,-4.0,-4.0,-4.0,256.0,-3.0,510.0,-4.0,-4.0,-4.0,-4.0,-4.0,-4.0,-4.0,-4.0,-4.0,-4.0,-4.0,263.0,-3.0,514.0,-4.0,-4.0,-4.0,-4.0,-4.0,-4.0,-4.0,-4.0,-4.0
1984.0,-4.0,-4.0,268.0,399.0,520.0,-4.0,-4.0,-4.0,-4.0,-4.0,-4.0,-4.0,-4.0,-4.0,-4.0,-4.0,278.0,403.0,528.0,-4.0,-4.0,-4.0,-4.0,-4.0,-4.0,-4.0,-4.0,-4.0,281.0,-4.0,-4.0,-4.0,-4.0,-4.0,-4.0,-4.0,-4.0,299.0,430.0,546.0,-4.0,-4.0,-4.0,-4.0,-4.0,-4.0,-4.0,-4.0,-4.0,-4.0,-4.0,316.0,446.0,563.0,-4.0,-4.0,-4.0,-4.0,-4.0,-4.0,-4.0,-4.0,-4.0,-4.0,-4.0,319.0,449.0,566.0,-4.0,-4.0,-4.0,-4.0,-4.0,-4.0,-4.0,-4.0,-4.0,-4.0,-4.0,231.0,357.0,486.0,-4.0,-4.0,-4.0,-4.0,-4.0,-4.0,-4.0,-4.0,-4.0,-4.0,-4.0,256.0,385.0,510.0,-4.0,-4.0,-4.0,-4.0,-4.0,-4.0,-4.0,-4.0,-4.0,-4.0,-4.0,263.0,391.0,514.0,-4.0,-4.0,-4.0,-4.0,-4.0,-4.0,-4.0,-4.0,-4.0
1985.0,-4.0,-4.0,268.0,0.0,0.0,-4.0,-4.0,-4.0,-4.0,-4.0,-4.0,-4.0,-4.0,-4.0,-4.0,-4.0,278.0,0.0,0.0,-4.0,-4.0,-4.0,-4.0,-4.0,-4.0,-4.0,-4.0,-4.0,281.0,-4.0,-4.0,-4.0,-4.0,-4.0,-4.0,-4.0,-4.0,299.0,429.0,551.0,-4.0,-4.0,-4.0,-4.0,-4.0,-4.0,-4.0,-4.0,-4.0,-4.0,-4.0,316.0,446.0,563.0,-4.0,-4.0,-4.0,-4.0,-4.0,-4.0,-4.0,-4.0,-4.0,-4.0,-4.0,319.0,449.0,566.0,-4.0,-4.0,-4.0,-4.0,-4.0,-4.0,-4.0,-4.0,-4.0,-4.0,-4.0,232.0,357.0,485.0,-4.0,-4.0,-4.0,-4.0,-4.0,-4.0,-4.0,-4.0,-4.0,-4.0,-4.0,256.0,385.0,510.0,-4.0,-4.0,-4.0,-4.0,-4.0,-4.0,-4.0,-4.0,-4.0,-4.0,-4.0,263.0,391.0,514.0,-4.0,-4.0,-4.0,-4.0,-4.0,-4.0,-4.0,-4.0,-4.0
1986.0,-4.0,-4.0,268.0,-3.0,523.0,-4.0,-4.0,-4.0,-4.0,-4.0,-4.0,-4.0,-4.0,-4.0,-4.0,-4.0,278.0,-3.0,529.0,-4.0,-4.0,-4.0,-4.0,-4.0,-4.0,-4.0,-4.0,-4.0,281.0,-4.0,-4.0,-4.0,-4.0,-4.0,-4.0,-4.0,-4.0,299.0,-3.0,551.0,-4.0,-4.0,-4.0,-4.0,-4.0,-4.0,-4.0,-4.0,-4.0,-4.0,-4.0,316.0,-3.0,563.0,-4.0,-4.0,-4.0,-4.0,-4.0,-4.0,-4.0,-4.0,-4.0,-4.0,-4.0,319.0,-3.0,566.0,-4.0,-4.0,-4.0,-4.0,-4.0,-4.0,-4.0,-4.0,-4.0,-4.0,-4.0,232.0,-3.0,487.0,-4.0,-4.0,-4.0,-4.0,-4.0,-4.0,-4.0,-4.0,-4.0,-4.0,-4.0,256.0,-3.0,510.0,-4.0,-4.0,-4.0,-4.0,-4.0,-4.0,-4.0,-4.0,-4.0,-4.0,-4.0,263.0,-3.0,514.0,-4.0,-4.0,-4.0,-4.0,-4.0,-4.0,-4.0,-4.0,-4.0
11546.0,-4.0,-4.0,-4.0,-4.0,-4.0,0.0,757.0,-3.0,-5.0,-3.0,1265.0,-5.0,1517.0,-3.0,-4.0,-4.0,-4.0,-4.0,-4.0,0.0,763.0,-3.0,-5.0,-3.0,1275.0,-5.0,1527.0,-3.0,-4.0,764.0,-3.0,-5.0,-3.0,1278.0,1528.0,-4.0,-4.0,-4.0,-4.0,-4.0,670.0,793.0,-3.0,-5.0,-3.0,1305.0,-5.0,1544.0,-3.0,-4.0,-4.0,-4.0,-4.0,-4.0,680.0,802.0,-3.0,-5.0,-3.0,1317.0,-5.0,1571.0,-3.0,-4.0,-4.0,-4.0,-4.0,-4.0,682.0,804.0,-3.0,-5.0,-3.0,1320.0,-5.0,1576.0,-3.0,-4.0,-4.0,-4.0,-4.0,-4.0,600.0,724.0,-3.0,-5.0,-3.0,1219.0,-5.0,1450.0,-3.0,-4.0,-4.0,-4.0,-4.0,-4.0,619.0,740.0,-3.0,-5.0,-3.0,1250.0,-5.0,1496.0,-3.0,-4.0,-4.0,-4.0,-4.0,-4.0,625.0,747.0,-3.0,-5.0,-3.0,1256.0,-5.0,1505.0,-3.0
11547.0,-4.0,-4.0,-4.0,-4.0,-4.0,638.0,-3.0,-3.0,1004.0,1133.0,-3.0,1393.0,1513.0,1647.0,-4.0,-4.0,-4.0,-4.0,-4.0,642.0,-3.0,-3.0,1015.0,1144.0,-3.0,1400.0,1526.0,1656.0,-4.0,-3.0,-3.0,1018.0,1146.0,-3.0,1529.0,-4.0,-4.0,-4.0,-4.0,-4.0,671.0,-3.0,-3.0,1029.0,1163.0,-3.0,1412.0,1545.0,1663.0,-4.0,-4.0,-4.0,-4.0,-4.0,680.0,-3.0,-3.0,1056.0,1181.0,-3.0,1427.0,1570.0,1692.0,-4.0,-4.0,-4.0,-4.0,-4.0,682.0,-3.0,-3.0,1062.0,1185.0,-3.0,1433.0,1576.0,1697.0,-4.0,-4.0,-4.0,-4.0,-4.0,601.0,-3.0,-3.0,952.0,1082.0,-3.0,1340.0,1453.0,1586.0,-4.0,-4.0,-4.0,-4.0,-4.0,620.0,-3.0,-3.0,984.0,1115.0,-3.0,1374.0,1493.0,1629.0,-4.0,-4.0,-4.0,-4.0,-4.0,625.0,-3.0,-3.0,994.0,1122.0,-3.0,1384.0,1504.0,1638.0
11548.0,-4.0,-4.0,-4.0,-4.0,-4.0,-5.0,757.0,884.0,-5.0,-5.0,0.0,-4.0,-4.0,-4.0,-4.0,-4.0,-4.0,-4.0,-4.0,-5.0,763.0,887.0,-5.0,-5.0,0.0,-4.0,-4.0,-4.0,-4.0,764.0,890.0,-5.0,-5.0,0.0,-4.0,-4.0,-4.0,-4.0,-4.0,-4.0,-5.0,793.0,914.0,-5.0,-5.0,0.0,-4.0,-4.0,-4.0,-4.0,-4.0,-4.0,-4.0,-4.0,-5.0,802.0,924.0,-5.0,-5.0,0.0,-4.0,-4.0,-4.0,-4.0,-4.0,-4.0,-4.0,-4.0,-5.0,804.0,927.0,-5.0,-5.0,0.0,-4.0,-4.0,-4.0,-4.0,-4.0,-4.0,-4.0,-4.0,-5.0,724.0,848.0,-5.0,-5.0,1221.0,-4.0,-4.0,-4.0,-4.0,-4.0,-4.0,-4.0,-4.0,-5.0,740.0,866.0,-5.0,-5.0,1249.0,-4.0,-4.0,-4.0,-4.0,-4.0,-4.0,-4.0,-4.0,-5.0,747.0,872.0,-5.0,-5.0,1255.0,-4.0,-4.0,-4.0
11549.0,-4.0,-4.0,-4.0,-4.0,-4.0,-5.0,-5.0,880.0,0.0,1136.0,1268.0,1393.0,1515.0,1647.0,-4.0,-4.0,-4.0,-4.0,-4.0,-5.0,-5.0,888.0,0.0,1144.0,1276.0,1400.0,1526.0,1656.0,-4.0,-5.0,890.0,0.0,1146.0,1278.0,1529.0,-4.0,-4.0,-4.0,-4.0,-4.0,-5.0,-5.0,915.0,0.0,1167.0,1302.0,1410.0,1540.0,1672.0,-4.0,-4.0,-4.0,-4.0,-4.0,-5.0,-5.0,925.0,0.0,1181.0,1316.0,1427.0,1570.0,1692.0,-4.0,-4.0,-4.0,-4.0,-4.0,-5.0,-5.0,927.0,0.0,1185.0,1320.0,1433.0,1576.0,1697.0,-4.0,-4.0,-4.0,-4.0,-4.0,-5.0,-5.0,849.0,951.0,1091.0,1214.0,1341.0,1452.0,1595.0,-4.0,-4.0,-4.0,-4.0,-4.0,-5.0,-5.0,866.0,982.0,1116.0,1248.0,1375.0,1494.0,1630.0,-4.0,-4.0,-4.0,-4.0,-4.0,-5.0,-5.0,872.0,994.0,1122.0,1255.0,1384.0,1504.0,1638.0
11550.0,-4.0,-4.0,-4.0,-4.0,-4.0,638.0,757.0,880.0,1007.0,1135.0,1270.0,1393.0,1518.0,1644.0,-4.0,-4.0,-4.0,-4.0,-4.0,642.0,763.0,888.0,1015.0,1144.0,1276.0,1400.0,1525.0,1655.0,-4.0,764.0,890.0,1018.0,1146.0,1278.0,1529.0,-4.0,-4.0,-4.0,-4.0,-4.0,671.0,793.0,914.0,1037.0,1168.0,1303.0,1405.0,1546.0,1673.0,-4.0,-4.0,-4.0,-4.0,-4.0,680.0,802.0,924.0,1057.0,1181.0,1316.0,1427.0,1570.0,1692.0,-4.0,-4.0,-4.0,-4.0,-4.0,682.0,804.0,927.0,1062.0,1185.0,1320.0,1433.0,1576.0,1697.0,-4.0,-4.0,-4.0,-4.0,-4.0,601.0,724.0,850.0,957.0,1089.0,1222.0,1342.0,1454.0,1596.0,-4.0,-4.0,-4.0,-4.0,-4.0,620.0,740.0,866.0,984.0,1115.0,1247.0,1374.0,1493.0,1629.0,-4.0,-4.0,-4.0,-4.0,-4.0,625.0,747.0,872.0,994.0,1122.0,1255.0,1384.0,1504.0,1638.0
11551.0,-4.0,-4.0,-4.0,-4.0,-4.0,629.0,757.0,880.0,1007.0,1135.0,1270.0,1393.0,1518.0,1649.0,-4.0,-4.0,-4.0,-4.0,-4.0,641.0,763.0,888.0,1015.0,1144.0,1276.0,1400.0,1525.0,1656.0,-4.0,764.0,890.0,1018.0,1146.0,1278.0,1529.0,-4.0,-4.0,-4.0,-4.0,-4.0,671.0,793.0,914.0,1037.0,1168.0,1303.0,1405.0,1546.0,1673.0,-4.0,-4.0,-4.0,-4.0,-4.0,680.0,802.0,924.0,1057.0,1181.0,1316.0,1427.0,1570.0,1692.0,-4.0,-4.0,-4.0,-4.0,-4.0,682.0,804.0,927.0,1062.0,1185.0,1320.0,1433.0,1576.0,1697.0,-4.0,-4.0,-4.0,-4.0,-4.0,601.0,724.0,850.0,957.0,1089.0,1222.0,1342.0,1454.0,1596.0,-4.0,-4.0,-4.0,-4.0,-4.0,620.0,740.0,866.0,984.0,1115.0,1247.0,1374.0,1493.0,1629.0,-4.0,-4.0,-4.0,-4.0,-4.0,625.0,747.0,872.0,994.0,1122.0,1255.0,1384.0,1504.0,1638.0
11552.0,-4.0,-4.0,-4.0,-4.0,-4.0,0.0,757.0,-3.0,1008.0,0.0,-3.0,-3.0,1512.0,-3.0,-4.0,-4.0,-4.0,-4.0,-4.0,0.0,763.0,-3.0,1016.0,0.0,-3.0,-3.0,1525.0,-3.0,-4.0,764.0,-3.0,1018.0,0.0,-3.0,1529.0,-4.0,-4.0,-4.0,-4.0,-4.0,670.0,793.0,-3.0,1038.0,0.0,-3.0,-3.0,1547.0,-3.0,-4.0,-4.0,-4.0,-4.0,-4.0,680.0,802.0,-3.0,1058.0,0.0,-3.0,-3.0,1571.0,-3.0,-4.0,-4.0,-4.0,-4.0,-4.0,682.0,804.0,-3.0,1062.0,0.0,-3.0,-3.0,1576.0,-3.0,-4.0,-4.0,-4.0,-4.0,-4.0,600.0,724.0,-3.0,958.0,1092.0,-3.0,-3.0,1455.0,-3.0,-4.0,-4.0,-4.0,-4.0,-4.0,619.0,740.0,-3.0,987.0,1117.0,-3.0,-3.0,1497.0,-3.0,-4.0,-4.0,-4.0,-4.0,-4.0,625.0,747.0,-3.0,995.0,1123.0,-3.0,-3.0,1505.0,-3.0
11553.0,-4.0,-4.0,-4.0,-4.0,-4.0,629.0,757.0,880.0,1007.0,-5.0,-3.0,-3.0,-3.0,1649.0,-4.0,-4.0,-4.0,-4.0,-4.0,641.0,763.0,888.0,1015.0,-5.0,-3.0,-3.0,-3.0,1656.0,-4.0,764.0,890.0,1018.0,-5.0,-3.0,-3.0,-4.0,-4.0,-4.0,-4.0,-4.0,671.0,793.0,914.0,1037.0,-5.0,-3.0,-3.0,-3.0,1673.0,-4.0,-4.0,-4.0,-4.0,-4.0,680.0,802.0,924.0,1057.0,-5.0,-3.0,-3.0,-3.0,1692.0,-4.0,-4.0,-4.0,-4.0,-4.0,682.0,804.0,927.0,1062.0,-5.0,-3.0,-3.0,-3.0,1697.0,-4.0,-4.0,-4.0,-4.0,-4.0,601.0,724.0,850.0,957.0,-5.0,-3.0,-3.0,-3.0,1596.0,-4.0,-4.0,-4.0,-4.0,-4.0,620.0,740.0,866.0,984.0,-5.0,-3.0,-3.0,-3.0,1629.0,-4.0,-4.0,-4.0,-4.0,-4.0,625.0,747.0,872.0,994.0,-5.0,-3.0,-3.0,-3.0,1638.0
11554.0,-4.0,-4.0,-4.0,-4.0,-4.0,637.0,757.0,884.0,1004.0,1133.0,1269.0,1393.0,1513.0,1647.0,-4.0,-4.0,-4.0,-4.0,-4.0,642.0,763.0,887.0,1015.0,1144.0,1276.0,1400.0,1526.0,1656.0,-4.0,764.0,890.0,1018.0,1146.0,1278.0,1529.0,-4.0,-4.0,-4.0,-4.0,-4.0,671.0,794.0,911.0,1029.0,1164.0,1298.0,1405.0,1548.0,1663.0,-4.0,-4.0,-4.0,-4.0,-4.0,680.0,802.0,924.0,1056.0,1181.0,1316.0,1427.0,1570.0,1692.0,-4.0,-4.0,-4.0,-4.0,-4.0,682.0,804.0,927.0,1062.0,1185.0,1320.0,1433.0,1576.0,1697.0,-4.0,-4.0,-4.0,-4.0,-4.0,601.0,724.0,838.0,952.0,1083.0,1216.0,1342.0,1442.0,1586.0,-4.0,-4.0,-4.0,-4.0,-4.0,620.0,740.0,866.0,984.0,1115.0,1247.0,1374.0,1493.0,1629.0,-4.0,-4.0,-4.0,-4.0,-4.0,625.0,747.0,872.0,994.0,1122.0,1255.0,1384.0,1504.0,1638.0
11555.0,-4.0,-4.0,-4.0,-4.0,-4.0,637.0,757.0,884.0,1000.0,1133.0,1269.0,1393.0,1513.0,1647.0,-4.0,-4.0,-4.0,-4.0,-4.0,642.0,763.0,887.0,1013.0,1144.0,1276.0,1400.0,1526.0,1656.0,-4.0,764.0,890.0,1017.0,1146.0,1278.0,1529.0,-4.0,-4.0,-4.0,-4.0,-4.0,671.0,793.0,914.0,1029.0,1164.0,1298.0,1405.0,1545.0,1663.0,-4.0,-4.0,-4.0,-4.0,-4.0,680.0,802.0,924.0,1056.0,1181.0,1316.0,1427.0,1570.0,1692.0,-4.0,-4.0,-4.0,-4.0,-4.0,682.0,804.0,927.0,1062.0,1185.0,1320.0,1433.0,1576.0,1697.0,-4.0,-4.0,-4.0,-4.0,-4.0,601.0,724.0,848.0,952.0,1083.0,1216.0,1342.0,1453.0,1586.0,-4.0,-4.0,-4.0,-4.0,-4.0,620.0,740.0,866.0,984.0,1115.0,1247.0,1374.0,1493.0,1629.0,-4.0,-4.0,-4.0,-4.0,-4.0,625.0,747.0,872.0,994.0,1122.0,1255.0,1384.0,1504.0,1638.0
11556.0,-4.0,-4.0,-4.0,-4.0,-4.0,638.0,0.0,875.0,0.0,-3.0,1268.0,1394.0,0.0,1650.0,-4.0,-4.0,-4.0,-4.0,-4.0,642.0,0.0,885.0,0.0,-3.0,1276.0,1401.0,0.0,1657.0,-4.0,0.0,889.0,0.0,-3.0,1278.0,0.0,-4.0,-4.0,-4.0,-4.0,-4.0,671.0,793.0,914.0,1035.0,-3.0,1299.0,1411.0,1544.0,1674.0,-4.0,-4.0,-4.0,-4.0,-4.0,680.0,802.0,924.0,1056.0,-3.0,1316.0,1428.0,1571.0,1693.0,-4.0,-4.0,-4.0,-4.0,-4.0,682.0,804.0,927.0,1062.0,-3.0,1320.0,1433.0,1576.0,1697.0,-4.0,-4.0,-4.0,-4.0,-4.0,601.0,724.0,848.0,959.0,-3.0,1221.0,1343.0,1456.0,1597.0,-4.0,-4.0,-4.0,-4.0,-4.0,620.0,740.0,866.0,985.0,-3.0,1249.0,1377.0,1496.0,1631.0,-4.0,-4.0,-4.0,-4.0,-4.0,625.0,747.0,872.0,994.0,-3.0,1255.0,1385.0,1505.0,1639.0
11557.0,-4.0,-4.0,-4.0,-4.0,-4.0,638.0,757.0,884.0,-5.0,-5.0,1268.0,1393.0,1515.0,-3.0,-4.0,-4.0,-4.0,-4.0,-4.0,642.0,763.0,887.0,-5.0,-5.0,1276.0,1400.0,1526.0,-3.0,-4.0,764.0,890.0,-5.0,-5.0,1278.0,1529.0,-4.0,-4.0,-4.0,-4.0,-4.0,672.0,793.0,915.0,-5.0,-5.0,1304.0,1410.0,1549.0,-3.0,-4.0,-4.0,-4.0,-4.0,-4.0,680.0,802.0,925.0,-5.0,-5.0,1316.0,1427.0,1570.0,-3.0,-4.0,-4.0,-4.0,-4.0,-4.0,682.0,804.0,927.0,-5.0,-5.0,1320.0,1433.0,1576.0,-3.0,-4.0,-4.0,-4.0,-4.0,-4.0,600.0,725.0,849.0,-5.0,-5.0,1213.0,1333.0,1446.0,-3.0,-4.0,-4.0,-4.0,-4.0,-4.0,619.0,742.0,866.0,-5.0,-5.0,1248.0,1375.0,1494.0,-3.0,-4.0,-4.0,-4.0,-4.0,-4.0,625.0,747.0,872.0,-5.0,-5.0,1255.0,1384.0,1504.0,-3.0
11558.0,-4.0,-4.0,-4.0,-4.0,-4.0,638.0,757.0,-5.0,-5.0,1137.0,1271.0,-4.0,-4.0,-4.0,-4.0,-4.0,-4.0,-4.0,-4.0,642.0,763.0,-5.0,-5.0,1143.0,1276.0,-4.0,-4.0,-4.0,-4.0,764.0,-5.0,-5.0,1146.0,1278.0,-4.0,-4.0,-4.0,-4.0,-4.0,-4.0,671.0,794.0,-5.0,-5.0,1170.0,1306.0,-4.0,-4.0,-4.0,-4.0,-4.0,-4.0,-4.0,-4.0,680.0,802.0,-5.0,-5.0,1182.0,1317.0,-4.0,-4.0,-4.0,-4.0,-4.0,-4.0,-4.0,-4.0,682.0,804.0,-5.0,-5.0,1185.0,1320.0,-4.0,-4.0,-4.0,-4.0,-4.0,-4.0,-4.0,-4.0,600.0,725.0,-5.0,-5.0,1093.0,1223.0,-4.0,-4.0,-4.0,-4.0,-4.0,-4.0,-4.0,-4.0,619.0,742.0,-5.0,-5.0,1117.0,1251.0,-4.0,-4.0,-4.0,-4.0,-4.0,-4.0,-4.0,-4.0,625.0,747.0,-5.0,-5.0,1123.0,1256.0,-4.0,-4.0,-4.0
11559.0,-4.0,-4.0,-4.0,-4.0,-4.0,638.0,757.0,884.0,0.0,1138.0,1269.0,1393.0,1513.0,1647.0,-4.0,-4.0,-4.0,-4.0,-4.0,642.0,763.0,887.0,0.0,1144.0,1276.0,1400.0,1526.0,1656.0,-4.0,764.0,890.0,0.0,1146.0,1278.0,1529.0,-4.0,-4.0,-4.0,-4.0,-4.0,671.0,794.0,914.0,0.0,1163.0,1297.0,1412.0,1549.0,1671.0,-4.0,-4.0,-4.0,-4.0,-4.0,680.0,802.0,924.0,0.0,1181.0,1316.0,1427.0,1570.0,1692.0,-4.0,-4.0,-4.0,-4.0,-4.0,682.0,804.0,927.0,0.0,1185.0,1320.0,1433.0,1576.0,1697.0,-4.0,-4.0,-4.0,-4.0,-4.0,601.0,724.0,848.0,952.0,1082.0,1209.0,1340.0,1457.0,1592.0,-4.0,-4.0,-4.0,-4.0,-4.0,620.0,740.0,866.0,984.0,1115.0,1247.0,1374.0,1495.0,1630.0,-4.0,-4.0,-4.0,-4.0,-4.0,625.0,747.0,872.0,994.0,1122.0,1255.0,1384.0,1504.0,1638.0
11560.0,-4.0,-4.0,-4.0,-4.0,-4.0,638.0,757.0,0.0,1000.0,1133.0,0.0,1393.0,1518.0,1649.0,-4.0,-4.0,-4.0,-4.0,-4.0,642.0,763.0,0.0,1013.0,1144.0,0.0,1400.0,1525.0,1656.0,-4.0,764.0,0.0,1017.0,1146.0,0.0,1529.0,-4.0,-4.0,-4.0,-4.0,-4.0,671.0,794.0,914.0,1037.0,1168.0,1303.0,1405.0,1546.0,1673.0,-4.0,-4.0,-4.0,-4.0,-4.0,680.0,802.0,924.0,1057.0,1181.0,1316.0,1427.0,1570.0,1692.0,-4.0,-4.0,-4.0,-4.0,-4.0,682.0,804.0,927.0,1062.0,1185.0,1320.0,1433.0,1576.0,1697.0,-4.0,-4.0,-4.0,-4.0,-4.0,601.0,725.0,850.0,952.0,1082.0,1224.0,1342.0,1454.0,1596.0,-4.0,-4.0,-4.0,-4.0,-4.0,620.0,742.0,866.0,984.0,1115.0,1247.0,1374.0,1493.0,1629.0,-4.0,-4.0,-4.0,-4.0,-4.0,625.0,747.0,872.0,994.0,1122.0,1255.0,1384.0,1504.0,1638.0
11561.0,-4.0,-4.0,-4.0,-4.0,-4.0,638.0,757.0,880.0,1007.0,1135.0,1270.0,0.0,1518.0,1649.0,-4.0,-4.0,-4.0,-4.0,-4.0,642.0,763.0,888.0,1015.0,1144.0,1276.0,0.0,1525.0,1656.0,-4.0,764.0,890.0,1018.0,1146.0,1278.0,1529.0,-4.0,-4.0,-4.0,-4.0,-4.0,671.0,793.0,914.0,1037.0,1168.0,1303.0,0.0,1546.0,1673.0,-4.0,-4.0,-4.0,-4.0,-4.0,680.0,802.0,924.0,1057.0,1181.0,1316.0,0.0,1570.0,1692.0,-4.0,-4.0,-4.0,-4.0,-4.0,682.0,804.0,927.0,1062.0,1185.0,1320.0,0.0,1576.0,1697.0,-4.0,-4.0,-4.0,-4.0,-4.0,601.0,724.0,850.0,957.0,1089.0,1222.0,1342.0,1454.0,1596.0,-4.0,-4.0,-4.0,-4.0,-4.0,620.0,740.0,866.0,984.0,1115.0,1247.0,1374.0,1493.0,1629.0,-4.0,-4.0,-4.0,-4.0,-4.0,625.0,747.0,872.0,994.0,1122.0,1255.0,1384.0,1504.0,1638.0
11562.0,-4.0,-4.0,-4.0,-4.0,-4.0,637.0,0.0,0.0,-5.0,-5.0,-5.0,-5.0,-5.0,-5.0,-4.0,-4.0,-4.0,-4.0,-4.0,642.0,0.0,0.0,-5.0,-5.0,-5.0,-5.0,-5.0,-5.0,-4.0,0.0,0.0,-5.0,-5.0,-5.0,-5.0,-4.0,-4.0,-4.0,-4.0,-4.0,671.0,0.0,0.0,-5.0,-5.0,-5.0,-5.0,-5.0,-5.0,-4.0,-4.0,-4.0,-4.0,-4.0,680.0,0.0,0.0,-5.0,-5.0,-5.0,-5.0,-5.0,-5.0,-4.0,-4.0,-4.0,-4.0,-4.0,682.0,0.0,0.0,-5.0,-5.0,-5.0,-5.0,-5.0,-5.0,-4.0,-4.0,-4.0,-4.0,-4.0,601.0,724.0,838.0,-5.0,-5.0,-5.0,-5.0,-5.0,-5.0,-4.0,-4.0,-4.0,-4.0,-4.0,620.0,740.0,866.0,-5.0,-5.0,-5.0,-5.0,-5.0,-5.0,-4.0,-4.0,-4.0,-4.0,-4.0,625.0,747.0,872.0,-5.0,-5.0,-5.0,-5.0,-5.0,-5.0
11563.0,-4.0,-4.0,-4.0,-4.0,-4.0,638.0,757.0,884.0,1000.0,0.0,1268.0,-5.0,-5.0,-5.0,-4.0,-4.0,-4.0,-4.0,-4.0,642.0,763.0,887.0,1013.0,0.0,1276.0,-5.0,-5.0,-5.0,-4.0,764.0,890.0,1017.0,0.0,1278.0,-5.0,-4.0,-4.0,-4.0,-4.0,-4.0,671.0,794.0,914.0,1029.0,1168.0,1302.0,-5.0,-5.0,-5.0,-4.0,-4.0,-4.0,-4.0,-4.0,680.0,802.0,924.0,1056.0,1181.0,1316.0,-5.0,-5.0,-5.0,-4.0,-4.0,-4.0,-4.0,-4.0,682.0,804.0,927.0,1062.0,1185.0,1320.0,-5.0,-5.0,-5.0,-4.0,-4.0,-4.0,-4.0,-4.0,601.0,724.0,848.0,960.0,1086.0,1214.0,-5.0,-5.0,-5.0,-4.0,-4.0,-4.0,-4.0,-4.0,620.0,740.0,866.0,985.0,1116.0,1248.0,-5.0,-5.0,-5.0,-4.0,-4.0,-4.0,-4.0,-4.0,625.0,747.0,872.0,994.0,1122.0,1255.0,-5.0,-5.0,-5.0
11564.0,-4.0,-4.0,-4.0,-4.0,-4.0,637.0,757.0,884.0,1004.0,1138.0,-3.0,1393.0,1514.0,1647.0,-4.0,-4.0,-4.0,-4.0,-4.0,642.0,763.0,887.0,1015.0,1144.0,-3.0,1400.0,1526.0,1656.0,-4.0,764.0,890.0,1018.0,1146.0,-3.0,1529.0,-4.0,-4.0,-4.0,-4.0,-4.0,671.0,794.0,911.0,1029.0,1163.0,-3.0,1412.0,1537.0,1672.0,-4.0,-4.0,-4.0,-4.0,-4.0,680.0,802.0,924.0,1056.0,1181.0,-3.0,1427.0,1570.0,1692.0,-4.0,-4.0,-4.0,-4.0,-4.0,682.0,804.0,927.0,1062.0,1185.0,-3.0,1433.0,1576.0,1697.0,-4.0,-4.0,-4.0,-4.0,-4.0,601.0,724.0,838.0,952.0,1094.0,-3.0,1344.0,1442.0,1589.0,-4.0,-4.0,-4.0,-4.0,-4.0,620.0,740.0,866.0,984.0,1115.0,-3.0,1374.0,1493.0,1629.0,-4.0,-4.0,-4.0,-4.0,-4.0,625.0,747.0,872.0,994.0,1122.0,-3.0,1384.0,1504.0,1638.0
11565.0,-4.0,-4.0,-4.0,-4.0,-4.0,0.0,757.0,880.0,1007.0,1135.0,1270.0,1394.0,-5.0,1647.0,-4.0,-4.0,-4.0,-4.0,-4.0,0.0,763.0,888.0,1015.0,1144.0,1276.0,1401.0,-5.0,1656.0,-4.0,764.0,890.0,1018.0,1146.0,1278.0,-5.0,-4.0,-4.0,-4.0,-4.0,-4.0,671.0,793.0,914.0,1039.0,1166.0,1301.0,1409.0,-5.0,1668.0,-4.0,-4.0,-4.0,-4.0,-4.0,680.0,802.0,924.0,1057.0,1181.0,1316.0,1427.0,-5.0,1692.0,-4.0,-4.0,-4.0,-4.0,-4.0,682.0,804.0,927.0,1062.0,1185.0,1320.0,1433.0,-5.0,1697.0,-4.0,-4.0,-4.0,-4.0,-4.0,601.0,724.0,850.0,957.0,1088.0,1218.0,1334.0,-5.0,1591.0,-4.0,-4.0,-4.0,-4.0,-4.0,620.0,740.0,866.0,984.0,1116.0,1249.0,1375.0,-5.0,1630.0,-4.0,-4.0,-4.0,-4.0,-4.0,625.0,747.0,872.0,994.0,1122.0,1255.0,1384.0,-5.0,1638.0
11566.0,-4.0,-4.0,-4.0,-4.0,-4.0,638.0,757.0,884.0,1004.0,1136.0,1271.0,1393.0,1519.0,-3.0,-4.0,-4.0,-4.0,-4.0,-4.0,642.0,763.0,887.0,1015.0,1144.0,1276.0,1400.0,1525.0,-3.0,-4.0,764.0,890.0,1018.0,1146.0,1278.0,1529.0,-4.0,-4.0,-4.0,-4.0,-4.0,671.0,794.0,914.0,1029.0,1164.0,1297.0,1413.0,1550.0,-3.0,-4.0,-4.0,-4.0,-4.0,-4.0,680.0,802.0,924.0,1056.0,1181.0,1316.0,1429.0,1572.0,-3.0,-4.0,-4.0,-4.0,-4.0,-4.0,682.0,804.0,927.0,1062.0,1185.0,1320.0,1433.0,1577.0,-3.0,-4.0,-4.0,-4.0,-4.0,-4.0,601.0,725.0,849.0,961.0,1083.0,1209.0,1345.0,1458.0,-3.0,-4.0,-4.0,-4.0,-4.0,-4.0,620.0,742.0,866.0,984.0,1115.0,1247.0,1376.0,1498.0,-3.0,-4.0,-4.0,-4.0,-4.0,-4.0,625.0,747.0,872.0,994.0,1122.0,1255.0,1385.0,1505.0,-3.0
11567.0,-4.0,-4.0,-4.0,-4.0,-4.0,638.0,757.0,884.0,1004.0,1138.0,1268.0,1393.0,1514.0,1647.0,-4.0,-4.0,-4.0,-4.0,-4.0,642.0,763.0,887.0,1015.0,1144.0,1276.0,1400.0,1526.0,1656.0,-4.0,764.0,890.0,1018.0,1146.0,1278.0,1529.0,-4.0,-4.0,-4.0,-4.0,-4.0,671.0,793.0,914.0,1029.0,1163.0,1297.0,1412.0,1537.0,1672.0,-4.0,-4.0,-4.0,-4.0,-4.0,680.0,802.0,924.0,1056.0,1181.0,1316.0,1427.0,1570.0,1692.0,-4.0,-4.0,-4.0,-4.0,-4.0,682.0,804.0,927.0,1062.0,1185.0,1320.0,1433.0,1576.0,1697.0,-4.0,-4.0,-4.0,-4.0,-4.0,601.0,724.0,849.0,961.0,1082.0,1209.0,1344.0,1442.0,1589.0,-4.0,-4.0,-4.0,-4.0,-4.0,620.0,740.0,866.0,984.0,1115.0,1247.0,1374.0,1493.0,1629.0,-4.0,-4.0,-4.0,-4.0,-4.0,625.0,747.0,872.0,994.0,1122.0,1255.0,1384.0,1504.0,1638.0
11568.0,-4.0,-4.0,-4.0,-4.0,-4.0,637.0,757.0,884.0,-3.0,1133.0,1269.0,1393.0,1513.0,1647.0,-4.0,-4.0,-4.0,-4.0,-4.0,642.0,763.0,887.0,-3.0,1144.0,1276.0,1400.0,1526.0,1656.0,-4.0,764.0,890.0,-3.0,1146.0,1278.0,1529.0,-4.0,-4.0,-4.0,-4.0,-4.0,671.0,793.0,914.0,-3.0,1164.0,1297.0,1413.0,1550.0,1675.0,-4.0,-4.0,-4.0,-4.0,-4.0,680.0,802.0,924.0,-3.0,1181.0,1316.0,1429.0,1572.0,1693.0,-4.0,-4.0,-4.0,-4.0,-4.0,682.0,804.0,927.0,-3.0,1185.0,1320.0,1433.0,1577.0,1697.0,-4.0,-4.0,-4.0,-4.0,-4.0,601.0,724.0,848.0,-3.0,1083.0,1216.0,1345.0,1458.0,1598.0,-4.0,-4.0,-4.0,-4.0,-4.0,620.0,740.0,866.0,-3.0,1115.0,1247.0,1376.0,1498.0,1632.0,-4.0,-4.0,-4.0,-4.0,-4.0,625.0,747.0,872.0,-3.0,1122.0,1255.0,1385.0,1505.0,1639.0
11569.0,-4.0,-4.0,-4.0,-4.0,-4.0,638.0,-3.0,-3.0,-3.0,1135.0,1270.0,1393.0,1518.0,1649.0,-4.0,-4.0,-4.0,-4.0,-4.0,642.0,-3.0,-3.0,-3.0,1144.0,1276.0,1400.0,1525.0,1656.0,-4.0,-3.0,-3.0,-3.0,1146.0,1278.0,1529.0,-4.0,-4.0,-4.0,-4.0,-4.0,671.0,-3.0,-3.0,-3.0,1168.0,1303.0,1405.0,1546.0,1673.0,-4.0,-4.0,-4.0,-4.0,-4.0,680.0,-3.0,-3.0,-3.0,1181.0,1316.0,1427.0,1570.0,1692.0,-4.0,-4.0,-4.0,-4.0,-4.0,682.0,-3.0,-3.0,-3.0,1185.0,1320.0,1433.0,1576.0,1697.0,-4.0,-4.0,-4.0,-4.0,-4.0,601.0,-3.0,-3.0,-3.0,1089.0,1222.0,1342.0,1454.0,1596.0,-4.0,-4.0,-4.0,-4.0,-4.0,620.0,-3.0,-3.0,-3.0,1115.0,1247.0,1374.0,1493.0,1629.0,-4.0,-4.0,-4.0,-4.0,-4.0,625.0,-3.0,-3.0,-3.0,1122.0,1255.0,1384.0,1504.0,1638.0
11570.0,-4.0,-4.0,-4.0,-4.0,-4.0,638.0,757.0,880.0,1007.0,1135.0,1270.0,1393.0,1518.0,1649.0,-4.0,-4.0,-4.0,-4.0,-4.0,642.0,763.0,888.0,1015.0,1144.0,1276.0,1400.0,1525.0,1656.0,-4.0,764.0,890.0,1018.0,1146.0,1278.0,1529.0,-4.0,-4.0,-4.0,-4.0,-4.0,671.0,793.0,914.0,1037.0,1168.0,1303.0,1405.0,1546.0,1673.0,-4.0,-4.0,-4.0,-4.0,-4.0,680.0,802.0,924.0,1057.0,1181.0,1316.0,1427.0,1570.0,1692.0,-4.0,-4.0,-4.0,-4.0,-4.0,682.0,804.0,927.0,1062.0,1185.0,1320.0,1433.0,1576.0,1697.0,-4.0,-4.0,-4.0,-4.0,-4.0,601.0,724.0,850.0,957.0,1089.0,1222.0,1342.0,1454.0,1596.0,-4.0,-4.0,-4.0,-4.0,-4.0,620.0,740.0,866.0,984.0,1115.0,1247.0,1374.0,1493.0,1629.0,-4.0,-4.0,-4.0,-4.0,-4.0,625.0,747.0,872.0,994.0,1122.0,1255.0,1384.0,1504.0,1638.0
11571.0,-4.0,-4.0,-4.0,-4.0,-4.0,0.0,-3.0,-3.0,0.0,0.0,1270.0,1394.0,-3.0,-3.0,-4.0,-4.0,-4.0,-4.0,-4.0,0.0,-3.0,-3.0,0.0,0.0,1276.0,1401.0,-3.0,-3.0,-4.0,-3.0,-3.0,0.0,0.0,1278.0,-3.0,-4.0,-4.0,-4.0,-4.0,-4.0,670.0,-3.0,-3.0,0.0,0.0,1303.0,1405.0,-3.0,-3.0,-4.0,-4.0,-4.0,-4.0,-4.0,680.0,-3.0,-3.0,0.0,0.0,1316.0,1427.0,-3.0,-3.0,-4.0,-4.0,-4.0,-4.0,-4.0,682.0,-3.0,-3.0,0.0,0.0,1320.0,1433.0,-3.0,-3.0,-4.0,-4.0,-4.0,-4.0,-4.0,600.0,-3.0,-3.0,957.0,1091.0,1222.0,1334.0,-3.0,-3.0,-4.0,-4.0,-4.0,-4.0,-4.0,619.0,-3.0,-3.0,984.0,1116.0,1247.0,1375.0,-3.0,-3.0,-4.0,-4.0,-4.0,-4.0,-4.0,625.0,-3.0,-3.0,994.0,1122.0,1255.0,1384.0,-3.0,-3.0
11572.0,-4.0,-4.0,-4.0,-4.0,-4.0,638.0,757.0,880.0,-5.0,-5.0,1270.0,1393.0,1518.0,1644.0,-4.0,-4.0,-4.0,-4.0,-4.0,642.0,763.0,888.0,-5.0,-5.0,1276.0,1400.0,1525.0,1655.0,-4.0,764.0,890.0,-5.0,-5.0,1278.0,1529.0,-4.0,-4.0,-4.0,-4.0,-4.0,673.0,795.0,916.0,-5.0,-5.0,1303.0,1405.0,1546.0,1673.0,-4.0,-4.0,-4.0,-4.0,-4.0,680.0,802.0,924.0,-5.0,-5.0,1316.0,1427.0,1570.0,1692.0,-4.0,-4.0,-4.0,-4.0,-4.0,682.0,804.0,927.0,-5.0,-5.0,1320.0,1433.0,1576.0,1697.0,-4.0,-4.0,-4.0,-4.0,-4.0,602.0,726.0,851.0,-5.0,-5.0,1222.0,1342.0,1454.0,1596.0,-4.0,-4.0,-4.0,-4.0,-4.0,619.0,742.0,866.0,-5.0,-5.0,1247.0,1374.0,1493.0,1629.0,-4.0,-4.0,-4.0,-4.0,-4.0,625.0,747.0,872.0,-5.0,-5.0,1255.0,1384.0,1504.0,1638.0
11573.0,-4.0,-4.0,-4.0,-4.0,-4.0,638.0,757.0,0.0,1007.0,1133.0,1271.0,-4.0,-4.0,-4.0,-4.0,-4.0,-4.0,-4.0,-4.0,642.0,763.0,0.0,1015.0,1144.0,1276.0,-4.0,-4.0,-4.0,-4.0,764.0,0.0,1018.0,1146.0,1278.0,-4.0,-4.0,-4.0,-4.0,-4.0,-4.0,673.0,795.0,916.0,1037.0,1164.0,1298.0,-4.0,-4.0,-4.0,-4.0,-4.0,-4.0,-4.0,-4.0,680.0,802.0,924.0,1057.0,1181.0,1316.0,-4.0,-4.0,-4.0,-4.0,-4.0,-4.0,-4.0,-4.0,682.0,804.0,927.0,1062.0,1185.0,1320.0,-4.0,-4.0,-4.0,-4.0,-4.0,-4.0,-4.0,-4.0,602.0,726.0,851.0,952.0,1083.0,1211.0,-4.0,-4.0,-4.0,-4.0,-4.0,-4.0,-4.0,-4.0,619.0,742.0,866.0,984.0,1115.0,1247.0,-4.0,-4.0,-4.0,-4.0,-4.0,-4.0,-4.0,-4.0,625.0,747.0,872.0,994.0,1122.0,1255.0,-4.0,-4.0,-4.0
11574.0,-4.0,-4.0,-4.0,-4.0,-4.0,638.0,758.0,880.0,1004.0,1133.0,1268.0,1394.0,1515.0,1647.0,-4.0,-4.0,-4.0,-4.0,-4.0,642.0,763.0,888.0,1015.0,1144.0,1276.0,1401.0,1526.0,1656.0,-4.0,764.0,890.0,1018.0,1146.0,1278.0,1529.0,-4.0,-4.0,-4.0,-4.0,-4.0,673.0,795.0,915.0,1039.0,1167.0,1302.0,1410.0,1540.0,1671.0,-4.0,-4.0,-4.0,-4.0,-4.0,680.0,802.0,925.0,1057.0,1181.0,1316.0,1427.0,1570.0,1692.0,-4.0,-4.0,-4.0,-4.0,-4.0,682.0,804.0,927.0,1062.0,1185.0,1320.0,1433.0,1576.0,1697.0,-4.0,-4.0,-4.0,-4.0,-4.0,602.0,726.0,852.0,956.0,1091.0,1214.0,1341.0,1445.0,1592.0,-4.0,-4.0,-4.0,-4.0,-4.0,619.0,742.0,866.0,986.0,1116.0,1248.0,1375.0,1495.0,1630.0,-4.0,-4.0,-4.0,-4.0,-4.0,625.0,747.0,872.0,994.0,1122.0,1255.0,1384.0,1504.0,1638.0
11575.0,-4.0,-4.0,-4.0,-4.0,-4.0,638.0,-3.0,0.0,0.0,1136.0,1268.0,-3.0,0.0,-3.0,-4.0,-4.0,-4.0,-4.0,-4.0,642.0,-3.0,0.0,0.0,1144.0,1276.0,-3.0,0.0,-3.0,-4.0,-3.0,0.0,0.0,1146.0,1278.0,0.0,-4.0,-4.0,-4.0,-4.0,-4.0,673.0,-3.0,916.0,1035.0,1167.0,1302.0,-3.0,0.0,-3.0,-4.0,-4.0,-4.0,-4.0,-4.0,680.0,-3.0,924.0,1056.0,1181.0,1316.0,-3.0,0.0,-3.0,-4.0,-4.0,-4.0,-4.0,-4.0,682.0,-3.0,927.0,1062.0,1185.0,1320.0,-3.0,0.0,-3.0,-4.0,-4.0,-4.0,-4.0,-4.0,603.0,-3.0,852.0,956.0,1086.0,1214.0,-3.0,1459.0,-3.0,-4.0,-4.0,-4.0,-4.0,-4.0,619.0,-3.0,866.0,986.0,1116.0,1248.0,-3.0,1497.0,-3.0,-4.0,-4.0,-4.0,-4.0,-4.0,625.0,-3.0,872.0,994.0,1122.0,1255.0,-3.0,1505.0,-3.0
11576.0,-4.0,-4.0,-4.0,-4.0,-4.0,638.0,-3.0,-3.0,1007.0,1135.0,1270.0,1393.0,-3.0,1644.0,-4.0,-4.0,-4.0,-4.0,-4.0,642.0,-3.0,-3.0,1015.0,1144.0,1276.0,1400.0,-3.0,1655.0,-4.0,-3.0,-3.0,1018.0,1146.0,1278.0,-3.0,-4.0,-4.0,-4.0,-4.0,-4.0,673.0,-3.0,-3.0,1037.0,1168.0,1303.0,1405.0,-3.0,1673.0,-4.0,-4.0,-4.0,-4.0,-4.0,680.0,-3.0,-3.0,1057.0,1181.0,1316.0,1427.0,-3.0,1692.0,-4.0,-4.0,-4.0,-4.0,-4.0,682.0,-3.0,-3.0,1062.0,1185.0,1320.0,1433.0,-3.0,1697.0,-4.0,-4.0,-4.0,-4.0,-4.0,604.0,-3.0,-3.0,957.0,1089.0,1222.0,1342.0,-3.0,1596.0,-4.0,-4.0,-4.0,-4.0,-4.0,620.0,-3.0,-3.0,984.0,1115.0,1247.0,1374.0,-3.0,1629.0,-4.0,-4.0,-4.0,-4.0,-4.0,625.0,-3.0,-3.0,994.0,1122.0,1255.0,1384.0,-3.0,1638.0
11577.0,-4.0,-4.0,-4.0,-4.0,-4.0,638.0,757.0,880.0,1007.0,1135.0,1270.0,-3.0,1518.0,1644.0,-4.0,-4.0,-4.0,-4.0,-4.0,642.0,763.0,888.0,1015.0,1144.0,1276.0,-3.0,1525.0,1655.0,-4.0,764.0,890.0,1018.0,1146.0,1278.0,1529.0,-4.0,-4.0,-4.0,-4.0,-4.0,673.0,795.0,916.0,1037.0,1168.0,1303.0,-3.0,1546.0,1673.0,-4.0,-4.0,-4.0,-4.0,-4.0,680.0,802.0,924.0,1057.0,1181.0,1316.0,-3.0,1570.0,1692.0,-4.0,-4.0,-4.0,-4.0,-4.0,682.0,804.0,927.0,1062.0,1185.0,1320.0,-3.0,1576.0,1697.0,-4.0,-4.0,-4.0,-4.0,-4.0,602.0,726.0,851.0,957.0,1089.0,1222.0,-3.0,1454.0,1596.0,-4.0,-4.0,-4.0,-4.0,-4.0,619.0,742.0,866.0,984.0,1115.0,1247.0,-3.0,1493.0,1629.0,-4.0,-4.0,-4.0,-4.0,-4.0,625.0,747.0,872.0,994.0,1122.0,1255.0,-3.0,1504.0,1638.0
11578.0,-4.0,-4.0,-4.0,-4.0,-4.0,638.0,-3.0,0.0,1007.0,1135.0,1270.0,1393.0,1518.0,-3.0,-4.0,-4.0,-4.0,-4.0,-4.0,642.0,-3.0,0.0,1015.0,1144.0,1276.0,1400.0,1525.0,-3.0,-4.0,-3.0,0.0,1018.0,1146.0,1278.0,1529.0,-4.0,-4.0,-4.0,-4.0,-4.0,673.0,-3.0,0.0,1037.0,1168.0,1303.0,1405.0,1546.0,-3.0,-4.0,-4.0,-4.0,-4.0,-4.0,680.0,-3.0,0.0,1057.0,1181.0,1316.0,1427.0,1570.0,-3.0,-4.0,-4.0,-4.0,-4.0,-4.0,682.0,-3.0,0.0,1062.0,1185.0,1320.0,1433.0,1576.0,-3.0,-4.0,-4.0,-4.0,-4.0,-4.0,604.0,-3.0,851.0,957.0,1089.0,1222.0,1342.0,1454.0,-3.0,-4.0,-4.0,-4.0,-4.0,-4.0,620.0,-3.0,866.0,984.0,1115.0,1247.0,1374.0,1493.0,-3.0,-4.0,-4.0,-4.0,-4.0,-4.0,625.0,-3.0,872.0,994.0,1122.0,1255.0,1384.0,1504.0,-3.0
11579.0,-4.0,-4.0,-4.0,-4.0,-4.0,638.0,-3.0,-3.0,0.0,1137.0,1265.0,1393.0,1514.0,1651.0,-4.0,-4.0,-4.0,-4.0,-4.0,642.0,-3.0,-3.0,0.0,1143.0,1275.0,1400.0,1526.0,1657.0,-4.0,-3.0,-3.0,0.0,1146.0,1278.0,1529.0,-4.0,-4.0,-4.0,-4.0,-4.0,673.0,-3.0,-3.0,1040.0,1170.0,1306.0,1414.0,1551.0,1676.0,-4.0,-4.0,-4.0,-4.0,-4.0,680.0,-3.0,-3.0,1058.0,1182.0,1317.0,1428.0,1571.0,1693.0,-4.0,-4.0,-4.0,-4.0,-4.0,682.0,-3.0,-3.0,1062.0,1185.0,1320.0,1433.0,1576.0,1697.0,-4.0,-4.0,-4.0,-4.0,-4.0,604.0,-3.0,-3.0,962.0,1093.0,1223.0,1346.0,1460.0,1599.0,-4.0,-4.0,-4.0,-4.0,-4.0,620.0,-3.0,-3.0,988.0,1117.0,1251.0,1376.0,1496.0,1631.0,-4.0,-4.0,-4.0,-4.0,-4.0,625.0,-3.0,-3.0,995.0,1123.0,1256.0,1385.0,1505.0,1639.0
11580.0,-4.0,-4.0,-4.0,-4.0,-4.0,0.0,758.0,880.0,1004.0,-3.0,1271.0,1396.0,1520.0,1650.0,-4.0,-4.0,-4.0,-4.0,-4.0,0.0,763.0,888.0,1015.0,-3.0,1276.0,1400.0,1527.0,1657.0,-4.0,764.0,890.0,1018.0,-3.0,1278.0,1528.0,-4.0,-4.0,-4.0,-4.0,-4.0,0.0,795.0,915.0,1035.0,-3.0,1298.0,1407.0,1547.0,1676.0,-4.0,-4.0,-4.0,-4.0,-4.0,0.0,802.0,925.0,1056.0,-3.0,1316.0,1427.0,1571.0,1693.0,-4.0,-4.0,-4.0,-4.0,-4.0,0.0,804.0,927.0,1062.0,-3.0,1320.0,1433.0,1576.0,1697.0,-4.0,-4.0,-4.0,-4.0,-4.0,603.0,726.0,852.0,956.0,-3.0,1225.0,1346.0,1455.0,1600.0,-4.0,-4.0,-4.0,-4.0,-4.0,619.0,742.0,866.0,986.0,-3.0,1249.0,1376.0,1497.0,1633.0,-4.0,-4.0,-4.0,-4.0,-4.0,625.0,747.0,872.0,994.0,-3.0,1255.0,1385.0,1505.0,1639.0
11581.0,-4.0,-4.0,-4.0,-4.0,-4.0,638.0,0.0,0.0,-3.0,1133.0,1269.0,0.0,1512.0,1647.0,-4.0,-4.0,-4.0,-4.0,-4.0,642.0,0.0,0.0,-3.0,1144.0,1276.0,0.0,1525.0,1656.0,-4.0,0.0,0.0,-3.0,1146.0,1278.0,1529.0,-4.0,-4.0,-4.0,-4.0,-4.0,673.0,795.0,916.0,-3.0,1168.0,1298.0,1412.0,1545.0,1663.0,-4.0,-4.0,-4.0,-4.0,-4.0,680.0,802.0,924.0,-3.0,1181.0,1316.0,1427.0,1570.0,1692.0,-4.0,-4.0,-4.0,-4.0,-4.0,682.0,804.0,927.0,-3.0,1185.0,1320.0,1433.0,1576.0,1697.0,-4.0,-4.0,-4.0,-4.0,-4.0,604.0,726.0,852.0,-3.0,1089.0,1216.0,1342.0,1453.0,1601.0,-4.0,-4.0,-4.0,-4.0,-4.0,620.0,742.0,866.0,-3.0,1115.0,1247.0,1374.0,1493.0,1629.0,-4.0,-4.0,-4.0,-4.0,-4.0,625.0,747.0,872.0,-3.0,1122.0,1255.0,1384.0,1504.0,1638.0
11582.0,-4.0,-4.0,-4.0,-4.0,-4.0,638.0,759.0,883.0,1009.0,1138.0,1271.0,-3.0,1514.0,1647.0,-4.0,-4.0,-4.0,-4.0,-4.0,642.0,763.0,888.0,1015.0,1144.0,1276.0,-3.0,1526.0,1656.0,-4.0,764.0,890.0,1018.0,1146.0,1278.0,1529.0,-4.0,-4.0,-4.0,-4.0,-4.0,673.0,796.0,917.0,1041.0,1163.0,1297.0,-3.0,1549.0,1671.0,-4.0,-4.0,-4.0,-4.0,-4.0,680.0,802.0,924.0,1057.0,1181.0,1316.0,-3.0,1570.0,1692.0,-4.0,-4.0,-4.0,-4.0,-4.0,682.0,804.0,927.0,1062.0,1185.0,1320.0,-3.0,1576.0,1697.0,-4.0,-4.0,-4.0,-4.0,-4.0,603.0,727.0,853.0,963.0,1095.0,1226.0,-3.0,1446.0,1602.0,-4.0,-4.0,-4.0,-4.0,-4.0,619.0,742.0,868.0,986.0,1115.0,1247.0,-3.0,1494.0,1630.0,-4.0,-4.0,-4.0,-4.0,-4.0,625.0,747.0,872.0,994.0,1122.0,1255.0,-3.0,1504.0,1638.0
11583.0,-4.0,-4.0,-4.0,-4.0,-4.0,638.0,-5.0,-5.0,-5.0,-5.0,-5.0,1393.0,1519.0,-5.0,-4.0,-4.0,-4.0,-4.0,-4.0,642.0,-5.0,-5.0,-5.0,-5.0,-5.0,1400.0,1525.0,-5.0,-4.0,-5.0,-5.0,-5.0,-5.0,-5.0,1529.0,-4.0,-4.0,-4.0,-4.0,-4.0,673.0,-5.0,-5.0,-5.0,-5.0,-5.0,1413.0,1550.0,-5.0,-4.0,-4.0,-4.0,-4.0,-4.0,680.0,-5.0,-5.0,-5.0,-5.0,-5.0,1429.0,1572.0,-5.0,-4.0,-4.0,-4.0,-4.0,-4.0,682.0,-5.0,-5.0,-5.0,-5.0,-5.0,1433.0,1577.0,-5.0,-4.0,-4.0,-4.0,-4.0,-4.0,604.0,-5.0,-5.0,-5.0,-5.0,-5.0,1345.0,1458.0,-5.0,-4.0,-4.0,-4.0,-4.0,-4.0,620.0,-5.0,-5.0,-5.0,-5.0,-5.0,1376.0,1498.0,-5.0,-4.0,-4.0,-4.0,-4.0,-4.0,625.0,-5.0,-5.0,-5.0,-5.0,-5.0,1385.0,1505.0,-5.0
11584.0,-4.0,-4.0,-4.0,-4.0,-4.0,638.0,-3.0,-3.0,1007.0,1133.0,1261.0,1396.0,1515.0,1647.0,-4.0,-4.0,-4.0,-4.0,-4.0,642.0,-3.0,-3.0,1015.0,1144.0,1274.0,1400.0,1526.0,1656.0,-4.0,-3.0,-3.0,1018.0,1146.0,1277.0,1529.0,-4.0,-4.0,-4.0,-4.0,-4.0,673.0,-3.0,-3.0,1039.0,1167.0,1298.0,1407.0,1539.0,1668.0,-4.0,-4.0,-4.0,-4.0,-4.0,680.0,-3.0,-3.0,1057.0,1181.0,1316.0,1427.0,1570.0,1692.0,-4.0,-4.0,-4.0,-4.0,-4.0,682.0,-3.0,-3.0,1062.0,1185.0,1320.0,1433.0,1576.0,1697.0,-4.0,-4.0,-4.0,-4.0,-4.0,604.0,-3.0,-3.0,961.0,1086.0,1225.0,1340.0,1461.0,1594.0,-4.0,-4.0,-4.0,-4.0,-4.0,620.0,-3.0,-3.0,984.0,1116.0,1249.0,1374.0,1495.0,1630.0,-4.0,-4.0,-4.0,-4.0,-4.0,625.0,-3.0,-3.0,994.0,1122.0,1255.0,1384.0,1504.0,1638.0
11585.0,-4.0,-4.0,-4.0,-4.0,-4.0,638.0,757.0,880.0,-3.0,1135.0,1269.0,1393.0,1513.0,1647.0,-4.0,-4.0,-4.0,-4.0,-4.0,642.0,763.0,888.0,-3.0,1144.0,1276.0,1400.0,1526.0,1656.0,-4.0,764.0,890.0,-3.0,1146.0,1278.0,1529.0,-4.0,-4.0,-4.0,-4.0,-4.0,673.0,795.0,916.0,-3.0,1164.0,1298.0,1405.0,1546.0,1677.0,-4.0,-4.0,-4.0,-4.0,-4.0,680.0,802.0,924.0,-3.0,1181.0,1316.0,1427.0,1570.0,1692.0,-4.0,-4.0,-4.0,-4.0,-4.0,682.0,804.0,927.0,-3.0,1185.0,1320.0,1433.0,1576.0,1697.0,-4.0,-4.0,-4.0,-4.0,-4.0,602.0,726.0,850.0,-3.0,1082.0,1224.0,1342.0,1462.0,1601.0,-4.0,-4.0,-4.0,-4.0,-4.0,619.0,742.0,866.0,-3.0,1115.0,1247.0,1374.0,1493.0,1629.0,-4.0,-4.0,-4.0,-4.0,-4.0,625.0,747.0,872.0,-3.0,1122.0,1255.0,1384.0,1504.0,1638.0
11586.0,-4.0,-4.0,-4.0,-4.0,-4.0,638.0,757.0,0.0,1007.0,1138.0,-3.0,1393.0,1518.0,1649.0,-4.0,-4.0,-4.0,-4.0,-4.0,642.0,763.0,0.0,1015.0,1144.0,-3.0,1400.0,1525.0,1656.0,-4.0,764.0,0.0,1018.0,1146.0,-3.0,1529.0,-4.0,-4.0,-4.0,-4.0,-4.0,673.0,795.0,0.0,1037.0,1163.0,-3.0,1412.0,1546.0,1673.0,-4.0,-4.0,-4.0,-4.0,-4.0,680.0,802.0,0.0,1057.0,1181.0,-3.0,1427.0,1570.0,1692.0,-4.0,-4.0,-4.0,-4.0,-4.0,682.0,804.0,0.0,1062.0,1185.0,-3.0,1433.0,1576.0,1697.0,-4.0,-4.0,-4.0,-4.0,-4.0,604.0,726.0,851.0,961.0,1094.0,-3.0,1344.0,1463.0,1596.0,-4.0,-4.0,-4.0,-4.0,-4.0,620.0,742.0,866.0,984.0,1115.0,-3.0,1374.0,1493.0,1629.0,-4.0,-4.0,-4.0,-4.0,-4.0,625.0,747.0,872.0,994.0,1122.0,-3.0,1384.0,1504.0,1638.0
11587.0,-4.0,-4.0,-4.0,-4.0,-4.0,638.0,0.0,875.0,1004.0,1133.0,1269.0,-5.0,1513.0,-3.0,-4.0,-4.0,-4.0,-4.0,-4.0,642.0,0.0,885.0,1015.0,1144.0,1276.0,-5.0,1526.0,-3.0,-4.0,0.0,889.0,1018.0,1146.0,1278.0,1529.0,-4.0,-4.0,-4.0,-4.0,-4.0,673.0,790.0,914.0,1029.0,1164.0,1298.0,-5.0,1545.0,-3.0,-4.0,-4.0,-4.0,-4.0,-4.0,680.0,802.0,924.0,1056.0,1181.0,1316.0,-5.0,1570.0,-3.0,-4.0,-4.0,-4.0,-4.0,-4.0,682.0,804.0,927.0,1062.0,1185.0,1320.0,-5.0,1576.0,-3.0,-4.0,-4.0,-4.0,-4.0,-4.0,604.0,726.0,852.0,952.0,1083.0,1216.0,-5.0,1462.0,-3.0,-4.0,-4.0,-4.0,-4.0,-4.0,620.0,742.0,866.0,984.0,1115.0,1247.0,-5.0,1493.0,-3.0,-4.0,-4.0,-4.0,-4.0,-4.0,625.0,747.0,872.0,994.0,1122.0,1255.0,-5.0,1504.0,-3.0
11588.0,-4.0,-4.0,-4.0,-4.0,-4.0,638.0,757.0,880.0,-5.0,-5.0,1268.0,-5.0,-5.0,1643.0,-4.0,-4.0,-4.0,-4.0,-4.0,642.0,763.0,888.0,-5.0,-5.0,1276.0,-5.0,-5.0,1655.0,-4.0,764.0,890.0,-5.0,-5.0,1278.0,-5.0,-4.0,-4.0,-4.0,-4.0,-4.0,673.0,795.0,916.0,-5.0,-5.0,1303.0,-5.0,-5.0,1669.0,-4.0,-4.0,-4.0,-4.0,-4.0,680.0,802.0,924.0,-5.0,-5.0,1316.0,-5.0,-5.0,1692.0,-4.0,-4.0,-4.0,-4.0,-4.0,682.0,804.0,927.0,-5.0,-5.0,1320.0,-5.0,-5.0,1697.0,-4.0,-4.0,-4.0,-4.0,-4.0,603.0,726.0,851.0,-5.0,-5.0,1224.0,-5.0,-5.0,1601.0,-4.0,-4.0,-4.0,-4.0,-4.0,619.0,742.0,866.0,-5.0,-5.0,1247.0,-5.0,-5.0,1629.0,-4.0,-4.0,-4.0,-4.0,-4.0,625.0,747.0,872.0,-5.0,-5.0,1255.0,-5.0,-5.0,1638.0
11589.0,-4.0,-4.0,-4.0,-4.0,-4.0,638.0,757.0,880.0,1004.0,-3.0,1271.0,1393.0,-3.0,1647.0,-4.0,-4.0,-4.0,-4.0,-4.0,642.0,763.0,888.0,1015.0,-3.0,1276.0,1400.0,-3.0,1656.0,-4.0,764.0,890.0,1018.0,-3.0,1278.0,-3.0,-4.0,-4.0,-4.0,-4.0,-4.0,673.0,789.0,915.0,1034.0,-3.0,1297.0,1407.0,-3.0,1667.0,-4.0,-4.0,-4.0,-4.0,-4.0,680.0,802.0,925.0,1056.0,-3.0,1316.0,1427.0,-3.0,1692.0,-4.0,-4.0,-4.0,-4.0,-4.0,682.0,804.0,927.0,1062.0,-3.0,1320.0,1433.0,-3.0,1697.0,-4.0,-4.0,-4.0,-4.0,-4.0,603.0,726.0,852.0,959.0,-3.0,1220.0,1333.0,-3.0,1590.0,-4.0,-4.0,-4.0,-4.0,-4.0,619.0,742.0,866.0,985.0,-3.0,1248.0,1375.0,-3.0,1630.0,-4.0,-4.0,-4.0,-4.0,-4.0,625.0,747.0,872.0,994.0,-3.0,1255.0,1384.0,-3.0,1638.0
11590.0,-4.0,-4.0,-4.0,-4.0,-4.0,638.0,759.0,883.0,1009.0,1138.0,1271.0,1393.0,1514.0,1647.0,-4.0,-4.0,-4.0,-4.0,-4.0,642.0,763.0,888.0,1015.0,1144.0,1276.0,1400.0,1526.0,1656.0,-4.0,764.0,890.0,1018.0,1146.0,1278.0,1529.0,-4.0,-4.0,-4.0,-4.0,-4.0,673.0,795.0,917.0,1041.0,1163.0,1297.0,1412.0,1537.0,1672.0,-4.0,-4.0,-4.0,-4.0,-4.0,680.0,802.0,924.0,1057.0,1181.0,1316.0,1427.0,1570.0,1692.0,-4.0,-4.0,-4.0,-4.0,-4.0,682.0,804.0,927.0,1062.0,1185.0,1320.0,1433.0,1576.0,1697.0,-4.0,-4.0,-4.0,-4.0,-4.0,602.0,726.0,851.0,961.0,1095.0,1226.0,1344.0,1464.0,1589.0,-4.0,-4.0,-4.0,-4.0,-4.0,619.0,742.0,866.0,984.0,1115.0,1247.0,1374.0,1493.0,1629.0,-4.0,-4.0,-4.0,-4.0,-4.0,625.0,747.0,872.0,994.0,1122.0,1255.0,1384.0,1504.0,1638.0
11591.0,-4.0,-4.0,-4.0,-4.0,-4.0,638.0,759.0,883.0,1009.0,1138.0,1269.0,1393.0,1514.0,1647.0,-4.0,-4.0,-4.0,-4.0,-4.0,642.0,763.0,888.0,1015.0,1144.0,1276.0,1400.0,1526.0,1656.0,-4.0,764.0,890.0,1018.0,1146.0,1278.0,1529.0,-4.0,-4.0,-4.0,-4.0,-4.0,673.0,795.0,917.0,1041.0,1163.0,1297.0,1412.0,1537.0,1663.0,-4.0,-4.0,-4.0,-4.0,-4.0,680.0,802.0,924.0,1057.0,1181.0,1316.0,1427.0,1570.0,1692.0,-4.0,-4.0,-4.0,-4.0,-4.0,682.0,804.0,927.0,1062.0,1185.0,1320.0,1433.0,1576.0,1697.0,-4.0,-4.0,-4.0,-4.0,-4.0,602.0,726.0,851.0,961.0,1094.0,1209.0,1344.0,1442.0,1589.0,-4.0,-4.0,-4.0,-4.0,-4.0,619.0,742.0,866.0,984.0,1115.0,1247.0,1374.0,1493.0,1629.0,-4.0,-4.0,-4.0,-4.0,-4.0,625.0,747.0,872.0,994.0,1122.0,1255.0,1384.0,1504.0,1638.0
11592.0,-4.0,-4.0,-4.0,-4.0,-4.0,0.0,757.0,884.0,1004.0,1133.0,1269.0,-3.0,1513.0,1647.0,-4.0,-4.0,-4.0,-4.0,-4.0,0.0,763.0,887.0,1015.0,1144.0,1276.0,-3.0,1526.0,1656.0,-4.0,764.0,890.0,1018.0,1146.0,1278.0,1529.0,-4.0,-4.0,-4.0,-4.0,-4.0,671.0,795.0,914.0,1029.0,1164.0,1298.0,-3.0,1545.0,1663.0,-4.0,-4.0,-4.0,-4.0,-4.0,680.0,802.0,924.0,1056.0,1181.0,1316.0,-3.0,1570.0,1692.0,-4.0,-4.0,-4.0,-4.0,-4.0,682.0,804.0,927.0,1062.0,1185.0,1320.0,-3.0,1576.0,1697.0,-4.0,-4.0,-4.0,-4.0,-4.0,604.0,725.0,838.0,952.0,1083.0,1216.0,-3.0,1453.0,1586.0,-4.0,-4.0,-4.0,-4.0,-4.0,620.0,742.0,866.0,984.0,1115.0,1247.0,-3.0,1493.0,1629.0,-4.0,-4.0,-4.0,-4.0,-4.0,625.0,747.0,872.0,994.0,1122.0,1255.0,-3.0,1504.0,1638.0
11593.0,-4.0,-4.0,-4.0,-4.0,-4.0,639.0,-3.0,-3.0,1007.0,1135.0,1269.0,1393.0,1513.0,1647.0,-4.0,-4.0,-4.0,-4.0,-4.0,642.0,-3.0,-3.0,1015.0,1144.0,1276.0,1400.0,1526.0,1656.0,-4.0,-3.0,-3.0,1018.0,1146.0,1278.0,1529.0,-4.0,-4.0,-4.0,-4.0,-4.0,673.0,-3.0,-3.0,1042.0,1167.0,1302.0,1410.0,1549.0,1677.0,-4.0,-4.0,-4.0,-4.0,-4.0,680.0,-3.0,-3.0,1057.0,1181.0,1316.0,1427.0,1570.0,1692.0,-4.0,-4.0,-4.0,-4.0,-4.0,682.0,-3.0,-3.0,1062.0,1185.0,1320.0,1433.0,1576.0,1697.0,-4.0,-4.0,-4.0,-4.0,-4.0,603.0,-3.0,-3.0,964.0,1091.0,1225.0,1335.0,1465.0,1591.0,-4.0,-4.0,-4.0,-4.0,-4.0,619.0,-3.0,-3.0,986.0,1116.0,1249.0,1374.0,1495.0,1630.0,-4.0,-4.0,-4.0,-4.0,-4.0,625.0,-3.0,-3.0,994.0,1122.0,1255.0,1384.0,1504.0,1638.0
11594.0,-4.0,-4.0,-4.0,-4.0,-4.0,638.0,-5.0,-3.0,1007.0,-5.0,-3.0,-5.0,-5.0,-3.0,-4.0,-4.0,-4.0,-4.0,-4.0,642.0,-5.0,-3.0,1015.0,-5.0,-3.0,-5.0,-5.0,-3.0,-4.0,-5.0,-3.0,1018.0,-5.0,-3.0,-5.0,-4.0,-4.0,-4.0,-4.0,-4.0,673.0,-5.0,-3.0,1041.0,-5.0,-3.0,-5.0,-5.0,-3.0,-4.0,-4.0,-4.0,-4.0,-4.0,680.0,-5.0,-3.0,1057.0,-5.0,-3.0,-5.0,-5.0,-3.0,-4.0,-4.0,-4.0,-4.0,-4.0,682.0,-5.0,-3.0,1062.0,-5.0,-3.0,-5.0,-5.0,-3.0,-4.0,-4.0,-4.0,-4.0,-4.0,602.0,-5.0,-3.0,964.0,-5.0,-3.0,-5.0,-5.0,-3.0,-4.0,-4.0,-4.0,-4.0,-4.0,619.0,-5.0,-3.0,986.0,-5.0,-3.0,-5.0,-5.0,-3.0,-4.0,-4.0,-4.0,-4.0,-4.0,625.0,-5.0,-3.0,994.0,-5.0,-3.0,-5.0,-5.0,-3.0
11595.0,-4.0,-4.0,-4.0,-4.0,-4.0,638.0,757.0,880.0,1007.0,1135.0,1270.0,1393.0,1518.0,1649.0,-4.0,-4.0,-4.0,-4.0,-4.0,642.0,763.0,888.0,1015.0,1144.0,1276.0,1400.0,1525.0,1656.0,-4.0,764.0,890.0,1018.0,1146.0,1278.0,1529.0,-4.0,-4.0,-4.0,-4.0,-4.0,673.0,795.0,916.0,1037.0,1168.0,1303.0,1405.0,1546.0,1673.0,-4.0,-4.0,-4.0,-4.0,-4.0,680.0,802.0,924.0,1057.0,1181.0,1316.0,1427.0,1570.0,1692.0,-4.0,-4.0,-4.0,-4.0,-4.0,682.0,804.0,927.0,1062.0,1185.0,1320.0,1433.0,1576.0,1697.0,-4.0,-4.0,-4.0,-4.0,-4.0,604.0,726.0,851.0,957.0,1089.0,1222.0,1342.0,1454.0,1596.0,-4.0,-4.0,-4.0,-4.0,-4.0,620.0,742.0,866.0,984.0,1115.0,1247.0,1374.0,1493.0,1629.0,-4.0,-4.0,-4.0,-4.0,-4.0,625.0,747.0,872.0,994.0,1122.0,1255.0,1384.0,1504.0,1638.0
11596.0,-4.0,-4.0,-4.0,-4.0,-4.0,638.0,757.0,880.0,1007.0,1135.0,1270.0,1393.0,1518.0,1649.0,-4.0,-4.0,-4.0,-4.0,-4.0,642.0,763.0,888.0,1015.0,1144.0,1276.0,1400.0,1525.0,1656.0,-4.0,764.0,890.0,1018.0,1146.0,1278.0,1529.0,-4.0,-4.0,-4.0,-4.0,-4.0,673.0,795.0,916.0,1037.0,1164.0,1298.0,1405.0,1546.0,1673.0,-4.0,-4.0,-4.0,-4.0,-4.0,680.0,802.0,924.0,1057.0,1181.0,1316.0,1427.0,1570.0,1692.0,-4.0,-4.0,-4.0,-4.0,-4.0,682.0,804.0,927.0,1062.0,1185.0,1320.0,1433.0,1576.0,1697.0,-4.0,-4.0,-4.0,-4.0,-4.0,602.0,726.0,851.0,957.0,1089.0,1222.0,1342.0,1454.0,1596.0,-4.0,-4.0,-4.0,-4.0,-4.0,619.0,742.0,866.0,984.0,1115.0,1247.0,1374.0,1493.0,1629.0,-4.0,-4.0,-4.0,-4.0,-4.0,625.0,747.0,872.0,994.0,1122.0,1255.0,1384.0,1504.0,1638.0
11597.0,-4.0,-4.0,-4.0,-4.0,-4.0,0.0,757.0,880.0,1007.0,1135.0,1270.0,1393.0,1518.0,1649.0,-4.0,-4.0,-4.0,-4.0,-4.0,0.0,763.0,888.0,1015.0,1144.0,1276.0,1400.0,1525.0,1656.0,-4.0,764.0,890.0,1018.0,1146.0,1278.0,1529.0,-4.0,-4.0,-4.0,-4.0,-4.0,673.0,795.0,916.0,1037.0,1164.0,1298.0,1405.0,1546.0,1673.0,-4.0,-4.0,-4.0,-4.0,-4.0,680.0,802.0,924.0,1057.0,1181.0,1316.0,1427.0,1570.0,1692.0,-4.0,-4.0,-4.0,-4.0,-4.0,682.0,804.0,927.0,1062.0,1185.0,1320.0,1433.0,1576.0,1697.0,-4.0,-4.0,-4.0,-4.0,-4.0,602.0,726.0,851.0,957.0,1082.0,1224.0,1342.0,1454.0,1596.0,-4.0,-4.0,-4.0,-4.0,-4.0,619.0,742.0,866.0,984.0,1115.0,1247.0,1374.0,1493.0,1629.0,-4.0,-4.0,-4.0,-4.0,-4.0,625.0,747.0,872.0,994.0,1122.0,1255.0,1384.0,1504.0,1638.0
11598.0,-4.0,-4.0,-4.0,-4.0,-4.0,0.0,758.0,880.0,-3.0,1136.0,1268.0,1396.0,1515.0,0.0,-4.0,-4.0,-4.0,-4.0,-4.0,0.0,763.0,888.0,-3.0,1144.0,1276.0,1400.0,1526.0,0.0,-4.0,764.0,890.0,-3.0,1146.0,1278.0,1529.0,-4.0,-4.0,-4.0,-4.0,-4.0,0.0,792.0,913.0,-3.0,1171.0,1301.0,1409.0,1542.0,0.0,-4.0,-4.0,-4.0,-4.0,-4.0,0.0,802.0,925.0,-3.0,1181.0,1316.0,1427.0,1570.0,0.0,-4.0,-4.0,-4.0,-4.0,-4.0,0.0,804.0,927.0,-3.0,1185.0,1320.0,1433.0,1576.0,0.0,-4.0,-4.0,-4.0,-4.0,-4.0,605.0,728.0,854.0,-3.0,1096.0,1221.0,1334.0,1449.0,1594.0,-4.0,-4.0,-4.0,-4.0,-4.0,618.0,743.0,868.0,-3.0,1116.0,1249.0,1375.0,1495.0,1630.0,-4.0,-4.0,-4.0,-4.0,-4.0,625.0,747.0,872.0,-3.0,1122.0,1255.0,1384.0,1504.0,1638.0
11599.0,-4.0,-4.0,-4.0,-4.0,-4.0,632.0,758.0,883.0,0.0,1133.0,1268.0,-4.0,-4.0,-4.0,-4.0,-4.0,-4.0,-4.0,-4.0,640.0,763.0,888.0,0.0,1144.0,1276.0,-4.0,-4.0,-4.0,-4.0,764.0,890.0,0.0,1146.0,1278.0,-4.0,-4.0,-4.0,-4.0,-4.0,-4.0,670.0,792.0,913.0,0.0,1165.0,1304.0,-4.0,-4.0,-4.0,-4.0,-4.0,-4.0,-4.0,-4.0,680.0,802.0,925.0,0.0,1181.0,1316.0,-4.0,-4.0,-4.0,-4.0,-4.0,-4.0,-4.0,-4.0,682.0,804.0,927.0,0.0,1185.0,1320.0,-4.0,-4.0,-4.0,-4.0,-4.0,-4.0,-4.0,-4.0,606.0,728.0,847.0,960.0,1090.0,1213.0,-4.0,-4.0,-4.0,-4.0,-4.0,-4.0,-4.0,-4.0,621.0,743.0,867.0,985.0,1116.0,1248.0,-4.0,-4.0,-4.0,-4.0,-4.0,-4.0,-4.0,-4.0,625.0,747.0,872.0,994.0,1122.0,1255.0,-4.0,-4.0,-4.0
11600.0,-4.0,-4.0,-4.0,-4.0,-4.0,639.0,758.0,880.0,1004.0,1135.0,1270.0,1394.0,1515.0,1647.0,-4.0,-4.0,-4.0,-4.0,-4.0,642.0,763.0,888.0,1015.0,1144.0,1276.0,1401.0,1526.0,1656.0,-4.0,764.0,890.0,1018.0,1146.0,1278.0,1529.0,-4.0,-4.0,-4.0,-4.0,-4.0,670.0,792.0,913.0,1035.0,1166.0,1301.0,1409.0,1540.0,1668.0,-4.0,-4.0,-4.0,-4.0,-4.0,680.0,802.0,925.0,1056.0,1181.0,1316.0,1427.0,1570.0,1692.0,-4.0,-4.0,-4.0,-4.0,-4.0,682.0,804.0,927.0,1062.0,1185.0,1320.0,1433.0,1576.0,1697.0,-4.0,-4.0,-4.0,-4.0,-4.0,606.0,728.0,854.0,953.0,1088.0,1218.0,1334.0,1465.0,1591.0,-4.0,-4.0,-4.0,-4.0,-4.0,621.0,743.0,868.0,985.0,1116.0,1249.0,1375.0,1495.0,1630.0,-4.0,-4.0,-4.0,-4.0,-4.0,625.0,747.0,872.0,994.0,1122.0,1255.0,1384.0,1504.0,1638.0
11601.0,-4.0,-4.0,-4.0,-4.0,-4.0,632.0,0.0,880.0,1004.0,1138.0,-5.0,0.0,1514.0,1647.0,-4.0,-4.0,-4.0,-4.0,-4.0,640.0,0.0,888.0,1015.0,1144.0,-5.0,0.0,1526.0,1656.0,-4.0,0.0,890.0,1018.0,1146.0,-5.0,1529.0,-4.0,-4.0,-4.0,-4.0,-4.0,674.0,0.0,913.0,1034.0,1163.0,-5.0,0.0,1543.0,1672.0,-4.0,-4.0,-4.0,-4.0,-4.0,680.0,0.0,925.0,1056.0,1181.0,-5.0,0.0,1570.0,1692.0,-4.0,-4.0,-4.0,-4.0,-4.0,682.0,0.0,927.0,1062.0,1185.0,-5.0,0.0,1576.0,1697.0,-4.0,-4.0,-4.0,-4.0,-4.0,606.0,728.0,854.0,959.0,1094.0,-5.0,1341.0,1452.0,1595.0,-4.0,-4.0,-4.0,-4.0,-4.0,621.0,743.0,868.0,985.0,1115.0,-5.0,1375.0,1494.0,1630.0,-4.0,-4.0,-4.0,-4.0,-4.0,625.0,747.0,872.0,994.0,1122.0,-5.0,1384.0,1504.0,1638.0
11602.0,-4.0,-4.0,-4.0,-4.0,-4.0,638.0,0.0,880.0,1007.0,-3.0,-3.0,1396.0,-3.0,1649.0,-4.0,-4.0,-4.0,-4.0,-4.0,642.0,0.0,888.0,1015.0,-3.0,-3.0,1400.0,-3.0,1656.0,-4.0,0.0,890.0,1018.0,-3.0,-3.0,-3.0,-4.0,-4.0,-4.0,-4.0,-4.0,670.0,792.0,913.0,1037.0,-3.0,-3.0,1405.0,-3.0,1678.0,-4.0,-4.0,-4.0,-4.0,-4.0,680.0,802.0,925.0,1057.0,-3.0,-3.0,1427.0,-3.0,1693.0,-4.0,-4.0,-4.0,-4.0,-4.0,682.0,804.0,927.0,1062.0,-3.0,-3.0,1433.0,-3.0,1697.0,-4.0,-4.0,-4.0,-4.0,-4.0,605.0,728.0,854.0,957.0,-3.0,-3.0,1330.0,-3.0,1603.0,-4.0,-4.0,-4.0,-4.0,-4.0,618.0,743.0,868.0,984.0,-3.0,-3.0,1374.0,-3.0,1633.0,-4.0,-4.0,-4.0,-4.0,-4.0,625.0,747.0,872.0,994.0,-3.0,-3.0,1384.0,-3.0,1639.0
11603.0,-4.0,-4.0,-4.0,-4.0,-4.0,0.0,0.0,0.0,1010.0,0.0,1267.0,1394.0,1512.0,-5.0,-4.0,-4.0,-4.0,-4.0,-4.0,0.0,0.0,0.0,1015.0,0.0,1275.0,1401.0,1525.0,-5.0,-4.0,0.0,0.0,1018.0,0.0,1278.0,1529.0,-4.0,-4.0,-4.0,-4.0,-4.0,0.0,0.0,0.0,1043.0,0.0,1305.0,1415.0,1552.0,-5.0,-4.0,-4.0,-4.0,-4.0,-4.0,0.0,0.0,0.0,1058.0,0.0,1317.0,1428.0,1571.0,-5.0,-4.0,-4.0,-4.0,-4.0,-4.0,0.0,0.0,0.0,1062.0,0.0,1320.0,1433.0,1576.0,-5.0,-4.0,-4.0,-4.0,-4.0,-4.0,605.0,728.0,854.0,965.0,1097.0,1219.0,1347.0,1459.0,-5.0,-4.0,-4.0,-4.0,-4.0,-4.0,618.0,743.0,868.0,989.0,1117.0,1250.0,1377.0,1497.0,-5.0,-4.0,-4.0,-4.0,-4.0,-4.0,625.0,747.0,872.0,995.0,1123.0,1256.0,1385.0,1505.0,-5.0
11604.0,-4.0,-4.0,-4.0,-4.0,-4.0,0.0,758.0,880.0,1004.0,1133.0,1268.0,0.0,1514.0,0.0,-4.0,-4.0,-4.0,-4.0,-4.0,0.0,763.0,888.0,1015.0,1144.0,1276.0,0.0,1526.0,0.0,-4.0,764.0,890.0,1018.0,1146.0,1278.0,1529.0,-4.0,-4.0,-4.0,-4.0,-4.0,0.0,792.0,913.0,1035.0,1171.0,1304.0,0.0,1543.0,0.0,-4.0,-4.0,-4.0,-4.0,-4.0,0.0,802.0,925.0,1056.0,1181.0,1316.0,0.0,1570.0,0.0,-4.0,-4.0,-4.0,-4.0,-4.0,0.0,804.0,927.0,1062.0,1185.0,1320.0,0.0,1576.0,0.0,-4.0,-4.0,-4.0,-4.0,-4.0,605.0,728.0,854.0,953.0,1088.0,1213.0,1341.0,1452.0,1595.0,-4.0,-4.0,-4.0,-4.0,-4.0,618.0,743.0,868.0,985.0,1116.0,1248.0,1375.0,1494.0,1630.0,-4.0,-4.0,-4.0,-4.0,-4.0,625.0,747.0,872.0,994.0,1122.0,1255.0,1384.0,1504.0,1638.0
11605.0,-4.0,-4.0,-4.0,-4.0,-4.0,638.0,758.0,880.0,1004.0,1135.0,1270.0,1392.0,1515.0,1647.0,-4.0,-4.0,-4.0,-4.0,-4.0,642.0,763.0,888.0,1015.0,1144.0,1276.0,1399.0,1526.0,1656.0,-4.0,764.0,890.0,1018.0,1146.0,1278.0,1529.0,-4.0,-4.0,-4.0,-4.0,-4.0,670.0,792.0,913.0,1035.0,1166.0,1301.0,1409.0,1540.0,1669.0,-4.0,-4.0,-4.0,-4.0,-4.0,680.0,802.0,925.0,1056.0,1181.0,1316.0,1427.0,1570.0,1692.0,-4.0,-4.0,-4.0,-4.0,-4.0,682.0,804.0,927.0,1062.0,1185.0,1320.0,1433.0,1576.0,1697.0,-4.0,-4.0,-4.0,-4.0,-4.0,606.0,728.0,854.0,953.0,1088.0,1218.0,1334.0,1457.0,1591.0,-4.0,-4.0,-4.0,-4.0,-4.0,621.0,743.0,868.0,985.0,1116.0,1249.0,1375.0,1495.0,1630.0,-4.0,-4.0,-4.0,-4.0,-4.0,625.0,747.0,872.0,994.0,1122.0,1255.0,1384.0,1504.0,1638.0
11606.0,-4.0,-4.0,-4.0,-4.0,-4.0,0.0,758.0,883.0,1004.0,0.0,1268.0,1393.0,1514.0,0.0,-4.0,-4.0,-4.0,-4.0,-4.0,0.0,763.0,888.0,1015.0,0.0,1276.0,1400.0,1526.0,0.0,-4.0,764.0,890.0,1018.0,0.0,1278.0,1529.0,-4.0,-4.0,-4.0,-4.0,-4.0,0.0,792.0,913.0,1034.0,0.0,1299.0,1407.0,1543.0,1669.0,-4.0,-4.0,-4.0,-4.0,-4.0,0.0,802.0,925.0,1056.0,0.0,1316.0,1427.0,1570.0,1692.0,-4.0,-4.0,-4.0,-4.0,-4.0,0.0,804.0,927.0,1062.0,0.0,1320.0,1433.0,1576.0,1697.0,-4.0,-4.0,-4.0,-4.0,-4.0,605.0,728.0,847.0,960.0,1085.0,1213.0,1341.0,1452.0,1595.0,-4.0,-4.0,-4.0,-4.0,-4.0,618.0,743.0,867.0,985.0,1116.0,1248.0,1375.0,1494.0,1630.0,-4.0,-4.0,-4.0,-4.0,-4.0,625.0,747.0,872.0,994.0,1122.0,1255.0,1384.0,1504.0,1638.0
11607.0,-4.0,-4.0,-4.0,-4.0,-4.0,639.0,758.0,880.0,1007.0,1135.0,0.0,0.0,1515.0,1647.0,-4.0,-4.0,-4.0,-4.0,-4.0,642.0,763.0,888.0,1015.0,1144.0,0.0,0.0,1526.0,1656.0,-4.0,764.0,890.0,1018.0,1146.0,0.0,1529.0,-4.0,-4.0,-4.0,-4.0,-4.0,674.0,792.0,913.0,1042.0,1167.0,1302.0,1410.0,1542.0,1668.0,-4.0,-4.0,-4.0,-4.0,-4.0,680.0,802.0,925.0,1057.0,1181.0,1316.0,1427.0,1570.0,1692.0,-4.0,-4.0,-4.0,-4.0,-4.0,682.0,804.0,927.0,1062.0,1185.0,1320.0,1433.0,1576.0,1697.0,-4.0,-4.0,-4.0,-4.0,-4.0,606.0,728.0,854.0,966.0,1091.0,1225.0,1334.0,1461.0,1601.0,-4.0,-4.0,-4.0,-4.0,-4.0,621.0,743.0,868.0,985.0,1116.0,1249.0,1375.0,1495.0,1629.0,-4.0,-4.0,-4.0,-4.0,-4.0,625.0,747.0,872.0,994.0,1122.0,1255.0,1384.0,1504.0,1638.0
11608.0,-4.0,-4.0,-4.0,-4.0,-4.0,638.0,758.0,880.0,1007.0,1136.0,1268.0,1396.0,1515.0,1647.0,-4.0,-4.0,-4.0,-4.0,-4.0,642.0,763.0,888.0,1015.0,1144.0,1276.0,1400.0,1526.0,1656.0,-4.0,764.0,890.0,1018.0,1146.0,1278.0,1529.0,-4.0,-4.0,-4.0,-4.0,-4.0,670.0,792.0,913.0,1042.0,1171.0,1302.0,1410.0,1542.0,1668.0,-4.0,-4.0,-4.0,-4.0,-4.0,680.0,802.0,925.0,1057.0,1181.0,1316.0,1427.0,1570.0,1692.0,-4.0,-4.0,-4.0,-4.0,-4.0,682.0,804.0,927.0,1062.0,1185.0,1320.0,1433.0,1576.0,1697.0,-4.0,-4.0,-4.0,-4.0,-4.0,605.0,728.0,854.0,966.0,1091.0,1225.0,1334.0,1461.0,1594.0,-4.0,-4.0,-4.0,-4.0,-4.0,618.0,743.0,868.0,985.0,1116.0,1249.0,1375.0,1495.0,1630.0,-4.0,-4.0,-4.0,-4.0,-4.0,625.0,747.0,872.0,994.0,1122.0,1255.0,1384.0,1504.0,1638.0
11609.0,-4.0,-4.0,-4.0,-4.0,-4.0,639.0,-5.0,-5.0,1007.0,-5.0,-5.0,-5.0,-5.0,-5.0,-4.0,-4.0,-4.0,-4.0,-4.0,642.0,-5.0,-5.0,1015.0,-5.0,-5.0,-5.0,-5.0,-5.0,-4.0,-5.0,-5.0,1018.0,-5.0,-5.0,-5.0,-4.0,-4.0,-4.0,-4.0,-4.0,674.0,-5.0,-5.0,1042.0,-5.0,-5.0,-5.0,-5.0,-5.0,-4.0,-4.0,-4.0,-4.0,-4.0,680.0,-5.0,-5.0,1057.0,-5.0,-5.0,-5.0,-5.0,-5.0,-4.0,-4.0,-4.0,-4.0,-4.0,682.0,-5.0,-5.0,1062.0,-5.0,-5.0,-5.0,-5.0,-5.0,-4.0,-4.0,-4.0,-4.0,-4.0,606.0,-5.0,-5.0,966.0,-5.0,-5.0,-5.0,-5.0,-5.0,-4.0,-4.0,-4.0,-4.0,-4.0,621.0,-5.0,-5.0,985.0,-5.0,-5.0,-5.0,-5.0,-5.0,-4.0,-4.0,-4.0,-4.0,-4.0,625.0,-5.0,-5.0,994.0,-5.0,-5.0,-5.0,-5.0,-5.0
11610.0,-4.0,-4.0,-4.0,-4.0,-4.0,639.0,758.0,880.0,1007.0,0.0,0.0,0.0,-3.0,1647.0,-4.0,-4.0,-4.0,-4.0,-4.0,642.0,763.0,888.0,1015.0,0.0,0.0,0.0,-3.0,1656.0,-4.0,764.0,890.0,1018.0,0.0,0.0,-3.0,-4.0,-4.0,-4.0,-4.0,-4.0,670.0,792.0,913.0,1039.0,0.0,1303.0,1405.0,-3.0,1668.0,-4.0,-4.0,-4.0,-4.0,-4.0,680.0,802.0,925.0,1057.0,0.0,1316.0,1427.0,-3.0,1692.0,-4.0,-4.0,-4.0,-4.0,-4.0,682.0,804.0,927.0,1062.0,0.0,1320.0,1433.0,-3.0,1697.0,-4.0,-4.0,-4.0,-4.0,-4.0,606.0,728.0,854.0,964.0,1089.0,1224.0,1342.0,-3.0,1601.0,-4.0,-4.0,-4.0,-4.0,-4.0,621.0,743.0,868.0,986.0,1115.0,1247.0,1374.0,-3.0,1629.0,-4.0,-4.0,-4.0,-4.0,-4.0,625.0,747.0,872.0,994.0,1122.0,1255.0,1384.0,-3.0,1638.0
11611.0,-4.0,-4.0,-4.0,-4.0,-4.0,639.0,759.0,880.0,1007.0,1135.0,1269.0,-5.0,-5.0,0.0,-4.0,-4.0,-4.0,-4.0,-4.0,642.0,763.0,888.0,1015.0,1144.0,1276.0,-5.0,-5.0,0.0,-4.0,764.0,890.0,1018.0,1146.0,1278.0,-5.0,-4.0,-4.0,-4.0,-4.0,-4.0,674.0,792.0,913.0,1042.0,1171.0,1301.0,-5.0,-5.0,0.0,-4.0,-4.0,-4.0,-4.0,-4.0,680.0,802.0,925.0,1057.0,1181.0,1316.0,-5.0,-5.0,0.0,-4.0,-4.0,-4.0,-4.0,-4.0,682.0,804.0,927.0,1062.0,1185.0,1320.0,-5.0,-5.0,0.0,-4.0,-4.0,-4.0,-4.0,-4.0,606.0,728.0,847.0,966.0,1088.0,1227.0,-5.0,-5.0,1594.0,-4.0,-4.0,-4.0,-4.0,-4.0,621.0,743.0,867.0,985.0,1116.0,1249.0,-5.0,-5.0,1630.0,-4.0,-4.0,-4.0,-4.0,-4.0,625.0,747.0,872.0,994.0,1122.0,1255.0,-5.0,-5.0,1638.0
11612.0,-4.0,-4.0,-4.0,-4.0,-4.0,632.0,758.0,880.0,1007.0,0.0,-3.0,1396.0,1520.0,1650.0,-4.0,-4.0,-4.0,-4.0,-4.0,640.0,763.0,888.0,1015.0,0.0,-3.0,1400.0,1527.0,1657.0,-4.0,764.0,890.0,1018.0,0.0,-3.0,1528.0,-4.0,-4.0,-4.0,-4.0,-4.0,674.0,792.0,913.0,1042.0,0.0,-3.0,1414.0,1547.0,1676.0,-4.0,-4.0,-4.0,-4.0,-4.0,680.0,802.0,925.0,1057.0,0.0,-3.0,1428.0,1571.0,1693.0,-4.0,-4.0,-4.0,-4.0,-4.0,682.0,804.0,927.0,1062.0,0.0,-3.0,1433.0,1576.0,1697.0,-4.0,-4.0,-4.0,-4.0,-4.0,606.0,728.0,854.0,964.0,1091.0,-3.0,1346.0,1455.0,1600.0,-4.0,-4.0,-4.0,-4.0,-4.0,621.0,743.0,868.0,986.0,1116.0,-3.0,1376.0,1497.0,1633.0,-4.0,-4.0,-4.0,-4.0,-4.0,625.0,747.0,872.0,994.0,1122.0,-3.0,1385.0,1505.0,1639.0
11613.0,-4.0,-4.0,-4.0,-4.0,-4.0,639.0,758.0,880.0,1004.0,1133.0,1268.0,1396.0,1520.0,1650.0,-4.0,-4.0,-4.0,-4.0,-4.0,642.0,763.0,888.0,1015.0,1144.0,1276.0,1400.0,1527.0,1657.0,-4.0,764.0,890.0,1018.0,1146.0,1278.0,1528.0,-4.0,-4.0,-4.0,-4.0,-4.0,670.0,792.0,913.0,1034.0,1165.0,1304.0,1414.0,1547.0,1676.0,-4.0,-4.0,-4.0,-4.0,-4.0,680.0,802.0,925.0,1056.0,1181.0,1316.0,1428.0,1571.0,1693.0,-4.0,-4.0,-4.0,-4.0,-4.0,682.0,804.0,927.0,1062.0,1185.0,1320.0,1433.0,1576.0,1697.0,-4.0,-4.0,-4.0,-4.0,-4.0,606.0,728.0,854.0,959.0,1096.0,1220.0,1346.0,1455.0,1600.0,-4.0,-4.0,-4.0,-4.0,-4.0,621.0,743.0,868.0,985.0,1116.0,1248.0,1376.0,1497.0,1633.0,-4.0,-4.0,-4.0,-4.0,-4.0,625.0,747.0,872.0,994.0,1122.0,1255.0,1385.0,1505.0,1639.0
11614.0,-4.0,-4.0,-4.0,-4.0,-4.0,639.0,758.0,880.0,1004.0,1135.0,1270.0,1396.0,-3.0,1649.0,-4.0,-4.0,-4.0,-4.0,-4.0,642.0,763.0,888.0,1015.0,1144.0,1276.0,1400.0,-3.0,1656.0,-4.0,764.0,890.0,1018.0,1146.0,1278.0,-3.0,-4.0,-4.0,-4.0,-4.0,-4.0,670.0,792.0,913.0,1035.0,1166.0,1299.0,1408.0,-3.0,1673.0,-4.0,-4.0,-4.0,-4.0,-4.0,680.0,802.0,925.0,1056.0,1181.0,1316.0,1427.0,-3.0,1692.0,-4.0,-4.0,-4.0,-4.0,-4.0,682.0,804.0,927.0,1062.0,1185.0,1320.0,1433.0,-3.0,1697.0,-4.0,-4.0,-4.0,-4.0,-4.0,605.0,728.0,854.0,953.0,1088.0,1218.0,1339.0,-3.0,1596.0,-4.0,-4.0,-4.0,-4.0,-4.0,618.0,743.0,868.0,985.0,1116.0,1249.0,1375.0,-3.0,1629.0,-4.0,-4.0,-4.0,-4.0,-4.0,625.0,747.0,872.0,994.0,1122.0,1255.0,1384.0,-3.0,1638.0
11615.0,-4.0,-4.0,-4.0,-4.0,-4.0,639.0,759.0,-3.0,1007.0,0.0,1269.0,1393.0,-3.0,1647.0,-4.0,-4.0,-4.0,-4.0,-4.0,642.0,763.0,-3.0,1015.0,0.0,1276.0,1400.0,-3.0,1656.0,-4.0,764.0,-3.0,1018.0,0.0,1278.0,-3.0,-4.0,-4.0,-4.0,-4.0,-4.0,670.0,792.0,-3.0,1035.0,1166.0,1299.0,1412.0,-3.0,1667.0,-4.0,-4.0,-4.0,-4.0,-4.0,680.0,802.0,-3.0,1056.0,1181.0,1316.0,1427.0,-3.0,1692.0,-4.0,-4.0,-4.0,-4.0,-4.0,682.0,804.0,-3.0,1062.0,1185.0,1320.0,1433.0,-3.0,1697.0,-4.0,-4.0,-4.0,-4.0,-4.0,606.0,728.0,-3.0,964.0,1096.0,1227.0,1340.0,-3.0,1590.0,-4.0,-4.0,-4.0,-4.0,-4.0,621.0,743.0,-3.0,986.0,1116.0,1249.0,1374.0,-3.0,1630.0,-4.0,-4.0,-4.0,-4.0,-4.0,625.0,747.0,-3.0,994.0,1122.0,1255.0,1384.0,-3.0,1638.0
11616.0,-4.0,-4.0,-4.0,-4.0,-4.0,-3.0,-3.0,880.0,0.0,1133.0,1269.0,1396.0,1513.0,1647.0,-4.0,-4.0,-4.0,-4.0,-4.0,-3.0,-3.0,888.0,0.0,1144.0,1276.0,1400.0,1526.0,1656.0,-4.0,-3.0,890.0,0.0,1146.0,1278.0,1529.0,-4.0,-4.0,-4.0,-4.0,-4.0,-3.0,-3.0,913.0,0.0,1168.0,1303.0,1405.0,1545.0,1668.0,-4.0,-4.0,-4.0,-4.0,-4.0,-3.0,-3.0,925.0,0.0,1181.0,1316.0,1427.0,1570.0,1692.0,-4.0,-4.0,-4.0,-4.0,-4.0,-3.0,-3.0,927.0,0.0,1185.0,1320.0,1433.0,1576.0,1697.0,-4.0,-4.0,-4.0,-4.0,-4.0,-3.0,-3.0,847.0,957.0,1089.0,1224.0,1342.0,1464.0,1586.0,-4.0,-4.0,-4.0,-4.0,-4.0,-3.0,-3.0,867.0,984.0,1115.0,1247.0,1374.0,1493.0,1629.0,-4.0,-4.0,-4.0,-4.0,-4.0,-3.0,-3.0,872.0,994.0,1122.0,1255.0,1384.0,1504.0,1638.0
11617.0,-4.0,-4.0,-4.0,-4.0,-4.0,637.0,758.0,-5.0,-3.0,1136.0,1268.0,1393.0,-5.0,1647.0,-4.0,-4.0,-4.0,-4.0,-4.0,642.0,763.0,-5.0,-3.0,1144.0,1276.0,1400.0,-5.0,1656.0,-4.0,764.0,-5.0,-3.0,1146.0,1278.0,-5.0,-4.0,-4.0,-4.0,-4.0,-4.0,674.0,792.0,-5.0,-3.0,1167.0,1302.0,1410.0,-5.0,1667.0,-4.0,-4.0,-4.0,-4.0,-4.0,680.0,802.0,-5.0,-3.0,1181.0,1316.0,1427.0,-5.0,1692.0,-4.0,-4.0,-4.0,-4.0,-4.0,682.0,804.0,-5.0,-3.0,1185.0,1320.0,1433.0,-5.0,1697.0,-4.0,-4.0,-4.0,-4.0,-4.0,605.0,723.0,-5.0,-3.0,1086.0,1214.0,1335.0,-5.0,1590.0,-4.0,-4.0,-4.0,-4.0,-4.0,618.0,741.0,-5.0,-3.0,1116.0,1248.0,1374.0,-5.0,1630.0,-4.0,-4.0,-4.0,-4.0,-4.0,625.0,747.0,-5.0,-3.0,1122.0,1255.0,1384.0,-5.0,1638.0
11618.0,-4.0,-4.0,-4.0,-4.0,-4.0,632.0,759.0,883.0,1009.0,1136.0,1271.0,-3.0,1514.0,1647.0,-4.0,-4.0,-4.0,-4.0,-4.0,640.0,763.0,888.0,1015.0,1144.0,1276.0,-3.0,1526.0,1656.0,-4.0,764.0,890.0,1018.0,1146.0,1278.0,1529.0,-4.0,-4.0,-4.0,-4.0,-4.0,674.0,796.0,913.0,1042.0,1169.0,1304.0,-3.0,1549.0,1671.0,-4.0,-4.0,-4.0,-4.0,-4.0,680.0,802.0,925.0,1057.0,1181.0,1316.0,-3.0,1570.0,1692.0,-4.0,-4.0,-4.0,-4.0,-4.0,682.0,804.0,927.0,1062.0,1185.0,1320.0,-3.0,1576.0,1697.0,-4.0,-4.0,-4.0,-4.0,-4.0,606.0,721.0,847.0,963.0,1090.0,1220.0,-3.0,1446.0,1602.0,-4.0,-4.0,-4.0,-4.0,-4.0,621.0,741.0,867.0,986.0,1116.0,1248.0,-3.0,1494.0,1630.0,-4.0,-4.0,-4.0,-4.0,-4.0,625.0,747.0,872.0,994.0,1122.0,1255.0,-3.0,1504.0,1638.0
11619.0,-4.0,-4.0,-4.0,-4.0,-4.0,632.0,-3.0,0.0,-4.0,-4.0,-4.0,-4.0,-4.0,-4.0,-4.0,-4.0,-4.0,-4.0,-4.0,640.0,-3.0,0.0,-4.0,-4.0,-4.0,-4.0,-4.0,-4.0,-4.0,-3.0,0.0,-4.0,-4.0,-4.0,-4.0,-4.0,-4.0,-4.0,-4.0,-4.0,670.0,-3.0,0.0,-4.0,-4.0,-4.0,-4.0,-4.0,-4.0,-4.0,-4.0,-4.0,-4.0,-4.0,680.0,-3.0,0.0,-4.0,-4.0,-4.0,-4.0,-4.0,-4.0,-4.0,-4.0,-4.0,-4.0,-4.0,682.0,-3.0,0.0,-4.0,-4.0,-4.0,-4.0,-4.0,-4.0,-4.0,-4.0,-4.0,-4.0,-4.0,606.0,-3.0,854.0,-4.0,-4.0,-4.0,-4.0,-4.0,-4.0,-4.0,-4.0,-4.0,-4.0,-4.0,621.0,-3.0,868.0,-4.0,-4.0,-4.0,-4.0,-4.0,-4.0,-4.0,-4.0,-4.0,-4.0,-4.0,625.0,-3.0,872.0,-4.0,-4.0,-4.0,-4.0,-4.0,-4.0
11620.0,-4.0,-4.0,-4.0,-4.0,-4.0,0.0,758.0,0.0,1007.0,1136.0,1268.0,1396.0,1515.0,1647.0,-4.0,-4.0,-4.0,-4.0,-4.0,0.0,763.0,0.0,1015.0,1144.0,1276.0,1400.0,1526.0,1656.0,-4.0,764.0,0.0,1018.0,1146.0,1278.0,1529.0,-4.0,-4.0,-4.0,-4.0,-4.0,0.0,792.0,913.0,1039.0,1165.0,1299.0,1407.0,1539.0,1669.0,-4.0,-4.0,-4.0,-4.0,-4.0,0.0,802.0,925.0,1057.0,1181.0,1316.0,1427.0,1570.0,1692.0,-4.0,-4.0,-4.0,-4.0,-4.0,0.0,804.0,927.0,1062.0,1185.0,1320.0,1433.0,1576.0,1697.0,-4.0,-4.0,-4.0,-4.0,-4.0,605.0,728.0,854.0,966.0,1096.0,1221.0,1334.0,1461.0,1594.0,-4.0,-4.0,-4.0,-4.0,-4.0,618.0,743.0,868.0,985.0,1116.0,1249.0,1375.0,1495.0,1630.0,-4.0,-4.0,-4.0,-4.0,-4.0,625.0,747.0,872.0,994.0,1122.0,1255.0,1384.0,1504.0,1638.0
11621.0,-4.0,-4.0,-4.0,-4.0,-4.0,638.0,-3.0,-3.0,1004.0,-3.0,-5.0,1396.0,1515.0,1647.0,-4.0,-4.0,-4.0,-4.0,-4.0,642.0,-3.0,-3.0,1015.0,-3.0,-5.0,1400.0,1526.0,1656.0,-4.0,-3.0,-3.0,1018.0,-3.0,-5.0,1529.0,-4.0,-4.0,-4.0,-4.0,-4.0,670.0,-3.0,-3.0,1035.0,-3.0,-5.0,1410.0,1542.0,1672.0,-4.0,-4.0,-4.0,-4.0,-4.0,680.0,-3.0,-3.0,1056.0,-3.0,-5.0,1427.0,1570.0,1692.0,-4.0,-4.0,-4.0,-4.0,-4.0,682.0,-3.0,-3.0,1062.0,-3.0,-5.0,1433.0,1576.0,1697.0,-4.0,-4.0,-4.0,-4.0,-4.0,605.0,-3.0,-3.0,956.0,-3.0,-5.0,1341.0,1452.0,1595.0,-4.0,-4.0,-4.0,-4.0,-4.0,618.0,-3.0,-3.0,986.0,-3.0,-5.0,1375.0,1494.0,1630.0,-4.0,-4.0,-4.0,-4.0,-4.0,625.0,-3.0,-3.0,994.0,-3.0,-5.0,1384.0,1504.0,1638.0
11622.0,-4.0,-4.0,-4.0,-4.0,-4.0,638.0,757.0,880.0,1007.0,1135.0,1270.0,1394.0,1512.0,1647.0,-4.0,-4.0,-4.0,-4.0,-4.0,642.0,763.0,888.0,1015.0,1144.0,1276.0,1401.0,1525.0,1656.0,-4.0,764.0,890.0,1018.0,1146.0,1278.0,1529.0,-4.0,-4.0,-4.0,-4.0,-4.0,670.0,792.0,913.0,1039.0,1166.0,1301.0,1409.0,1542.0,1668.0,-4.0,-4.0,-4.0,-4.0,-4.0,680.0,802.0,925.0,1057.0,1181.0,1316.0,1427.0,1570.0,1692.0,-4.0,-4.0,-4.0,-4.0,-4.0,682.0,804.0,927.0,1062.0,1185.0,1320.0,1433.0,1576.0,1697.0,-4.0,-4.0,-4.0,-4.0,-4.0,605.0,728.0,854.0,966.0,1088.0,1218.0,1334.0,1461.0,1591.0,-4.0,-4.0,-4.0,-4.0,-4.0,618.0,743.0,868.0,985.0,1116.0,1249.0,1375.0,1495.0,1630.0,-4.0,-4.0,-4.0,-4.0,-4.0,625.0,747.0,872.0,994.0,1122.0,1255.0,1384.0,1504.0,1638.0
11623.0,-4.0,-4.0,-4.0,-4.0,-4.0,638.0,758.0,-5.0,1004.0,1133.0,-5.0,1393.0,-3.0,1647.0,-4.0,-4.0,-4.0,-4.0,-4.0,642.0,763.0,-5.0,1015.0,1144.0,-5.0,1400.0,-3.0,1656.0,-4.0,764.0,-5.0,1018.0,1146.0,-5.0,-3.0,-4.0,-4.0,-4.0,-4.0,-4.0,668.0,791.0,-5.0,1034.0,1169.0,-5.0,1410.0,-3.0,1671.0,-4.0,-4.0,-4.0,-4.0,-4.0,680.0,802.0,-5.0,1056.0,1181.0,-5.0,1427.0,-3.0,1692.0,-4.0,-4.0,-4.0,-4.0,-4.0,682.0,804.0,-5.0,1062.0,1185.0,-5.0,1433.0,-3.0,1697.0,-4.0,-4.0,-4.0,-4.0,-4.0,598.0,729.0,-5.0,960.0,1085.0,-5.0,1333.0,-3.0,1602.0,-4.0,-4.0,-4.0,-4.0,-4.0,618.0,743.0,-5.0,985.0,1116.0,-5.0,1375.0,-3.0,1630.0,-4.0,-4.0,-4.0,-4.0,-4.0,625.0,747.0,-5.0,994.0,1122.0,-5.0,1384.0,-3.0,1638.0
11624.0,-4.0,-4.0,-4.0,-4.0,-4.0,-3.0,758.0,880.0,0.0,1133.0,-5.0,-3.0,-3.0,0.0,-4.0,-4.0,-4.0,-4.0,-4.0,-3.0,763.0,888.0,0.0,1144.0,-5.0,-3.0,-3.0,0.0,-4.0,764.0,890.0,0.0,1146.0,-5.0,-3.0,-4.0,-4.0,-4.0,-4.0,-4.0,-3.0,791.0,912.0,0.0,1165.0,-5.0,-3.0,-3.0,0.0,-4.0,-4.0,-4.0,-4.0,-4.0,-3.0,802.0,925.0,0.0,1181.0,-5.0,-3.0,-3.0,0.0,-4.0,-4.0,-4.0,-4.0,-4.0,-3.0,804.0,927.0,0.0,1185.0,-5.0,-3.0,-3.0,0.0,-4.0,-4.0,-4.0,-4.0,-4.0,-3.0,729.0,844.0,953.0,1096.0,-5.0,-3.0,-3.0,1592.0,-4.0,-4.0,-4.0,-4.0,-4.0,-3.0,743.0,867.0,985.0,1116.0,-5.0,-3.0,-3.0,1630.0,-4.0,-4.0,-4.0,-4.0,-4.0,-3.0,747.0,872.0,994.0,1122.0,-5.0,-3.0,-3.0,1638.0
11625.0,-4.0,-4.0,-4.0,-4.0,-4.0,638.0,758.0,880.0,1004.0,1133.0,1271.0,1393.0,1515.0,1647.0,-4.0,-4.0,-4.0,-4.0,-4.0,642.0,763.0,888.0,1015.0,1144.0,1276.0,1400.0,1526.0,1656.0,-4.0,764.0,890.0,1018.0,1146.0,1278.0,1529.0,-4.0,-4.0,-4.0,-4.0,-4.0,668.0,791.0,912.0,1039.0,1163.0,1297.0,1407.0,1539.0,1667.0,-4.0,-4.0,-4.0,-4.0,-4.0,680.0,802.0,925.0,1057.0,1181.0,1316.0,1427.0,1570.0,1692.0,-4.0,-4.0,-4.0,-4.0,-4.0,682.0,804.0,927.0,1062.0,1185.0,1320.0,1433.0,1576.0,1697.0,-4.0,-4.0,-4.0,-4.0,-4.0,607.0,729.0,846.0,953.0,1094.0,1226.0,1330.0,1451.0,1590.0,-4.0,-4.0,-4.0,-4.0,-4.0,621.0,743.0,868.0,985.0,1115.0,1247.0,1374.0,1495.0,1630.0,-4.0,-4.0,-4.0,-4.0,-4.0,625.0,747.0,872.0,994.0,1122.0,1255.0,1384.0,1504.0,1638.0
11626.0,-4.0,-4.0,-4.0,-4.0,-4.0,639.0,759.0,880.0,1007.0,1135.0,1269.0,1393.0,1513.0,1647.0,-4.0,-4.0,-4.0,-4.0,-4.0,642.0,763.0,888.0,1015.0,1144.0,1276.0,1400.0,1526.0,1656.0,-4.0,764.0,890.0,1018.0,1146.0,1278.0,1529.0,-4.0,-4.0,-4.0,-4.0,-4.0,669.0,791.0,912.0,1042.0,1171.0,1301.0,1410.0,1549.0,1677.0,-4.0,-4.0,-4.0,-4.0,-4.0,680.0,802.0,925.0,1057.0,1181.0,1316.0,1427.0,1570.0,1692.0,-4.0,-4.0,-4.0,-4.0,-4.0,682.0,804.0,927.0,1062.0,1185.0,1320.0,1433.0,1576.0,1697.0,-4.0,-4.0,-4.0,-4.0,-4.0,607.0,729.0,845.0,966.0,1088.0,1227.0,1334.0,1465.0,1591.0,-4.0,-4.0,-4.0,-4.0,-4.0,621.0,743.0,868.0,985.0,1116.0,1249.0,1375.0,1495.0,1630.0,-4.0,-4.0,-4.0,-4.0,-4.0,625.0,747.0,872.0,994.0,1122.0,1255.0,1384.0,1504.0,1638.0
11627.0,-4.0,-4.0,-4.0,-4.0,-4.0,638.0,0.0,-3.0,1009.0,1136.0,1271.0,1393.0,1514.0,1647.0,-4.0,-4.0,-4.0,-4.0,-4.0,642.0,0.0,-3.0,1015.0,1144.0,1276.0,1400.0,1526.0,1656.0,-4.0,0.0,-3.0,1018.0,1146.0,1278.0,1529.0,-4.0,-4.0,-4.0,-4.0,-4.0,668.0,0.0,-3.0,1042.0,1167.0,1302.0,1412.0,1549.0,1667.0,-4.0,-4.0,-4.0,-4.0,-4.0,680.0,0.0,-3.0,1057.0,1181.0,1316.0,1427.0,1570.0,1692.0,-4.0,-4.0,-4.0,-4.0,-4.0,682.0,0.0,-3.0,1062.0,1185.0,1320.0,1433.0,1576.0,1697.0,-4.0,-4.0,-4.0,-4.0,-4.0,607.0,730.0,-3.0,963.0,1091.0,1225.0,1340.0,1443.0,1590.0,-4.0,-4.0,-4.0,-4.0,-4.0,621.0,741.0,-3.0,986.0,1116.0,1249.0,1374.0,1494.0,1630.0,-4.0,-4.0,-4.0,-4.0,-4.0,625.0,747.0,-3.0,994.0,1122.0,1255.0,1384.0,1504.0,1638.0
11628.0,-4.0,-4.0,-4.0,-4.0,-4.0,638.0,-3.0,-4.0,-4.0,-4.0,-4.0,-4.0,-4.0,-4.0,-4.0,-4.0,-4.0,-4.0,-4.0,642.0,-3.0,-4.0,-4.0,-4.0,-4.0,-4.0,-4.0,-4.0,-4.0,-3.0,-4.0,-4.0,-4.0,-4.0,-4.0,-4.0,-4.0,-4.0,-4.0,-4.0,668.0,-3.0,-4.0,-4.0,-4.0,-4.0,-4.0,-4.0,-4.0,-4.0,-4.0,-4.0,-4.0,-4.0,680.0,-3.0,-4.0,-4.0,-4.0,-4.0,-4.0,-4.0,-4.0,-4.0,-4.0,-4.0,-4.0,-4.0,682.0,-3.0,-4.0,-4.0,-4.0,-4.0,-4.0,-4.0,-4.0,-4.0,-4.0,-4.0,-4.0,-4.0,598.0,-3.0,-4.0,-4.0,-4.0,-4.0,-4.0,-4.0,-4.0,-4.0,-4.0,-4.0,-4.0,-4.0,618.0,-3.0,-4.0,-4.0,-4.0,-4.0,-4.0,-4.0,-4.0,-4.0,-4.0,-4.0,-4.0,-4.0,625.0,-3.0,-4.0,-4.0,-4.0,-4.0,-4.0,-4.0,-4.0
11629.0,-4.0,-4.0,-4.0,-4.0,-4.0,638.0,-5.0,880.0,1004.0,1135.0,1270.0,1394.0,1515.0,1647.0,-4.0,-4.0,-4.0,-4.0,-4.0,642.0,-5.0,888.0,1015.0,1144.0,1276.0,1401.0,1526.0,1656.0,-4.0,-5.0,890.0,1018.0,1146.0,1278.0,1529.0,-4.0,-4.0,-4.0,-4.0,-4.0,668.0,-5.0,912.0,1035.0,1166.0,1301.0,1409.0,1540.0,1671.0,-4.0,-4.0,-4.0,-4.0,-4.0,680.0,-5.0,925.0,1056.0,1181.0,1316.0,1427.0,1570.0,1692.0,-4.0,-4.0,-4.0,-4.0,-4.0,682.0,-5.0,927.0,1062.0,1185.0,1320.0,1433.0,1576.0,1697.0,-4.0,-4.0,-4.0,-4.0,-4.0,607.0,-5.0,846.0,953.0,1088.0,1218.0,1334.0,1465.0,1591.0,-4.0,-4.0,-4.0,-4.0,-4.0,621.0,-5.0,868.0,985.0,1116.0,1249.0,1375.0,1495.0,1630.0,-4.0,-4.0,-4.0,-4.0,-4.0,625.0,-5.0,872.0,994.0,1122.0,1255.0,1384.0,1504.0,1638.0
11630.0,-4.0,-4.0,-4.0,-4.0,-4.0,639.0,759.0,-3.0,1007.0,1135.0,1269.0,-3.0,1513.0,1647.0,-4.0,-4.0,-4.0,-4.0,-4.0,642.0,763.0,-3.0,1015.0,1144.0,1276.0,-3.0,1526.0,1656.0,-4.0,764.0,-3.0,1018.0,1146.0,1278.0,1529.0,-4.0,-4.0,-4.0,-4.0,-4.0,669.0,791.0,-3.0,1042.0,1167.0,1302.0,-3.0,1542.0,1677.0,-4.0,-4.0,-4.0,-4.0,-4.0,680.0,802.0,-3.0,1057.0,1181.0,1316.0,-3.0,1570.0,1692.0,-4.0,-4.0,-4.0,-4.0,-4.0,682.0,804.0,-3.0,1062.0,1185.0,1320.0,-3.0,1576.0,1697.0,-4.0,-4.0,-4.0,-4.0,-4.0,607.0,729.0,-3.0,966.0,1091.0,1227.0,-3.0,1465.0,1591.0,-4.0,-4.0,-4.0,-4.0,-4.0,621.0,743.0,-3.0,985.0,1116.0,1249.0,-3.0,1495.0,1630.0,-4.0,-4.0,-4.0,-4.0,-4.0,625.0,747.0,-3.0,994.0,1122.0,1255.0,-3.0,1504.0,1638.0
11631.0,-4.0,-4.0,-4.0,-4.0,-4.0,0.0,0.0,-3.0,-3.0,0.0,-3.0,0.0,1515.0,1647.0,-4.0,-4.0,-4.0,-4.0,-4.0,0.0,0.0,-3.0,-3.0,0.0,-3.0,0.0,1526.0,1656.0,-4.0,0.0,-3.0,-3.0,0.0,-3.0,1529.0,-4.0,-4.0,-4.0,-4.0,-4.0,668.0,791.0,-3.0,-3.0,1165.0,-3.0,1409.0,1542.0,1669.0,-4.0,-4.0,-4.0,-4.0,-4.0,680.0,802.0,-3.0,-3.0,1181.0,-3.0,1427.0,1570.0,1692.0,-4.0,-4.0,-4.0,-4.0,-4.0,682.0,804.0,-3.0,-3.0,1185.0,-3.0,1433.0,1576.0,1697.0,-4.0,-4.0,-4.0,-4.0,-4.0,607.0,729.0,-3.0,-3.0,1096.0,-3.0,1334.0,1449.0,1594.0,-4.0,-4.0,-4.0,-4.0,-4.0,621.0,743.0,-3.0,-3.0,1116.0,-3.0,1375.0,1495.0,1630.0,-4.0,-4.0,-4.0,-4.0,-4.0,625.0,747.0,-3.0,-3.0,1122.0,-3.0,1384.0,1504.0,1638.0
11632.0,-4.0,-4.0,-4.0,-4.0,-4.0,638.0,758.0,-5.0,1004.0,-3.0,1268.0,0.0,0.0,1647.0,-4.0,-4.0,-4.0,-4.0,-4.0,642.0,763.0,-5.0,1015.0,-3.0,1276.0,0.0,0.0,1656.0,-4.0,764.0,-5.0,1018.0,-3.0,1278.0,0.0,-4.0,-4.0,-4.0,-4.0,-4.0,668.0,791.0,-5.0,1035.0,-3.0,1299.0,1407.0,1539.0,1669.0,-4.0,-4.0,-4.0,-4.0,-4.0,680.0,802.0,-5.0,1056.0,-3.0,1316.0,1427.0,1570.0,1692.0,-4.0,-4.0,-4.0,-4.0,-4.0,682.0,804.0,-5.0,1062.0,-3.0,1320.0,1433.0,1576.0,1697.0,-4.0,-4.0,-4.0,-4.0,-4.0,607.0,729.0,-5.0,959.0,-3.0,1213.0,1333.0,1443.0,1590.0,-4.0,-4.0,-4.0,-4.0,-4.0,621.0,743.0,-5.0,985.0,-3.0,1248.0,1375.0,1494.0,1630.0,-4.0,-4.0,-4.0,-4.0,-4.0,625.0,747.0,-5.0,994.0,-3.0,1255.0,1384.0,1504.0,1638.0
11633.0,-4.0,-4.0,-4.0,-4.0,-4.0,638.0,-5.0,-5.0,-4.0,-4.0,-4.0,-4.0,-4.0,-4.0,-4.0,-4.0,-4.0,-4.0,-4.0,642.0,-5.0,-5.0,-4.0,-4.0,-4.0,-4.0,-4.0,-4.0,-4.0,-5.0,-5.0,-4.0,-4.0,-4.0,-4.0,-4.0,-4.0,-4.0,-4.0,-4.0,668.0,-5.0,-5.0,-4.0,-4.0,-4.0,-4.0,-4.0,-4.0,-4.0,-4.0,-4.0,-4.0,-4.0,680.0,-5.0,-5.0,-4.0,-4.0,-4.0,-4.0,-4.0,-4.0,-4.0,-4.0,-4.0,-4.0,-4.0,682.0,-5.0,-5.0,-4.0,-4.0,-4.0,-4.0,-4.0,-4.0,-4.0,-4.0,-4.0,-4.0,-4.0,607.0,-5.0,-5.0,-4.0,-4.0,-4.0,-4.0,-4.0,-4.0,-4.0,-4.0,-4.0,-4.0,-4.0,621.0,-5.0,-5.0,-4.0,-4.0,-4.0,-4.0,-4.0,-4.0,-4.0,-4.0,-4.0,-4.0,-4.0,625.0,-5.0,-5.0,-4.0,-4.0,-4.0,-4.0,-4.0,-4.0
11634.0,-4.0,-4.0,-4.0,-4.0,-4.0,638.0,759.0,883.0,1009.0,1136.0,1271.0,1393.0,1514.0,1647.0,-4.0,-4.0,-4.0,-4.0,-4.0,642.0,763.0,888.0,1015.0,1144.0,1276.0,1400.0,1526.0,1656.0,-4.0,764.0,890.0,1018.0,1146.0,1278.0,1529.0,-4.0,-4.0,-4.0,-4.0,-4.0,670.0,796.0,918.0,1042.0,1167.0,1302.0,1412.0,1549.0,1671.0,-4.0,-4.0,-4.0,-4.0,-4.0,680.0,802.0,925.0,1057.0,1181.0,1316.0,1427.0,1570.0,1692.0,-4.0,-4.0,-4.0,-4.0,-4.0,682.0,804.0,927.0,1062.0,1185.0,1320.0,1433.0,1576.0,1697.0,-4.0,-4.0,-4.0,-4.0,-4.0,607.0,730.0,855.0,963.0,1091.0,1225.0,1340.0,1446.0,1602.0,-4.0,-4.0,-4.0,-4.0,-4.0,621.0,741.0,867.0,986.0,1116.0,1249.0,1374.0,1494.0,1630.0,-4.0,-4.0,-4.0,-4.0,-4.0,625.0,747.0,872.0,994.0,1122.0,1255.0,1384.0,1504.0,1638.0
11635.0,-4.0,-4.0,-4.0,-4.0,-4.0,632.0,757.0,883.0,1009.0,1136.0,1271.0,1393.0,1514.0,1647.0,-4.0,-4.0,-4.0,-4.0,-4.0,640.0,763.0,888.0,1015.0,1144.0,1276.0,1400.0,1526.0,1656.0,-4.0,764.0,890.0,1018.0,1146.0,1278.0,1529.0,-4.0,-4.0,-4.0,-4.0,-4.0,670.0,790.0,918.0,1042.0,1169.0,1304.0,1412.0,1549.0,1667.0,-4.0,-4.0,-4.0,-4.0,-4.0,680.0,802.0,925.0,1057.0,1181.0,1316.0,1427.0,1570.0,1692.0,-4.0,-4.0,-4.0,-4.0,-4.0,682.0,804.0,927.0,1062.0,1185.0,1320.0,1433.0,1576.0,1697.0,-4.0,-4.0,-4.0,-4.0,-4.0,607.0,730.0,855.0,963.0,1085.0,1213.0,1335.0,1446.0,1590.0,-4.0,-4.0,-4.0,-4.0,-4.0,621.0,741.0,867.0,986.0,1116.0,1248.0,1374.0,1494.0,1630.0,-4.0,-4.0,-4.0,-4.0,-4.0,625.0,747.0,872.0,994.0,1122.0,1255.0,1384.0,1504.0,1638.0
11636.0,-4.0,-4.0,-4.0,-4.0,-4.0,638.0,758.0,0.0,1004.0,-3.0,-3.0,1395.0,1517.0,1651.0,-4.0,-4.0,-4.0,-4.0,-4.0,642.0,763.0,0.0,1015.0,-3.0,-3.0,1401.0,1527.0,1657.0,-4.0,764.0,0.0,1018.0,-3.0,-3.0,1528.0,-4.0,-4.0,-4.0,-4.0,-4.0,668.0,791.0,0.0,1034.0,-3.0,-3.0,1416.0,1544.0,1674.0,-4.0,-4.0,-4.0,-4.0,-4.0,680.0,802.0,0.0,1056.0,-3.0,-3.0,1428.0,1571.0,1693.0,-4.0,-4.0,-4.0,-4.0,-4.0,682.0,804.0,0.0,1062.0,-3.0,-3.0,1433.0,1576.0,1697.0,-4.0,-4.0,-4.0,-4.0,-4.0,598.0,729.0,855.0,960.0,-3.0,-3.0,1338.0,1456.0,1604.0,-4.0,-4.0,-4.0,-4.0,-4.0,618.0,743.0,867.0,985.0,-3.0,-3.0,1376.0,1496.0,1633.0,-4.0,-4.0,-4.0,-4.0,-4.0,625.0,747.0,872.0,994.0,-3.0,-3.0,1385.0,1505.0,1639.0
11637.0,-4.0,-4.0,-4.0,-4.0,-4.0,638.0,758.0,0.0,0.0,-5.0,1268.0,-5.0,-5.0,-3.0,-4.0,-4.0,-4.0,-4.0,-4.0,642.0,763.0,0.0,0.0,-5.0,1276.0,-5.0,-5.0,-3.0,-4.0,764.0,0.0,0.0,-5.0,1278.0,-5.0,-4.0,-4.0,-4.0,-4.0,-4.0,668.0,791.0,912.0,0.0,-5.0,1304.0,-5.0,-5.0,-3.0,-4.0,-4.0,-4.0,-4.0,-4.0,680.0,802.0,925.0,0.0,-5.0,1316.0,-5.0,-5.0,-3.0,-4.0,-4.0,-4.0,-4.0,-4.0,682.0,804.0,927.0,0.0,-5.0,1320.0,-5.0,-5.0,-3.0,-4.0,-4.0,-4.0,-4.0,-4.0,598.0,729.0,844.0,951.0,-5.0,1220.0,-5.0,-5.0,-3.0,-4.0,-4.0,-4.0,-4.0,-4.0,618.0,743.0,867.0,982.0,-5.0,1248.0,-5.0,-5.0,-3.0,-4.0,-4.0,-4.0,-4.0,-4.0,625.0,747.0,872.0,994.0,-5.0,1255.0,-5.0,-5.0,-3.0
11638.0,-4.0,-4.0,-4.0,-4.0,-4.0,638.0,758.0,0.0,1007.0,1135.0,1269.0,1396.0,1515.0,1647.0,-4.0,-4.0,-4.0,-4.0,-4.0,642.0,763.0,0.0,1015.0,1144.0,1276.0,1400.0,1526.0,1656.0,-4.0,764.0,0.0,1018.0,1146.0,1278.0,1529.0,-4.0,-4.0,-4.0,-4.0,-4.0,668.0,791.0,912.0,1035.0,1166.0,1301.0,1409.0,1548.0,1668.0,-4.0,-4.0,-4.0,-4.0,-4.0,680.0,802.0,925.0,1056.0,1181.0,1316.0,1427.0,1570.0,1692.0,-4.0,-4.0,-4.0,-4.0,-4.0,682.0,804.0,927.0,1062.0,1185.0,1320.0,1433.0,1576.0,1697.0,-4.0,-4.0,-4.0,-4.0,-4.0,598.0,729.0,844.0,966.0,1088.0,1227.0,1334.0,1462.0,1586.0,-4.0,-4.0,-4.0,-4.0,-4.0,618.0,743.0,867.0,985.0,1116.0,1249.0,1375.0,1493.0,1629.0,-4.0,-4.0,-4.0,-4.0,-4.0,625.0,747.0,872.0,994.0,1122.0,1255.0,1384.0,1504.0,1638.0
11639.0,-4.0,-4.0,-4.0,-4.0,-4.0,638.0,0.0,880.0,-5.0,-5.0,-5.0,1396.0,0.0,1647.0,-4.0,-4.0,-4.0,-4.0,-4.0,642.0,0.0,888.0,-5.0,-5.0,-5.0,1400.0,0.0,1656.0,-4.0,0.0,890.0,-5.0,-5.0,-5.0,0.0,-4.0,-4.0,-4.0,-4.0,-4.0,668.0,791.0,912.0,-5.0,-5.0,-5.0,1408.0,1545.0,1663.0,-4.0,-4.0,-4.0,-4.0,-4.0,680.0,802.0,925.0,-5.0,-5.0,-5.0,1427.0,1570.0,1692.0,-4.0,-4.0,-4.0,-4.0,-4.0,682.0,804.0,927.0,-5.0,-5.0,-5.0,1433.0,1576.0,1697.0,-4.0,-4.0,-4.0,-4.0,-4.0,607.0,722.0,845.0,-5.0,-5.0,-5.0,1339.0,1453.0,1589.0,-4.0,-4.0,-4.0,-4.0,-4.0,621.0,741.0,868.0,-5.0,-5.0,-5.0,1375.0,1493.0,1629.0,-4.0,-4.0,-4.0,-4.0,-4.0,625.0,747.0,872.0,-5.0,-5.0,-5.0,1384.0,1504.0,1638.0
11640.0,-4.0,-4.0,-4.0,-4.0,-4.0,638.0,757.0,880.0,1004.0,1133.0,1268.0,-3.0,1515.0,1647.0,-4.0,-4.0,-4.0,-4.0,-4.0,642.0,763.0,888.0,1015.0,1144.0,1276.0,-3.0,1526.0,1656.0,-4.0,764.0,890.0,1018.0,1146.0,1278.0,1529.0,-4.0,-4.0,-4.0,-4.0,-4.0,668.0,789.0,912.0,1035.0,1165.0,1304.0,-3.0,1539.0,1667.0,-4.0,-4.0,-4.0,-4.0,-4.0,680.0,802.0,925.0,1056.0,1181.0,1316.0,-3.0,1570.0,1692.0,-4.0,-4.0,-4.0,-4.0,-4.0,682.0,804.0,927.0,1062.0,1185.0,1320.0,-3.0,1576.0,1697.0,-4.0,-4.0,-4.0,-4.0,-4.0,607.0,731.0,846.0,959.0,1085.0,1213.0,-3.0,1451.0,1590.0,-4.0,-4.0,-4.0,-4.0,-4.0,621.0,742.0,868.0,985.0,1116.0,1248.0,-3.0,1495.0,1630.0,-4.0,-4.0,-4.0,-4.0,-4.0,625.0,747.0,872.0,994.0,1122.0,1255.0,-3.0,1504.0,1638.0
11641.0,-4.0,-4.0,-4.0,-4.0,-4.0,638.0,758.0,880.0,1004.0,1138.0,1271.0,1393.0,1514.0,1647.0,-4.0,-4.0,-4.0,-4.0,-4.0,642.0,763.0,888.0,1015.0,1144.0,1276.0,1400.0,1526.0,1656.0,-4.0,764.0,890.0,1018.0,1146.0,1278.0,1529.0,-4.0,-4.0,-4.0,-4.0,-4.0,668.0,789.0,912.0,1035.0,1163.0,1297.0,1407.0,1543.0,1669.0,-4.0,-4.0,-4.0,-4.0,-4.0,680.0,802.0,925.0,1056.0,1181.0,1316.0,1427.0,1570.0,1692.0,-4.0,-4.0,-4.0,-4.0,-4.0,682.0,804.0,927.0,1062.0,1185.0,1320.0,1433.0,1576.0,1697.0,-4.0,-4.0,-4.0,-4.0,-4.0,607.0,731.0,846.0,956.0,1094.0,1226.0,1341.0,1452.0,1595.0,-4.0,-4.0,-4.0,-4.0,-4.0,621.0,742.0,868.0,986.0,1115.0,1247.0,1375.0,1494.0,1630.0,-4.0,-4.0,-4.0,-4.0,-4.0,625.0,747.0,872.0,994.0,1122.0,1255.0,1384.0,1504.0,1638.0
11642.0,-4.0,-4.0,-4.0,-4.0,-4.0,0.0,758.0,0.0,-3.0,1128.0,1270.0,1392.0,1515.0,1647.0,-4.0,-4.0,-4.0,-4.0,-4.0,0.0,763.0,0.0,-3.0,1142.0,1276.0,1399.0,1526.0,1656.0,-4.0,764.0,0.0,-3.0,1145.0,1278.0,1529.0,-4.0,-4.0,-4.0,-4.0,-4.0,668.0,791.0,0.0,-3.0,1157.0,1299.0,1409.0,1540.0,1669.0,-4.0,-4.0,-4.0,-4.0,-4.0,680.0,802.0,0.0,-3.0,1180.0,1316.0,1427.0,1570.0,1692.0,-4.0,-4.0,-4.0,-4.0,-4.0,682.0,804.0,0.0,-3.0,1184.0,1320.0,1433.0,1576.0,1697.0,-4.0,-4.0,-4.0,-4.0,-4.0,607.0,729.0,846.0,-3.0,1088.0,1218.0,1334.0,1449.0,1595.0,-4.0,-4.0,-4.0,-4.0,-4.0,621.0,743.0,868.0,-3.0,1116.0,1249.0,1375.0,1495.0,1630.0,-4.0,-4.0,-4.0,-4.0,-4.0,625.0,747.0,872.0,-3.0,1122.0,1255.0,1384.0,1504.0,1638.0
11643.0,-4.0,-4.0,-4.0,-4.0,-4.0,638.0,759.0,883.0,1009.0,1136.0,1271.0,1393.0,1514.0,1647.0,-4.0,-4.0,-4.0,-4.0,-4.0,642.0,763.0,888.0,1015.0,1144.0,1276.0,1400.0,1526.0,1656.0,-4.0,764.0,890.0,1018.0,1146.0,1278.0,1529.0,-4.0,-4.0,-4.0,-4.0,-4.0,669.0,796.0,918.0,1042.0,1169.0,1304.0,1412.0,1549.0,1671.0,-4.0,-4.0,-4.0,-4.0,-4.0,680.0,802.0,925.0,1057.0,1181.0,1316.0,1427.0,1570.0,1692.0,-4.0,-4.0,-4.0,-4.0,-4.0,682.0,804.0,927.0,1062.0,1185.0,1320.0,1433.0,1576.0,1697.0,-4.0,-4.0,-4.0,-4.0,-4.0,607.0,730.0,855.0,963.0,1090.0,1220.0,1340.0,1446.0,1602.0,-4.0,-4.0,-4.0,-4.0,-4.0,621.0,741.0,867.0,986.0,1116.0,1248.0,1374.0,1494.0,1630.0,-4.0,-4.0,-4.0,-4.0,-4.0,625.0,747.0,872.0,994.0,1122.0,1255.0,1384.0,1504.0,1638.0
11644.0,-4.0,-4.0,-4.0,-4.0,-4.0,-3.0,758.0,880.0,-4.0,-4.0,-4.0,-4.0,-4.0,-4.0,-4.0,-4.0,-4.0,-4.0,-4.0,-3.0,763.0,888.0,-4.0,-4.0,-4.0,-4.0,-4.0,-4.0,-4.0,764.0,890.0,-4.0,-4.0,-4.0,-4.0,-4.0,-4.0,-4.0,-4.0,-4.0,-3.0,791.0,912.0,-4.0,-4.0,-4.0,-4.0,-4.0,-4.0,-4.0,-4.0,-4.0,-4.0,-4.0,-3.0,802.0,925.0,-4.0,-4.0,-4.0,-4.0,-4.0,-4.0,-4.0,-4.0,-4.0,-4.0,-4.0,-3.0,804.0,927.0,-4.0,-4.0,-4.0,-4.0,-4.0,-4.0,-4.0,-4.0,-4.0,-4.0,-4.0,-3.0,729.0,846.0,-4.0,-4.0,-4.0,-4.0,-4.0,-4.0,-4.0,-4.0,-4.0,-4.0,-4.0,-3.0,743.0,868.0,-4.0,-4.0,-4.0,-4.0,-4.0,-4.0,-4.0,-4.0,-4.0,-4.0,-4.0,-3.0,747.0,872.0,-4.0,-4.0,-4.0,-4.0,-4.0,-4.0
11645.0,-4.0,-4.0,-4.0,-4.0,-4.0,-3.0,758.0,-5.0,-3.0,-5.0,-5.0,1395.0,-5.0,-5.0,-4.0,-4.0,-4.0,-4.0,-4.0,-3.0,763.0,-5.0,-3.0,-5.0,-5.0,1401.0,-5.0,-5.0,-4.0,764.0,-5.0,-3.0,-5.0,-5.0,-5.0,-4.0,-4.0,-4.0,-4.0,-4.0,-3.0,791.0,-5.0,-3.0,-5.0,-5.0,1409.0,-5.0,-5.0,-4.0,-4.0,-4.0,-4.0,-4.0,-3.0,802.0,-5.0,-3.0,-5.0,-5.0,1427.0,-5.0,-5.0,-4.0,-4.0,-4.0,-4.0,-4.0,-3.0,804.0,-5.0,-3.0,-5.0,-5.0,1433.0,-5.0,-5.0,-4.0,-4.0,-4.0,-4.0,-4.0,-3.0,729.0,-5.0,-3.0,-5.0,-5.0,1338.0,-5.0,-5.0,-4.0,-4.0,-4.0,-4.0,-4.0,-3.0,743.0,-5.0,-3.0,-5.0,-5.0,1376.0,-5.0,-5.0,-4.0,-4.0,-4.0,-4.0,-4.0,-3.0,747.0,-5.0,-3.0,-5.0,-5.0,1385.0,-5.0,-5.0
11646.0,-4.0,-4.0,-4.0,-4.0,-4.0,638.0,-5.0,-3.0,1008.0,1132.0,1267.0,-3.0,1512.0,-3.0,-4.0,-4.0,-4.0,-4.0,-4.0,642.0,-5.0,-3.0,1016.0,1143.0,1275.0,-3.0,1525.0,-3.0,-4.0,-5.0,-3.0,1018.0,1146.0,1278.0,1529.0,-4.0,-4.0,-4.0,-4.0,-4.0,668.0,-5.0,-3.0,1044.0,1172.0,1306.0,-3.0,1553.0,-3.0,-4.0,-4.0,-4.0,-4.0,-4.0,680.0,-5.0,-3.0,1058.0,1182.0,1317.0,-3.0,1571.0,-3.0,-4.0,-4.0,-4.0,-4.0,-4.0,682.0,-5.0,-3.0,1062.0,1185.0,1320.0,-3.0,1576.0,-3.0,-4.0,-4.0,-4.0,-4.0,-4.0,598.0,-5.0,-3.0,962.0,1098.0,1228.0,-3.0,1466.0,-3.0,-4.0,-4.0,-4.0,-4.0,-4.0,618.0,-5.0,-3.0,988.0,1118.0,1251.0,-3.0,1497.0,-3.0,-4.0,-4.0,-4.0,-4.0,-4.0,625.0,-5.0,-3.0,995.0,1123.0,1256.0,-3.0,1505.0,-3.0
11647.0,-4.0,-4.0,-4.0,-4.0,-4.0,-3.0,757.0,880.0,1004.0,1133.0,1268.0,-3.0,1515.0,1647.0,-4.0,-4.0,-4.0,-4.0,-4.0,-3.0,763.0,888.0,1015.0,1144.0,1276.0,-3.0,1526.0,1656.0,-4.0,764.0,890.0,1018.0,1146.0,1278.0,1529.0,-4.0,-4.0,-4.0,-4.0,-4.0,-3.0,790.0,912.0,1035.0,1165.0,1299.0,-3.0,1554.0,1667.0,-4.0,-4.0,-4.0,-4.0,-4.0,-3.0,802.0,925.0,1056.0,1181.0,1316.0,-3.0,1573.0,1692.0,-4.0,-4.0,-4.0,-4.0,-4.0,-3.0,804.0,927.0,1062.0,1185.0,1320.0,-3.0,1577.0,1697.0,-4.0,-4.0,-4.0,-4.0,-4.0,-3.0,722.0,846.0,953.0,1085.0,1220.0,-3.0,1443.0,1590.0,-4.0,-4.0,-4.0,-4.0,-4.0,-3.0,741.0,868.0,985.0,1116.0,1248.0,-3.0,1494.0,1630.0,-4.0,-4.0,-4.0,-4.0,-4.0,-3.0,747.0,872.0,994.0,1122.0,1255.0,-3.0,1504.0,1638.0
11648.0,-4.0,-4.0,-4.0,-4.0,-4.0,638.0,758.0,880.0,1004.0,0.0,0.0,1396.0,0.0,1647.0,-4.0,-4.0,-4.0,-4.0,-4.0,642.0,763.0,888.0,1015.0,0.0,0.0,1400.0,0.0,1656.0,-4.0,764.0,890.0,1018.0,0.0,0.0,0.0,-4.0,-4.0,-4.0,-4.0,-4.0,669.0,789.0,912.0,1035.0,1165.0,1301.0,1409.0,1553.0,1678.0,-4.0,-4.0,-4.0,-4.0,-4.0,680.0,802.0,925.0,1056.0,1181.0,1316.0,1427.0,1571.0,1693.0,-4.0,-4.0,-4.0,-4.0,-4.0,682.0,804.0,927.0,1062.0,1185.0,1320.0,1433.0,1576.0,1697.0,-4.0,-4.0,-4.0,-4.0,-4.0,599.0,720.0,845.0,953.0,1096.0,1221.0,1348.0,1467.0,1603.0,-4.0,-4.0,-4.0,-4.0,-4.0,618.0,740.0,868.0,985.0,1116.0,1249.0,1376.0,1497.0,1633.0,-4.0,-4.0,-4.0,-4.0,-4.0,625.0,747.0,872.0,994.0,1122.0,1255.0,1385.0,1505.0,1639.0
11649.0,-4.0,-4.0,-4.0,-4.0,-4.0,638.0,0.0,883.0,1009.0,1138.0,1271.0,1393.0,1514.0,1647.0,-4.0,-4.0,-4.0,-4.0,-4.0,642.0,0.0,888.0,1015.0,1144.0,1276.0,1400.0,1526.0,1656.0,-4.0,0.0,890.0,1018.0,1146.0,1278.0,1529.0,-4.0,-4.0,-4.0,-4.0,-4.0,669.0,0.0,917.0,1041.0,1163.0,1297.0,1412.0,1537.0,1672.0,-4.0,-4.0,-4.0,-4.0,-4.0,680.0,0.0,924.0,1057.0,1181.0,1316.0,1427.0,1570.0,1692.0,-4.0,-4.0,-4.0,-4.0,-4.0,682.0,0.0,927.0,1062.0,1185.0,1320.0,1433.0,1576.0,1697.0,-4.0,-4.0,-4.0,-4.0,-4.0,608.0,727.0,853.0,963.0,1095.0,1226.0,1344.0,1464.0,1589.0,-4.0,-4.0,-4.0,-4.0,-4.0,621.0,742.0,868.0,986.0,1115.0,1247.0,1374.0,1493.0,1629.0,-4.0,-4.0,-4.0,-4.0,-4.0,625.0,747.0,872.0,994.0,1122.0,1255.0,1384.0,1504.0,1638.0
11650.0,-4.0,-4.0,-4.0,-4.0,-4.0,637.0,757.0,884.0,1004.0,1138.0,1268.0,-3.0,0.0,-3.0,-4.0,-4.0,-4.0,-4.0,-4.0,642.0,763.0,887.0,1015.0,1144.0,1276.0,-3.0,0.0,-3.0,-4.0,764.0,890.0,1018.0,1146.0,1278.0,0.0,-4.0,-4.0,-4.0,-4.0,-4.0,672.0,789.0,915.0,1029.0,1163.0,1297.0,-3.0,1544.0,-3.0,-4.0,-4.0,-4.0,-4.0,-4.0,680.0,802.0,925.0,1056.0,1181.0,1316.0,-3.0,1571.0,-3.0,-4.0,-4.0,-4.0,-4.0,-4.0,682.0,804.0,927.0,1062.0,1185.0,1320.0,-3.0,1576.0,-3.0,-4.0,-4.0,-4.0,-4.0,-4.0,599.0,720.0,848.0,952.0,1094.0,1209.0,-3.0,1450.0,-3.0,-4.0,-4.0,-4.0,-4.0,-4.0,618.0,740.0,866.0,984.0,1115.0,1247.0,-3.0,1496.0,-3.0,-4.0,-4.0,-4.0,-4.0,-4.0,625.0,747.0,872.0,994.0,1122.0,1255.0,-3.0,1505.0,-3.0
11651.0,-4.0,-4.0,-4.0,-4.0,-4.0,639.0,-3.0,-3.0,-5.0,-5.0,-5.0,1394.0,-5.0,1647.0,-4.0,-4.0,-4.0,-4.0,-4.0,642.0,-3.0,-3.0,-5.0,-5.0,-5.0,1401.0,-5.0,1656.0,-4.0,-3.0,-3.0,-5.0,-5.0,-5.0,-5.0,-4.0,-4.0,-4.0,-4.0,-4.0,669.0,-3.0,-3.0,-5.0,-5.0,-5.0,1409.0,-5.0,1672.0,-4.0,-4.0,-4.0,-4.0,-4.0,680.0,-3.0,-3.0,-5.0,-5.0,-5.0,1427.0,-5.0,1692.0,-4.0,-4.0,-4.0,-4.0,-4.0,682.0,-3.0,-3.0,-5.0,-5.0,-5.0,1433.0,-5.0,1697.0,-4.0,-4.0,-4.0,-4.0,-4.0,608.0,-3.0,-3.0,-5.0,-5.0,-5.0,1341.0,-5.0,1595.0,-4.0,-4.0,-4.0,-4.0,-4.0,621.0,-3.0,-3.0,-5.0,-5.0,-5.0,1375.0,-5.0,1630.0,-4.0,-4.0,-4.0,-4.0,-4.0,625.0,-3.0,-3.0,-5.0,-5.0,-5.0,1384.0,-5.0,1638.0
11652.0,-4.0,-4.0,-4.0,-4.0,-4.0,639.0,758.0,880.0,0.0,1136.0,1268.0,1393.0,-3.0,0.0,-4.0,-4.0,-4.0,-4.0,-4.0,642.0,763.0,888.0,0.0,1144.0,1276.0,1400.0,-3.0,0.0,-4.0,764.0,890.0,0.0,1146.0,1278.0,-3.0,-4.0,-4.0,-4.0,-4.0,-4.0,669.0,789.0,918.0,0.0,1167.0,1302.0,1410.0,-3.0,1663.0,-4.0,-4.0,-4.0,-4.0,-4.0,680.0,802.0,925.0,0.0,1181.0,1316.0,1427.0,-3.0,1692.0,-4.0,-4.0,-4.0,-4.0,-4.0,682.0,804.0,927.0,0.0,1185.0,1320.0,1433.0,-3.0,1697.0,-4.0,-4.0,-4.0,-4.0,-4.0,608.0,731.0,845.0,956.0,1091.0,1221.0,1335.0,-3.0,1592.0,-4.0,-4.0,-4.0,-4.0,-4.0,621.0,742.0,868.0,986.0,1116.0,1249.0,1374.0,-3.0,1630.0,-4.0,-4.0,-4.0,-4.0,-4.0,625.0,747.0,872.0,994.0,1122.0,1255.0,1384.0,-3.0,1638.0
11653.0,-4.0,-4.0,-4.0,-4.0,-4.0,0.0,-3.0,-3.0,1008.0,0.0,-5.0,0.0,1512.0,1647.0,-4.0,-4.0,-4.0,-4.0,-4.0,0.0,-3.0,-3.0,1016.0,0.0,-5.0,0.0,1525.0,1656.0,-4.0,-3.0,-3.0,1018.0,0.0,-5.0,1529.0,-4.0,-4.0,-4.0,-4.0,-4.0,0.0,-3.0,-3.0,1038.0,0.0,-5.0,0.0,1552.0,1679.0,-4.0,-4.0,-4.0,-4.0,-4.0,0.0,-3.0,-3.0,1058.0,0.0,-5.0,0.0,1571.0,1693.0,-4.0,-4.0,-4.0,-4.0,-4.0,0.0,-3.0,-3.0,1062.0,0.0,-5.0,0.0,1576.0,1697.0,-4.0,-4.0,-4.0,-4.0,-4.0,599.0,-3.0,-3.0,967.0,1092.0,-5.0,1349.0,1459.0,1605.0,-4.0,-4.0,-4.0,-4.0,-4.0,618.0,-3.0,-3.0,987.0,1117.0,-5.0,1377.0,1497.0,1633.0,-4.0,-4.0,-4.0,-4.0,-4.0,625.0,-3.0,-3.0,995.0,1123.0,-5.0,1385.0,1505.0,1639.0
11654.0,-4.0,-4.0,-4.0,-4.0,-4.0,-3.0,-4.0,-4.0,-4.0,-4.0,-4.0,-4.0,-4.0,-4.0,-4.0,-4.0,-4.0,-4.0,-4.0,-3.0,-4.0,-4.0,-4.0,-4.0,-4.0,-4.0,-4.0,-4.0,-4.0,-4.0,-4.0,-4.0,-4.0,-4.0,-4.0,-4.0,-4.0,-4.0,-4.0,-4.0,-3.0,-4.0,-4.0,-4.0,-4.0,-4.0,-4.0,-4.0,-4.0,-4.0,-4.0,-4.0,-4.0,-4.0,-3.0,-4.0,-4.0,-4.0,-4.0,-4.0,-4.0,-4.0,-4.0,-4.0,-4.0,-4.0,-4.0,-4.0,-3.0,-4.0,-4.0,-4.0,-4.0,-4.0,-4.0,-4.0,-4.0,-4.0,-4.0,-4.0,-4.0,-4.0,-3.0,-4.0,-4.0,-4.0,-4.0,-4.0,-4.0,-4.0,-4.0,-4.0,-4.0,-4.0,-4.0,-4.0,-3.0,-4.0,-4.0,-4.0,-4.0,-4.0,-4.0,-4.0,-4.0,-4.0,-4.0,-4.0,-4.0,-4.0,-3.0,-4.0,-4.0,-4.0,-4.0,-4.0,-4.0,-4.0,-4.0
11655.0,-4.0,-4.0,-4.0,-4.0,-4.0,-5.0,-5.0,-5.0,1002.0,-5.0,1268.0,-5.0,1515.0,1647.0,-4.0,-4.0,-4.0,-4.0,-4.0,-5.0,-5.0,-5.0,1014.0,-5.0,1276.0,-5.0,1526.0,1656.0,-4.0,-5.0,-5.0,1017.0,-5.0,1278.0,1529.0,-4.0,-4.0,-4.0,-4.0,-4.0,-5.0,-5.0,-5.0,1035.0,-5.0,1302.0,-5.0,1549.0,1667.0,-4.0,-4.0,-4.0,-4.0,-4.0,-5.0,-5.0,-5.0,1056.0,-5.0,1316.0,-5.0,1570.0,1692.0,-4.0,-4.0,-4.0,-4.0,-4.0,-5.0,-5.0,-5.0,1062.0,-5.0,1320.0,-5.0,1576.0,1697.0,-4.0,-4.0,-4.0,-4.0,-4.0,-5.0,-5.0,-5.0,951.0,-5.0,1214.0,-5.0,1443.0,1590.0,-4.0,-4.0,-4.0,-4.0,-4.0,-5.0,-5.0,-5.0,982.0,-5.0,1248.0,-5.0,1494.0,1630.0,-4.0,-4.0,-4.0,-4.0,-4.0,-5.0,-5.0,-5.0,994.0,-5.0,1255.0,-5.0,1504.0,1638.0
11656.0,-4.0,-4.0,-4.0,-4.0,-4.0,638.0,757.0,-3.0,0.0,0.0,1268.0,1396.0,1515.0,1647.0,-4.0,-4.0,-4.0,-4.0,-4.0,642.0,763.0,-3.0,0.0,0.0,1276.0,1400.0,1526.0,1656.0,-4.0,764.0,-3.0,0.0,0.0,1278.0,1529.0,-4.0,-4.0,-4.0,-4.0,-4.0,670.0,789.0,-3.0,0.0,0.0,1306.0,1408.0,1539.0,1669.0,-4.0,-4.0,-4.0,-4.0,-4.0,680.0,802.0,-3.0,0.0,0.0,1317.0,1427.0,1570.0,1692.0,-4.0,-4.0,-4.0,-4.0,-4.0,682.0,804.0,-3.0,0.0,0.0,1320.0,1433.0,1576.0,1697.0,-4.0,-4.0,-4.0,-4.0,-4.0,599.0,720.0,-3.0,956.0,1096.0,1220.0,1339.0,1451.0,1590.0,-4.0,-4.0,-4.0,-4.0,-4.0,618.0,740.0,-3.0,986.0,1116.0,1248.0,1375.0,1495.0,1630.0,-4.0,-4.0,-4.0,-4.0,-4.0,625.0,747.0,-3.0,994.0,1122.0,1255.0,1384.0,1504.0,1638.0
11657.0,-4.0,-4.0,-4.0,-4.0,-4.0,-5.0,757.0,-5.0,1004.0,-5.0,-3.0,-4.0,-4.0,-4.0,-4.0,-4.0,-4.0,-4.0,-4.0,-5.0,763.0,-5.0,1015.0,-5.0,-3.0,-4.0,-4.0,-4.0,-4.0,764.0,-5.0,1018.0,-5.0,-3.0,-4.0,-4.0,-4.0,-4.0,-4.0,-4.0,-5.0,789.0,-5.0,1038.0,-5.0,-3.0,-4.0,-4.0,-4.0,-4.0,-4.0,-4.0,-4.0,-4.0,-5.0,802.0,-5.0,1058.0,-5.0,-3.0,-4.0,-4.0,-4.0,-4.0,-4.0,-4.0,-4.0,-4.0,-5.0,804.0,-5.0,1062.0,-5.0,-3.0,-4.0,-4.0,-4.0,-4.0,-4.0,-4.0,-4.0,-4.0,-5.0,720.0,-5.0,967.0,-5.0,-3.0,-4.0,-4.0,-4.0,-4.0,-4.0,-4.0,-4.0,-4.0,-5.0,740.0,-5.0,987.0,-5.0,-3.0,-4.0,-4.0,-4.0,-4.0,-4.0,-4.0,-4.0,-4.0,-5.0,747.0,-5.0,995.0,-5.0,-3.0,-4.0,-4.0,-4.0
11658.0,-4.0,-4.0,-4.0,-4.0,-4.0,-3.0,758.0,883.0,1009.0,1136.0,-3.0,1396.0,1514.0,1647.0,-4.0,-4.0,-4.0,-4.0,-4.0,-3.0,763.0,888.0,1015.0,1144.0,-3.0,1400.0,1526.0,1656.0,-4.0,764.0,890.0,1018.0,1146.0,-3.0,1529.0,-4.0,-4.0,-4.0,-4.0,-4.0,-3.0,789.0,912.0,1035.0,1165.0,-3.0,1408.0,1548.0,1677.0,-4.0,-4.0,-4.0,-4.0,-4.0,-3.0,802.0,925.0,1056.0,1181.0,-3.0,1427.0,1570.0,1692.0,-4.0,-4.0,-4.0,-4.0,-4.0,-3.0,804.0,927.0,1062.0,1185.0,-3.0,1433.0,1576.0,1697.0,-4.0,-4.0,-4.0,-4.0,-4.0,-3.0,720.0,845.0,960.0,1090.0,-3.0,1339.0,1462.0,1589.0,-4.0,-4.0,-4.0,-4.0,-4.0,-3.0,740.0,868.0,985.0,1116.0,-3.0,1375.0,1493.0,1629.0,-4.0,-4.0,-4.0,-4.0,-4.0,-3.0,747.0,872.0,994.0,1122.0,-3.0,1384.0,1504.0,1638.0
11659.0,-4.0,-4.0,-4.0,-4.0,-4.0,0.0,0.0,0.0,1004.0,1136.0,0.0,-3.0,1515.0,1647.0,-4.0,-4.0,-4.0,-4.0,-4.0,0.0,0.0,0.0,1015.0,1144.0,0.0,-3.0,1526.0,1656.0,-4.0,0.0,0.0,1018.0,1146.0,0.0,1529.0,-4.0,-4.0,-4.0,-4.0,-4.0,670.0,790.0,912.0,1035.0,1166.0,1301.0,-3.0,1547.0,1676.0,-4.0,-4.0,-4.0,-4.0,-4.0,680.0,802.0,925.0,1056.0,1181.0,1316.0,-3.0,1571.0,1693.0,-4.0,-4.0,-4.0,-4.0,-4.0,682.0,804.0,927.0,1062.0,1185.0,1320.0,-3.0,1576.0,1697.0,-4.0,-4.0,-4.0,-4.0,-4.0,599.0,720.0,845.0,953.0,1088.0,1227.0,-3.0,1455.0,1600.0,-4.0,-4.0,-4.0,-4.0,-4.0,618.0,740.0,868.0,985.0,1116.0,1249.0,-3.0,1497.0,1633.0,-4.0,-4.0,-4.0,-4.0,-4.0,625.0,747.0,872.0,994.0,1122.0,1255.0,-3.0,1505.0,1639.0
11660.0,-4.0,-4.0,-4.0,-4.0,-4.0,639.0,758.0,880.0,1009.0,1133.0,1268.0,1393.0,1514.0,1647.0,-4.0,-4.0,-4.0,-4.0,-4.0,642.0,763.0,888.0,1015.0,1144.0,1276.0,1400.0,1526.0,1656.0,-4.0,764.0,890.0,1018.0,1146.0,1278.0,1529.0,-4.0,-4.0,-4.0,-4.0,-4.0,669.0,789.0,912.0,1035.0,1165.0,1299.0,1412.0,1549.0,1667.0,-4.0,-4.0,-4.0,-4.0,-4.0,680.0,802.0,925.0,1056.0,1181.0,1316.0,1427.0,1570.0,1692.0,-4.0,-4.0,-4.0,-4.0,-4.0,682.0,804.0,927.0,1062.0,1185.0,1320.0,1433.0,1576.0,1697.0,-4.0,-4.0,-4.0,-4.0,-4.0,608.0,720.0,845.0,963.0,1088.0,1213.0,1340.0,1443.0,1590.0,-4.0,-4.0,-4.0,-4.0,-4.0,621.0,740.0,868.0,986.0,1116.0,1248.0,1374.0,1494.0,1630.0,-4.0,-4.0,-4.0,-4.0,-4.0,625.0,747.0,872.0,994.0,1122.0,1255.0,1384.0,1504.0,1638.0
11661.0,-4.0,-4.0,-4.0,-4.0,-4.0,638.0,758.0,-5.0,-5.0,1136.0,1268.0,1396.0,1515.0,0.0,-4.0,-4.0,-4.0,-4.0,-4.0,642.0,763.0,-5.0,-5.0,1144.0,1276.0,1400.0,1526.0,0.0,-4.0,764.0,-5.0,-5.0,1146.0,1278.0,1529.0,-4.0,-4.0,-4.0,-4.0,-4.0,669.0,789.0,-5.0,-5.0,1171.0,1301.0,1410.0,1542.0,0.0,-4.0,-4.0,-4.0,-4.0,-4.0,680.0,802.0,-5.0,-5.0,1181.0,1316.0,1427.0,1570.0,0.0,-4.0,-4.0,-4.0,-4.0,-4.0,682.0,804.0,-5.0,-5.0,1185.0,1320.0,1433.0,1576.0,0.0,-4.0,-4.0,-4.0,-4.0,-4.0,599.0,720.0,-5.0,-5.0,1096.0,1221.0,1334.0,1461.0,1594.0,-4.0,-4.0,-4.0,-4.0,-4.0,618.0,740.0,-5.0,-5.0,1116.0,1249.0,1375.0,1495.0,1630.0,-4.0,-4.0,-4.0,-4.0,-4.0,625.0,747.0,-5.0,-5.0,1122.0,1255.0,1384.0,1504.0,1638.0
11662.0,-4.0,-4.0,-4.0,-4.0,-4.0,639.0,758.0,883.0,0.0,1136.0,1268.0,1395.0,0.0,1650.0,-4.0,-4.0,-4.0,-4.0,-4.0,642.0,763.0,888.0,0.0,1144.0,1276.0,1401.0,0.0,1657.0,-4.0,764.0,890.0,0.0,1146.0,1278.0,0.0,-4.0,-4.0,-4.0,-4.0,-4.0,669.0,789.0,912.0,0.0,1164.0,1297.0,1409.0,1544.0,1678.0,-4.0,-4.0,-4.0,-4.0,-4.0,680.0,802.0,925.0,0.0,1181.0,1316.0,1427.0,1571.0,1693.0,-4.0,-4.0,-4.0,-4.0,-4.0,682.0,804.0,927.0,0.0,1185.0,1320.0,1433.0,1576.0,1697.0,-4.0,-4.0,-4.0,-4.0,-4.0,608.0,731.0,845.0,956.0,1083.0,1209.0,1338.0,1467.0,1603.0,-4.0,-4.0,-4.0,-4.0,-4.0,621.0,742.0,868.0,986.0,1115.0,1247.0,1376.0,1497.0,1633.0,-4.0,-4.0,-4.0,-4.0,-4.0,625.0,747.0,872.0,994.0,1122.0,1255.0,1385.0,1505.0,1639.0
11663.0,-4.0,-4.0,-4.0,-4.0,-4.0,638.0,758.0,880.0,-3.0,1138.0,1268.0,1393.0,1515.0,0.0,-4.0,-4.0,-4.0,-4.0,-4.0,642.0,763.0,888.0,-3.0,1144.0,1276.0,1400.0,1526.0,0.0,-4.0,764.0,890.0,-3.0,1146.0,1278.0,1529.0,-4.0,-4.0,-4.0,-4.0,-4.0,669.0,789.0,918.0,-3.0,1169.0,1304.0,1407.0,1540.0,1669.0,-4.0,-4.0,-4.0,-4.0,-4.0,680.0,802.0,925.0,-3.0,1181.0,1316.0,1427.0,1570.0,1692.0,-4.0,-4.0,-4.0,-4.0,-4.0,682.0,804.0,927.0,-3.0,1185.0,1320.0,1433.0,1576.0,1697.0,-4.0,-4.0,-4.0,-4.0,-4.0,608.0,731.0,849.0,-3.0,1095.0,1220.0,1341.0,1452.0,1595.0,-4.0,-4.0,-4.0,-4.0,-4.0,621.0,742.0,866.0,-3.0,1115.0,1248.0,1375.0,1494.0,1630.0,-4.0,-4.0,-4.0,-4.0,-4.0,625.0,747.0,872.0,-3.0,1122.0,1255.0,1384.0,1504.0,1638.0
11664.0,-4.0,-4.0,-4.0,-4.0,-4.0,639.0,759.0,880.0,1007.0,1135.0,1269.0,1393.0,1513.0,1647.0,-4.0,-4.0,-4.0,-4.0,-4.0,642.0,763.0,888.0,1015.0,1144.0,1276.0,1400.0,1526.0,1656.0,-4.0,764.0,890.0,1018.0,1146.0,1278.0,1529.0,-4.0,-4.0,-4.0,-4.0,-4.0,669.0,789.0,912.0,1042.0,1167.0,1302.0,1412.0,1548.0,1677.0,-4.0,-4.0,-4.0,-4.0,-4.0,680.0,802.0,925.0,1057.0,1181.0,1316.0,1427.0,1570.0,1692.0,-4.0,-4.0,-4.0,-4.0,-4.0,682.0,804.0,927.0,1062.0,1185.0,1320.0,1433.0,1576.0,1697.0,-4.0,-4.0,-4.0,-4.0,-4.0,608.0,720.0,845.0,964.0,1091.0,1227.0,1340.0,1462.0,1586.0,-4.0,-4.0,-4.0,-4.0,-4.0,621.0,740.0,868.0,986.0,1116.0,1249.0,1374.0,1493.0,1629.0,-4.0,-4.0,-4.0,-4.0,-4.0,625.0,747.0,872.0,994.0,1122.0,1255.0,1384.0,1504.0,1638.0
11665.0,-4.0,-4.0,-4.0,-4.0,-4.0,638.0,759.0,883.0,1009.0,1138.0,1271.0,1393.0,1514.0,-3.0,-4.0,-4.0,-4.0,-4.0,-4.0,642.0,763.0,888.0,1015.0,1144.0,1276.0,1400.0,1526.0,-3.0,-4.0,764.0,890.0,1018.0,1146.0,1278.0,1529.0,-4.0,-4.0,-4.0,-4.0,-4.0,669.0,790.0,917.0,1041.0,1163.0,1297.0,1412.0,1537.0,-3.0,-4.0,-4.0,-4.0,-4.0,-4.0,680.0,802.0,924.0,1057.0,1181.0,1316.0,1427.0,1570.0,-3.0,-4.0,-4.0,-4.0,-4.0,-4.0,682.0,804.0,927.0,1062.0,1185.0,1320.0,1433.0,1576.0,-3.0,-4.0,-4.0,-4.0,-4.0,-4.0,608.0,727.0,853.0,963.0,1095.0,1226.0,1344.0,1464.0,-3.0,-4.0,-4.0,-4.0,-4.0,-4.0,621.0,742.0,868.0,986.0,1115.0,1247.0,1374.0,1493.0,-3.0,-4.0,-4.0,-4.0,-4.0,-4.0,625.0,747.0,872.0,994.0,1122.0,1255.0,1384.0,1504.0,-3.0
11666.0,-4.0,-4.0,-4.0,-4.0,-4.0,639.0,759.0,880.0,1007.0,1135.0,1269.0,1393.0,1513.0,1647.0,-4.0,-4.0,-4.0,-4.0,-4.0,642.0,763.0,888.0,1015.0,1144.0,1276.0,1400.0,1526.0,1656.0,-4.0,764.0,890.0,1018.0,1146.0,1278.0,1529.0,-4.0,-4.0,-4.0,-4.0,-4.0,669.0,789.0,912.0,1042.0,1167.0,1302.0,1412.0,1548.0,1677.0,-4.0,-4.0,-4.0,-4.0,-4.0,680.0,802.0,925.0,1057.0,1181.0,1316.0,1427.0,1570.0,1692.0,-4.0,-4.0,-4.0,-4.0,-4.0,682.0,804.0,927.0,1062.0,1185.0,1320.0,1433.0,1576.0,1697.0,-4.0,-4.0,-4.0,-4.0,-4.0,608.0,720.0,845.0,964.0,1091.0,1227.0,1340.0,1462.0,1586.0,-4.0,-4.0,-4.0,-4.0,-4.0,621.0,740.0,868.0,986.0,1116.0,1249.0,1374.0,1493.0,1629.0,-4.0,-4.0,-4.0,-4.0,-4.0,625.0,747.0,872.0,994.0,1122.0,1255.0,1384.0,1504.0,1638.0
11667.0,-4.0,-4.0,-4.0,-4.0,-4.0,638.0,759.0,883.0,1009.0,1138.0,1271.0,1393.0,1514.0,1647.0,-4.0,-4.0,-4.0,-4.0,-4.0,642.0,763.0,888.0,1015.0,1144.0,1276.0,1400.0,1526.0,1656.0,-4.0,764.0,890.0,1018.0,1146.0,1278.0,1529.0,-4.0,-4.0,-4.0,-4.0,-4.0,669.0,790.0,917.0,1041.0,1163.0,1297.0,1412.0,1539.0,1669.0,-4.0,-4.0,-4.0,-4.0,-4.0,680.0,802.0,924.0,1057.0,1181.0,1316.0,1427.0,1570.0,1692.0,-4.0,-4.0,-4.0,-4.0,-4.0,682.0,804.0,927.0,1062.0,1185.0,1320.0,1433.0,1576.0,1697.0,-4.0,-4.0,-4.0,-4.0,-4.0,608.0,727.0,853.0,963.0,1095.0,1226.0,1344.0,1464.0,1589.0,-4.0,-4.0,-4.0,-4.0,-4.0,621.0,742.0,868.0,986.0,1115.0,1247.0,1374.0,1493.0,1629.0,-4.0,-4.0,-4.0,-4.0,-4.0,625.0,747.0,872.0,994.0,1122.0,1255.0,1384.0,1504.0,1638.0
11668.0,-4.0,-4.0,-4.0,-4.0,-4.0,638.0,759.0,883.0,1009.0,1138.0,1271.0,1393.0,-3.0,1647.0,-4.0,-4.0,-4.0,-4.0,-4.0,642.0,763.0,888.0,1015.0,1144.0,1276.0,1400.0,-3.0,1656.0,-4.0,764.0,890.0,1018.0,1146.0,1278.0,-3.0,-4.0,-4.0,-4.0,-4.0,-4.0,669.0,790.0,917.0,1041.0,1163.0,1297.0,1412.0,-3.0,1671.0,-4.0,-4.0,-4.0,-4.0,-4.0,680.0,802.0,924.0,1057.0,1181.0,1316.0,1427.0,-3.0,1692.0,-4.0,-4.0,-4.0,-4.0,-4.0,682.0,804.0,927.0,1062.0,1185.0,1320.0,1433.0,-3.0,1697.0,-4.0,-4.0,-4.0,-4.0,-4.0,608.0,727.0,853.0,963.0,1095.0,1226.0,1344.0,-3.0,1602.0,-4.0,-4.0,-4.0,-4.0,-4.0,621.0,742.0,868.0,986.0,1115.0,1247.0,1374.0,-3.0,1630.0,-4.0,-4.0,-4.0,-4.0,-4.0,625.0,747.0,872.0,994.0,1122.0,1255.0,1384.0,-3.0,1638.0
11669.0,-4.0,-4.0,-4.0,-4.0,-4.0,0.0,0.0,-3.0,-4.0,-4.0,-4.0,-4.0,-4.0,-4.0,-4.0,-4.0,-4.0,-4.0,-4.0,0.0,0.0,-3.0,-4.0,-4.0,-4.0,-4.0,-4.0,-4.0,-4.0,0.0,-3.0,-4.0,-4.0,-4.0,-4.0,-4.0,-4.0,-4.0,-4.0,-4.0,670.0,0.0,-3.0,-4.0,-4.0,-4.0,-4.0,-4.0,-4.0,-4.0,-4.0,-4.0,-4.0,-4.0,680.0,0.0,-3.0,-4.0,-4.0,-4.0,-4.0,-4.0,-4.0,-4.0,-4.0,-4.0,-4.0,-4.0,682.0,0.0,-3.0,-4.0,-4.0,-4.0,-4.0,-4.0,-4.0,-4.0,-4.0,-4.0,-4.0,-4.0,599.0,720.0,-3.0,-4.0,-4.0,-4.0,-4.0,-4.0,-4.0,-4.0,-4.0,-4.0,-4.0,-4.0,618.0,740.0,-3.0,-4.0,-4.0,-4.0,-4.0,-4.0,-4.0,-4.0,-4.0,-4.0,-4.0,-4.0,625.0,747.0,-3.0,-4.0,-4.0,-4.0,-4.0,-4.0,-4.0
11670.0,-4.0,-4.0,-4.0,-4.0,-4.0,638.0,757.0,0.0,1004.0,1133.0,1268.0,1396.0,1515.0,1647.0,-4.0,-4.0,-4.0,-4.0,-4.0,642.0,763.0,0.0,1015.0,1144.0,1276.0,1400.0,1526.0,1656.0,-4.0,764.0,0.0,1018.0,1146.0,1278.0,1529.0,-4.0,-4.0,-4.0,-4.0,-4.0,669.0,789.0,0.0,1035.0,1165.0,1299.0,1408.0,1545.0,1668.0,-4.0,-4.0,-4.0,-4.0,-4.0,680.0,802.0,0.0,1056.0,1181.0,1316.0,1427.0,1570.0,1692.0,-4.0,-4.0,-4.0,-4.0,-4.0,682.0,804.0,0.0,1062.0,1185.0,1320.0,1433.0,1576.0,1697.0,-4.0,-4.0,-4.0,-4.0,-4.0,608.0,720.0,853.0,959.0,1090.0,1221.0,1339.0,1463.0,1589.0,-4.0,-4.0,-4.0,-4.0,-4.0,621.0,740.0,868.0,985.0,1116.0,1249.0,1375.0,1493.0,1629.0,-4.0,-4.0,-4.0,-4.0,-4.0,625.0,747.0,872.0,994.0,1122.0,1255.0,1384.0,1504.0,1638.0
11671.0,-4.0,-4.0,-4.0,-4.0,-4.0,638.0,758.0,883.0,1009.0,-5.0,-5.0,1396.0,-5.0,0.0,-4.0,-4.0,-4.0,-4.0,-4.0,642.0,763.0,888.0,1015.0,-5.0,-5.0,1400.0,-5.0,0.0,-4.0,764.0,890.0,1018.0,-5.0,-5.0,-5.0,-4.0,-4.0,-4.0,-4.0,-4.0,669.0,790.0,917.0,1041.0,-5.0,-5.0,1410.0,-5.0,0.0,-4.0,-4.0,-4.0,-4.0,-4.0,680.0,802.0,924.0,1057.0,-5.0,-5.0,1427.0,-5.0,0.0,-4.0,-4.0,-4.0,-4.0,-4.0,682.0,804.0,927.0,1062.0,-5.0,-5.0,1433.0,-5.0,0.0,-4.0,-4.0,-4.0,-4.0,-4.0,608.0,727.0,853.0,964.0,-5.0,-5.0,1334.0,-5.0,1601.0,-4.0,-4.0,-4.0,-4.0,-4.0,621.0,742.0,868.0,986.0,-5.0,-5.0,1375.0,-5.0,1629.0,-4.0,-4.0,-4.0,-4.0,-4.0,625.0,747.0,872.0,994.0,-5.0,-5.0,1384.0,-5.0,1638.0
11672.0,-4.0,-4.0,-4.0,-4.0,-4.0,638.0,-3.0,880.0,1004.0,1133.0,1268.0,1393.0,1515.0,-3.0,-4.0,-4.0,-4.0,-4.0,-4.0,642.0,-3.0,888.0,1015.0,1144.0,1276.0,1400.0,1526.0,-3.0,-4.0,-3.0,890.0,1018.0,1146.0,1278.0,1529.0,-4.0,-4.0,-4.0,-4.0,-4.0,669.0,-3.0,912.0,1035.0,1165.0,1299.0,1409.0,1539.0,-3.0,-4.0,-4.0,-4.0,-4.0,-4.0,680.0,-3.0,925.0,1056.0,1181.0,1316.0,1427.0,1570.0,-3.0,-4.0,-4.0,-4.0,-4.0,-4.0,682.0,-3.0,927.0,1062.0,1185.0,1320.0,1433.0,1576.0,-3.0,-4.0,-4.0,-4.0,-4.0,-4.0,608.0,-3.0,845.0,959.0,1096.0,1221.0,1334.0,1443.0,-3.0,-4.0,-4.0,-4.0,-4.0,-4.0,621.0,-3.0,868.0,985.0,1116.0,1249.0,1375.0,1494.0,-3.0,-4.0,-4.0,-4.0,-4.0,-4.0,625.0,-3.0,872.0,994.0,1122.0,1255.0,1384.0,1504.0,-3.0
11673.0,-4.0,-4.0,-4.0,-4.0,-4.0,638.0,-3.0,880.0,1004.0,1136.0,1268.0,-3.0,1515.0,1647.0,-4.0,-4.0,-4.0,-4.0,-4.0,642.0,-3.0,888.0,1015.0,1144.0,1276.0,-3.0,1526.0,1656.0,-4.0,-3.0,890.0,1018.0,1146.0,1278.0,1529.0,-4.0,-4.0,-4.0,-4.0,-4.0,669.0,-3.0,912.0,1034.0,1171.0,1302.0,-3.0,1549.0,1671.0,-4.0,-4.0,-4.0,-4.0,-4.0,680.0,-3.0,925.0,1056.0,1181.0,1316.0,-3.0,1570.0,1692.0,-4.0,-4.0,-4.0,-4.0,-4.0,682.0,-3.0,927.0,1062.0,1185.0,1320.0,-3.0,1576.0,1697.0,-4.0,-4.0,-4.0,-4.0,-4.0,608.0,-3.0,845.0,956.0,1091.0,1214.0,-3.0,1457.0,1592.0,-4.0,-4.0,-4.0,-4.0,-4.0,621.0,-3.0,868.0,986.0,1116.0,1248.0,-3.0,1495.0,1630.0,-4.0,-4.0,-4.0,-4.0,-4.0,625.0,-3.0,872.0,994.0,1122.0,1255.0,-3.0,1504.0,1638.0
11674.0,-4.0,-4.0,-4.0,-4.0,-4.0,638.0,757.0,884.0,-4.0,-4.0,-4.0,-4.0,-4.0,-4.0,-4.0,-4.0,-4.0,-4.0,-4.0,642.0,763.0,887.0,-4.0,-4.0,-4.0,-4.0,-4.0,-4.0,-4.0,764.0,890.0,-4.0,-4.0,-4.0,-4.0,-4.0,-4.0,-4.0,-4.0,-4.0,670.0,790.0,914.0,-4.0,-4.0,-4.0,-4.0,-4.0,-4.0,-4.0,-4.0,-4.0,-4.0,-4.0,680.0,802.0,924.0,-4.0,-4.0,-4.0,-4.0,-4.0,-4.0,-4.0,-4.0,-4.0,-4.0,-4.0,682.0,804.0,927.0,-4.0,-4.0,-4.0,-4.0,-4.0,-4.0,-4.0,-4.0,-4.0,-4.0,-4.0,599.0,720.0,849.0,-4.0,-4.0,-4.0,-4.0,-4.0,-4.0,-4.0,-4.0,-4.0,-4.0,-4.0,618.0,740.0,866.0,-4.0,-4.0,-4.0,-4.0,-4.0,-4.0,-4.0,-4.0,-4.0,-4.0,-4.0,625.0,747.0,872.0,-4.0,-4.0,-4.0,-4.0,-4.0,-4.0
11675.0,-4.0,-4.0,-4.0,-4.0,-4.0,629.0,0.0,0.0,0.0,0.0,1263.0,1389.0,1509.0,0.0,-4.0,-4.0,-4.0,-4.0,-4.0,641.0,0.0,0.0,0.0,0.0,1274.0,1399.0,1524.0,0.0,-4.0,0.0,0.0,0.0,0.0,1277.0,1528.0,-4.0,-4.0,-4.0,-4.0,-4.0,666.0,778.0,903.0,1025.0,0.0,1286.0,1403.0,1531.0,1666.0,-4.0,-4.0,-4.0,-4.0,-4.0,677.0,798.0,922.0,1054.0,0.0,1314.0,1426.0,1568.0,1690.0,-4.0,-4.0,-4.0,-4.0,-4.0,682.0,804.0,927.0,1061.0,0.0,1319.0,1432.0,1575.0,1696.0,-4.0,-4.0,-4.0,-4.0,-4.0,596.0,717.0,840.0,933.0,1070.0,1194.0,1322.0,1448.0,1588.0,-4.0,-4.0,-4.0,-4.0,-4.0,614.0,735.0,861.0,979.0,1112.0,1244.0,1372.0,1490.0,1626.0,-4.0,-4.0,-4.0,-4.0,-4.0,623.0,745.0,870.0,993.0,1121.0,1254.0,1383.0,1503.0,1637.0
11676.0,-4.0,-4.0,-4.0,-4.0,-4.0,-3.0,-4.0,-4.0,-4.0,-4.0,-4.0,-4.0,-4.0,-4.0,-4.0,-4.0,-4.0,-4.0,-4.0,-3.0,-4.0,-4.0,-4.0,-4.0,-4.0,-4.0,-4.0,-4.0,-4.0,-4.0,-4.0,-4.0,-4.0,-4.0,-4.0,-4.0,-4.0,-4.0,-4.0,-4.0,-3.0,-4.0,-4.0,-4.0,-4.0,-4.0,-4.0,-4.0,-4.0,-4.0,-4.0,-4.0,-4.0,-4.0,-3.0,-4.0,-4.0,-4.0,-4.0,-4.0,-4.0,-4.0,-4.0,-4.0,-4.0,-4.0,-4.0,-4.0,-3.0,-4.0,-4.0,-4.0,-4.0,-4.0,-4.0,-4.0,-4.0,-4.0,-4.0,-4.0,-4.0,-4.0,-3.0,-4.0,-4.0,-4.0,-4.0,-4.0,-4.0,-4.0,-4.0,-4.0,-4.0,-4.0,-4.0,-4.0,-3.0,-4.0,-4.0,-4.0,-4.0,-4.0,-4.0,-4.0,-4.0,-4.0,-4.0,-4.0,-4.0,-4.0,-3.0,-4.0,-4.0,-4.0,-4.0,-4.0,-4.0,-4.0,-4.0
11677.0,-4.0,-4.0,-4.0,-4.0,-4.0,632.0,753.0,0.0,-3.0,0.0,0.0,0.0,0.0,0.0,-4.0,-4.0,-4.0,-4.0,-4.0,640.0,761.0,0.0,-3.0,0.0,0.0,0.0,0.0,0.0,-4.0,765.0,0.0,-3.0,0.0,0.0,0.0,-4.0,-4.0,-4.0,-4.0,-4.0,666.0,779.0,901.0,-3.0,1159.0,1286.0,1403.0,1533.0,1661.0,-4.0,-4.0,-4.0,-4.0,-4.0,677.0,798.0,922.0,-3.0,1180.0,1314.0,1426.0,1568.0,1690.0,-4.0,-4.0,-4.0,-4.0,-4.0,682.0,804.0,927.0,-3.0,1184.0,1319.0,1432.0,1575.0,1696.0,-4.0,-4.0,-4.0,-4.0,-4.0,596.0,718.0,823.0,-3.0,1070.0,1210.0,1325.0,1444.0,1582.0,-4.0,-4.0,-4.0,-4.0,-4.0,614.0,735.0,861.0,-3.0,1112.0,1244.0,1372.0,1490.0,1627.0,-4.0,-4.0,-4.0,-4.0,-4.0,623.0,745.0,870.0,-3.0,1121.0,1254.0,1383.0,1503.0,1637.0
11678.0,-4.0,-4.0,-4.0,-4.0,-4.0,630.0,751.0,0.0,998.0,0.0,1260.0,-4.0,-4.0,-4.0,-4.0,-4.0,-4.0,-4.0,-4.0,640.0,761.0,0.0,1012.0,0.0,1273.0,-4.0,-4.0,-4.0,-4.0,765.0,0.0,1017.0,0.0,1277.0,-4.0,-4.0,-4.0,-4.0,-4.0,-4.0,646.0,770.0,891.0,1020.0,0.0,1282.0,-4.0,-4.0,-4.0,-4.0,-4.0,-4.0,-4.0,-4.0,675.0,797.0,919.0,1051.0,0.0,1312.0,-4.0,-4.0,-4.0,-4.0,-4.0,-4.0,-4.0,-4.0,681.0,803.0,926.0,1060.0,0.0,1318.0,-4.0,-4.0,-4.0,-4.0,-4.0,-4.0,-4.0,-4.0,570.0,687.0,806.0,930.0,1065.0,1189.0,-4.0,-4.0,-4.0,-4.0,-4.0,-4.0,-4.0,-4.0,610.0,732.0,856.0,977.0,1108.0,1240.0,-4.0,-4.0,-4.0,-4.0,-4.0,-4.0,-4.0,-4.0,622.0,744.0,869.0,992.0,1120.0,1253.0,-4.0,-4.0,-4.0
11679.0,-4.0,-4.0,-4.0,-4.0,-4.0,0.0,753.0,875.0,1000.0,1128.0,1259.0,-4.0,-4.0,-4.0,-4.0,-4.0,-4.0,-4.0,-4.0,0.0,761.0,885.0,1013.0,1142.0,1273.0,-4.0,-4.0,-4.0,-4.0,765.0,889.0,1017.0,1145.0,1277.0,-4.0,-4.0,-4.0,-4.0,-4.0,-4.0,648.0,772.0,896.0,1030.0,1151.0,1292.0,-4.0,-4.0,-4.0,-4.0,-4.0,-4.0,-4.0,-4.0,676.0,799.0,919.0,1053.0,1178.0,1315.0,-4.0,-4.0,-4.0,-4.0,-4.0,-4.0,-4.0,-4.0,681.0,803.0,926.0,1060.0,1184.0,1318.0,-4.0,-4.0,-4.0,-4.0,-4.0,-4.0,-4.0,-4.0,572.0,695.0,818.0,942.0,1077.0,1201.0,-4.0,-4.0,-4.0,-4.0,-4.0,-4.0,-4.0,-4.0,611.0,734.0,859.0,980.0,1114.0,1245.0,-4.0,-4.0,-4.0,-4.0,-4.0,-4.0,-4.0,-4.0,622.0,744.0,869.0,992.0,1120.0,1253.0,-4.0,-4.0,-4.0
11680.0,-4.0,-4.0,-4.0,-4.0,-4.0,0.0,-3.0,882.0,-4.0,-4.0,-4.0,-4.0,-4.0,-4.0,-4.0,-4.0,-4.0,-4.0,-4.0,0.0,-3.0,885.0,-4.0,-4.0,-4.0,-4.0,-4.0,-4.0,-4.0,-3.0,889.0,-4.0,-4.0,-4.0,-4.0,-4.0,-4.0,-4.0,-4.0,-4.0,657.0,-3.0,905.0,-4.0,-4.0,-4.0,-4.0,-4.0,-4.0,-4.0,-4.0,-4.0,-4.0,-4.0,678.0,-3.0,923.0,-4.0,-4.0,-4.0,-4.0,-4.0,-4.0,-4.0,-4.0,-4.0,-4.0,-4.0,681.0,-3.0,926.0,-4.0,-4.0,-4.0,-4.0,-4.0,-4.0,-4.0,-4.0,-4.0,-4.0,-4.0,588.0,-3.0,829.0,-4.0,-4.0,-4.0,-4.0,-4.0,-4.0,-4.0,-4.0,-4.0,-4.0,-4.0,616.0,-3.0,864.0,-4.0,-4.0,-4.0,-4.0,-4.0,-4.0,-4.0,-4.0,-4.0,-4.0,-4.0,624.0,-3.0,871.0,-4.0,-4.0,-4.0,-4.0,-4.0,-4.0
12661.0,-4.0,-4.0,-4.0,-4.0,-4.0,-4.0,0.0,875.0,1006.0,1132.0,1267.0,1394.0,0.0,1650.0,-4.0,-4.0,-4.0,-4.0,-4.0,-4.0,0.0,885.0,1016.0,1143.0,1275.0,1401.0,0.0,1657.0,-4.0,0.0,889.0,1018.0,1146.0,1278.0,0.0,-4.0,-4.0,-4.0,-4.0,-4.0,-4.0,793.0,914.0,1038.0,1173.0,1307.0,1411.0,0.0,1679.0,-4.0,-4.0,-4.0,-4.0,-4.0,-4.0,802.0,924.0,1058.0,1182.0,1317.0,1428.0,0.0,1693.0,-4.0,-4.0,-4.0,-4.0,-4.0,-4.0,804.0,927.0,1062.0,1185.0,1320.0,1433.0,0.0,1697.0,-4.0,-4.0,-4.0,-4.0,-4.0,-4.0,724.0,848.0,958.0,1092.0,1229.0,1343.0,1450.0,1606.0,-4.0,-4.0,-4.0,-4.0,-4.0,-4.0,740.0,866.0,987.0,1117.0,1250.0,1377.0,1496.0,1631.0,-4.0,-4.0,-4.0,-4.0,-4.0,-4.0,747.0,872.0,995.0,1123.0,1256.0,1385.0,1505.0,1639.0
12662.0,-4.0,-4.0,-4.0,-4.0,-4.0,-4.0,757.0,-3.0,1004.0,1138.0,1271.0,1393.0,1514.0,1647.0,-4.0,-4.0,-4.0,-4.0,-4.0,-4.0,763.0,-3.0,1015.0,1144.0,1276.0,1400.0,1526.0,1656.0,-4.0,764.0,-3.0,1018.0,1146.0,1278.0,1529.0,-4.0,-4.0,-4.0,-4.0,-4.0,-4.0,795.0,-3.0,1029.0,1164.0,1297.0,1407.0,1543.0,1672.0,-4.0,-4.0,-4.0,-4.0,-4.0,-4.0,802.0,-3.0,1056.0,1181.0,1316.0,1427.0,1570.0,1692.0,-4.0,-4.0,-4.0,-4.0,-4.0,-4.0,804.0,-3.0,1062.0,1185.0,1320.0,1433.0,1576.0,1697.0,-4.0,-4.0,-4.0,-4.0,-4.0,-4.0,726.0,-3.0,952.0,1083.0,1209.0,1341.0,1452.0,1595.0,-4.0,-4.0,-4.0,-4.0,-4.0,-4.0,742.0,-3.0,984.0,1115.0,1247.0,1375.0,1494.0,1630.0,-4.0,-4.0,-4.0,-4.0,-4.0,-4.0,747.0,-3.0,994.0,1122.0,1255.0,1384.0,1504.0,1638.0
12663.0,-4.0,-4.0,-4.0,-4.0,-4.0,-4.0,757.0,-3.0,-4.0,-4.0,-4.0,-4.0,-4.0,-4.0,-4.0,-4.0,-4.0,-4.0,-4.0,-4.0,763.0,-3.0,-4.0,-4.0,-4.0,-4.0,-4.0,-4.0,-4.0,764.0,-3.0,-4.0,-4.0,-4.0,-4.0,-4.0,-4.0,-4.0,-4.0,-4.0,-4.0,795.0,-3.0,-4.0,-4.0,-4.0,-4.0,-4.0,-4.0,-4.0,-4.0,-4.0,-4.0,-4.0,-4.0,802.0,-3.0,-4.0,-4.0,-4.0,-4.0,-4.0,-4.0,-4.0,-4.0,-4.0,-4.0,-4.0,-4.0,804.0,-3.0,-4.0,-4.0,-4.0,-4.0,-4.0,-4.0,-4.0,-4.0,-4.0,-4.0,-4.0,-4.0,726.0,-3.0,-4.0,-4.0,-4.0,-4.0,-4.0,-4.0,-4.0,-4.0,-4.0,-4.0,-4.0,-4.0,742.0,-3.0,-4.0,-4.0,-4.0,-4.0,-4.0,-4.0,-4.0,-4.0,-4.0,-4.0,-4.0,-4.0,747.0,-3.0,-4.0,-4.0,-4.0,-4.0,-4.0,-4.0
12664.0,-4.0,-4.0,-4.0,-4.0,-4.0,-4.0,-5.0,0.0,-5.0,-5.0,-5.0,-4.0,-4.0,-4.0,-4.0,-4.0,-4.0,-4.0,-4.0,-4.0,-5.0,0.0,-5.0,-5.0,-5.0,-4.0,-4.0,-4.0,-4.0,-5.0,0.0,-5.0,-5.0,-5.0,-4.0,-4.0,-4.0,-4.0,-4.0,-4.0,-4.0,-5.0,0.0,-5.0,-5.0,-5.0,-4.0,-4.0,-4.0,-4.0,-4.0,-4.0,-4.0,-4.0,-4.0,-5.0,0.0,-5.0,-5.0,-5.0,-4.0,-4.0,-4.0,-4.0,-4.0,-4.0,-4.0,-4.0,-4.0,-5.0,0.0,-5.0,-5.0,-5.0,-4.0,-4.0,-4.0,-4.0,-4.0,-4.0,-4.0,-4.0,-4.0,-5.0,847.0,-5.0,-5.0,-5.0,-4.0,-4.0,-4.0,-4.0,-4.0,-4.0,-4.0,-4.0,-4.0,-5.0,867.0,-5.0,-5.0,-5.0,-4.0,-4.0,-4.0,-4.0,-4.0,-4.0,-4.0,-4.0,-4.0,-5.0,872.0,-5.0,-5.0,-5.0,-4.0,-4.0,-4.0
12665.0,-4.0,-4.0,-4.0,-4.0,-4.0,-4.0,0.0,880.0,1007.0,1136.0,1268.0,1396.0,1515.0,1647.0,-4.0,-4.0,-4.0,-4.0,-4.0,-4.0,0.0,888.0,1015.0,1144.0,1276.0,1400.0,1526.0,1656.0,-4.0,0.0,890.0,1018.0,1146.0,1278.0,1529.0,-4.0,-4.0,-4.0,-4.0,-4.0,-4.0,0.0,913.0,1042.0,1167.0,1302.0,1407.0,1539.0,1667.0,-4.0,-4.0,-4.0,-4.0,-4.0,-4.0,0.0,925.0,1057.0,1181.0,1316.0,1427.0,1570.0,1692.0,-4.0,-4.0,-4.0,-4.0,-4.0,-4.0,0.0,927.0,1062.0,1185.0,1320.0,1433.0,1576.0,1697.0,-4.0,-4.0,-4.0,-4.0,-4.0,-4.0,728.0,854.0,966.0,1091.0,1225.0,1340.0,1451.0,1590.0,-4.0,-4.0,-4.0,-4.0,-4.0,-4.0,743.0,868.0,985.0,1116.0,1249.0,1374.0,1495.0,1630.0,-4.0,-4.0,-4.0,-4.0,-4.0,-4.0,747.0,872.0,994.0,1122.0,1255.0,1384.0,1504.0,1638.0
12666.0,-4.0,-4.0,-4.0,-4.0,-4.0,-4.0,758.0,883.0,1004.0,1133.0,1268.0,0.0,0.0,1647.0,-4.0,-4.0,-4.0,-4.0,-4.0,-4.0,763.0,888.0,1015.0,1144.0,1276.0,0.0,0.0,1656.0,-4.0,764.0,890.0,1018.0,1146.0,1278.0,0.0,-4.0,-4.0,-4.0,-4.0,-4.0,-4.0,792.0,913.0,1035.0,1165.0,1299.0,0.0,0.0,1669.0,-4.0,-4.0,-4.0,-4.0,-4.0,-4.0,802.0,925.0,1056.0,1181.0,1316.0,0.0,0.0,1692.0,-4.0,-4.0,-4.0,-4.0,-4.0,-4.0,804.0,927.0,1062.0,1185.0,1320.0,0.0,0.0,1697.0,-4.0,-4.0,-4.0,-4.0,-4.0,-4.0,728.0,847.0,960.0,1085.0,1213.0,1333.0,1443.0,1602.0,-4.0,-4.0,-4.0,-4.0,-4.0,-4.0,743.0,867.0,985.0,1116.0,1248.0,1375.0,1494.0,1630.0,-4.0,-4.0,-4.0,-4.0,-4.0,-4.0,747.0,872.0,994.0,1122.0,1255.0,1384.0,1504.0,1638.0
12667.0,-4.0,-4.0,-4.0,-4.0,-4.0,-4.0,0.0,880.0,1008.0,0.0,-5.0,-3.0,1512.0,-5.0,-4.0,-4.0,-4.0,-4.0,-4.0,-4.0,0.0,888.0,1016.0,0.0,-5.0,-3.0,1525.0,-5.0,-4.0,0.0,890.0,1018.0,0.0,-5.0,1529.0,-4.0,-4.0,-4.0,-4.0,-4.0,-4.0,0.0,913.0,1045.0,0.0,-5.0,-3.0,1547.0,-5.0,-4.0,-4.0,-4.0,-4.0,-4.0,-4.0,0.0,925.0,1058.0,0.0,-5.0,-3.0,1571.0,-5.0,-4.0,-4.0,-4.0,-4.0,-4.0,-4.0,0.0,927.0,1062.0,0.0,-5.0,-3.0,1576.0,-5.0,-4.0,-4.0,-4.0,-4.0,-4.0,-4.0,728.0,854.0,967.0,1092.0,-5.0,-3.0,1455.0,-5.0,-4.0,-4.0,-4.0,-4.0,-4.0,-4.0,743.0,868.0,987.0,1117.0,-5.0,-3.0,1497.0,-5.0,-4.0,-4.0,-4.0,-4.0,-4.0,-4.0,747.0,872.0,995.0,1123.0,-5.0,-3.0,1505.0,-5.0
12669.0,-4.0,-4.0,-4.0,-4.0,-4.0,-4.0,0.0,0.0,1000.0,1132.0,1267.0,1394.0,1512.0,1650.0,-4.0,-4.0,-4.0,-4.0,-4.0,-4.0,0.0,0.0,1013.0,1143.0,1275.0,1401.0,1525.0,1657.0,-4.0,0.0,0.0,1017.0,1146.0,1278.0,1529.0,-4.0,-4.0,-4.0,-4.0,-4.0,-4.0,791.0,912.0,1040.0,1173.0,1308.0,1415.0,1553.0,1680.0,-4.0,-4.0,-4.0,-4.0,-4.0,-4.0,802.0,925.0,1058.0,1182.0,1317.0,1428.0,1571.0,1693.0,-4.0,-4.0,-4.0,-4.0,-4.0,-4.0,804.0,927.0,1062.0,1185.0,1320.0,1433.0,1576.0,1697.0,-4.0,-4.0,-4.0,-4.0,-4.0,-4.0,729.0,844.0,968.0,1099.0,1230.0,1350.0,1467.0,1603.0,-4.0,-4.0,-4.0,-4.0,-4.0,-4.0,743.0,867.0,988.0,1118.0,1251.0,1377.0,1497.0,1633.0,-4.0,-4.0,-4.0,-4.0,-4.0,-4.0,747.0,872.0,995.0,1123.0,1256.0,1385.0,1505.0,1639.0
12670.0,-4.0,-4.0,-4.0,-4.0,-4.0,-4.0,0.0,881.0,1000.0,0.0,1266.0,-5.0,0.0,-3.0,-4.0,-4.0,-4.0,-4.0,-4.0,-4.0,0.0,887.0,1013.0,0.0,1274.0,-5.0,0.0,-3.0,-4.0,0.0,890.0,1017.0,0.0,1277.0,0.0,-4.0,-4.0,-4.0,-4.0,-4.0,-4.0,777.0,910.0,1032.0,1161.0,1295.0,-5.0,0.0,-3.0,-4.0,-4.0,-4.0,-4.0,-4.0,-4.0,798.0,920.0,1052.0,1179.0,1313.0,-5.0,0.0,-3.0,-4.0,-4.0,-4.0,-4.0,-4.0,-4.0,804.0,927.0,1061.0,1184.0,1319.0,-5.0,0.0,-3.0,-4.0,-4.0,-4.0,-4.0,-4.0,-4.0,715.0,834.0,949.0,1081.0,1207.0,-5.0,1438.0,-3.0,-4.0,-4.0,-4.0,-4.0,-4.0,-4.0,739.0,865.0,983.0,1109.0,1241.0,-5.0,1491.0,-3.0,-4.0,-4.0,-4.0,-4.0,-4.0,-4.0,745.0,870.0,993.0,1121.0,1254.0,-5.0,1503.0,-3.0
12671.0,-4.0,-4.0,-4.0,-4.0,-4.0,-4.0,753.0,875.0,1000.0,0.0,-3.0,-3.0,1510.0,1644.0,-4.0,-4.0,-4.0,-4.0,-4.0,-4.0,761.0,885.0,1013.0,0.0,-3.0,-3.0,1524.0,1655.0,-4.0,765.0,889.0,1017.0,0.0,-3.0,1528.0,-4.0,-4.0,-4.0,-4.0,-4.0,-4.0,779.0,897.0,1036.0,0.0,-3.0,-3.0,1532.0,1659.0,-4.0,-4.0,-4.0,-4.0,-4.0,-4.0,798.0,922.0,1054.0,0.0,-3.0,-3.0,1568.0,1690.0,-4.0,-4.0,-4.0,-4.0,-4.0,-4.0,804.0,927.0,1061.0,0.0,-3.0,-3.0,1575.0,1696.0,-4.0,-4.0,-4.0,-4.0,-4.0,-4.0,718.0,843.0,954.0,1073.0,-3.0,-3.0,1436.0,1579.0,-4.0,-4.0,-4.0,-4.0,-4.0,-4.0,735.0,860.0,979.0,1112.0,-3.0,-3.0,1491.0,1627.0,-4.0,-4.0,-4.0,-4.0,-4.0,-4.0,745.0,870.0,993.0,1121.0,-3.0,-3.0,1503.0,1637.0
12672.0,-4.0,-4.0,-4.0,-4.0,-4.0,-4.0,-3.0,877.0,1000.0,1127.0,1259.0,-4.0,-4.0,-4.0,-4.0,-4.0,-4.0,-4.0,-4.0,-4.0,-3.0,886.0,1013.0,1141.0,1273.0,-4.0,-4.0,-4.0,-4.0,-3.0,889.0,1017.0,1145.0,1277.0,-4.0,-4.0,-4.0,-4.0,-4.0,-4.0,-4.0,-3.0,895.0,1024.0,1152.0,1285.0,-4.0,-4.0,-4.0,-4.0,-4.0,-4.0,-4.0,-4.0,-4.0,-3.0,921.0,1053.0,1178.0,1312.0,-4.0,-4.0,-4.0,-4.0,-4.0,-4.0,-4.0,-4.0,-4.0,-3.0,926.0,1060.0,1184.0,1318.0,-4.0,-4.0,-4.0,-4.0,-4.0,-4.0,-4.0,-4.0,-4.0,-3.0,812.0,932.0,1076.0,1193.0,-4.0,-4.0,-4.0,-4.0,-4.0,-4.0,-4.0,-4.0,-4.0,-3.0,858.0,978.0,1114.0,1243.0,-4.0,-4.0,-4.0,-4.0,-4.0,-4.0,-4.0,-4.0,-4.0,-3.0,869.0,992.0,1120.0,1253.0,-4.0,-4.0,-4.0
12673.0,-4.0,-4.0,-4.0,-4.0,-4.0,-4.0,755.0,0.0,-4.0,-4.0,-4.0,-4.0,-4.0,-4.0,-4.0,-4.0,-4.0,-4.0,-4.0,-4.0,762.0,0.0,-4.0,-4.0,-4.0,-4.0,-4.0,-4.0,-4.0,765.0,0.0,-4.0,-4.0,-4.0,-4.0,-4.0,-4.0,-4.0,-4.0,-4.0,-4.0,780.0,0.0,-4.0,-4.0,-4.0,-4.0,-4.0,-4.0,-4.0,-4.0,-4.0,-4.0,-4.0,-4.0,801.0,0.0,-4.0,-4.0,-4.0,-4.0,-4.0,-4.0,-4.0,-4.0,-4.0,-4.0,-4.0,-4.0,803.0,0.0,-4.0,-4.0,-4.0,-4.0,-4.0,-4.0,-4.0,-4.0,-4.0,-4.0,-4.0,-4.0,701.0,824.0,-4.0,-4.0,-4.0,-4.0,-4.0,-4.0,-4.0,-4.0,-4.0,-4.0,-4.0,-4.0,736.0,862.0,-4.0,-4.0,-4.0,-4.0,-4.0,-4.0,-4.0,-4.0,-4.0,-4.0,-4.0,-4.0,746.0,871.0,-4.0,-4.0,-4.0,-4.0,-4.0,-4.0
12674.0,-4.0,-4.0,-4.0,-4.0,-4.0,-4.0,0.0,875.0,1000.0,1128.0,1261.0,-4.0,-4.0,-4.0,-4.0,-4.0,-4.0,-4.0,-4.0,-4.0,0.0,885.0,1013.0,1142.0,1274.0,-4.0,-4.0,-4.0,-4.0,0.0,889.0,1017.0,1145.0,1277.0,-4.0,-4.0,-4.0,-4.0,-4.0,-4.0,-4.0,0.0,906.0,1030.0,1152.0,1293.0,-4.0,-4.0,-4.0,-4.0,-4.0,-4.0,-4.0,-4.0,-4.0,0.0,923.0,1053.0,1178.0,1315.0,-4.0,-4.0,-4.0,-4.0,-4.0,-4.0,-4.0,-4.0,-4.0,0.0,926.0,1060.0,1184.0,1318.0,-4.0,-4.0,-4.0,-4.0,-4.0,-4.0,-4.0,-4.0,-4.0,709.0,828.0,941.0,1078.0,1206.0,-4.0,-4.0,-4.0,-4.0,-4.0,-4.0,-4.0,-4.0,-4.0,738.0,863.0,978.0,1114.0,1245.0,-4.0,-4.0,-4.0,-4.0,-4.0,-4.0,-4.0,-4.0,-4.0,746.0,871.0,992.0,1120.0,1253.0,-4.0,-4.0,-4.0
12675.0,-4.0,-4.0,-4.0,-4.0,-4.0,-4.0,-3.0,0.0,0.0,-4.0,-4.0,-4.0,-4.0,-4.0,-4.0,-4.0,-4.0,-4.0,-4.0,-4.0,-3.0,0.0,0.0,-4.0,-4.0,-4.0,-4.0,-4.0,-4.0,-3.0,0.0,0.0,-4.0,-4.0,-4.0,-4.0,-4.0,-4.0,-4.0,-4.0,-4.0,-3.0,906.0,0.0,-4.0,-4.0,-4.0,-4.0,-4.0,-4.0,-4.0,-4.0,-4.0,-4.0,-4.0,-3.0,923.0,0.0,-4.0,-4.0,-4.0,-4.0,-4.0,-4.0,-4.0,-4.0,-4.0,-4.0,-4.0,-3.0,926.0,0.0,-4.0,-4.0,-4.0,-4.0,-4.0,-4.0,-4.0,-4.0,-4.0,-4.0,-4.0,-3.0,828.0,941.0,-4.0,-4.0,-4.0,-4.0,-4.0,-4.0,-4.0,-4.0,-4.0,-4.0,-4.0,-3.0,863.0,978.0,-4.0,-4.0,-4.0,-4.0,-4.0,-4.0,-4.0,-4.0,-4.0,-4.0,-4.0,-3.0,871.0,992.0,-4.0,-4.0,-4.0,-4.0,-4.0
12676.0,-4.0,-4.0,-4.0,-4.0,-4.0,-4.0,0.0,0.0,1000.0,1128.0,1259.0,-4.0,-4.0,-4.0,-4.0,-4.0,-4.0,-4.0,-4.0,-4.0,0.0,0.0,1013.0,1142.0,1273.0,-4.0,-4.0,-4.0,-4.0,0.0,0.0,1017.0,1145.0,1277.0,-4.0,-4.0,-4.0,-4.0,-4.0,-4.0,-4.0,785.0,0.0,1030.0,1152.0,1293.0,-4.0,-4.0,-4.0,-4.0,-4.0,-4.0,-4.0,-4.0,-4.0,801.0,0.0,1053.0,1178.0,1315.0,-4.0,-4.0,-4.0,-4.0,-4.0,-4.0,-4.0,-4.0,-4.0,803.0,0.0,1060.0,1184.0,1318.0,-4.0,-4.0,-4.0,-4.0,-4.0,-4.0,-4.0,-4.0,-4.0,705.0,828.0,941.0,1078.0,1206.0,-4.0,-4.0,-4.0,-4.0,-4.0,-4.0,-4.0,-4.0,-4.0,738.0,863.0,978.0,1114.0,1245.0,-4.0,-4.0,-4.0,-4.0,-4.0,-4.0,-4.0,-4.0,-4.0,746.0,871.0,992.0,1120.0,1253.0,-4.0,-4.0,-4.0
17335.0,-4.0,-4.0,-4.0,-4.0,-4.0,-4.0,-4.0,-4.0,1008.0,-3.0,0.0,-3.0,1512.0,1650.0,-4.0,-4.0,-4.0,-4.0,-4.0,-4.0,-4.0,-4.0,1016.0,-3.0,0.0,-3.0,1525.0,1657.0,-4.0,-4.0,-4.0,1018.0,-3.0,0.0,1529.0,-4.0,-4.0,-4.0,-4.0,-4.0,-4.0,-4.0,-4.0,1038.0,-3.0,1307.0,-3.0,1544.0,1676.0,-4.0,-4.0,-4.0,-4.0,-4.0,-4.0,-4.0,-4.0,1058.0,-3.0,1317.0,-3.0,1571.0,1693.0,-4.0,-4.0,-4.0,-4.0,-4.0,-4.0,-4.0,-4.0,1062.0,-3.0,1320.0,-3.0,1576.0,1697.0,-4.0,-4.0,-4.0,-4.0,-4.0,-4.0,-4.0,-4.0,958.0,-3.0,1229.0,-3.0,1466.0,1607.0,-4.0,-4.0,-4.0,-4.0,-4.0,-4.0,-4.0,-4.0,987.0,-3.0,1250.0,-3.0,1497.0,1631.0,-4.0,-4.0,-4.0,-4.0,-4.0,-4.0,-4.0,-4.0,995.0,-3.0,1256.0,-3.0,1505.0,1639.0
17336.0,-4.0,-4.0,-4.0,-4.0,-4.0,-4.0,-4.0,-4.0,1006.0,0.0,1267.0,-3.0,1512.0,1650.0,-4.0,-4.0,-4.0,-4.0,-4.0,-4.0,-4.0,-4.0,1016.0,0.0,1275.0,-3.0,1525.0,1657.0,-4.0,-4.0,-4.0,1018.0,0.0,1278.0,1529.0,-4.0,-4.0,-4.0,-4.0,-4.0,-4.0,-4.0,-4.0,1038.0,0.0,1307.0,-3.0,1553.0,1678.0,-4.0,-4.0,-4.0,-4.0,-4.0,-4.0,-4.0,-4.0,1058.0,0.0,1317.0,-3.0,1571.0,1693.0,-4.0,-4.0,-4.0,-4.0,-4.0,-4.0,-4.0,-4.0,1062.0,0.0,1320.0,-3.0,1576.0,1697.0,-4.0,-4.0,-4.0,-4.0,-4.0,-4.0,-4.0,-4.0,958.0,1092.0,1229.0,-3.0,1466.0,1608.0,-4.0,-4.0,-4.0,-4.0,-4.0,-4.0,-4.0,-4.0,987.0,1117.0,1250.0,-3.0,1497.0,1631.0,-4.0,-4.0,-4.0,-4.0,-4.0,-4.0,-4.0,-4.0,995.0,1123.0,1256.0,-3.0,1505.0,1639.0
17337.0,-4.0,-4.0,-4.0,-4.0,-4.0,-4.0,-4.0,-4.0,1006.0,1132.0,-3.0,1392.0,1512.0,1643.0,-4.0,-4.0,-4.0,-4.0,-4.0,-4.0,-4.0,-4.0,1016.0,1143.0,-3.0,1399.0,1525.0,1655.0,-4.0,-4.0,-4.0,1018.0,1146.0,-3.0,1529.0,-4.0,-4.0,-4.0,-4.0,-4.0,-4.0,-4.0,-4.0,1038.0,1173.0,-3.0,1417.0,1544.0,1678.0,-4.0,-4.0,-4.0,-4.0,-4.0,-4.0,-4.0,-4.0,1058.0,1182.0,-3.0,1430.0,1571.0,1693.0,-4.0,-4.0,-4.0,-4.0,-4.0,-4.0,-4.0,-4.0,1062.0,1185.0,-3.0,1433.0,1576.0,1697.0,-4.0,-4.0,-4.0,-4.0,-4.0,-4.0,-4.0,-4.0,958.0,1092.0,-3.0,1351.0,1450.0,1606.0,-4.0,-4.0,-4.0,-4.0,-4.0,-4.0,-4.0,-4.0,987.0,1117.0,-3.0,1378.0,1496.0,1631.0,-4.0,-4.0,-4.0,-4.0,-4.0,-4.0,-4.0,-4.0,995.0,1123.0,-3.0,1385.0,1505.0,1639.0
17338.0,-4.0,-4.0,-4.0,-4.0,-4.0,-4.0,-4.0,-4.0,1004.0,1135.0,1270.0,1393.0,1513.0,1647.0,-4.0,-4.0,-4.0,-4.0,-4.0,-4.0,-4.0,-4.0,1015.0,1144.0,1276.0,1400.0,1526.0,1656.0,-4.0,-4.0,-4.0,1018.0,1146.0,1278.0,1529.0,-4.0,-4.0,-4.0,-4.0,-4.0,-4.0,-4.0,-4.0,1035.0,1166.0,1301.0,1410.0,1542.0,1668.0,-4.0,-4.0,-4.0,-4.0,-4.0,-4.0,-4.0,-4.0,1056.0,1181.0,1316.0,1427.0,1570.0,1692.0,-4.0,-4.0,-4.0,-4.0,-4.0,-4.0,-4.0,-4.0,1062.0,1185.0,1320.0,1433.0,1576.0,1697.0,-4.0,-4.0,-4.0,-4.0,-4.0,-4.0,-4.0,-4.0,953.0,1088.0,1227.0,1334.0,1449.0,1591.0,-4.0,-4.0,-4.0,-4.0,-4.0,-4.0,-4.0,-4.0,985.0,1116.0,1249.0,1375.0,1495.0,1630.0,-4.0,-4.0,-4.0,-4.0,-4.0,-4.0,-4.0,-4.0,994.0,1122.0,1255.0,1384.0,1504.0,1638.0
17340.0,-4.0,-4.0,-4.0,-4.0,-4.0,-4.0,-4.0,-4.0,1008.0,1132.0,1272.0,-3.0,1512.0,-3.0,-4.0,-4.0,-4.0,-4.0,-4.0,-4.0,-4.0,-4.0,1016.0,1143.0,1275.0,-3.0,1525.0,-3.0,-4.0,-4.0,-4.0,1018.0,1146.0,1278.0,1529.0,-4.0,-4.0,-4.0,-4.0,-4.0,-4.0,-4.0,-4.0,1044.0,1172.0,1306.0,-3.0,1553.0,-3.0,-4.0,-4.0,-4.0,-4.0,-4.0,-4.0,-4.0,-4.0,1058.0,1182.0,1317.0,-3.0,1571.0,-3.0,-4.0,-4.0,-4.0,-4.0,-4.0,-4.0,-4.0,-4.0,1062.0,1185.0,1320.0,-3.0,1576.0,-3.0,-4.0,-4.0,-4.0,-4.0,-4.0,-4.0,-4.0,-4.0,962.0,1100.0,1228.0,-3.0,1467.0,-3.0,-4.0,-4.0,-4.0,-4.0,-4.0,-4.0,-4.0,-4.0,988.0,1118.0,1251.0,-3.0,1497.0,-3.0,-4.0,-4.0,-4.0,-4.0,-4.0,-4.0,-4.0,-4.0,995.0,1123.0,1256.0,-3.0,1505.0,-3.0
17341.0,-4.0,-4.0,-4.0,-4.0,-4.0,-4.0,-4.0,0.0,0.0,1126.0,0.0,-4.0,-4.0,-4.0,-4.0,-4.0,-4.0,-4.0,-4.0,-4.0,-4.0,0.0,0.0,1141.0,0.0,-4.0,-4.0,-4.0,-4.0,-4.0,0.0,0.0,1145.0,0.0,-4.0,-4.0,-4.0,-4.0,-4.0,-4.0,-4.0,-4.0,894.0,1021.0,1147.0,1279.0,-4.0,-4.0,-4.0,-4.0,-4.0,-4.0,-4.0,-4.0,-4.0,-4.0,919.0,1051.0,1178.0,1312.0,-4.0,-4.0,-4.0,-4.0,-4.0,-4.0,-4.0,-4.0,-4.0,-4.0,926.0,1060.0,1184.0,1318.0,-4.0,-4.0,-4.0,-4.0,-4.0,-4.0,-4.0,-4.0,-4.0,-4.0,810.0,931.0,1064.0,1191.0,-4.0,-4.0,-4.0,-4.0,-4.0,-4.0,-4.0,-4.0,-4.0,-4.0,856.0,977.0,1108.0,1240.0,-4.0,-4.0,-4.0,-4.0,-4.0,-4.0,-4.0,-4.0,-4.0,-4.0,869.0,992.0,1120.0,1253.0,-4.0,-4.0,-4.0
17342.0,-4.0,-4.0,-4.0,-4.0,-4.0,-4.0,-4.0,0.0,-4.0,-4.0,-4.0,-4.0,-4.0,-4.0,-4.0,-4.0,-4.0,-4.0,-4.0,-4.0,-4.0,0.0,-4.0,-4.0,-4.0,-4.0,-4.0,-4.0,-4.0,-4.0,0.0,-4.0,-4.0,-4.0,-4.0,-4.0,-4.0,-4.0,-4.0,-4.0,-4.0,-4.0,0.0,-4.0,-4.0,-4.0,-4.0,-4.0,-4.0,-4.0,-4.0,-4.0,-4.0,-4.0,-4.0,-4.0,0.0,-4.0,-4.0,-4.0,-4.0,-4.0,-4.0,-4.0,-4.0,-4.0,-4.0,-4.0,-4.0,-4.0,0.0,-4.0,-4.0,-4.0,-4.0,-4.0,-4.0,-4.0,-4.0,-4.0,-4.0,-4.0,-4.0,-4.0,824.0,-4.0,-4.0,-4.0,-4.0,-4.0,-4.0,-4.0,-4.0,-4.0,-4.0,-4.0,-4.0,-4.0,862.0,-4.0,-4.0,-4.0,-4.0,-4.0,-4.0,-4.0,-4.0,-4.0,-4.0,-4.0,-4.0,-4.0,871.0,-4.0,-4.0,-4.0,-4.0,-4.0,-4.0
17343.0,-4.0,-4.0,-4.0,-4.0,-4.0,-4.0,-4.0,-3.0,-3.0,0.0,-4.0,-4.0,-4.0,-4.0,-4.0,-4.0,-4.0,-4.0,-4.0,-4.0,-4.0,-3.0,-3.0,0.0,-4.0,-4.0,-4.0,-4.0,-4.0,-4.0,-3.0,-3.0,0.0,-4.0,-4.0,-4.0,-4.0,-4.0,-4.0,-4.0,-4.0,-4.0,-3.0,-3.0,0.0,-4.0,-4.0,-4.0,-4.0,-4.0,-4.0,-4.0,-4.0,-4.0,-4.0,-4.0,-3.0,-3.0,0.0,-4.0,-4.0,-4.0,-4.0,-4.0,-4.0,-4.0,-4.0,-4.0,-4.0,-4.0,-3.0,-3.0,0.0,-4.0,-4.0,-4.0,-4.0,-4.0,-4.0,-4.0,-4.0,-4.0,-4.0,-4.0,-3.0,-3.0,1078.0,-4.0,-4.0,-4.0,-4.0,-4.0,-4.0,-4.0,-4.0,-4.0,-4.0,-4.0,-3.0,-3.0,1114.0,-4.0,-4.0,-4.0,-4.0,-4.0,-4.0,-4.0,-4.0,-4.0,-4.0,-4.0,-3.0,-3.0,1120.0,-4.0,-4.0,-4.0,-4.0
17344.0,-4.0,-4.0,-4.0,-4.0,-4.0,-4.0,-4.0,875.0,1000.0,1127.0,-5.0,0.0,1510.0,1644.0,-4.0,-4.0,-4.0,-4.0,-4.0,-4.0,-4.0,885.0,1013.0,1141.0,-5.0,0.0,1524.0,1655.0,-4.0,-4.0,889.0,1017.0,1145.0,-5.0,1528.0,-4.0,-4.0,-4.0,-4.0,-4.0,-4.0,-4.0,906.0,1030.0,1152.0,-5.0,1402.0,1530.0,1660.0,-4.0,-4.0,-4.0,-4.0,-4.0,-4.0,-4.0,923.0,1053.0,1178.0,-5.0,1426.0,1567.0,1690.0,-4.0,-4.0,-4.0,-4.0,-4.0,-4.0,-4.0,926.0,1060.0,1184.0,-5.0,1432.0,1575.0,1696.0,-4.0,-4.0,-4.0,-4.0,-4.0,-4.0,-4.0,828.0,941.0,1076.0,-5.0,1324.0,1437.0,1580.0,-4.0,-4.0,-4.0,-4.0,-4.0,-4.0,-4.0,863.0,978.0,1114.0,-5.0,1371.0,1491.0,1626.0,-4.0,-4.0,-4.0,-4.0,-4.0,-4.0,-4.0,871.0,992.0,1120.0,-5.0,1383.0,1503.0,1637.0
17345.0,-4.0,-4.0,-4.0,-4.0,-4.0,-4.0,-4.0,875.0,-4.0,-4.0,-4.0,-4.0,-4.0,-4.0,-4.0,-4.0,-4.0,-4.0,-4.0,-4.0,-4.0,885.0,-4.0,-4.0,-4.0,-4.0,-4.0,-4.0,-4.0,-4.0,889.0,-4.0,-4.0,-4.0,-4.0,-4.0,-4.0,-4.0,-4.0,-4.0,-4.0,-4.0,906.0,-4.0,-4.0,-4.0,-4.0,-4.0,-4.0,-4.0,-4.0,-4.0,-4.0,-4.0,-4.0,-4.0,923.0,-4.0,-4.0,-4.0,-4.0,-4.0,-4.0,-4.0,-4.0,-4.0,-4.0,-4.0,-4.0,-4.0,926.0,-4.0,-4.0,-4.0,-4.0,-4.0,-4.0,-4.0,-4.0,-4.0,-4.0,-4.0,-4.0,-4.0,828.0,-4.0,-4.0,-4.0,-4.0,-4.0,-4.0,-4.0,-4.0,-4.0,-4.0,-4.0,-4.0,-4.0,863.0,-4.0,-4.0,-4.0,-4.0,-4.0,-4.0,-4.0,-4.0,-4.0,-4.0,-4.0,-4.0,-4.0,871.0,-4.0,-4.0,-4.0,-4.0,-4.0,-4.0
17346.0,-4.0,-4.0,-4.0,-4.0,-4.0,-4.0,-4.0,875.0,-4.0,-4.0,-4.0,-4.0,-4.0,-4.0,-4.0,-4.0,-4.0,-4.0,-4.0,-4.0,-4.0,885.0,-4.0,-4.0,-4.0,-4.0,-4.0,-4.0,-4.0,-4.0,889.0,-4.0,-4.0,-4.0,-4.0,-4.0,-4.0,-4.0,-4.0,-4.0,-4.0,-4.0,906.0,-4.0,-4.0,-4.0,-4.0,-4.0,-4.0,-4.0,-4.0,-4.0,-4.0,-4.0,-4.0,-4.0,923.0,-4.0,-4.0,-4.0,-4.0,-4.0,-4.0,-4.0,-4.0,-4.0,-4.0,-4.0,-4.0,-4.0,926.0,-4.0,-4.0,-4.0,-4.0,-4.0,-4.0,-4.0,-4.0,-4.0,-4.0,-4.0,-4.0,-4.0,828.0,-4.0,-4.0,-4.0,-4.0,-4.0,-4.0,-4.0,-4.0,-4.0,-4.0,-4.0,-4.0,-4.0,863.0,-4.0,-4.0,-4.0,-4.0,-4.0,-4.0,-4.0,-4.0,-4.0,-4.0,-4.0,-4.0,-4.0,871.0,-4.0,-4.0,-4.0,-4.0,-4.0,-4.0
18239.0,-4.0,-4.0,-4.0,-4.0,-4.0,-4.0,-4.0,-4.0,1006.0,1139.0,1272.0,1394.0,1521.0,1651.0,-4.0,-4.0,-4.0,-4.0,-4.0,-4.0,-4.0,-4.0,1016.0,1143.0,1275.0,1401.0,1527.0,1657.0,-4.0,-4.0,-4.0,1018.0,1146.0,1278.0,1528.0,-4.0,-4.0,-4.0,-4.0,-4.0,-4.0,-4.0,-4.0,1046.0,1174.0,1309.0,1418.0,1555.0,1674.0,-4.0,-4.0,-4.0,-4.0,-4.0,-4.0,-4.0,-4.0,1059.0,1183.0,1317.0,1429.0,1572.0,1693.0,-4.0,-4.0,-4.0,-4.0,-4.0,-4.0,-4.0,-4.0,1062.0,1185.0,1320.0,1433.0,1577.0,1697.0,-4.0,-4.0,-4.0,-4.0,-4.0,-4.0,-4.0,-4.0,969.0,1101.0,1231.0,1352.0,1468.0,1598.0,-4.0,-4.0,-4.0,-4.0,-4.0,-4.0,-4.0,-4.0,990.0,1119.0,1252.0,1379.0,1498.0,1632.0,-4.0,-4.0,-4.0,-4.0,-4.0,-4.0,-4.0,-4.0,995.0,1123.0,1256.0,1385.0,1505.0,1639.0
18240.0,-4.0,-4.0,-4.0,-4.0,-4.0,-4.0,-4.0,-4.0,1006.0,1139.0,1272.0,1392.0,-4.0,-4.0,-4.0,-4.0,-4.0,-4.0,-4.0,-4.0,-4.0,-4.0,1016.0,1143.0,1275.0,1399.0,-4.0,-4.0,-4.0,-4.0,-4.0,1018.0,1146.0,1278.0,-4.0,-4.0,-4.0,-4.0,-4.0,-4.0,-4.0,-4.0,-4.0,1046.0,1174.0,1309.0,1418.0,-4.0,-4.0,-4.0,-4.0,-4.0,-4.0,-4.0,-4.0,-4.0,-4.0,1059.0,1183.0,1317.0,1429.0,-4.0,-4.0,-4.0,-4.0,-4.0,-4.0,-4.0,-4.0,-4.0,-4.0,1062.0,1185.0,1320.0,1433.0,-4.0,-4.0,-4.0,-4.0,-4.0,-4.0,-4.0,-4.0,-4.0,-4.0,969.0,1101.0,1231.0,1352.0,-4.0,-4.0,-4.0,-4.0,-4.0,-4.0,-4.0,-4.0,-4.0,-4.0,990.0,1119.0,1252.0,1379.0,-4.0,-4.0,-4.0,-4.0,-4.0,-4.0,-4.0,-4.0,-4.0,-4.0,995.0,1123.0,1256.0,1385.0,-4.0,-4.0
18241.0,-4.0,-4.0,-4.0,-4.0,-4.0,-4.0,-4.0,-4.0,1006.0,1139.0,0.0,1394.0,-5.0,-5.0,-4.0,-4.0,-4.0,-4.0,-4.0,-4.0,-4.0,-4.0,1016.0,1143.0,0.0,1401.0,-5.0,-5.0,-4.0,-4.0,-4.0,1018.0,1146.0,0.0,-5.0,-4.0,-4.0,-4.0,-4.0,-4.0,-4.0,-4.0,-4.0,1046.0,1174.0,0.0,1418.0,-5.0,-5.0,-4.0,-4.0,-4.0,-4.0,-4.0,-4.0,-4.0,-4.0,1059.0,1183.0,0.0,1429.0,-5.0,-5.0,-4.0,-4.0,-4.0,-4.0,-4.0,-4.0,-4.0,-4.0,1062.0,1185.0,0.0,1433.0,-5.0,-5.0,-4.0,-4.0,-4.0,-4.0,-4.0,-4.0,-4.0,-4.0,969.0,1101.0,1231.0,1352.0,-5.0,-5.0,-4.0,-4.0,-4.0,-4.0,-4.0,-4.0,-4.0,-4.0,990.0,1119.0,1252.0,1379.0,-5.0,-5.0,-4.0,-4.0,-4.0,-4.0,-4.0,-4.0,-4.0,-4.0,995.0,1123.0,1256.0,1385.0,-5.0,-5.0
18242.0,-4.0,-4.0,-4.0,-4.0,-4.0,-4.0,-4.0,-4.0,1006.0,1130.0,1272.0,1397.0,1519.0,1651.0,-4.0,-4.0,-4.0,-4.0,-4.0,-4.0,-4.0,-4.0,1016.0,1143.0,1275.0,1401.0,1525.0,1657.0,-4.0,-4.0,-4.0,1018.0,1146.0,1278.0,1529.0,-4.0,-4.0,-4.0,-4.0,-4.0,-4.0,-4.0,-4.0,1046.0,1174.0,1309.0,1419.0,1550.0,1675.0,-4.0,-4.0,-4.0,-4.0,-4.0,-4.0,-4.0,-4.0,1059.0,1183.0,1317.0,1429.0,1572.0,1693.0,-4.0,-4.0,-4.0,-4.0,-4.0,-4.0,-4.0,-4.0,1062.0,1185.0,1320.0,1433.0,1577.0,1697.0,-4.0,-4.0,-4.0,-4.0,-4.0,-4.0,-4.0,-4.0,970.0,1102.0,1232.0,1353.0,1469.0,1598.0,-4.0,-4.0,-4.0,-4.0,-4.0,-4.0,-4.0,-4.0,990.0,1119.0,1252.0,1379.0,1498.0,1632.0,-4.0,-4.0,-4.0,-4.0,-4.0,-4.0,-4.0,-4.0,995.0,1123.0,1256.0,1385.0,1505.0,1639.0
18243.0,-4.0,-4.0,-4.0,-4.0,-4.0,-4.0,-4.0,-4.0,1006.0,1130.0,1272.0,1397.0,1522.0,1650.0,-4.0,-4.0,-4.0,-4.0,-4.0,-4.0,-4.0,-4.0,1016.0,1143.0,1275.0,1401.0,1525.0,1657.0,-4.0,-4.0,-4.0,1018.0,1146.0,1278.0,1529.0,-4.0,-4.0,-4.0,-4.0,-4.0,-4.0,-4.0,-4.0,1046.0,1174.0,1309.0,1419.0,1550.0,1675.0,-4.0,-4.0,-4.0,-4.0,-4.0,-4.0,-4.0,-4.0,1059.0,1183.0,1317.0,1429.0,1572.0,1693.0,-4.0,-4.0,-4.0,-4.0,-4.0,-4.0,-4.0,-4.0,1062.0,1185.0,1320.0,1433.0,1577.0,1697.0,-4.0,-4.0,-4.0,-4.0,-4.0,-4.0,-4.0,-4.0,969.0,1102.0,1233.0,1354.0,1470.0,1609.0,-4.0,-4.0,-4.0,-4.0,-4.0,-4.0,-4.0,-4.0,990.0,1119.0,1252.0,1379.0,1498.0,1632.0,-4.0,-4.0,-4.0,-4.0,-4.0,-4.0,-4.0,-4.0,995.0,1123.0,1256.0,1385.0,1505.0,1639.0
18244.0,-4.0,-4.0,-4.0,-4.0,-4.0,-4.0,-4.0,-4.0,1006.0,1130.0,-5.0,-5.0,1520.0,1652.0,-4.0,-4.0,-4.0,-4.0,-4.0,-4.0,-4.0,-4.0,1016.0,1143.0,-5.0,-5.0,1527.0,1656.0,-4.0,-4.0,-4.0,1018.0,1146.0,-5.0,1528.0,-4.0,-4.0,-4.0,-4.0,-4.0,-4.0,-4.0,-4.0,1047.0,1174.0,-5.0,-5.0,1556.0,1681.0,-4.0,-4.0,-4.0,-4.0,-4.0,-4.0,-4.0,-4.0,1059.0,1183.0,-5.0,-5.0,1574.0,1694.0,-4.0,-4.0,-4.0,-4.0,-4.0,-4.0,-4.0,-4.0,1062.0,1185.0,-5.0,-5.0,1577.0,1697.0,-4.0,-4.0,-4.0,-4.0,-4.0,-4.0,-4.0,-4.0,969.0,1101.0,-5.0,-5.0,1471.0,1610.0,-4.0,-4.0,-4.0,-4.0,-4.0,-4.0,-4.0,-4.0,990.0,1119.0,-5.0,-5.0,1499.0,1634.0,-4.0,-4.0,-4.0,-4.0,-4.0,-4.0,-4.0,-4.0,995.0,1123.0,-5.0,-5.0,1506.0,1640.0
18245.0,-4.0,-4.0,-4.0,-4.0,-4.0,-4.0,-4.0,-4.0,1006.0,1130.0,1272.0,1392.0,1521.0,-5.0,-4.0,-4.0,-4.0,-4.0,-4.0,-4.0,-4.0,-4.0,1016.0,1143.0,1275.0,1399.0,1527.0,-5.0,-4.0,-4.0,-4.0,1018.0,1146.0,1278.0,1528.0,-4.0,-4.0,-4.0,-4.0,-4.0,-4.0,-4.0,-4.0,1046.0,1174.0,1309.0,1418.0,1555.0,-5.0,-4.0,-4.0,-4.0,-4.0,-4.0,-4.0,-4.0,-4.0,1059.0,1183.0,1317.0,1429.0,1572.0,-5.0,-4.0,-4.0,-4.0,-4.0,-4.0,-4.0,-4.0,-4.0,1062.0,1185.0,1320.0,1433.0,1577.0,-5.0,-4.0,-4.0,-4.0,-4.0,-4.0,-4.0,-4.0,-4.0,969.0,1102.0,1231.0,1352.0,1468.0,-5.0,-4.0,-4.0,-4.0,-4.0,-4.0,-4.0,-4.0,-4.0,990.0,1119.0,1252.0,1379.0,1498.0,-5.0,-4.0,-4.0,-4.0,-4.0,-4.0,-4.0,-4.0,-4.0,995.0,1123.0,1256.0,1385.0,1505.0,-5.0
18246.0,-4.0,-4.0,-4.0,-4.0,-4.0,-4.0,-4.0,-4.0,1011.0,1130.0,1272.0,1397.0,1519.0,-5.0,-4.0,-4.0,-4.0,-4.0,-4.0,-4.0,-4.0,-4.0,1016.0,1143.0,1275.0,1401.0,1525.0,-5.0,-4.0,-4.0,-4.0,1018.0,1146.0,1278.0,1529.0,-4.0,-4.0,-4.0,-4.0,-4.0,-4.0,-4.0,-4.0,1046.0,1174.0,1309.0,1419.0,1550.0,-5.0,-4.0,-4.0,-4.0,-4.0,-4.0,-4.0,-4.0,-4.0,1059.0,1183.0,1317.0,1429.0,1572.0,-5.0,-4.0,-4.0,-4.0,-4.0,-4.0,-4.0,-4.0,-4.0,1062.0,1185.0,1320.0,1433.0,1577.0,-5.0,-4.0,-4.0,-4.0,-4.0,-4.0,-4.0,-4.0,-4.0,970.0,1102.0,1232.0,1353.0,1469.0,-5.0,-4.0,-4.0,-4.0,-4.0,-4.0,-4.0,-4.0,-4.0,990.0,1119.0,1252.0,1379.0,1498.0,-5.0,-4.0,-4.0,-4.0,-4.0,-4.0,-4.0,-4.0,-4.0,995.0,1123.0,1256.0,1385.0,1505.0,-5.0
18247.0,-4.0,-4.0,-4.0,-4.0,-4.0,-4.0,-4.0,-4.0,1011.0,1133.0,1272.0,1397.0,1519.0,-3.0,-4.0,-4.0,-4.0,-4.0,-4.0,-4.0,-4.0,-4.0,1016.0,1144.0,1275.0,1401.0,1525.0,-3.0,-4.0,-4.0,-4.0,1018.0,1146.0,1278.0,1529.0,-4.0,-4.0,-4.0,-4.0,-4.0,-4.0,-4.0,-4.0,1047.0,1174.0,1309.0,1419.0,1550.0,-3.0,-4.0,-4.0,-4.0,-4.0,-4.0,-4.0,-4.0,-4.0,1059.0,1183.0,1317.0,1429.0,1572.0,-3.0,-4.0,-4.0,-4.0,-4.0,-4.0,-4.0,-4.0,-4.0,1062.0,1185.0,1320.0,1433.0,1577.0,-3.0,-4.0,-4.0,-4.0,-4.0,-4.0,-4.0,-4.0,-4.0,971.0,1102.0,1232.0,1353.0,1458.0,-3.0,-4.0,-4.0,-4.0,-4.0,-4.0,-4.0,-4.0,-4.0,990.0,1119.0,1252.0,1379.0,1498.0,-3.0,-4.0,-4.0,-4.0,-4.0,-4.0,-4.0,-4.0,-4.0,995.0,1123.0,1256.0,1385.0,1505.0,-3.0
18248.0,-4.0,-4.0,-4.0,-4.0,-4.0,-4.0,-4.0,-4.0,1011.0,1139.0,1272.0,1394.0,1521.0,-5.0,-4.0,-4.0,-4.0,-4.0,-4.0,-4.0,-4.0,-4.0,1016.0,1143.0,1275.0,1401.0,1527.0,-5.0,-4.0,-4.0,-4.0,1018.0,1146.0,1278.0,1528.0,-4.0,-4.0,-4.0,-4.0,-4.0,-4.0,-4.0,-4.0,1046.0,1174.0,1309.0,1418.0,1555.0,-5.0,-4.0,-4.0,-4.0,-4.0,-4.0,-4.0,-4.0,-4.0,1059.0,1183.0,1317.0,1429.0,1572.0,-5.0,-4.0,-4.0,-4.0,-4.0,-4.0,-4.0,-4.0,-4.0,1062.0,1185.0,1320.0,1433.0,1577.0,-5.0,-4.0,-4.0,-4.0,-4.0,-4.0,-4.0,-4.0,-4.0,970.0,1101.0,1231.0,1352.0,1468.0,-5.0,-4.0,-4.0,-4.0,-4.0,-4.0,-4.0,-4.0,-4.0,990.0,1119.0,1252.0,1379.0,1498.0,-5.0,-4.0,-4.0,-4.0,-4.0,-4.0,-4.0,-4.0,-4.0,995.0,1123.0,1256.0,1385.0,1505.0,-5.0
18249.0,-4.0,-4.0,-4.0,-4.0,-4.0,-4.0,-4.0,-4.0,1011.0,-3.0,1272.0,-3.0,1520.0,1652.0,-4.0,-4.0,-4.0,-4.0,-4.0,-4.0,-4.0,-4.0,1016.0,-3.0,1275.0,-3.0,1527.0,1656.0,-4.0,-4.0,-4.0,1018.0,-3.0,1278.0,1528.0,-4.0,-4.0,-4.0,-4.0,-4.0,-4.0,-4.0,-4.0,1047.0,-3.0,1309.0,-3.0,1557.0,1682.0,-4.0,-4.0,-4.0,-4.0,-4.0,-4.0,-4.0,-4.0,1059.0,-3.0,1317.0,-3.0,1574.0,1694.0,-4.0,-4.0,-4.0,-4.0,-4.0,-4.0,-4.0,-4.0,1062.0,-3.0,1320.0,-3.0,1577.0,1697.0,-4.0,-4.0,-4.0,-4.0,-4.0,-4.0,-4.0,-4.0,972.0,-3.0,1231.0,-3.0,1472.0,1610.0,-4.0,-4.0,-4.0,-4.0,-4.0,-4.0,-4.0,-4.0,990.0,-3.0,1252.0,-3.0,1499.0,1634.0,-4.0,-4.0,-4.0,-4.0,-4.0,-4.0,-4.0,-4.0,995.0,-3.0,1256.0,-3.0,1506.0,1640.0
18250.0,-4.0,-4.0,-4.0,-4.0,-4.0,-4.0,-4.0,-4.0,1011.0,1130.0,1272.0,1397.0,1519.0,1651.0,-4.0,-4.0,-4.0,-4.0,-4.0,-4.0,-4.0,-4.0,1016.0,1143.0,1275.0,1401.0,1525.0,1657.0,-4.0,-4.0,-4.0,1018.0,1146.0,1278.0,1529.0,-4.0,-4.0,-4.0,-4.0,-4.0,-4.0,-4.0,-4.0,1046.0,1174.0,1309.0,1419.0,1550.0,1675.0,-4.0,-4.0,-4.0,-4.0,-4.0,-4.0,-4.0,-4.0,1059.0,1183.0,1317.0,1429.0,1572.0,1693.0,-4.0,-4.0,-4.0,-4.0,-4.0,-4.0,-4.0,-4.0,1062.0,1185.0,1320.0,1433.0,1577.0,1697.0,-4.0,-4.0,-4.0,-4.0,-4.0,-4.0,-4.0,-4.0,970.0,1102.0,1232.0,1353.0,1469.0,1611.0,-4.0,-4.0,-4.0,-4.0,-4.0,-4.0,-4.0,-4.0,990.0,1119.0,1252.0,1379.0,1498.0,1632.0,-4.0,-4.0,-4.0,-4.0,-4.0,-4.0,-4.0,-4.0,995.0,1123.0,1256.0,1385.0,1505.0,1639.0
18251.0,-4.0,-4.0,-4.0,-4.0,-4.0,-4.0,-4.0,-4.0,1006.0,1130.0,1272.0,1397.0,1522.0,1650.0,-4.0,-4.0,-4.0,-4.0,-4.0,-4.0,-4.0,-4.0,1016.0,1143.0,1275.0,1401.0,1525.0,1657.0,-4.0,-4.0,-4.0,1018.0,1146.0,1278.0,1529.0,-4.0,-4.0,-4.0,-4.0,-4.0,-4.0,-4.0,-4.0,1047.0,1174.0,1309.0,1419.0,1550.0,1675.0,-4.0,-4.0,-4.0,-4.0,-4.0,-4.0,-4.0,-4.0,1059.0,1183.0,1317.0,1429.0,1572.0,1693.0,-4.0,-4.0,-4.0,-4.0,-4.0,-4.0,-4.0,-4.0,1062.0,1185.0,1320.0,1433.0,1577.0,1697.0,-4.0,-4.0,-4.0,-4.0,-4.0,-4.0,-4.0,-4.0,969.0,1102.0,1233.0,1354.0,1470.0,1609.0,-4.0,-4.0,-4.0,-4.0,-4.0,-4.0,-4.0,-4.0,990.0,1119.0,1252.0,1379.0,1498.0,1632.0,-4.0,-4.0,-4.0,-4.0,-4.0,-4.0,-4.0,-4.0,995.0,1123.0,1256.0,1385.0,1505.0,1639.0
18252.0,-4.0,-4.0,-4.0,-4.0,-4.0,-4.0,-4.0,-4.0,1011.0,1130.0,1272.0,-4.0,-4.0,-4.0,-4.0,-4.0,-4.0,-4.0,-4.0,-4.0,-4.0,-4.0,1016.0,1143.0,1275.0,-4.0,-4.0,-4.0,-4.0,-4.0,-4.0,1018.0,1146.0,1278.0,-4.0,-4.0,-4.0,-4.0,-4.0,-4.0,-4.0,-4.0,-4.0,1046.0,1174.0,1309.0,-4.0,-4.0,-4.0,-4.0,-4.0,-4.0,-4.0,-4.0,-4.0,-4.0,-4.0,1059.0,1183.0,1317.0,-4.0,-4.0,-4.0,-4.0,-4.0,-4.0,-4.0,-4.0,-4.0,-4.0,-4.0,1062.0,1185.0,1320.0,-4.0,-4.0,-4.0,-4.0,-4.0,-4.0,-4.0,-4.0,-4.0,-4.0,-4.0,970.0,1102.0,1232.0,-4.0,-4.0,-4.0,-4.0,-4.0,-4.0,-4.0,-4.0,-4.0,-4.0,-4.0,990.0,1119.0,1252.0,-4.0,-4.0,-4.0,-4.0,-4.0,-4.0,-4.0,-4.0,-4.0,-4.0,-4.0,995.0,1123.0,1256.0,-4.0,-4.0,-4.0
18253.0,-4.0,-4.0,-4.0,-4.0,-4.0,-4.0,-4.0,-4.0,1006.0,1139.0,1272.0,-3.0,1521.0,-5.0,-4.0,-4.0,-4.0,-4.0,-4.0,-4.0,-4.0,-4.0,1016.0,1143.0,1275.0,-3.0,1527.0,-5.0,-4.0,-4.0,-4.0,1018.0,1146.0,1278.0,1528.0,-4.0,-4.0,-4.0,-4.0,-4.0,-4.0,-4.0,-4.0,1046.0,1174.0,1309.0,-3.0,1555.0,-5.0,-4.0,-4.0,-4.0,-4.0,-4.0,-4.0,-4.0,-4.0,1059.0,1183.0,1317.0,-3.0,1572.0,-5.0,-4.0,-4.0,-4.0,-4.0,-4.0,-4.0,-4.0,-4.0,1062.0,1185.0,1320.0,-3.0,1577.0,-5.0,-4.0,-4.0,-4.0,-4.0,-4.0,-4.0,-4.0,-4.0,969.0,1101.0,1231.0,-3.0,1468.0,-5.0,-4.0,-4.0,-4.0,-4.0,-4.0,-4.0,-4.0,-4.0,990.0,1119.0,1252.0,-3.0,1498.0,-5.0,-4.0,-4.0,-4.0,-4.0,-4.0,-4.0,-4.0,-4.0,995.0,1123.0,1256.0,-3.0,1505.0,-5.0
18254.0,-4.0,-4.0,-4.0,-4.0,-4.0,-4.0,-4.0,-4.0,1006.0,1130.0,1272.0,1397.0,1522.0,1650.0,-4.0,-4.0,-4.0,-4.0,-4.0,-4.0,-4.0,-4.0,1016.0,1143.0,1275.0,1401.0,1525.0,1657.0,-4.0,-4.0,-4.0,1018.0,1146.0,1278.0,1529.0,-4.0,-4.0,-4.0,-4.0,-4.0,-4.0,-4.0,-4.0,1047.0,1174.0,1309.0,1419.0,1550.0,1675.0,-4.0,-4.0,-4.0,-4.0,-4.0,-4.0,-4.0,-4.0,1059.0,1183.0,1317.0,1429.0,1572.0,1693.0,-4.0,-4.0,-4.0,-4.0,-4.0,-4.0,-4.0,-4.0,1062.0,1185.0,1320.0,1433.0,1577.0,1697.0,-4.0,-4.0,-4.0,-4.0,-4.0,-4.0,-4.0,-4.0,972.0,1102.0,1233.0,1354.0,1470.0,1609.0,-4.0,-4.0,-4.0,-4.0,-4.0,-4.0,-4.0,-4.0,990.0,1119.0,1252.0,1379.0,1498.0,1632.0,-4.0,-4.0,-4.0,-4.0,-4.0,-4.0,-4.0,-4.0,995.0,1123.0,1256.0,1385.0,1505.0,1639.0
18255.0,-4.0,-4.0,-4.0,-4.0,-4.0,-4.0,-4.0,-4.0,1006.0,1130.0,1272.0,1397.0,1522.0,1649.0,-4.0,-4.0,-4.0,-4.0,-4.0,-4.0,-4.0,-4.0,1016.0,1143.0,1275.0,1401.0,1525.0,1656.0,-4.0,-4.0,-4.0,1018.0,1146.0,1278.0,1529.0,-4.0,-4.0,-4.0,-4.0,-4.0,-4.0,-4.0,-4.0,1046.0,1174.0,1309.0,1419.0,1555.0,1675.0,-4.0,-4.0,-4.0,-4.0,-4.0,-4.0,-4.0,-4.0,1059.0,1183.0,1317.0,1429.0,1572.0,1693.0,-4.0,-4.0,-4.0,-4.0,-4.0,-4.0,-4.0,-4.0,1062.0,1185.0,1320.0,1433.0,1577.0,1697.0,-4.0,-4.0,-4.0,-4.0,-4.0,-4.0,-4.0,-4.0,969.0,1102.0,1233.0,1354.0,1470.0,1612.0,-4.0,-4.0,-4.0,-4.0,-4.0,-4.0,-4.0,-4.0,990.0,1119.0,1252.0,1379.0,1498.0,1632.0,-4.0,-4.0,-4.0,-4.0,-4.0,-4.0,-4.0,-4.0,995.0,1123.0,1256.0,1385.0,1505.0,1639.0
18256.0,-4.0,-4.0,-4.0,-4.0,-4.0,-4.0,-4.0,-4.0,0.0,1130.0,0.0,0.0,1522.0,1649.0,-4.0,-4.0,-4.0,-4.0,-4.0,-4.0,-4.0,-4.0,0.0,1143.0,0.0,0.0,1525.0,1656.0,-4.0,-4.0,-4.0,0.0,1146.0,0.0,1529.0,-4.0,-4.0,-4.0,-4.0,-4.0,-4.0,-4.0,-4.0,1046.0,1174.0,1309.0,1418.0,1553.0,1678.0,-4.0,-4.0,-4.0,-4.0,-4.0,-4.0,-4.0,-4.0,1059.0,1183.0,1317.0,1429.0,1571.0,1693.0,-4.0,-4.0,-4.0,-4.0,-4.0,-4.0,-4.0,-4.0,1062.0,1185.0,1320.0,1433.0,1576.0,1697.0,-4.0,-4.0,-4.0,-4.0,-4.0,-4.0,-4.0,-4.0,969.0,1102.0,1233.0,1354.0,1466.0,1608.0,-4.0,-4.0,-4.0,-4.0,-4.0,-4.0,-4.0,-4.0,990.0,1119.0,1252.0,1379.0,1497.0,1631.0,-4.0,-4.0,-4.0,-4.0,-4.0,-4.0,-4.0,-4.0,995.0,1123.0,1256.0,1385.0,1505.0,1639.0
18257.0,-4.0,-4.0,-4.0,-4.0,-4.0,-4.0,-4.0,-4.0,1006.0,1130.0,1272.0,1397.0,1522.0,1649.0,-4.0,-4.0,-4.0,-4.0,-4.0,-4.0,-4.0,-4.0,1016.0,1143.0,1275.0,1401.0,1525.0,1656.0,-4.0,-4.0,-4.0,1018.0,1146.0,1278.0,1529.0,-4.0,-4.0,-4.0,-4.0,-4.0,-4.0,-4.0,-4.0,1046.0,1174.0,1309.0,1418.0,1550.0,1675.0,-4.0,-4.0,-4.0,-4.0,-4.0,-4.0,-4.0,-4.0,1059.0,1183.0,1317.0,1429.0,1572.0,1693.0,-4.0,-4.0,-4.0,-4.0,-4.0,-4.0,-4.0,-4.0,1062.0,1185.0,1320.0,1433.0,1577.0,1697.0,-4.0,-4.0,-4.0,-4.0,-4.0,-4.0,-4.0,-4.0,969.0,1102.0,1232.0,1354.0,1470.0,1609.0,-4.0,-4.0,-4.0,-4.0,-4.0,-4.0,-4.0,-4.0,990.0,1119.0,1252.0,1379.0,1498.0,1632.0,-4.0,-4.0,-4.0,-4.0,-4.0,-4.0,-4.0,-4.0,995.0,1123.0,1256.0,1385.0,1505.0,1639.0
18258.0,-4.0,-4.0,-4.0,-4.0,-4.0,-4.0,-4.0,-4.0,1006.0,1139.0,1272.0,1392.0,1521.0,1649.0,-4.0,-4.0,-4.0,-4.0,-4.0,-4.0,-4.0,-4.0,1016.0,1143.0,1275.0,1399.0,1527.0,1656.0,-4.0,-4.0,-4.0,1018.0,1146.0,1278.0,1528.0,-4.0,-4.0,-4.0,-4.0,-4.0,-4.0,-4.0,-4.0,1046.0,1174.0,1309.0,1418.0,1555.0,1675.0,-4.0,-4.0,-4.0,-4.0,-4.0,-4.0,-4.0,-4.0,1059.0,1183.0,1317.0,1429.0,1572.0,1693.0,-4.0,-4.0,-4.0,-4.0,-4.0,-4.0,-4.0,-4.0,1062.0,1185.0,1320.0,1433.0,1577.0,1697.0,-4.0,-4.0,-4.0,-4.0,-4.0,-4.0,-4.0,-4.0,969.0,1102.0,1233.0,1352.0,1468.0,1609.0,-4.0,-4.0,-4.0,-4.0,-4.0,-4.0,-4.0,-4.0,990.0,1119.0,1252.0,1379.0,1498.0,1632.0,-4.0,-4.0,-4.0,-4.0,-4.0,-4.0,-4.0,-4.0,995.0,1123.0,1256.0,1385.0,1505.0,1639.0
18259.0,-4.0,-4.0,-4.0,-4.0,-4.0,-4.0,-4.0,-4.0,1006.0,1130.0,1272.0,1397.0,-3.0,1649.0,-4.0,-4.0,-4.0,-4.0,-4.0,-4.0,-4.0,-4.0,1016.0,1143.0,1275.0,1401.0,-3.0,1656.0,-4.0,-4.0,-4.0,1018.0,1146.0,1278.0,-3.0,-4.0,-4.0,-4.0,-4.0,-4.0,-4.0,-4.0,-4.0,1046.0,1174.0,1309.0,1418.0,-3.0,1675.0,-4.0,-4.0,-4.0,-4.0,-4.0,-4.0,-4.0,-4.0,1059.0,1183.0,1317.0,1429.0,-3.0,1693.0,-4.0,-4.0,-4.0,-4.0,-4.0,-4.0,-4.0,-4.0,1062.0,1185.0,1320.0,1433.0,-3.0,1697.0,-4.0,-4.0,-4.0,-4.0,-4.0,-4.0,-4.0,-4.0,969.0,1102.0,1232.0,1354.0,-3.0,1609.0,-4.0,-4.0,-4.0,-4.0,-4.0,-4.0,-4.0,-4.0,990.0,1119.0,1252.0,1379.0,-3.0,1632.0,-4.0,-4.0,-4.0,-4.0,-4.0,-4.0,-4.0,-4.0,995.0,1123.0,1256.0,1385.0,-3.0,1639.0
18260.0,-4.0,-4.0,-4.0,-4.0,-4.0,-4.0,-4.0,-4.0,1006.0,1130.0,1272.0,1397.0,1519.0,1651.0,-4.0,-4.0,-4.0,-4.0,-4.0,-4.0,-4.0,-4.0,1016.0,1143.0,1275.0,1401.0,1525.0,1657.0,-4.0,-4.0,-4.0,1018.0,1146.0,1278.0,1529.0,-4.0,-4.0,-4.0,-4.0,-4.0,-4.0,-4.0,-4.0,1046.0,1174.0,1309.0,1419.0,1550.0,1675.0,-4.0,-4.0,-4.0,-4.0,-4.0,-4.0,-4.0,-4.0,1059.0,1183.0,1317.0,1429.0,1572.0,1693.0,-4.0,-4.0,-4.0,-4.0,-4.0,-4.0,-4.0,-4.0,1062.0,1185.0,1320.0,1433.0,1577.0,1697.0,-4.0,-4.0,-4.0,-4.0,-4.0,-4.0,-4.0,-4.0,969.0,1102.0,1233.0,1353.0,1458.0,1611.0,-4.0,-4.0,-4.0,-4.0,-4.0,-4.0,-4.0,-4.0,990.0,1119.0,1252.0,1379.0,1498.0,1632.0,-4.0,-4.0,-4.0,-4.0,-4.0,-4.0,-4.0,-4.0,995.0,1123.0,1256.0,1385.0,1505.0,1639.0
18261.0,-4.0,-4.0,-4.0,-4.0,-4.0,-4.0,-4.0,-4.0,1011.0,-3.0,1272.0,1397.0,1519.0,1651.0,-4.0,-4.0,-4.0,-4.0,-4.0,-4.0,-4.0,-4.0,1016.0,-3.0,1275.0,1401.0,1525.0,1657.0,-4.0,-4.0,-4.0,1018.0,-3.0,1278.0,1529.0,-4.0,-4.0,-4.0,-4.0,-4.0,-4.0,-4.0,-4.0,1046.0,-3.0,1309.0,1419.0,1550.0,1675.0,-4.0,-4.0,-4.0,-4.0,-4.0,-4.0,-4.0,-4.0,1059.0,-3.0,1317.0,1429.0,1572.0,1693.0,-4.0,-4.0,-4.0,-4.0,-4.0,-4.0,-4.0,-4.0,1062.0,-3.0,1320.0,1433.0,1577.0,1697.0,-4.0,-4.0,-4.0,-4.0,-4.0,-4.0,-4.0,-4.0,970.0,-3.0,1234.0,1353.0,1469.0,1611.0,-4.0,-4.0,-4.0,-4.0,-4.0,-4.0,-4.0,-4.0,990.0,-3.0,1252.0,1379.0,1498.0,1632.0,-4.0,-4.0,-4.0,-4.0,-4.0,-4.0,-4.0,-4.0,995.0,-3.0,1256.0,1385.0,1505.0,1639.0
18262.0,-4.0,-4.0,-4.0,-4.0,-4.0,-4.0,-4.0,-4.0,1006.0,1139.0,1272.0,1394.0,1521.0,-5.0,-4.0,-4.0,-4.0,-4.0,-4.0,-4.0,-4.0,-4.0,1016.0,1143.0,1275.0,1401.0,1527.0,-5.0,-4.0,-4.0,-4.0,1018.0,1146.0,1278.0,1528.0,-4.0,-4.0,-4.0,-4.0,-4.0,-4.0,-4.0,-4.0,1046.0,1174.0,1309.0,1418.0,1555.0,-5.0,-4.0,-4.0,-4.0,-4.0,-4.0,-4.0,-4.0,-4.0,1059.0,1183.0,1317.0,1429.0,1572.0,-5.0,-4.0,-4.0,-4.0,-4.0,-4.0,-4.0,-4.0,-4.0,1062.0,1185.0,1320.0,1433.0,1577.0,-5.0,-4.0,-4.0,-4.0,-4.0,-4.0,-4.0,-4.0,-4.0,969.0,1101.0,1231.0,1352.0,1468.0,-5.0,-4.0,-4.0,-4.0,-4.0,-4.0,-4.0,-4.0,-4.0,990.0,1119.0,1252.0,1379.0,1498.0,-5.0,-4.0,-4.0,-4.0,-4.0,-4.0,-4.0,-4.0,-4.0,995.0,1123.0,1256.0,1385.0,1505.0,-5.0
18263.0,-4.0,-4.0,-4.0,-4.0,-4.0,-4.0,-4.0,-4.0,1011.0,1130.0,1267.0,1397.0,1519.0,1650.0,-4.0,-4.0,-4.0,-4.0,-4.0,-4.0,-4.0,-4.0,1016.0,1143.0,1275.0,1401.0,1525.0,1657.0,-4.0,-4.0,-4.0,1018.0,1146.0,1278.0,1529.0,-4.0,-4.0,-4.0,-4.0,-4.0,-4.0,-4.0,-4.0,1047.0,1174.0,1309.0,1419.0,1550.0,1675.0,-4.0,-4.0,-4.0,-4.0,-4.0,-4.0,-4.0,-4.0,1059.0,1183.0,1317.0,1429.0,1572.0,1693.0,-4.0,-4.0,-4.0,-4.0,-4.0,-4.0,-4.0,-4.0,1062.0,1185.0,1320.0,1433.0,1577.0,1697.0,-4.0,-4.0,-4.0,-4.0,-4.0,-4.0,-4.0,-4.0,970.0,1103.0,1234.0,1354.0,1470.0,1609.0,-4.0,-4.0,-4.0,-4.0,-4.0,-4.0,-4.0,-4.0,990.0,1119.0,1252.0,1379.0,1498.0,1632.0,-4.0,-4.0,-4.0,-4.0,-4.0,-4.0,-4.0,-4.0,995.0,1123.0,1256.0,1385.0,1505.0,1639.0
18264.0,-4.0,-4.0,-4.0,-4.0,-4.0,-4.0,-4.0,-4.0,1011.0,1130.0,1272.0,1397.0,1519.0,1651.0,-4.0,-4.0,-4.0,-4.0,-4.0,-4.0,-4.0,-4.0,1016.0,1143.0,1275.0,1401.0,1525.0,1657.0,-4.0,-4.0,-4.0,1018.0,1146.0,1278.0,1529.0,-4.0,-4.0,-4.0,-4.0,-4.0,-4.0,-4.0,-4.0,1047.0,1174.0,1309.0,1419.0,1550.0,1675.0,-4.0,-4.0,-4.0,-4.0,-4.0,-4.0,-4.0,-4.0,1059.0,1183.0,1317.0,1429.0,1572.0,1693.0,-4.0,-4.0,-4.0,-4.0,-4.0,-4.0,-4.0,-4.0,1062.0,1185.0,1320.0,1433.0,1577.0,1697.0,-4.0,-4.0,-4.0,-4.0,-4.0,-4.0,-4.0,-4.0,970.0,1103.0,1234.0,1353.0,1469.0,1611.0,-4.0,-4.0,-4.0,-4.0,-4.0,-4.0,-4.0,-4.0,990.0,1119.0,1252.0,1379.0,1498.0,1632.0,-4.0,-4.0,-4.0,-4.0,-4.0,-4.0,-4.0,-4.0,995.0,1123.0,1256.0,1385.0,1505.0,1639.0
18265.0,-4.0,-4.0,-4.0,-4.0,-4.0,-4.0,-4.0,-4.0,1011.0,0.0,1265.0,1396.0,1520.0,0.0,-4.0,-4.0,-4.0,-4.0,-4.0,-4.0,-4.0,-4.0,1016.0,0.0,1275.0,1400.0,1527.0,0.0,-4.0,-4.0,-4.0,1018.0,0.0,1278.0,1528.0,-4.0,-4.0,-4.0,-4.0,-4.0,-4.0,-4.0,-4.0,1048.0,1174.0,1306.0,1420.0,1558.0,0.0,-4.0,-4.0,-4.0,-4.0,-4.0,-4.0,-4.0,-4.0,1059.0,1183.0,1317.0,1431.0,1574.0,0.0,-4.0,-4.0,-4.0,-4.0,-4.0,-4.0,-4.0,-4.0,1062.0,1185.0,1320.0,1432.0,1577.0,0.0,-4.0,-4.0,-4.0,-4.0,-4.0,-4.0,-4.0,-4.0,971.0,1102.0,1235.0,1355.0,1473.0,1613.0,-4.0,-4.0,-4.0,-4.0,-4.0,-4.0,-4.0,-4.0,990.0,1119.0,1252.0,1379.0,1499.0,1634.0,-4.0,-4.0,-4.0,-4.0,-4.0,-4.0,-4.0,-4.0,995.0,1123.0,1256.0,1385.0,1506.0,1640.0
18266.0,-4.0,-4.0,-4.0,-4.0,-4.0,-4.0,-4.0,-4.0,1011.0,1132.0,-3.0,1397.0,1519.0,1647.0,-4.0,-4.0,-4.0,-4.0,-4.0,-4.0,-4.0,-4.0,1016.0,1143.0,-3.0,1401.0,1525.0,1656.0,-4.0,-4.0,-4.0,1018.0,1146.0,-3.0,1529.0,-4.0,-4.0,-4.0,-4.0,-4.0,-4.0,-4.0,-4.0,1048.0,1174.0,-3.0,1419.0,1550.0,1675.0,-4.0,-4.0,-4.0,-4.0,-4.0,-4.0,-4.0,-4.0,1059.0,1183.0,-3.0,1429.0,1572.0,1693.0,-4.0,-4.0,-4.0,-4.0,-4.0,-4.0,-4.0,-4.0,1062.0,1185.0,-3.0,1433.0,1577.0,1697.0,-4.0,-4.0,-4.0,-4.0,-4.0,-4.0,-4.0,-4.0,971.0,1103.0,-3.0,1353.0,1458.0,1611.0,-4.0,-4.0,-4.0,-4.0,-4.0,-4.0,-4.0,-4.0,990.0,1119.0,-3.0,1379.0,1498.0,1632.0,-4.0,-4.0,-4.0,-4.0,-4.0,-4.0,-4.0,-4.0,995.0,1123.0,-3.0,1385.0,1505.0,1639.0
18267.0,-4.0,-4.0,-4.0,-4.0,-4.0,-4.0,-4.0,-4.0,1008.0,-5.0,1267.0,1394.0,1522.0,1650.0,-4.0,-4.0,-4.0,-4.0,-4.0,-4.0,-4.0,-4.0,1016.0,-5.0,1275.0,1401.0,1525.0,1657.0,-4.0,-4.0,-4.0,1018.0,-5.0,1278.0,1529.0,-4.0,-4.0,-4.0,-4.0,-4.0,-4.0,-4.0,-4.0,1049.0,-5.0,1310.0,1419.0,1550.0,1675.0,-4.0,-4.0,-4.0,-4.0,-4.0,-4.0,-4.0,-4.0,1058.0,-5.0,1317.0,1429.0,1572.0,1693.0,-4.0,-4.0,-4.0,-4.0,-4.0,-4.0,-4.0,-4.0,1062.0,-5.0,1320.0,1433.0,1577.0,1697.0,-4.0,-4.0,-4.0,-4.0,-4.0,-4.0,-4.0,-4.0,973.0,-5.0,1235.0,1354.0,1470.0,1612.0,-4.0,-4.0,-4.0,-4.0,-4.0,-4.0,-4.0,-4.0,991.0,-5.0,1252.0,1379.0,1498.0,1632.0,-4.0,-4.0,-4.0,-4.0,-4.0,-4.0,-4.0,-4.0,995.0,-5.0,1256.0,1385.0,1505.0,1639.0
18268.0,-4.0,-4.0,-4.0,-4.0,-4.0,-4.0,-4.0,-4.0,1011.0,1133.0,1272.0,1396.0,1520.0,1652.0,-4.0,-4.0,-4.0,-4.0,-4.0,-4.0,-4.0,-4.0,1016.0,1144.0,1275.0,1400.0,1527.0,1656.0,-4.0,-4.0,-4.0,1018.0,1146.0,1278.0,1528.0,-4.0,-4.0,-4.0,-4.0,-4.0,-4.0,-4.0,-4.0,1048.0,1174.0,1306.0,1413.0,1557.0,1681.0,-4.0,-4.0,-4.0,-4.0,-4.0,-4.0,-4.0,-4.0,1059.0,1183.0,1317.0,1429.0,1574.0,1694.0,-4.0,-4.0,-4.0,-4.0,-4.0,-4.0,-4.0,-4.0,1062.0,1185.0,1320.0,1433.0,1577.0,1697.0,-4.0,-4.0,-4.0,-4.0,-4.0,-4.0,-4.0,-4.0,971.0,1103.0,1235.0,1355.0,1471.0,1610.0,-4.0,-4.0,-4.0,-4.0,-4.0,-4.0,-4.0,-4.0,990.0,1119.0,1252.0,1379.0,1499.0,1634.0,-4.0,-4.0,-4.0,-4.0,-4.0,-4.0,-4.0,-4.0,995.0,1123.0,1256.0,1385.0,1506.0,1640.0
18269.0,-4.0,-4.0,-4.0,-4.0,-4.0,-4.0,-4.0,-4.0,-3.0,1139.0,-5.0,-5.0,-5.0,-5.0,-4.0,-4.0,-4.0,-4.0,-4.0,-4.0,-4.0,-4.0,-3.0,1143.0,-5.0,-5.0,-5.0,-5.0,-4.0,-4.0,-4.0,-3.0,1146.0,-5.0,-5.0,-4.0,-4.0,-4.0,-4.0,-4.0,-4.0,-4.0,-4.0,-3.0,1174.0,-5.0,-5.0,-5.0,-5.0,-4.0,-4.0,-4.0,-4.0,-4.0,-4.0,-4.0,-4.0,-3.0,1183.0,-5.0,-5.0,-5.0,-5.0,-4.0,-4.0,-4.0,-4.0,-4.0,-4.0,-4.0,-4.0,-3.0,1185.0,-5.0,-5.0,-5.0,-5.0,-4.0,-4.0,-4.0,-4.0,-4.0,-4.0,-4.0,-4.0,-3.0,1101.0,-5.0,-5.0,-5.0,-5.0,-4.0,-4.0,-4.0,-4.0,-4.0,-4.0,-4.0,-4.0,-3.0,1119.0,-5.0,-5.0,-5.0,-5.0,-4.0,-4.0,-4.0,-4.0,-4.0,-4.0,-4.0,-4.0,-3.0,1123.0,-5.0,-5.0,-5.0,-5.0
18270.0,-4.0,-4.0,-4.0,-4.0,-4.0,-4.0,-4.0,-4.0,0.0,1132.0,1272.0,1394.0,1522.0,1649.0,-4.0,-4.0,-4.0,-4.0,-4.0,-4.0,-4.0,-4.0,0.0,1143.0,1275.0,1401.0,1525.0,1656.0,-4.0,-4.0,-4.0,0.0,1146.0,1278.0,1529.0,-4.0,-4.0,-4.0,-4.0,-4.0,-4.0,-4.0,-4.0,1046.0,1174.0,1309.0,1418.0,1550.0,1675.0,-4.0,-4.0,-4.0,-4.0,-4.0,-4.0,-4.0,-4.0,1059.0,1183.0,1317.0,1429.0,1572.0,1693.0,-4.0,-4.0,-4.0,-4.0,-4.0,-4.0,-4.0,-4.0,1062.0,1185.0,1320.0,1433.0,1577.0,1697.0,-4.0,-4.0,-4.0,-4.0,-4.0,-4.0,-4.0,-4.0,969.0,1103.0,1234.0,1354.0,1470.0,1609.0,-4.0,-4.0,-4.0,-4.0,-4.0,-4.0,-4.0,-4.0,990.0,1119.0,1252.0,1379.0,1498.0,1632.0,-4.0,-4.0,-4.0,-4.0,-4.0,-4.0,-4.0,-4.0,995.0,1123.0,1256.0,1385.0,1505.0,1639.0
18271.0,-4.0,-4.0,-4.0,-4.0,-4.0,-4.0,-4.0,-4.0,1011.0,-3.0,1272.0,1397.0,1519.0,1651.0,-4.0,-4.0,-4.0,-4.0,-4.0,-4.0,-4.0,-4.0,1016.0,-3.0,1275.0,1401.0,1525.0,1657.0,-4.0,-4.0,-4.0,1018.0,-3.0,1278.0,1529.0,-4.0,-4.0,-4.0,-4.0,-4.0,-4.0,-4.0,-4.0,1048.0,-3.0,1309.0,1419.0,1550.0,1675.0,-4.0,-4.0,-4.0,-4.0,-4.0,-4.0,-4.0,-4.0,1059.0,-3.0,1317.0,1429.0,1572.0,1693.0,-4.0,-4.0,-4.0,-4.0,-4.0,-4.0,-4.0,-4.0,1062.0,-3.0,1320.0,1433.0,1577.0,1697.0,-4.0,-4.0,-4.0,-4.0,-4.0,-4.0,-4.0,-4.0,971.0,-3.0,1234.0,1353.0,1458.0,1611.0,-4.0,-4.0,-4.0,-4.0,-4.0,-4.0,-4.0,-4.0,990.0,-3.0,1252.0,1379.0,1498.0,1632.0,-4.0,-4.0,-4.0,-4.0,-4.0,-4.0,-4.0,-4.0,995.0,-3.0,1256.0,1385.0,1505.0,1639.0
18272.0,-4.0,-4.0,-4.0,-4.0,-4.0,-4.0,-4.0,-4.0,1011.0,1130.0,1272.0,1397.0,1519.0,-3.0,-4.0,-4.0,-4.0,-4.0,-4.0,-4.0,-4.0,-4.0,1016.0,1143.0,1275.0,1401.0,1525.0,-3.0,-4.0,-4.0,-4.0,1018.0,1146.0,1278.0,1529.0,-4.0,-4.0,-4.0,-4.0,-4.0,-4.0,-4.0,-4.0,1047.0,1174.0,1309.0,1419.0,1550.0,-3.0,-4.0,-4.0,-4.0,-4.0,-4.0,-4.0,-4.0,-4.0,1059.0,1183.0,1317.0,1429.0,1572.0,-3.0,-4.0,-4.0,-4.0,-4.0,-4.0,-4.0,-4.0,-4.0,1062.0,1185.0,1320.0,1433.0,1577.0,-3.0,-4.0,-4.0,-4.0,-4.0,-4.0,-4.0,-4.0,-4.0,970.0,1103.0,1234.0,1353.0,1469.0,-3.0,-4.0,-4.0,-4.0,-4.0,-4.0,-4.0,-4.0,-4.0,990.0,1119.0,1252.0,1379.0,1498.0,-3.0,-4.0,-4.0,-4.0,-4.0,-4.0,-4.0,-4.0,-4.0,995.0,1123.0,1256.0,1385.0,1505.0,-3.0
18273.0,-4.0,-4.0,-4.0,-4.0,-4.0,-4.0,-4.0,-4.0,1006.0,1132.0,1272.0,1394.0,1522.0,1649.0,-4.0,-4.0,-4.0,-4.0,-4.0,-4.0,-4.0,-4.0,1016.0,1143.0,1275.0,1401.0,1525.0,1656.0,-4.0,-4.0,-4.0,1018.0,1146.0,1278.0,1529.0,-4.0,-4.0,-4.0,-4.0,-4.0,-4.0,-4.0,-4.0,1048.0,1174.0,1309.0,1418.0,1550.0,1675.0,-4.0,-4.0,-4.0,-4.0,-4.0,-4.0,-4.0,-4.0,1059.0,1183.0,1317.0,1429.0,1572.0,1693.0,-4.0,-4.0,-4.0,-4.0,-4.0,-4.0,-4.0,-4.0,1062.0,1185.0,1320.0,1433.0,1577.0,1697.0,-4.0,-4.0,-4.0,-4.0,-4.0,-4.0,-4.0,-4.0,972.0,1103.0,1235.0,1352.0,1470.0,1609.0,-4.0,-4.0,-4.0,-4.0,-4.0,-4.0,-4.0,-4.0,990.0,1119.0,1252.0,1379.0,1498.0,1632.0,-4.0,-4.0,-4.0,-4.0,-4.0,-4.0,-4.0,-4.0,995.0,1123.0,1256.0,1385.0,1505.0,1639.0
18274.0,-4.0,-4.0,-4.0,-4.0,-4.0,-4.0,-4.0,-4.0,1006.0,1132.0,1267.0,-3.0,1522.0,-3.0,-4.0,-4.0,-4.0,-4.0,-4.0,-4.0,-4.0,-4.0,1016.0,1143.0,1275.0,-3.0,1525.0,-3.0,-4.0,-4.0,-4.0,1018.0,1146.0,1278.0,1529.0,-4.0,-4.0,-4.0,-4.0,-4.0,-4.0,-4.0,-4.0,1047.0,1173.0,1310.0,-3.0,1550.0,-3.0,-4.0,-4.0,-4.0,-4.0,-4.0,-4.0,-4.0,-4.0,1059.0,1182.0,1317.0,-3.0,1572.0,-3.0,-4.0,-4.0,-4.0,-4.0,-4.0,-4.0,-4.0,-4.0,1062.0,1185.0,1320.0,-3.0,1577.0,-3.0,-4.0,-4.0,-4.0,-4.0,-4.0,-4.0,-4.0,-4.0,972.0,1103.0,1236.0,-3.0,1470.0,-3.0,-4.0,-4.0,-4.0,-4.0,-4.0,-4.0,-4.0,-4.0,990.0,1119.0,1252.0,-3.0,1498.0,-3.0,-4.0,-4.0,-4.0,-4.0,-4.0,-4.0,-4.0,-4.0,995.0,1123.0,1256.0,-3.0,1505.0,-3.0
18275.0,-4.0,-4.0,-4.0,-4.0,-4.0,-4.0,-4.0,-4.0,1006.0,1139.0,1272.0,1394.0,1521.0,1651.0,-4.0,-4.0,-4.0,-4.0,-4.0,-4.0,-4.0,-4.0,1016.0,1143.0,1275.0,1401.0,1527.0,1657.0,-4.0,-4.0,-4.0,1018.0,1146.0,1278.0,1528.0,-4.0,-4.0,-4.0,-4.0,-4.0,-4.0,-4.0,-4.0,1046.0,1174.0,1309.0,1418.0,1555.0,1674.0,-4.0,-4.0,-4.0,-4.0,-4.0,-4.0,-4.0,-4.0,1059.0,1183.0,1317.0,1429.0,1572.0,1693.0,-4.0,-4.0,-4.0,-4.0,-4.0,-4.0,-4.0,-4.0,1062.0,1185.0,1320.0,1433.0,1577.0,1697.0,-4.0,-4.0,-4.0,-4.0,-4.0,-4.0,-4.0,-4.0,969.0,1101.0,1231.0,1352.0,1468.0,1598.0,-4.0,-4.0,-4.0,-4.0,-4.0,-4.0,-4.0,-4.0,990.0,1119.0,1252.0,1379.0,1498.0,1632.0,-4.0,-4.0,-4.0,-4.0,-4.0,-4.0,-4.0,-4.0,995.0,1123.0,1256.0,1385.0,1505.0,1639.0
18276.0,-4.0,-4.0,-4.0,-4.0,-4.0,-4.0,-4.0,-4.0,1011.0,1132.0,1272.0,1396.0,1519.0,1647.0,-4.0,-4.0,-4.0,-4.0,-4.0,-4.0,-4.0,-4.0,1016.0,1143.0,1275.0,1400.0,1525.0,1656.0,-4.0,-4.0,-4.0,1018.0,1146.0,1278.0,1529.0,-4.0,-4.0,-4.0,-4.0,-4.0,-4.0,-4.0,-4.0,1048.0,1174.0,1310.0,1413.0,1555.0,1674.0,-4.0,-4.0,-4.0,-4.0,-4.0,-4.0,-4.0,-4.0,1059.0,1183.0,1317.0,1429.0,1572.0,1693.0,-4.0,-4.0,-4.0,-4.0,-4.0,-4.0,-4.0,-4.0,1062.0,1185.0,1320.0,1433.0,1577.0,1697.0,-4.0,-4.0,-4.0,-4.0,-4.0,-4.0,-4.0,-4.0,972.0,1103.0,1236.0,1348.0,1458.0,1598.0,-4.0,-4.0,-4.0,-4.0,-4.0,-4.0,-4.0,-4.0,990.0,1119.0,1252.0,1376.0,1498.0,1632.0,-4.0,-4.0,-4.0,-4.0,-4.0,-4.0,-4.0,-4.0,995.0,1123.0,1256.0,1385.0,1505.0,1639.0
18277.0,-4.0,-4.0,-4.0,-4.0,-4.0,-4.0,-4.0,-4.0,1011.0,0.0,1272.0,1397.0,1519.0,1651.0,-4.0,-4.0,-4.0,-4.0,-4.0,-4.0,-4.0,-4.0,1016.0,0.0,1275.0,1401.0,1525.0,1657.0,-4.0,-4.0,-4.0,1018.0,0.0,1278.0,1529.0,-4.0,-4.0,-4.0,-4.0,-4.0,-4.0,-4.0,-4.0,1047.0,0.0,1309.0,1419.0,1550.0,1675.0,-4.0,-4.0,-4.0,-4.0,-4.0,-4.0,-4.0,-4.0,1059.0,0.0,1317.0,1429.0,1572.0,1693.0,-4.0,-4.0,-4.0,-4.0,-4.0,-4.0,-4.0,-4.0,1062.0,0.0,1320.0,1433.0,1577.0,1697.0,-4.0,-4.0,-4.0,-4.0,-4.0,-4.0,-4.0,-4.0,970.0,1103.0,1234.0,1353.0,1469.0,1611.0,-4.0,-4.0,-4.0,-4.0,-4.0,-4.0,-4.0,-4.0,990.0,1119.0,1252.0,1379.0,1498.0,1632.0,-4.0,-4.0,-4.0,-4.0,-4.0,-4.0,-4.0,-4.0,995.0,1123.0,1256.0,1385.0,1505.0,1639.0
18278.0,-4.0,-4.0,-4.0,-4.0,-4.0,-4.0,-4.0,-4.0,1006.0,1139.0,1272.0,-3.0,1521.0,0.0,-4.0,-4.0,-4.0,-4.0,-4.0,-4.0,-4.0,-4.0,1016.0,1143.0,1275.0,-3.0,1527.0,0.0,-4.0,-4.0,-4.0,1018.0,1146.0,1278.0,1528.0,-4.0,-4.0,-4.0,-4.0,-4.0,-4.0,-4.0,-4.0,1046.0,1174.0,1309.0,-3.0,1555.0,1675.0,-4.0,-4.0,-4.0,-4.0,-4.0,-4.0,-4.0,-4.0,1059.0,1183.0,1317.0,-3.0,1572.0,1693.0,-4.0,-4.0,-4.0,-4.0,-4.0,-4.0,-4.0,-4.0,1062.0,1185.0,1320.0,-3.0,1577.0,1697.0,-4.0,-4.0,-4.0,-4.0,-4.0,-4.0,-4.0,-4.0,969.0,1101.0,1231.0,-3.0,1468.0,1609.0,-4.0,-4.0,-4.0,-4.0,-4.0,-4.0,-4.0,-4.0,990.0,1119.0,1252.0,-3.0,1498.0,1632.0,-4.0,-4.0,-4.0,-4.0,-4.0,-4.0,-4.0,-4.0,995.0,1123.0,1256.0,-3.0,1505.0,1639.0
18279.0,-4.0,-4.0,-4.0,-4.0,-4.0,-4.0,-4.0,-4.0,1011.0,-5.0,-5.0,1396.0,1520.0,1652.0,-4.0,-4.0,-4.0,-4.0,-4.0,-4.0,-4.0,-4.0,1016.0,-5.0,-5.0,1400.0,1527.0,1656.0,-4.0,-4.0,-4.0,1018.0,-5.0,-5.0,1528.0,-4.0,-4.0,-4.0,-4.0,-4.0,-4.0,-4.0,-4.0,1048.0,-5.0,-5.0,1413.0,1557.0,1682.0,-4.0,-4.0,-4.0,-4.0,-4.0,-4.0,-4.0,-4.0,1059.0,-5.0,-5.0,1429.0,1574.0,1694.0,-4.0,-4.0,-4.0,-4.0,-4.0,-4.0,-4.0,-4.0,1062.0,-5.0,-5.0,1433.0,1577.0,1697.0,-4.0,-4.0,-4.0,-4.0,-4.0,-4.0,-4.0,-4.0,971.0,-5.0,-5.0,1355.0,1472.0,1610.0,-4.0,-4.0,-4.0,-4.0,-4.0,-4.0,-4.0,-4.0,990.0,-5.0,-5.0,1379.0,1499.0,1634.0,-4.0,-4.0,-4.0,-4.0,-4.0,-4.0,-4.0,-4.0,995.0,-5.0,-5.0,1385.0,1506.0,1640.0
18280.0,-4.0,-4.0,-4.0,-4.0,-4.0,-4.0,-4.0,-4.0,1011.0,1130.0,-3.0,1397.0,1519.0,1651.0,-4.0,-4.0,-4.0,-4.0,-4.0,-4.0,-4.0,-4.0,1016.0,1143.0,-3.0,1401.0,1525.0,1657.0,-4.0,-4.0,-4.0,1018.0,1146.0,-3.0,1529.0,-4.0,-4.0,-4.0,-4.0,-4.0,-4.0,-4.0,-4.0,1047.0,1174.0,-3.0,1419.0,1550.0,1675.0,-4.0,-4.0,-4.0,-4.0,-4.0,-4.0,-4.0,-4.0,1059.0,1183.0,-3.0,1429.0,1572.0,1693.0,-4.0,-4.0,-4.0,-4.0,-4.0,-4.0,-4.0,-4.0,1062.0,1185.0,-3.0,1433.0,1577.0,1697.0,-4.0,-4.0,-4.0,-4.0,-4.0,-4.0,-4.0,-4.0,970.0,1103.0,-3.0,1353.0,1469.0,1611.0,-4.0,-4.0,-4.0,-4.0,-4.0,-4.0,-4.0,-4.0,990.0,1119.0,-3.0,1379.0,1498.0,1632.0,-4.0,-4.0,-4.0,-4.0,-4.0,-4.0,-4.0,-4.0,995.0,1123.0,-3.0,1385.0,1505.0,1639.0
18281.0,-4.0,-4.0,-4.0,-4.0,-4.0,-4.0,-4.0,-4.0,1008.0,1132.0,1272.0,1394.0,1522.0,1649.0,-4.0,-4.0,-4.0,-4.0,-4.0,-4.0,-4.0,-4.0,1016.0,1143.0,1275.0,1401.0,1525.0,1656.0,-4.0,-4.0,-4.0,1018.0,1146.0,1278.0,1529.0,-4.0,-4.0,-4.0,-4.0,-4.0,-4.0,-4.0,-4.0,1038.0,1174.0,1309.0,1418.0,1550.0,1675.0,-4.0,-4.0,-4.0,-4.0,-4.0,-4.0,-4.0,-4.0,1058.0,1183.0,1317.0,1429.0,1572.0,1693.0,-4.0,-4.0,-4.0,-4.0,-4.0,-4.0,-4.0,-4.0,1062.0,1185.0,1320.0,1433.0,1577.0,1697.0,-4.0,-4.0,-4.0,-4.0,-4.0,-4.0,-4.0,-4.0,974.0,1103.0,1236.0,1354.0,1470.0,1609.0,-4.0,-4.0,-4.0,-4.0,-4.0,-4.0,-4.0,-4.0,989.0,1119.0,1252.0,1379.0,1498.0,1632.0,-4.0,-4.0,-4.0,-4.0,-4.0,-4.0,-4.0,-4.0,995.0,1123.0,1256.0,1385.0,1505.0,1639.0
18282.0,-4.0,-4.0,-4.0,-4.0,-4.0,-4.0,-4.0,-4.0,1006.0,1130.0,1267.0,0.0,1522.0,1650.0,-4.0,-4.0,-4.0,-4.0,-4.0,-4.0,-4.0,-4.0,1016.0,1143.0,1275.0,0.0,1525.0,1657.0,-4.0,-4.0,-4.0,1018.0,1146.0,1278.0,1529.0,-4.0,-4.0,-4.0,-4.0,-4.0,-4.0,-4.0,-4.0,1048.0,1174.0,1309.0,1418.0,1550.0,1675.0,-4.0,-4.0,-4.0,-4.0,-4.0,-4.0,-4.0,-4.0,1059.0,1183.0,1317.0,1429.0,1572.0,1693.0,-4.0,-4.0,-4.0,-4.0,-4.0,-4.0,-4.0,-4.0,1062.0,1185.0,1320.0,1433.0,1577.0,1697.0,-4.0,-4.0,-4.0,-4.0,-4.0,-4.0,-4.0,-4.0,972.0,1103.0,1234.0,1354.0,1470.0,1612.0,-4.0,-4.0,-4.0,-4.0,-4.0,-4.0,-4.0,-4.0,990.0,1119.0,1252.0,1379.0,1498.0,1632.0,-4.0,-4.0,-4.0,-4.0,-4.0,-4.0,-4.0,-4.0,995.0,1123.0,1256.0,1385.0,1505.0,1639.0
18283.0,-4.0,-4.0,-4.0,-4.0,-4.0,-4.0,-4.0,-4.0,1008.0,1132.0,1267.0,1394.0,1512.0,1650.0,-4.0,-4.0,-4.0,-4.0,-4.0,-4.0,-4.0,-4.0,1016.0,1143.0,1275.0,1401.0,1525.0,1657.0,-4.0,-4.0,-4.0,1018.0,1146.0,1278.0,1529.0,-4.0,-4.0,-4.0,-4.0,-4.0,-4.0,-4.0,-4.0,1044.0,1172.0,1308.0,1415.0,1553.0,1680.0,-4.0,-4.0,-4.0,-4.0,-4.0,-4.0,-4.0,-4.0,1058.0,1182.0,1317.0,1428.0,1571.0,1693.0,-4.0,-4.0,-4.0,-4.0,-4.0,-4.0,-4.0,-4.0,1062.0,1185.0,1320.0,1433.0,1576.0,1697.0,-4.0,-4.0,-4.0,-4.0,-4.0,-4.0,-4.0,-4.0,962.0,1098.0,1228.0,1350.0,1467.0,1608.0,-4.0,-4.0,-4.0,-4.0,-4.0,-4.0,-4.0,-4.0,988.0,1118.0,1251.0,1377.0,1497.0,1631.0,-4.0,-4.0,-4.0,-4.0,-4.0,-4.0,-4.0,-4.0,995.0,1123.0,1256.0,1385.0,1505.0,1639.0
18284.0,-4.0,-4.0,-4.0,-4.0,-4.0,-4.0,-4.0,-4.0,-3.0,1132.0,1265.0,-4.0,-4.0,-4.0,-4.0,-4.0,-4.0,-4.0,-4.0,-4.0,-4.0,-4.0,-3.0,1143.0,1275.0,-4.0,-4.0,-4.0,-4.0,-4.0,-4.0,-3.0,1146.0,1278.0,-4.0,-4.0,-4.0,-4.0,-4.0,-4.0,-4.0,-4.0,-4.0,-3.0,1172.0,1306.0,-4.0,-4.0,-4.0,-4.0,-4.0,-4.0,-4.0,-4.0,-4.0,-4.0,-4.0,-3.0,1182.0,1317.0,-4.0,-4.0,-4.0,-4.0,-4.0,-4.0,-4.0,-4.0,-4.0,-4.0,-4.0,-3.0,1185.0,1320.0,-4.0,-4.0,-4.0,-4.0,-4.0,-4.0,-4.0,-4.0,-4.0,-4.0,-4.0,-3.0,1100.0,1228.0,-4.0,-4.0,-4.0,-4.0,-4.0,-4.0,-4.0,-4.0,-4.0,-4.0,-4.0,-3.0,1118.0,1251.0,-4.0,-4.0,-4.0,-4.0,-4.0,-4.0,-4.0,-4.0,-4.0,-4.0,-4.0,-3.0,1123.0,1256.0,-4.0,-4.0,-4.0
18285.0,-4.0,-4.0,-4.0,-4.0,-4.0,-4.0,-4.0,-4.0,1008.0,1132.0,1267.0,1394.0,1512.0,1650.0,-4.0,-4.0,-4.0,-4.0,-4.0,-4.0,-4.0,-4.0,1016.0,1143.0,1275.0,1401.0,1525.0,1657.0,-4.0,-4.0,-4.0,1018.0,1146.0,1278.0,1529.0,-4.0,-4.0,-4.0,-4.0,-4.0,-4.0,-4.0,-4.0,1050.0,1172.0,1310.0,1415.0,1552.0,1679.0,-4.0,-4.0,-4.0,-4.0,-4.0,-4.0,-4.0,-4.0,1058.0,1182.0,1317.0,1428.0,1571.0,1693.0,-4.0,-4.0,-4.0,-4.0,-4.0,-4.0,-4.0,-4.0,1062.0,1185.0,1320.0,1433.0,1576.0,1697.0,-4.0,-4.0,-4.0,-4.0,-4.0,-4.0,-4.0,-4.0,975.0,1104.0,1237.0,1349.0,1474.0,1614.0,-4.0,-4.0,-4.0,-4.0,-4.0,-4.0,-4.0,-4.0,991.0,1118.0,1251.0,1377.0,1497.0,1631.0,-4.0,-4.0,-4.0,-4.0,-4.0,-4.0,-4.0,-4.0,995.0,1123.0,1256.0,1385.0,1505.0,1639.0
18286.0,-4.0,-4.0,-4.0,-4.0,-4.0,-4.0,-4.0,-4.0,1008.0,1132.0,-3.0,1394.0,1522.0,1650.0,-4.0,-4.0,-4.0,-4.0,-4.0,-4.0,-4.0,-4.0,1016.0,1143.0,-3.0,1401.0,1525.0,1657.0,-4.0,-4.0,-4.0,1018.0,1146.0,-3.0,1529.0,-4.0,-4.0,-4.0,-4.0,-4.0,-4.0,-4.0,-4.0,1050.0,1172.0,-3.0,1415.0,1544.0,1679.0,-4.0,-4.0,-4.0,-4.0,-4.0,-4.0,-4.0,-4.0,1058.0,1182.0,-3.0,1428.0,1571.0,1693.0,-4.0,-4.0,-4.0,-4.0,-4.0,-4.0,-4.0,-4.0,1062.0,1185.0,-3.0,1433.0,1576.0,1697.0,-4.0,-4.0,-4.0,-4.0,-4.0,-4.0,-4.0,-4.0,975.0,1104.0,-3.0,1350.0,1466.0,1614.0,-4.0,-4.0,-4.0,-4.0,-4.0,-4.0,-4.0,-4.0,991.0,1118.0,-3.0,1377.0,1497.0,1631.0,-4.0,-4.0,-4.0,-4.0,-4.0,-4.0,-4.0,-4.0,995.0,1123.0,-3.0,1385.0,1505.0,1639.0
18287.0,-4.0,-4.0,-4.0,-4.0,-4.0,-4.0,-4.0,-4.0,1008.0,1132.0,1267.0,1394.0,1522.0,1650.0,-4.0,-4.0,-4.0,-4.0,-4.0,-4.0,-4.0,-4.0,1016.0,1143.0,1275.0,1401.0,1525.0,1657.0,-4.0,-4.0,-4.0,1018.0,1146.0,1278.0,1529.0,-4.0,-4.0,-4.0,-4.0,-4.0,-4.0,-4.0,-4.0,1044.0,1172.0,1308.0,1415.0,1550.0,1675.0,-4.0,-4.0,-4.0,-4.0,-4.0,-4.0,-4.0,-4.0,1058.0,1182.0,1317.0,1428.0,1572.0,1693.0,-4.0,-4.0,-4.0,-4.0,-4.0,-4.0,-4.0,-4.0,1062.0,1185.0,1320.0,1433.0,1577.0,1697.0,-4.0,-4.0,-4.0,-4.0,-4.0,-4.0,-4.0,-4.0,975.0,1104.0,1237.0,1350.0,1470.0,1612.0,-4.0,-4.0,-4.0,-4.0,-4.0,-4.0,-4.0,-4.0,991.0,1118.0,1251.0,1377.0,1498.0,1632.0,-4.0,-4.0,-4.0,-4.0,-4.0,-4.0,-4.0,-4.0,995.0,1123.0,1256.0,1385.0,1505.0,1639.0
18288.0,-4.0,-4.0,-4.0,-4.0,-4.0,-4.0,-4.0,-4.0,1008.0,1140.0,1265.0,0.0,1512.0,1650.0,-4.0,-4.0,-4.0,-4.0,-4.0,-4.0,-4.0,-4.0,1016.0,1143.0,1275.0,0.0,1525.0,1657.0,-4.0,-4.0,-4.0,1018.0,1146.0,1278.0,1529.0,-4.0,-4.0,-4.0,-4.0,-4.0,-4.0,-4.0,-4.0,1044.0,1170.0,1305.0,0.0,1551.0,1676.0,-4.0,-4.0,-4.0,-4.0,-4.0,-4.0,-4.0,-4.0,1058.0,1182.0,1317.0,0.0,1571.0,1693.0,-4.0,-4.0,-4.0,-4.0,-4.0,-4.0,-4.0,-4.0,1062.0,1185.0,1320.0,0.0,1576.0,1697.0,-4.0,-4.0,-4.0,-4.0,-4.0,-4.0,-4.0,-4.0,975.0,1105.0,1223.0,1351.0,1475.0,1599.0,-4.0,-4.0,-4.0,-4.0,-4.0,-4.0,-4.0,-4.0,991.0,1118.0,1251.0,1378.0,1496.0,1631.0,-4.0,-4.0,-4.0,-4.0,-4.0,-4.0,-4.0,-4.0,995.0,1123.0,1256.0,1385.0,1505.0,1639.0
18289.0,-4.0,-4.0,-4.0,-4.0,-4.0,-4.0,-4.0,-4.0,-3.0,-3.0,-3.0,-3.0,-3.0,-3.0,-4.0,-4.0,-4.0,-4.0,-4.0,-4.0,-4.0,-4.0,-3.0,-3.0,-3.0,-3.0,-3.0,-3.0,-4.0,-4.0,-4.0,-3.0,-3.0,-3.0,-3.0,-4.0,-4.0,-4.0,-4.0,-4.0,-4.0,-4.0,-4.0,-3.0,-3.0,-3.0,-3.0,-3.0,-3.0,-4.0,-4.0,-4.0,-4.0,-4.0,-4.0,-4.0,-4.0,-3.0,-3.0,-3.0,-3.0,-3.0,-3.0,-4.0,-4.0,-4.0,-4.0,-4.0,-4.0,-4.0,-4.0,-3.0,-3.0,-3.0,-3.0,-3.0,-3.0,-4.0,-4.0,-4.0,-4.0,-4.0,-4.0,-4.0,-4.0,-3.0,-3.0,-3.0,-3.0,-3.0,-3.0,-4.0,-4.0,-4.0,-4.0,-4.0,-4.0,-4.0,-4.0,-3.0,-3.0,-3.0,-3.0,-3.0,-3.0,-4.0,-4.0,-4.0,-4.0,-4.0,-4.0,-4.0,-4.0,-3.0,-3.0,-3.0,-3.0,-3.0,-3.0
18290.0,-4.0,-4.0,-4.0,-4.0,-4.0,-4.0,-4.0,-4.0,1008.0,-5.0,1265.0,1395.0,1517.0,-5.0,-4.0,-4.0,-4.0,-4.0,-4.0,-4.0,-4.0,-4.0,1016.0,-5.0,1275.0,1401.0,1527.0,-5.0,-4.0,-4.0,-4.0,1018.0,-5.0,1278.0,1528.0,-4.0,-4.0,-4.0,-4.0,-4.0,-4.0,-4.0,-4.0,1044.0,-5.0,1306.0,1414.0,1559.0,-5.0,-4.0,-4.0,-4.0,-4.0,-4.0,-4.0,-4.0,-4.0,1058.0,-5.0,1317.0,1428.0,1573.0,-5.0,-4.0,-4.0,-4.0,-4.0,-4.0,-4.0,-4.0,-4.0,1062.0,-5.0,1320.0,1433.0,1577.0,-5.0,-4.0,-4.0,-4.0,-4.0,-4.0,-4.0,-4.0,-4.0,975.0,-5.0,1223.0,1351.0,1476.0,-5.0,-4.0,-4.0,-4.0,-4.0,-4.0,-4.0,-4.0,-4.0,991.0,-5.0,1251.0,1378.0,1500.0,-5.0,-4.0,-4.0,-4.0,-4.0,-4.0,-4.0,-4.0,-4.0,995.0,-5.0,1256.0,1385.0,1506.0,-5.0
18291.0,-4.0,-4.0,-4.0,-4.0,-4.0,-4.0,-4.0,-4.0,1006.0,1132.0,1268.0,1395.0,1517.0,1653.0,-4.0,-4.0,-4.0,-4.0,-4.0,-4.0,-4.0,-4.0,1016.0,1143.0,1276.0,1401.0,1527.0,1657.0,-4.0,-4.0,-4.0,1018.0,1146.0,1278.0,1528.0,-4.0,-4.0,-4.0,-4.0,-4.0,-4.0,-4.0,-4.0,1038.0,1172.0,1306.0,1414.0,1559.0,1683.0,-4.0,-4.0,-4.0,-4.0,-4.0,-4.0,-4.0,-4.0,1058.0,1182.0,1317.0,1428.0,1573.0,1695.0,-4.0,-4.0,-4.0,-4.0,-4.0,-4.0,-4.0,-4.0,1062.0,1185.0,1320.0,1433.0,1577.0,1697.0,-4.0,-4.0,-4.0,-4.0,-4.0,-4.0,-4.0,-4.0,968.0,1098.0,1237.0,1351.0,1476.0,1615.0,-4.0,-4.0,-4.0,-4.0,-4.0,-4.0,-4.0,-4.0,988.0,1118.0,1251.0,1378.0,1500.0,1635.0,-4.0,-4.0,-4.0,-4.0,-4.0,-4.0,-4.0,-4.0,995.0,1123.0,1256.0,1385.0,1506.0,1640.0
18292.0,-4.0,-4.0,-4.0,-4.0,-4.0,-4.0,-4.0,-4.0,1008.0,1132.0,1265.0,1395.0,1517.0,1653.0,-4.0,-4.0,-4.0,-4.0,-4.0,-4.0,-4.0,-4.0,1016.0,1143.0,1275.0,1401.0,1527.0,1657.0,-4.0,-4.0,-4.0,1018.0,1146.0,1278.0,1528.0,-4.0,-4.0,-4.0,-4.0,-4.0,-4.0,-4.0,-4.0,1044.0,1172.0,1306.0,1414.0,1559.0,1683.0,-4.0,-4.0,-4.0,-4.0,-4.0,-4.0,-4.0,-4.0,1058.0,1182.0,1317.0,1428.0,1573.0,1695.0,-4.0,-4.0,-4.0,-4.0,-4.0,-4.0,-4.0,-4.0,1062.0,1185.0,1320.0,1433.0,1577.0,1697.0,-4.0,-4.0,-4.0,-4.0,-4.0,-4.0,-4.0,-4.0,962.0,1098.0,1228.0,1351.0,1476.0,1616.0,-4.0,-4.0,-4.0,-4.0,-4.0,-4.0,-4.0,-4.0,988.0,1118.0,1251.0,1378.0,1500.0,1636.0,-4.0,-4.0,-4.0,-4.0,-4.0,-4.0,-4.0,-4.0,995.0,1123.0,1256.0,1385.0,1506.0,1640.0
18293.0,-4.0,-4.0,-4.0,-4.0,-4.0,-4.0,-4.0,-4.0,1008.0,1132.0,1272.0,-3.0,1512.0,-3.0,-4.0,-4.0,-4.0,-4.0,-4.0,-4.0,-4.0,-4.0,1016.0,1143.0,1275.0,-3.0,1525.0,-3.0,-4.0,-4.0,-4.0,1018.0,1146.0,1278.0,1529.0,-4.0,-4.0,-4.0,-4.0,-4.0,-4.0,-4.0,-4.0,1044.0,1172.0,1306.0,-3.0,1553.0,-3.0,-4.0,-4.0,-4.0,-4.0,-4.0,-4.0,-4.0,-4.0,1058.0,1182.0,1317.0,-3.0,1571.0,-3.0,-4.0,-4.0,-4.0,-4.0,-4.0,-4.0,-4.0,-4.0,1062.0,1185.0,1320.0,-3.0,1576.0,-3.0,-4.0,-4.0,-4.0,-4.0,-4.0,-4.0,-4.0,-4.0,962.0,1100.0,1237.0,-3.0,1467.0,-3.0,-4.0,-4.0,-4.0,-4.0,-4.0,-4.0,-4.0,-4.0,988.0,1118.0,1251.0,-3.0,1497.0,-3.0,-4.0,-4.0,-4.0,-4.0,-4.0,-4.0,-4.0,-4.0,995.0,1123.0,1256.0,-3.0,1505.0,-3.0
18294.0,-4.0,-4.0,-4.0,-4.0,-4.0,-4.0,-4.0,-4.0,1008.0,1140.0,0.0,1398.0,1523.0,1651.0,-4.0,-4.0,-4.0,-4.0,-4.0,-4.0,-4.0,-4.0,1016.0,1143.0,0.0,1401.0,1527.0,1657.0,-4.0,-4.0,-4.0,1018.0,1146.0,0.0,1528.0,-4.0,-4.0,-4.0,-4.0,-4.0,-4.0,-4.0,-4.0,1050.0,1170.0,0.0,1411.0,1560.0,1674.0,-4.0,-4.0,-4.0,-4.0,-4.0,-4.0,-4.0,-4.0,1058.0,1182.0,0.0,1428.0,1571.0,1693.0,-4.0,-4.0,-4.0,-4.0,-4.0,-4.0,-4.0,-4.0,1062.0,1185.0,0.0,1433.0,1576.0,1697.0,-4.0,-4.0,-4.0,-4.0,-4.0,-4.0,-4.0,-4.0,975.0,1105.0,1223.0,1356.0,1477.0,1597.0,-4.0,-4.0,-4.0,-4.0,-4.0,-4.0,-4.0,-4.0,991.0,1118.0,1251.0,1378.0,1496.0,1631.0,-4.0,-4.0,-4.0,-4.0,-4.0,-4.0,-4.0,-4.0,995.0,1123.0,1256.0,1385.0,1505.0,1639.0
18295.0,-4.0,-4.0,-4.0,-4.0,-4.0,-4.0,-4.0,-4.0,0.0,0.0,0.0,-4.0,-4.0,-4.0,-4.0,-4.0,-4.0,-4.0,-4.0,-4.0,-4.0,-4.0,0.0,0.0,0.0,-4.0,-4.0,-4.0,-4.0,-4.0,-4.0,0.0,0.0,0.0,-4.0,-4.0,-4.0,-4.0,-4.0,-4.0,-4.0,-4.0,-4.0,1038.0,0.0,0.0,-4.0,-4.0,-4.0,-4.0,-4.0,-4.0,-4.0,-4.0,-4.0,-4.0,-4.0,1058.0,0.0,0.0,-4.0,-4.0,-4.0,-4.0,-4.0,-4.0,-4.0,-4.0,-4.0,-4.0,-4.0,1062.0,0.0,0.0,-4.0,-4.0,-4.0,-4.0,-4.0,-4.0,-4.0,-4.0,-4.0,-4.0,-4.0,968.0,1093.0,1237.0,-4.0,-4.0,-4.0,-4.0,-4.0,-4.0,-4.0,-4.0,-4.0,-4.0,-4.0,988.0,1117.0,1251.0,-4.0,-4.0,-4.0,-4.0,-4.0,-4.0,-4.0,-4.0,-4.0,-4.0,-4.0,995.0,1123.0,1256.0,-4.0,-4.0,-4.0
18296.0,-4.0,-4.0,-4.0,-4.0,-4.0,-4.0,-4.0,-4.0,1008.0,1132.0,1265.0,-4.0,-4.0,-4.0,-4.0,-4.0,-4.0,-4.0,-4.0,-4.0,-4.0,-4.0,1016.0,1143.0,1275.0,-4.0,-4.0,-4.0,-4.0,-4.0,-4.0,1018.0,1146.0,1278.0,-4.0,-4.0,-4.0,-4.0,-4.0,-4.0,-4.0,-4.0,-4.0,1044.0,1172.0,1306.0,-4.0,-4.0,-4.0,-4.0,-4.0,-4.0,-4.0,-4.0,-4.0,-4.0,-4.0,1058.0,1182.0,1317.0,-4.0,-4.0,-4.0,-4.0,-4.0,-4.0,-4.0,-4.0,-4.0,-4.0,-4.0,1062.0,1185.0,1320.0,-4.0,-4.0,-4.0,-4.0,-4.0,-4.0,-4.0,-4.0,-4.0,-4.0,-4.0,962.0,1100.0,1228.0,-4.0,-4.0,-4.0,-4.0,-4.0,-4.0,-4.0,-4.0,-4.0,-4.0,-4.0,988.0,1118.0,1251.0,-4.0,-4.0,-4.0,-4.0,-4.0,-4.0,-4.0,-4.0,-4.0,-4.0,-4.0,995.0,1123.0,1256.0,-4.0,-4.0,-4.0
18297.0,-4.0,-4.0,-4.0,-4.0,-4.0,-4.0,-4.0,-4.0,1008.0,1132.0,1267.0,1394.0,-5.0,1650.0,-4.0,-4.0,-4.0,-4.0,-4.0,-4.0,-4.0,-4.0,1016.0,1143.0,1275.0,1401.0,-5.0,1657.0,-4.0,-4.0,-4.0,1018.0,1146.0,1278.0,-5.0,-4.0,-4.0,-4.0,-4.0,-4.0,-4.0,-4.0,-4.0,1050.0,1172.0,1308.0,1415.0,-5.0,1679.0,-4.0,-4.0,-4.0,-4.0,-4.0,-4.0,-4.0,-4.0,1058.0,1182.0,1317.0,1428.0,-5.0,1693.0,-4.0,-4.0,-4.0,-4.0,-4.0,-4.0,-4.0,-4.0,1062.0,1185.0,1320.0,1433.0,-5.0,1697.0,-4.0,-4.0,-4.0,-4.0,-4.0,-4.0,-4.0,-4.0,975.0,1104.0,1237.0,1350.0,-5.0,1614.0,-4.0,-4.0,-4.0,-4.0,-4.0,-4.0,-4.0,-4.0,991.0,1118.0,1251.0,1377.0,-5.0,1631.0,-4.0,-4.0,-4.0,-4.0,-4.0,-4.0,-4.0,-4.0,995.0,1123.0,1256.0,1385.0,-5.0,1639.0
18298.0,-4.0,-4.0,-4.0,-4.0,-4.0,-4.0,-4.0,-4.0,0.0,1140.0,1265.0,1395.0,1517.0,1654.0,-4.0,-4.0,-4.0,-4.0,-4.0,-4.0,-4.0,-4.0,0.0,1143.0,1275.0,1401.0,1527.0,1657.0,-4.0,-4.0,-4.0,0.0,1146.0,1278.0,1528.0,-4.0,-4.0,-4.0,-4.0,-4.0,-4.0,-4.0,-4.0,0.0,1170.0,1305.0,1414.0,1561.0,1684.0,-4.0,-4.0,-4.0,-4.0,-4.0,-4.0,-4.0,-4.0,0.0,1182.0,1317.0,1428.0,1573.0,1695.0,-4.0,-4.0,-4.0,-4.0,-4.0,-4.0,-4.0,-4.0,0.0,1185.0,1320.0,1433.0,1577.0,1697.0,-4.0,-4.0,-4.0,-4.0,-4.0,-4.0,-4.0,-4.0,975.0,1105.0,1223.0,1351.0,1478.0,1616.0,-4.0,-4.0,-4.0,-4.0,-4.0,-4.0,-4.0,-4.0,991.0,1118.0,1251.0,1378.0,1500.0,1636.0,-4.0,-4.0,-4.0,-4.0,-4.0,-4.0,-4.0,-4.0,995.0,1123.0,1256.0,1385.0,1506.0,1640.0
18299.0,-4.0,-4.0,-4.0,-4.0,-4.0,-4.0,-4.0,-4.0,1006.0,1132.0,1272.0,1396.0,1517.0,1643.0,-4.0,-4.0,-4.0,-4.0,-4.0,-4.0,-4.0,-4.0,1016.0,1143.0,1275.0,1400.0,1527.0,1655.0,-4.0,-4.0,-4.0,1018.0,1146.0,1278.0,1528.0,-4.0,-4.0,-4.0,-4.0,-4.0,-4.0,-4.0,-4.0,1044.0,1172.0,1306.0,1421.0,1554.0,1685.0,-4.0,-4.0,-4.0,-4.0,-4.0,-4.0,-4.0,-4.0,1058.0,1182.0,1317.0,1430.0,1573.0,1695.0,-4.0,-4.0,-4.0,-4.0,-4.0,-4.0,-4.0,-4.0,1062.0,1185.0,1320.0,1433.0,1577.0,1697.0,-4.0,-4.0,-4.0,-4.0,-4.0,-4.0,-4.0,-4.0,962.0,1100.0,1228.0,1357.0,1479.0,1617.0,-4.0,-4.0,-4.0,-4.0,-4.0,-4.0,-4.0,-4.0,988.0,1118.0,1251.0,1380.0,1501.0,1635.0,-4.0,-4.0,-4.0,-4.0,-4.0,-4.0,-4.0,-4.0,995.0,1123.0,1256.0,1386.0,1506.0,1640.0
18300.0,-4.0,-4.0,-4.0,-4.0,-4.0,-4.0,-4.0,-4.0,1008.0,1140.0,0.0,1395.0,1523.0,1651.0,-4.0,-4.0,-4.0,-4.0,-4.0,-4.0,-4.0,-4.0,1016.0,1143.0,0.0,1401.0,1527.0,1657.0,-4.0,-4.0,-4.0,1018.0,1146.0,0.0,1528.0,-4.0,-4.0,-4.0,-4.0,-4.0,-4.0,-4.0,-4.0,1050.0,1170.0,0.0,1414.0,1547.0,1676.0,-4.0,-4.0,-4.0,-4.0,-4.0,-4.0,-4.0,-4.0,1058.0,1182.0,0.0,1428.0,1571.0,1693.0,-4.0,-4.0,-4.0,-4.0,-4.0,-4.0,-4.0,-4.0,1062.0,1185.0,0.0,1433.0,1576.0,1697.0,-4.0,-4.0,-4.0,-4.0,-4.0,-4.0,-4.0,-4.0,975.0,1105.0,1223.0,1351.0,1475.0,1599.0,-4.0,-4.0,-4.0,-4.0,-4.0,-4.0,-4.0,-4.0,991.0,1118.0,1251.0,1378.0,1496.0,1631.0,-4.0,-4.0,-4.0,-4.0,-4.0,-4.0,-4.0,-4.0,995.0,1123.0,1256.0,1385.0,1505.0,1639.0
18301.0,-4.0,-4.0,-4.0,-4.0,-4.0,-4.0,-4.0,-4.0,1008.0,1132.0,1267.0,1394.0,1522.0,1650.0,-4.0,-4.0,-4.0,-4.0,-4.0,-4.0,-4.0,-4.0,1016.0,1143.0,1275.0,1401.0,1525.0,1657.0,-4.0,-4.0,-4.0,1018.0,1146.0,1278.0,1529.0,-4.0,-4.0,-4.0,-4.0,-4.0,-4.0,-4.0,-4.0,1050.0,1170.0,1308.0,1415.0,1544.0,1679.0,-4.0,-4.0,-4.0,-4.0,-4.0,-4.0,-4.0,-4.0,1058.0,1182.0,1317.0,1428.0,1571.0,1693.0,-4.0,-4.0,-4.0,-4.0,-4.0,-4.0,-4.0,-4.0,1062.0,1185.0,1320.0,1433.0,1576.0,1697.0,-4.0,-4.0,-4.0,-4.0,-4.0,-4.0,-4.0,-4.0,975.0,1104.0,1228.0,1350.0,1466.0,1614.0,-4.0,-4.0,-4.0,-4.0,-4.0,-4.0,-4.0,-4.0,991.0,1118.0,1251.0,1377.0,1497.0,1631.0,-4.0,-4.0,-4.0,-4.0,-4.0,-4.0,-4.0,-4.0,995.0,1123.0,1256.0,1385.0,1505.0,1639.0
18302.0,-4.0,-4.0,-4.0,-4.0,-4.0,-4.0,-4.0,-4.0,1006.0,1132.0,-3.0,-3.0,1512.0,1650.0,-4.0,-4.0,-4.0,-4.0,-4.0,-4.0,-4.0,-4.0,1016.0,1143.0,-3.0,-3.0,1525.0,1657.0,-4.0,-4.0,-4.0,1018.0,1146.0,-3.0,1529.0,-4.0,-4.0,-4.0,-4.0,-4.0,-4.0,-4.0,-4.0,1044.0,1172.0,-3.0,-3.0,1553.0,1678.0,-4.0,-4.0,-4.0,-4.0,-4.0,-4.0,-4.0,-4.0,1058.0,1182.0,-3.0,-3.0,1571.0,1693.0,-4.0,-4.0,-4.0,-4.0,-4.0,-4.0,-4.0,-4.0,1062.0,1185.0,-3.0,-3.0,1576.0,1697.0,-4.0,-4.0,-4.0,-4.0,-4.0,-4.0,-4.0,-4.0,962.0,1098.0,-3.0,-3.0,1466.0,1608.0,-4.0,-4.0,-4.0,-4.0,-4.0,-4.0,-4.0,-4.0,988.0,1118.0,-3.0,-3.0,1497.0,1631.0,-4.0,-4.0,-4.0,-4.0,-4.0,-4.0,-4.0,-4.0,995.0,1123.0,-3.0,-3.0,1505.0,1639.0
18303.0,-4.0,-4.0,-4.0,-4.0,-4.0,-4.0,-4.0,-4.0,1008.0,1132.0,-5.0,1395.0,1523.0,1651.0,-4.0,-4.0,-4.0,-4.0,-4.0,-4.0,-4.0,-4.0,1016.0,1143.0,-5.0,1401.0,1527.0,1657.0,-4.0,-4.0,-4.0,1018.0,1146.0,-5.0,1528.0,-4.0,-4.0,-4.0,-4.0,-4.0,-4.0,-4.0,-4.0,1050.0,1170.0,-5.0,1414.0,1551.0,1676.0,-4.0,-4.0,-4.0,-4.0,-4.0,-4.0,-4.0,-4.0,1058.0,1182.0,-5.0,1428.0,1571.0,1693.0,-4.0,-4.0,-4.0,-4.0,-4.0,-4.0,-4.0,-4.0,1062.0,1185.0,-5.0,1433.0,1576.0,1697.0,-4.0,-4.0,-4.0,-4.0,-4.0,-4.0,-4.0,-4.0,975.0,1105.0,-5.0,1351.0,1475.0,1599.0,-4.0,-4.0,-4.0,-4.0,-4.0,-4.0,-4.0,-4.0,991.0,1118.0,-5.0,1378.0,1496.0,1631.0,-4.0,-4.0,-4.0,-4.0,-4.0,-4.0,-4.0,-4.0,995.0,1123.0,-5.0,1385.0,1505.0,1639.0
18304.0,-4.0,-4.0,-4.0,-4.0,-4.0,-4.0,-4.0,-4.0,1006.0,1132.0,1267.0,1394.0,1512.0,1650.0,-4.0,-4.0,-4.0,-4.0,-4.0,-4.0,-4.0,-4.0,1016.0,1143.0,1275.0,1401.0,1525.0,1657.0,-4.0,-4.0,-4.0,1018.0,1146.0,1278.0,1529.0,-4.0,-4.0,-4.0,-4.0,-4.0,-4.0,-4.0,-4.0,1044.0,1172.0,1308.0,1409.0,1553.0,1678.0,-4.0,-4.0,-4.0,-4.0,-4.0,-4.0,-4.0,-4.0,1058.0,1182.0,1317.0,1427.0,1571.0,1693.0,-4.0,-4.0,-4.0,-4.0,-4.0,-4.0,-4.0,-4.0,1062.0,1185.0,1320.0,1433.0,1576.0,1697.0,-4.0,-4.0,-4.0,-4.0,-4.0,-4.0,-4.0,-4.0,962.0,1098.0,1228.0,1343.0,1466.0,1608.0,-4.0,-4.0,-4.0,-4.0,-4.0,-4.0,-4.0,-4.0,988.0,1118.0,1251.0,1377.0,1497.0,1631.0,-4.0,-4.0,-4.0,-4.0,-4.0,-4.0,-4.0,-4.0,995.0,1123.0,1256.0,1385.0,1505.0,1639.0
18305.0,-4.0,-4.0,-4.0,-4.0,-4.0,-4.0,-4.0,-4.0,-3.0,-3.0,0.0,1394.0,-4.0,-4.0,-4.0,-4.0,-4.0,-4.0,-4.0,-4.0,-4.0,-4.0,-3.0,-3.0,0.0,1401.0,-4.0,-4.0,-4.0,-4.0,-4.0,-3.0,-3.0,0.0,-4.0,-4.0,-4.0,-4.0,-4.0,-4.0,-4.0,-4.0,-4.0,-3.0,-3.0,0.0,1416.0,-4.0,-4.0,-4.0,-4.0,-4.0,-4.0,-4.0,-4.0,-4.0,-4.0,-3.0,-3.0,0.0,1428.0,-4.0,-4.0,-4.0,-4.0,-4.0,-4.0,-4.0,-4.0,-4.0,-4.0,-3.0,-3.0,0.0,1433.0,-4.0,-4.0,-4.0,-4.0,-4.0,-4.0,-4.0,-4.0,-4.0,-4.0,-3.0,-3.0,1219.0,1343.0,-4.0,-4.0,-4.0,-4.0,-4.0,-4.0,-4.0,-4.0,-4.0,-4.0,-3.0,-3.0,1250.0,1377.0,-4.0,-4.0,-4.0,-4.0,-4.0,-4.0,-4.0,-4.0,-4.0,-4.0,-3.0,-3.0,1256.0,1385.0,-4.0,-4.0
18306.0,-4.0,-4.0,-4.0,-4.0,-4.0,-4.0,-4.0,-4.0,0.0,0.0,1267.0,-4.0,-4.0,-4.0,-4.0,-4.0,-4.0,-4.0,-4.0,-4.0,-4.0,-4.0,0.0,0.0,1275.0,-4.0,-4.0,-4.0,-4.0,-4.0,-4.0,0.0,0.0,1278.0,-4.0,-4.0,-4.0,-4.0,-4.0,-4.0,-4.0,-4.0,-4.0,1043.0,0.0,1305.0,-4.0,-4.0,-4.0,-4.0,-4.0,-4.0,-4.0,-4.0,-4.0,-4.0,-4.0,1058.0,0.0,1317.0,-4.0,-4.0,-4.0,-4.0,-4.0,-4.0,-4.0,-4.0,-4.0,-4.0,-4.0,1062.0,0.0,1320.0,-4.0,-4.0,-4.0,-4.0,-4.0,-4.0,-4.0,-4.0,-4.0,-4.0,-4.0,965.0,1097.0,1219.0,-4.0,-4.0,-4.0,-4.0,-4.0,-4.0,-4.0,-4.0,-4.0,-4.0,-4.0,989.0,1117.0,1250.0,-4.0,-4.0,-4.0,-4.0,-4.0,-4.0,-4.0,-4.0,-4.0,-4.0,-4.0,995.0,1123.0,1256.0,-4.0,-4.0,-4.0
18307.0,-4.0,-4.0,-4.0,-4.0,-4.0,-4.0,-4.0,-4.0,-3.0,-3.0,-5.0,-5.0,-3.0,-3.0,-4.0,-4.0,-4.0,-4.0,-4.0,-4.0,-4.0,-4.0,-3.0,-3.0,-5.0,-5.0,-3.0,-3.0,-4.0,-4.0,-4.0,-3.0,-3.0,-5.0,-3.0,-4.0,-4.0,-4.0,-4.0,-4.0,-4.0,-4.0,-4.0,-3.0,-3.0,-5.0,-5.0,-3.0,-3.0,-4.0,-4.0,-4.0,-4.0,-4.0,-4.0,-4.0,-4.0,-3.0,-3.0,-5.0,-5.0,-3.0,-3.0,-4.0,-4.0,-4.0,-4.0,-4.0,-4.0,-4.0,-4.0,-3.0,-3.0,-5.0,-5.0,-3.0,-3.0,-4.0,-4.0,-4.0,-4.0,-4.0,-4.0,-4.0,-4.0,-3.0,-3.0,-5.0,-5.0,-3.0,-3.0,-4.0,-4.0,-4.0,-4.0,-4.0,-4.0,-4.0,-4.0,-3.0,-3.0,-5.0,-5.0,-3.0,-3.0,-4.0,-4.0,-4.0,-4.0,-4.0,-4.0,-4.0,-4.0,-3.0,-3.0,-5.0,-5.0,-3.0,-3.0
18308.0,-4.0,-4.0,-4.0,-4.0,-4.0,-4.0,-4.0,-4.0,1010.0,1137.0,1265.0,1395.0,0.0,1647.0,-4.0,-4.0,-4.0,-4.0,-4.0,-4.0,-4.0,-4.0,1015.0,1143.0,1275.0,1401.0,0.0,1656.0,-4.0,-4.0,-4.0,1018.0,1146.0,1278.0,0.0,-4.0,-4.0,-4.0,-4.0,-4.0,-4.0,-4.0,-4.0,1043.0,1175.0,1305.0,1409.0,1552.0,1680.0,-4.0,-4.0,-4.0,-4.0,-4.0,-4.0,-4.0,-4.0,1058.0,1182.0,1317.0,1427.0,1571.0,1693.0,-4.0,-4.0,-4.0,-4.0,-4.0,-4.0,-4.0,-4.0,1062.0,1185.0,1320.0,1433.0,1576.0,1697.0,-4.0,-4.0,-4.0,-4.0,-4.0,-4.0,-4.0,-4.0,965.0,1097.0,1238.0,1346.0,1459.0,1607.0,-4.0,-4.0,-4.0,-4.0,-4.0,-4.0,-4.0,-4.0,989.0,1117.0,1251.0,1376.0,1497.0,1631.0,-4.0,-4.0,-4.0,-4.0,-4.0,-4.0,-4.0,-4.0,995.0,1123.0,1256.0,1385.0,1505.0,1639.0
18309.0,-4.0,-4.0,-4.0,-4.0,-4.0,-4.0,-4.0,-4.0,1010.0,1128.0,1268.0,1392.0,-4.0,-4.0,-4.0,-4.0,-4.0,-4.0,-4.0,-4.0,-4.0,-4.0,1015.0,1142.0,1276.0,1399.0,-4.0,-4.0,-4.0,-4.0,-4.0,1018.0,1145.0,1278.0,-4.0,-4.0,-4.0,-4.0,-4.0,-4.0,-4.0,-4.0,-4.0,1038.0,1173.0,1307.0,1417.0,-4.0,-4.0,-4.0,-4.0,-4.0,-4.0,-4.0,-4.0,-4.0,-4.0,1058.0,1182.0,1317.0,1430.0,-4.0,-4.0,-4.0,-4.0,-4.0,-4.0,-4.0,-4.0,-4.0,-4.0,1062.0,1185.0,1320.0,1433.0,-4.0,-4.0,-4.0,-4.0,-4.0,-4.0,-4.0,-4.0,-4.0,-4.0,965.0,1093.0,1219.0,1343.0,-4.0,-4.0,-4.0,-4.0,-4.0,-4.0,-4.0,-4.0,-4.0,-4.0,989.0,1117.0,1250.0,1377.0,-4.0,-4.0,-4.0,-4.0,-4.0,-4.0,-4.0,-4.0,-4.0,-4.0,995.0,1123.0,1256.0,1385.0,-4.0,-4.0
18310.0,-4.0,-4.0,-4.0,-4.0,-4.0,-4.0,-4.0,-4.0,1010.0,1137.0,1265.0,1395.0,1523.0,1651.0,-4.0,-4.0,-4.0,-4.0,-4.0,-4.0,-4.0,-4.0,1015.0,1143.0,1275.0,1401.0,1527.0,1657.0,-4.0,-4.0,-4.0,1018.0,1146.0,1278.0,1528.0,-4.0,-4.0,-4.0,-4.0,-4.0,-4.0,-4.0,-4.0,1043.0,1175.0,1305.0,1411.0,1544.0,1674.0,-4.0,-4.0,-4.0,-4.0,-4.0,-4.0,-4.0,-4.0,1058.0,1182.0,1317.0,1428.0,1571.0,1693.0,-4.0,-4.0,-4.0,-4.0,-4.0,-4.0,-4.0,-4.0,1062.0,1185.0,1320.0,1433.0,1576.0,1697.0,-4.0,-4.0,-4.0,-4.0,-4.0,-4.0,-4.0,-4.0,965.0,1097.0,1238.0,1347.0,1456.0,1597.0,-4.0,-4.0,-4.0,-4.0,-4.0,-4.0,-4.0,-4.0,989.0,1117.0,1251.0,1377.0,1496.0,1631.0,-4.0,-4.0,-4.0,-4.0,-4.0,-4.0,-4.0,-4.0,995.0,1123.0,1256.0,1385.0,1505.0,1639.0
18311.0,-4.0,-4.0,-4.0,-4.0,-4.0,-4.0,-4.0,-4.0,1010.0,1137.0,1265.0,1395.0,1512.0,-3.0,-4.0,-4.0,-4.0,-4.0,-4.0,-4.0,-4.0,-4.0,1015.0,1143.0,1275.0,1401.0,1525.0,-3.0,-4.0,-4.0,-4.0,1018.0,1146.0,1278.0,1529.0,-4.0,-4.0,-4.0,-4.0,-4.0,-4.0,-4.0,-4.0,1043.0,1175.0,1305.0,1416.0,1552.0,-3.0,-4.0,-4.0,-4.0,-4.0,-4.0,-4.0,-4.0,-4.0,1058.0,1182.0,1317.0,1428.0,1571.0,-3.0,-4.0,-4.0,-4.0,-4.0,-4.0,-4.0,-4.0,-4.0,1062.0,1185.0,1320.0,1433.0,1576.0,-3.0,-4.0,-4.0,-4.0,-4.0,-4.0,-4.0,-4.0,-4.0,976.0,1097.0,1238.0,1347.0,1459.0,-3.0,-4.0,-4.0,-4.0,-4.0,-4.0,-4.0,-4.0,-4.0,991.0,1117.0,1251.0,1377.0,1497.0,-3.0,-4.0,-4.0,-4.0,-4.0,-4.0,-4.0,-4.0,-4.0,995.0,1123.0,1256.0,1385.0,1505.0,-3.0
18312.0,-4.0,-4.0,-4.0,-4.0,-4.0,-4.0,-4.0,-4.0,1010.0,1137.0,0.0,1395.0,1523.0,1651.0,-4.0,-4.0,-4.0,-4.0,-4.0,-4.0,-4.0,-4.0,1015.0,1143.0,0.0,1401.0,1527.0,1657.0,-4.0,-4.0,-4.0,1018.0,1146.0,0.0,1528.0,-4.0,-4.0,-4.0,-4.0,-4.0,-4.0,-4.0,-4.0,1043.0,1175.0,0.0,1414.0,1547.0,1676.0,-4.0,-4.0,-4.0,-4.0,-4.0,-4.0,-4.0,-4.0,1058.0,1182.0,0.0,1428.0,1571.0,1693.0,-4.0,-4.0,-4.0,-4.0,-4.0,-4.0,-4.0,-4.0,1062.0,1185.0,0.0,1433.0,1576.0,1697.0,-4.0,-4.0,-4.0,-4.0,-4.0,-4.0,-4.0,-4.0,965.0,1097.0,1238.0,1351.0,1475.0,1599.0,-4.0,-4.0,-4.0,-4.0,-4.0,-4.0,-4.0,-4.0,989.0,1117.0,1251.0,1378.0,1496.0,1631.0,-4.0,-4.0,-4.0,-4.0,-4.0,-4.0,-4.0,-4.0,995.0,1123.0,1256.0,1385.0,1505.0,1639.0
18313.0,-4.0,-4.0,-4.0,-4.0,-4.0,-4.0,-4.0,-4.0,1008.0,-3.0,-5.0,-5.0,-5.0,-5.0,-4.0,-4.0,-4.0,-4.0,-4.0,-4.0,-4.0,-4.0,1016.0,-3.0,-5.0,-5.0,-5.0,-5.0,-4.0,-4.0,-4.0,1018.0,-3.0,-5.0,-5.0,-4.0,-4.0,-4.0,-4.0,-4.0,-4.0,-4.0,-4.0,1043.0,-3.0,-5.0,-5.0,-5.0,-5.0,-4.0,-4.0,-4.0,-4.0,-4.0,-4.0,-4.0,-4.0,1058.0,-3.0,-5.0,-5.0,-5.0,-5.0,-4.0,-4.0,-4.0,-4.0,-4.0,-4.0,-4.0,-4.0,1062.0,-3.0,-5.0,-5.0,-5.0,-5.0,-4.0,-4.0,-4.0,-4.0,-4.0,-4.0,-4.0,-4.0,976.0,-3.0,-5.0,-5.0,-5.0,-5.0,-4.0,-4.0,-4.0,-4.0,-4.0,-4.0,-4.0,-4.0,991.0,-3.0,-5.0,-5.0,-5.0,-5.0,-4.0,-4.0,-4.0,-4.0,-4.0,-4.0,-4.0,-4.0,995.0,-3.0,-5.0,-5.0,-5.0,-5.0
18314.0,-4.0,-4.0,-4.0,-4.0,-4.0,-4.0,-4.0,-4.0,1010.0,1137.0,1265.0,1394.0,1512.0,1647.0,-4.0,-4.0,-4.0,-4.0,-4.0,-4.0,-4.0,-4.0,1015.0,1143.0,1275.0,1401.0,1525.0,1656.0,-4.0,-4.0,-4.0,1018.0,1146.0,1278.0,1529.0,-4.0,-4.0,-4.0,-4.0,-4.0,-4.0,-4.0,-4.0,1043.0,1175.0,1305.0,1415.0,1552.0,1679.0,-4.0,-4.0,-4.0,-4.0,-4.0,-4.0,-4.0,-4.0,1058.0,1182.0,1317.0,1428.0,1571.0,1693.0,-4.0,-4.0,-4.0,-4.0,-4.0,-4.0,-4.0,-4.0,1062.0,1185.0,1320.0,1433.0,1576.0,1697.0,-4.0,-4.0,-4.0,-4.0,-4.0,-4.0,-4.0,-4.0,965.0,1097.0,1238.0,1347.0,1459.0,1606.0,-4.0,-4.0,-4.0,-4.0,-4.0,-4.0,-4.0,-4.0,989.0,1117.0,1251.0,1377.0,1497.0,1631.0,-4.0,-4.0,-4.0,-4.0,-4.0,-4.0,-4.0,-4.0,995.0,1123.0,1256.0,1385.0,1505.0,1639.0
18315.0,-4.0,-4.0,-4.0,-4.0,-4.0,-4.0,-4.0,-4.0,1010.0,1137.0,1265.0,1394.0,0.0,1647.0,-4.0,-4.0,-4.0,-4.0,-4.0,-4.0,-4.0,-4.0,1015.0,1143.0,1275.0,1401.0,0.0,1656.0,-4.0,-4.0,-4.0,1018.0,1146.0,1278.0,0.0,-4.0,-4.0,-4.0,-4.0,-4.0,-4.0,-4.0,-4.0,1043.0,1175.0,1305.0,1415.0,1552.0,1679.0,-4.0,-4.0,-4.0,-4.0,-4.0,-4.0,-4.0,-4.0,1058.0,1182.0,1317.0,1428.0,1571.0,1693.0,-4.0,-4.0,-4.0,-4.0,-4.0,-4.0,-4.0,-4.0,1062.0,1185.0,1320.0,1433.0,1576.0,1697.0,-4.0,-4.0,-4.0,-4.0,-4.0,-4.0,-4.0,-4.0,965.0,1097.0,1238.0,1347.0,1459.0,1606.0,-4.0,-4.0,-4.0,-4.0,-4.0,-4.0,-4.0,-4.0,989.0,1117.0,1251.0,1377.0,1497.0,1631.0,-4.0,-4.0,-4.0,-4.0,-4.0,-4.0,-4.0,-4.0,995.0,1123.0,1256.0,1385.0,1505.0,1639.0
18316.0,-4.0,-4.0,-4.0,-4.0,-4.0,-4.0,-4.0,-4.0,1008.0,1137.0,1265.0,1395.0,1523.0,0.0,-4.0,-4.0,-4.0,-4.0,-4.0,-4.0,-4.0,-4.0,1016.0,1143.0,1275.0,1401.0,1527.0,0.0,-4.0,-4.0,-4.0,1018.0,1146.0,1278.0,1528.0,-4.0,-4.0,-4.0,-4.0,-4.0,-4.0,-4.0,-4.0,1043.0,1175.0,1305.0,1411.0,1560.0,1674.0,-4.0,-4.0,-4.0,-4.0,-4.0,-4.0,-4.0,-4.0,1058.0,1182.0,1317.0,1428.0,1571.0,1693.0,-4.0,-4.0,-4.0,-4.0,-4.0,-4.0,-4.0,-4.0,1062.0,1185.0,1320.0,1433.0,1576.0,1697.0,-4.0,-4.0,-4.0,-4.0,-4.0,-4.0,-4.0,-4.0,976.0,1106.0,1238.0,1356.0,1477.0,1597.0,-4.0,-4.0,-4.0,-4.0,-4.0,-4.0,-4.0,-4.0,991.0,1118.0,1251.0,1378.0,1496.0,1631.0,-4.0,-4.0,-4.0,-4.0,-4.0,-4.0,-4.0,-4.0,995.0,1123.0,1256.0,1385.0,1505.0,1639.0
18317.0,-4.0,-4.0,-4.0,-4.0,-4.0,-4.0,-4.0,-4.0,1008.0,1132.0,1267.0,1394.0,1512.0,1650.0,-4.0,-4.0,-4.0,-4.0,-4.0,-4.0,-4.0,-4.0,1016.0,1143.0,1275.0,1401.0,1525.0,1657.0,-4.0,-4.0,-4.0,1018.0,1146.0,1278.0,1529.0,-4.0,-4.0,-4.0,-4.0,-4.0,-4.0,-4.0,-4.0,1043.0,1175.0,1305.0,1415.0,1552.0,1679.0,-4.0,-4.0,-4.0,-4.0,-4.0,-4.0,-4.0,-4.0,1058.0,1182.0,1317.0,1428.0,1571.0,1693.0,-4.0,-4.0,-4.0,-4.0,-4.0,-4.0,-4.0,-4.0,1062.0,1185.0,1320.0,1433.0,1576.0,1697.0,-4.0,-4.0,-4.0,-4.0,-4.0,-4.0,-4.0,-4.0,976.0,1106.0,1219.0,1358.0,1474.0,1606.0,-4.0,-4.0,-4.0,-4.0,-4.0,-4.0,-4.0,-4.0,991.0,1118.0,1250.0,1377.0,1497.0,1631.0,-4.0,-4.0,-4.0,-4.0,-4.0,-4.0,-4.0,-4.0,995.0,1123.0,1256.0,1385.0,1505.0,1639.0
18318.0,-4.0,-4.0,-4.0,-4.0,-4.0,-4.0,-4.0,-4.0,1010.0,1128.0,0.0,1392.0,1512.0,1650.0,-4.0,-4.0,-4.0,-4.0,-4.0,-4.0,-4.0,-4.0,1015.0,1142.0,0.0,1399.0,1525.0,1657.0,-4.0,-4.0,-4.0,1018.0,1145.0,0.0,1529.0,-4.0,-4.0,-4.0,-4.0,-4.0,-4.0,-4.0,-4.0,1038.0,1173.0,1305.0,1417.0,1547.0,1680.0,-4.0,-4.0,-4.0,-4.0,-4.0,-4.0,-4.0,-4.0,1058.0,1182.0,1317.0,1430.0,1571.0,1693.0,-4.0,-4.0,-4.0,-4.0,-4.0,-4.0,-4.0,-4.0,1062.0,1185.0,1320.0,1433.0,1576.0,1697.0,-4.0,-4.0,-4.0,-4.0,-4.0,-4.0,-4.0,-4.0,965.0,1097.0,1219.0,1343.0,1455.0,1607.0,-4.0,-4.0,-4.0,-4.0,-4.0,-4.0,-4.0,-4.0,989.0,1117.0,1250.0,1377.0,1497.0,1631.0,-4.0,-4.0,-4.0,-4.0,-4.0,-4.0,-4.0,-4.0,995.0,1123.0,1256.0,1385.0,1505.0,1639.0
18319.0,-4.0,-4.0,-4.0,-4.0,-4.0,-4.0,-4.0,-4.0,1010.0,1137.0,1265.0,1395.0,-5.0,1651.0,-4.0,-4.0,-4.0,-4.0,-4.0,-4.0,-4.0,-4.0,1015.0,1143.0,1275.0,1401.0,-5.0,1657.0,-4.0,-4.0,-4.0,1018.0,1146.0,1278.0,-5.0,-4.0,-4.0,-4.0,-4.0,-4.0,-4.0,-4.0,-4.0,1043.0,1175.0,1305.0,1411.0,-5.0,1674.0,-4.0,-4.0,-4.0,-4.0,-4.0,-4.0,-4.0,-4.0,1058.0,1182.0,1317.0,1428.0,-5.0,1693.0,-4.0,-4.0,-4.0,-4.0,-4.0,-4.0,-4.0,-4.0,1062.0,1185.0,1320.0,1433.0,-5.0,1697.0,-4.0,-4.0,-4.0,-4.0,-4.0,-4.0,-4.0,-4.0,965.0,1097.0,1238.0,1338.0,-5.0,1597.0,-4.0,-4.0,-4.0,-4.0,-4.0,-4.0,-4.0,-4.0,989.0,1117.0,1251.0,1376.0,-5.0,1631.0,-4.0,-4.0,-4.0,-4.0,-4.0,-4.0,-4.0,-4.0,995.0,1123.0,1256.0,1385.0,-5.0,1639.0
18320.0,-4.0,-4.0,-4.0,-4.0,-4.0,-4.0,-4.0,-4.0,1008.0,1137.0,1265.0,1395.0,1523.0,1651.0,-4.0,-4.0,-4.0,-4.0,-4.0,-4.0,-4.0,-4.0,1016.0,1143.0,1275.0,1401.0,1527.0,1657.0,-4.0,-4.0,-4.0,1018.0,1146.0,1278.0,1528.0,-4.0,-4.0,-4.0,-4.0,-4.0,-4.0,-4.0,-4.0,1043.0,1175.0,1305.0,1411.0,1560.0,1674.0,-4.0,-4.0,-4.0,-4.0,-4.0,-4.0,-4.0,-4.0,1058.0,1182.0,1317.0,1428.0,1571.0,1693.0,-4.0,-4.0,-4.0,-4.0,-4.0,-4.0,-4.0,-4.0,1062.0,1185.0,1320.0,1433.0,1576.0,1697.0,-4.0,-4.0,-4.0,-4.0,-4.0,-4.0,-4.0,-4.0,976.0,1106.0,1238.0,1356.0,1477.0,1597.0,-4.0,-4.0,-4.0,-4.0,-4.0,-4.0,-4.0,-4.0,991.0,1118.0,1251.0,1378.0,1496.0,1631.0,-4.0,-4.0,-4.0,-4.0,-4.0,-4.0,-4.0,-4.0,995.0,1123.0,1256.0,1385.0,1505.0,1639.0
18321.0,-4.0,-4.0,-4.0,-4.0,-4.0,-4.0,-4.0,-4.0,1008.0,1137.0,1265.0,1395.0,1523.0,1651.0,-4.0,-4.0,-4.0,-4.0,-4.0,-4.0,-4.0,-4.0,1016.0,1143.0,1275.0,1401.0,1527.0,1657.0,-4.0,-4.0,-4.0,1018.0,1146.0,1278.0,1528.0,-4.0,-4.0,-4.0,-4.0,-4.0,-4.0,-4.0,-4.0,1043.0,1175.0,1305.0,1411.0,1560.0,1674.0,-4.0,-4.0,-4.0,-4.0,-4.0,-4.0,-4.0,-4.0,1058.0,1182.0,1317.0,1428.0,1571.0,1693.0,-4.0,-4.0,-4.0,-4.0,-4.0,-4.0,-4.0,-4.0,1062.0,1185.0,1320.0,1433.0,1576.0,1697.0,-4.0,-4.0,-4.0,-4.0,-4.0,-4.0,-4.0,-4.0,976.0,1106.0,1238.0,1356.0,1477.0,1597.0,-4.0,-4.0,-4.0,-4.0,-4.0,-4.0,-4.0,-4.0,991.0,1118.0,1251.0,1378.0,1496.0,1631.0,-4.0,-4.0,-4.0,-4.0,-4.0,-4.0,-4.0,-4.0,995.0,1123.0,1256.0,1385.0,1505.0,1639.0
18322.0,-4.0,-4.0,-4.0,-4.0,-4.0,-4.0,-4.0,-4.0,1008.0,1140.0,1265.0,1398.0,1523.0,1651.0,-4.0,-4.0,-4.0,-4.0,-4.0,-4.0,-4.0,-4.0,1016.0,1143.0,1275.0,1401.0,1527.0,1657.0,-4.0,-4.0,-4.0,1018.0,1146.0,1278.0,1528.0,-4.0,-4.0,-4.0,-4.0,-4.0,-4.0,-4.0,-4.0,1043.0,1175.0,1305.0,1411.0,1560.0,1674.0,-4.0,-4.0,-4.0,-4.0,-4.0,-4.0,-4.0,-4.0,1058.0,1182.0,1317.0,1428.0,1571.0,1693.0,-4.0,-4.0,-4.0,-4.0,-4.0,-4.0,-4.0,-4.0,1062.0,1185.0,1320.0,1433.0,1576.0,1697.0,-4.0,-4.0,-4.0,-4.0,-4.0,-4.0,-4.0,-4.0,976.0,1106.0,1238.0,1356.0,1477.0,1597.0,-4.0,-4.0,-4.0,-4.0,-4.0,-4.0,-4.0,-4.0,991.0,1118.0,1251.0,1378.0,1496.0,1631.0,-4.0,-4.0,-4.0,-4.0,-4.0,-4.0,-4.0,-4.0,995.0,1123.0,1256.0,1385.0,1505.0,1639.0
18323.0,-4.0,-4.0,-4.0,-4.0,-4.0,-4.0,-4.0,-4.0,1008.0,1140.0,1265.0,1398.0,1523.0,1651.0,-4.0,-4.0,-4.0,-4.0,-4.0,-4.0,-4.0,-4.0,1016.0,1143.0,1275.0,1401.0,1527.0,1657.0,-4.0,-4.0,-4.0,1018.0,1146.0,1278.0,1528.0,-4.0,-4.0,-4.0,-4.0,-4.0,-4.0,-4.0,-4.0,1043.0,1175.0,1305.0,1411.0,1560.0,1674.0,-4.0,-4.0,-4.0,-4.0,-4.0,-4.0,-4.0,-4.0,1058.0,1182.0,1317.0,1428.0,1571.0,1693.0,-4.0,-4.0,-4.0,-4.0,-4.0,-4.0,-4.0,-4.0,1062.0,1185.0,1320.0,1433.0,1576.0,1697.0,-4.0,-4.0,-4.0,-4.0,-4.0,-4.0,-4.0,-4.0,976.0,1106.0,1238.0,1356.0,1477.0,1597.0,-4.0,-4.0,-4.0,-4.0,-4.0,-4.0,-4.0,-4.0,991.0,1118.0,1251.0,1378.0,1496.0,1631.0,-4.0,-4.0,-4.0,-4.0,-4.0,-4.0,-4.0,-4.0,995.0,1123.0,1256.0,1385.0,1505.0,1639.0
18324.0,-4.0,-4.0,-4.0,-4.0,-4.0,-4.0,-4.0,-4.0,1008.0,-3.0,1267.0,1394.0,1512.0,1643.0,-4.0,-4.0,-4.0,-4.0,-4.0,-4.0,-4.0,-4.0,1016.0,-3.0,1275.0,1401.0,1525.0,1655.0,-4.0,-4.0,-4.0,1018.0,-3.0,1278.0,1529.0,-4.0,-4.0,-4.0,-4.0,-4.0,-4.0,-4.0,-4.0,1038.0,-3.0,1307.0,1415.0,1552.0,1679.0,-4.0,-4.0,-4.0,-4.0,-4.0,-4.0,-4.0,-4.0,1058.0,-3.0,1317.0,1428.0,1571.0,1693.0,-4.0,-4.0,-4.0,-4.0,-4.0,-4.0,-4.0,-4.0,1062.0,-3.0,1320.0,1433.0,1576.0,1697.0,-4.0,-4.0,-4.0,-4.0,-4.0,-4.0,-4.0,-4.0,974.0,-3.0,1229.0,1349.0,1474.0,1606.0,-4.0,-4.0,-4.0,-4.0,-4.0,-4.0,-4.0,-4.0,989.0,-3.0,1250.0,1377.0,1497.0,1631.0,-4.0,-4.0,-4.0,-4.0,-4.0,-4.0,-4.0,-4.0,995.0,-3.0,1256.0,1385.0,1505.0,1639.0
18325.0,-4.0,-4.0,-4.0,-4.0,-4.0,-4.0,-4.0,-4.0,0.0,-3.0,1268.0,-3.0,0.0,1650.0,-4.0,-4.0,-4.0,-4.0,-4.0,-4.0,-4.0,-4.0,0.0,-3.0,1276.0,-3.0,0.0,1657.0,-4.0,-4.0,-4.0,0.0,-3.0,1278.0,0.0,-4.0,-4.0,-4.0,-4.0,-4.0,-4.0,-4.0,-4.0,1038.0,-3.0,1307.0,-3.0,1553.0,1678.0,-4.0,-4.0,-4.0,-4.0,-4.0,-4.0,-4.0,-4.0,1058.0,-3.0,1317.0,-3.0,1571.0,1693.0,-4.0,-4.0,-4.0,-4.0,-4.0,-4.0,-4.0,-4.0,1062.0,-3.0,1320.0,-3.0,1576.0,1697.0,-4.0,-4.0,-4.0,-4.0,-4.0,-4.0,-4.0,-4.0,958.0,-3.0,1229.0,-3.0,1466.0,1608.0,-4.0,-4.0,-4.0,-4.0,-4.0,-4.0,-4.0,-4.0,987.0,-3.0,1250.0,-3.0,1497.0,1631.0,-4.0,-4.0,-4.0,-4.0,-4.0,-4.0,-4.0,-4.0,995.0,-3.0,1256.0,-3.0,1505.0,1639.0
18326.0,-4.0,-4.0,-4.0,-4.0,-4.0,-4.0,-4.0,-4.0,-3.0,-3.0,0.0,1395.0,1523.0,1651.0,-4.0,-4.0,-4.0,-4.0,-4.0,-4.0,-4.0,-4.0,-3.0,-3.0,0.0,1401.0,1527.0,1657.0,-4.0,-4.0,-4.0,-3.0,-3.0,0.0,1528.0,-4.0,-4.0,-4.0,-4.0,-4.0,-4.0,-4.0,-4.0,-3.0,-3.0,0.0,1416.0,1551.0,1676.0,-4.0,-4.0,-4.0,-4.0,-4.0,-4.0,-4.0,-4.0,-3.0,-3.0,0.0,1428.0,1571.0,1693.0,-4.0,-4.0,-4.0,-4.0,-4.0,-4.0,-4.0,-4.0,-3.0,-3.0,0.0,1433.0,1576.0,1697.0,-4.0,-4.0,-4.0,-4.0,-4.0,-4.0,-4.0,-4.0,-3.0,-3.0,1239.0,1356.0,1460.0,1599.0,-4.0,-4.0,-4.0,-4.0,-4.0,-4.0,-4.0,-4.0,-3.0,-3.0,1251.0,1378.0,1496.0,1631.0,-4.0,-4.0,-4.0,-4.0,-4.0,-4.0,-4.0,-4.0,-3.0,-3.0,1256.0,1385.0,1505.0,1639.0
18327.0,-4.0,-4.0,-4.0,-4.0,-4.0,-4.0,-4.0,-4.0,0.0,1130.0,1267.0,1394.0,-5.0,0.0,-4.0,-4.0,-4.0,-4.0,-4.0,-4.0,-4.0,-4.0,0.0,1143.0,1275.0,1401.0,-5.0,0.0,-4.0,-4.0,-4.0,0.0,1146.0,1278.0,-5.0,-4.0,-4.0,-4.0,-4.0,-4.0,-4.0,-4.0,-4.0,1028.0,1173.0,1307.0,1417.0,-5.0,1683.0,-4.0,-4.0,-4.0,-4.0,-4.0,-4.0,-4.0,-4.0,1054.0,1182.0,1317.0,1430.0,-5.0,1695.0,-4.0,-4.0,-4.0,-4.0,-4.0,-4.0,-4.0,-4.0,1061.0,1185.0,1320.0,1433.0,-5.0,1697.0,-4.0,-4.0,-4.0,-4.0,-4.0,-4.0,-4.0,-4.0,958.0,1092.0,1229.0,1359.0,-5.0,1618.0,-4.0,-4.0,-4.0,-4.0,-4.0,-4.0,-4.0,-4.0,987.0,1117.0,1250.0,1380.0,-5.0,1636.0,-4.0,-4.0,-4.0,-4.0,-4.0,-4.0,-4.0,-4.0,995.0,1123.0,1256.0,1386.0,-5.0,1640.0
18328.0,-4.0,-4.0,-4.0,-4.0,-4.0,-4.0,-4.0,-4.0,0.0,1137.0,1272.0,-5.0,0.0,0.0,-4.0,-4.0,-4.0,-4.0,-4.0,-4.0,-4.0,-4.0,0.0,1143.0,1275.0,-5.0,0.0,0.0,-4.0,-4.0,-4.0,0.0,1146.0,1278.0,0.0,-4.0,-4.0,-4.0,-4.0,-4.0,-4.0,-4.0,-4.0,1038.0,1175.0,1307.0,-5.0,0.0,1683.0,-4.0,-4.0,-4.0,-4.0,-4.0,-4.0,-4.0,-4.0,1058.0,1182.0,1317.0,-5.0,0.0,1695.0,-4.0,-4.0,-4.0,-4.0,-4.0,-4.0,-4.0,-4.0,1062.0,1185.0,1320.0,-5.0,0.0,1697.0,-4.0,-4.0,-4.0,-4.0,-4.0,-4.0,-4.0,-4.0,967.0,1097.0,1229.0,-5.0,1479.0,1619.0,-4.0,-4.0,-4.0,-4.0,-4.0,-4.0,-4.0,-4.0,987.0,1117.0,1250.0,-5.0,1501.0,1635.0,-4.0,-4.0,-4.0,-4.0,-4.0,-4.0,-4.0,-4.0,995.0,1123.0,1256.0,-5.0,1506.0,1640.0
18329.0,-4.0,-4.0,-4.0,-4.0,-4.0,-4.0,-4.0,-4.0,1008.0,-5.0,1267.0,1394.0,1512.0,1650.0,-4.0,-4.0,-4.0,-4.0,-4.0,-4.0,-4.0,-4.0,1016.0,-5.0,1275.0,1401.0,1525.0,1657.0,-4.0,-4.0,-4.0,1018.0,-5.0,1278.0,1529.0,-4.0,-4.0,-4.0,-4.0,-4.0,-4.0,-4.0,-4.0,1045.0,-5.0,1307.0,1415.0,1552.0,1679.0,-4.0,-4.0,-4.0,-4.0,-4.0,-4.0,-4.0,-4.0,1058.0,-5.0,1317.0,1428.0,1571.0,1693.0,-4.0,-4.0,-4.0,-4.0,-4.0,-4.0,-4.0,-4.0,1062.0,-5.0,1320.0,1433.0,1576.0,1697.0,-4.0,-4.0,-4.0,-4.0,-4.0,-4.0,-4.0,-4.0,974.0,-5.0,1229.0,1358.0,1474.0,1605.0,-4.0,-4.0,-4.0,-4.0,-4.0,-4.0,-4.0,-4.0,989.0,-5.0,1250.0,1377.0,1497.0,1633.0,-4.0,-4.0,-4.0,-4.0,-4.0,-4.0,-4.0,-4.0,995.0,-5.0,1256.0,1385.0,1505.0,1639.0
18330.0,-4.0,-4.0,-4.0,-4.0,-4.0,-4.0,-4.0,-4.0,1006.0,1132.0,1267.0,0.0,1512.0,1650.0,-4.0,-4.0,-4.0,-4.0,-4.0,-4.0,-4.0,-4.0,1016.0,1143.0,1275.0,0.0,1525.0,1657.0,-4.0,-4.0,-4.0,1018.0,1146.0,1278.0,1529.0,-4.0,-4.0,-4.0,-4.0,-4.0,-4.0,-4.0,-4.0,1045.0,1173.0,1307.0,1415.0,1552.0,1679.0,-4.0,-4.0,-4.0,-4.0,-4.0,-4.0,-4.0,-4.0,1058.0,1182.0,1317.0,1428.0,1571.0,1693.0,-4.0,-4.0,-4.0,-4.0,-4.0,-4.0,-4.0,-4.0,1062.0,1185.0,1320.0,1433.0,1576.0,1697.0,-4.0,-4.0,-4.0,-4.0,-4.0,-4.0,-4.0,-4.0,958.0,1092.0,1229.0,1358.0,1474.0,1606.0,-4.0,-4.0,-4.0,-4.0,-4.0,-4.0,-4.0,-4.0,987.0,1117.0,1250.0,1377.0,1497.0,1631.0,-4.0,-4.0,-4.0,-4.0,-4.0,-4.0,-4.0,-4.0,995.0,1123.0,1256.0,1385.0,1505.0,1639.0
18331.0,-4.0,-4.0,-4.0,-4.0,-4.0,-4.0,-4.0,-4.0,1008.0,1137.0,1265.0,0.0,-3.0,1650.0,-4.0,-4.0,-4.0,-4.0,-4.0,-4.0,-4.0,-4.0,1016.0,1143.0,1275.0,0.0,-3.0,1657.0,-4.0,-4.0,-4.0,1018.0,1146.0,1278.0,-3.0,-4.0,-4.0,-4.0,-4.0,-4.0,-4.0,-4.0,-4.0,1043.0,1175.0,1305.0,0.0,-3.0,1678.0,-4.0,-4.0,-4.0,-4.0,-4.0,-4.0,-4.0,-4.0,1058.0,1182.0,1317.0,0.0,-3.0,1693.0,-4.0,-4.0,-4.0,-4.0,-4.0,-4.0,-4.0,-4.0,1062.0,1185.0,1320.0,0.0,-3.0,1697.0,-4.0,-4.0,-4.0,-4.0,-4.0,-4.0,-4.0,-4.0,974.0,1097.0,1219.0,1356.0,-3.0,1608.0,-4.0,-4.0,-4.0,-4.0,-4.0,-4.0,-4.0,-4.0,989.0,1117.0,1250.0,1378.0,-3.0,1631.0,-4.0,-4.0,-4.0,-4.0,-4.0,-4.0,-4.0,-4.0,995.0,1123.0,1256.0,1385.0,-3.0,1639.0
18332.0,-4.0,-4.0,-4.0,-4.0,-4.0,-4.0,-4.0,-4.0,1006.0,1132.0,1267.0,1395.0,-5.0,1653.0,-4.0,-4.0,-4.0,-4.0,-4.0,-4.0,-4.0,-4.0,1016.0,1143.0,1275.0,1401.0,-5.0,1657.0,-4.0,-4.0,-4.0,1018.0,1146.0,1278.0,-5.0,-4.0,-4.0,-4.0,-4.0,-4.0,-4.0,-4.0,-4.0,1038.0,1173.0,1307.0,1422.0,-5.0,1683.0,-4.0,-4.0,-4.0,-4.0,-4.0,-4.0,-4.0,-4.0,1058.0,1182.0,1317.0,1430.0,-5.0,1695.0,-4.0,-4.0,-4.0,-4.0,-4.0,-4.0,-4.0,-4.0,1062.0,1185.0,1320.0,1433.0,-5.0,1697.0,-4.0,-4.0,-4.0,-4.0,-4.0,-4.0,-4.0,-4.0,958.0,1092.0,1229.0,1360.0,-5.0,1615.0,-4.0,-4.0,-4.0,-4.0,-4.0,-4.0,-4.0,-4.0,987.0,1117.0,1250.0,1381.0,-5.0,1635.0,-4.0,-4.0,-4.0,-4.0,-4.0,-4.0,-4.0,-4.0,995.0,1123.0,1256.0,1386.0,-5.0,1640.0
18333.0,-4.0,-4.0,-4.0,-4.0,-4.0,-4.0,-4.0,-4.0,1008.0,1132.0,1267.0,1392.0,1512.0,1643.0,-4.0,-4.0,-4.0,-4.0,-4.0,-4.0,-4.0,-4.0,1016.0,1143.0,1275.0,1399.0,1525.0,1655.0,-4.0,-4.0,-4.0,1018.0,1146.0,1278.0,1529.0,-4.0,-4.0,-4.0,-4.0,-4.0,-4.0,-4.0,-4.0,1045.0,1173.0,1307.0,1417.0,1544.0,1678.0,-4.0,-4.0,-4.0,-4.0,-4.0,-4.0,-4.0,-4.0,1058.0,1182.0,1317.0,1430.0,1571.0,1693.0,-4.0,-4.0,-4.0,-4.0,-4.0,-4.0,-4.0,-4.0,1062.0,1185.0,1320.0,1433.0,1576.0,1697.0,-4.0,-4.0,-4.0,-4.0,-4.0,-4.0,-4.0,-4.0,974.0,1092.0,1229.0,1351.0,1450.0,1606.0,-4.0,-4.0,-4.0,-4.0,-4.0,-4.0,-4.0,-4.0,989.0,1117.0,1250.0,1378.0,1496.0,1631.0,-4.0,-4.0,-4.0,-4.0,-4.0,-4.0,-4.0,-4.0,995.0,1123.0,1256.0,1385.0,1505.0,1639.0
18334.0,-4.0,-4.0,-4.0,-4.0,-4.0,-4.0,-4.0,-4.0,0.0,0.0,-3.0,-3.0,1512.0,-5.0,-4.0,-4.0,-4.0,-4.0,-4.0,-4.0,-4.0,-4.0,0.0,0.0,-3.0,-3.0,1525.0,-5.0,-4.0,-4.0,-4.0,0.0,0.0,-3.0,1529.0,-4.0,-4.0,-4.0,-4.0,-4.0,-4.0,-4.0,-4.0,1038.0,1173.0,-3.0,-3.0,1544.0,-5.0,-4.0,-4.0,-4.0,-4.0,-4.0,-4.0,-4.0,-4.0,1058.0,1182.0,-3.0,-3.0,1571.0,-5.0,-4.0,-4.0,-4.0,-4.0,-4.0,-4.0,-4.0,-4.0,1062.0,1185.0,-3.0,-3.0,1576.0,-5.0,-4.0,-4.0,-4.0,-4.0,-4.0,-4.0,-4.0,-4.0,958.0,1092.0,-3.0,-3.0,1450.0,-5.0,-4.0,-4.0,-4.0,-4.0,-4.0,-4.0,-4.0,-4.0,987.0,1117.0,-3.0,-3.0,1496.0,-5.0,-4.0,-4.0,-4.0,-4.0,-4.0,-4.0,-4.0,-4.0,995.0,1123.0,-3.0,-3.0,1505.0,-5.0
18335.0,-4.0,-4.0,-4.0,-4.0,-4.0,-4.0,-4.0,-4.0,1006.0,1132.0,1267.0,1394.0,-3.0,-3.0,-4.0,-4.0,-4.0,-4.0,-4.0,-4.0,-4.0,-4.0,1016.0,1143.0,1275.0,1401.0,-3.0,-3.0,-4.0,-4.0,-4.0,1018.0,1146.0,1278.0,-3.0,-4.0,-4.0,-4.0,-4.0,-4.0,-4.0,-4.0,-4.0,1045.0,1173.0,1307.0,1415.0,-3.0,-3.0,-4.0,-4.0,-4.0,-4.0,-4.0,-4.0,-4.0,-4.0,1058.0,1182.0,1317.0,1428.0,-3.0,-3.0,-4.0,-4.0,-4.0,-4.0,-4.0,-4.0,-4.0,-4.0,1062.0,1185.0,1320.0,1433.0,-3.0,-3.0,-4.0,-4.0,-4.0,-4.0,-4.0,-4.0,-4.0,-4.0,958.0,1092.0,1229.0,1358.0,-3.0,-3.0,-4.0,-4.0,-4.0,-4.0,-4.0,-4.0,-4.0,-4.0,987.0,1117.0,1250.0,1377.0,-3.0,-3.0,-4.0,-4.0,-4.0,-4.0,-4.0,-4.0,-4.0,-4.0,995.0,1123.0,1256.0,1385.0,-3.0,-3.0
18336.0,-4.0,-4.0,-4.0,-4.0,-4.0,-4.0,-4.0,-4.0,1008.0,1132.0,1267.0,1394.0,1512.0,-3.0,-4.0,-4.0,-4.0,-4.0,-4.0,-4.0,-4.0,-4.0,1016.0,1143.0,1275.0,1401.0,1525.0,-3.0,-4.0,-4.0,-4.0,1018.0,1146.0,1278.0,1529.0,-4.0,-4.0,-4.0,-4.0,-4.0,-4.0,-4.0,-4.0,1045.0,1173.0,1307.0,1415.0,1552.0,-3.0,-4.0,-4.0,-4.0,-4.0,-4.0,-4.0,-4.0,-4.0,1058.0,1182.0,1317.0,1428.0,1571.0,-3.0,-4.0,-4.0,-4.0,-4.0,-4.0,-4.0,-4.0,-4.0,1062.0,1185.0,1320.0,1433.0,1576.0,-3.0,-4.0,-4.0,-4.0,-4.0,-4.0,-4.0,-4.0,-4.0,974.0,1092.0,1229.0,1358.0,1474.0,-3.0,-4.0,-4.0,-4.0,-4.0,-4.0,-4.0,-4.0,-4.0,989.0,1117.0,1250.0,1377.0,1497.0,-3.0,-4.0,-4.0,-4.0,-4.0,-4.0,-4.0,-4.0,-4.0,995.0,1123.0,1256.0,1385.0,1505.0,-3.0
18337.0,-4.0,-4.0,-4.0,-4.0,-4.0,-4.0,-4.0,-4.0,1004.0,1133.0,0.0,0.0,0.0,-3.0,-4.0,-4.0,-4.0,-4.0,-4.0,-4.0,-4.0,-4.0,1015.0,1144.0,0.0,0.0,0.0,-3.0,-4.0,-4.0,-4.0,1018.0,1146.0,0.0,0.0,-4.0,-4.0,-4.0,-4.0,-4.0,-4.0,-4.0,-4.0,1038.0,1165.0,1307.0,0.0,1562.0,-3.0,-4.0,-4.0,-4.0,-4.0,-4.0,-4.0,-4.0,-4.0,1058.0,1181.0,1317.0,0.0,1573.0,-3.0,-4.0,-4.0,-4.0,-4.0,-4.0,-4.0,-4.0,-4.0,1062.0,1185.0,1320.0,0.0,1577.0,-3.0,-4.0,-4.0,-4.0,-4.0,-4.0,-4.0,-4.0,-4.0,967.0,1092.0,1229.0,1359.0,1478.0,-3.0,-4.0,-4.0,-4.0,-4.0,-4.0,-4.0,-4.0,-4.0,987.0,1117.0,1250.0,1380.0,1500.0,-3.0,-4.0,-4.0,-4.0,-4.0,-4.0,-4.0,-4.0,-4.0,995.0,1123.0,1256.0,1386.0,1506.0,-3.0
18338.0,-4.0,-4.0,-4.0,-4.0,-4.0,-4.0,-4.0,-4.0,1008.0,1132.0,1267.0,1394.0,1512.0,1643.0,-4.0,-4.0,-4.0,-4.0,-4.0,-4.0,-4.0,-4.0,1016.0,1143.0,1275.0,1401.0,1525.0,1655.0,-4.0,-4.0,-4.0,1018.0,1146.0,1278.0,1529.0,-4.0,-4.0,-4.0,-4.0,-4.0,-4.0,-4.0,-4.0,1038.0,1173.0,1307.0,1415.0,1552.0,1679.0,-4.0,-4.0,-4.0,-4.0,-4.0,-4.0,-4.0,-4.0,1058.0,1182.0,1317.0,1428.0,1571.0,1693.0,-4.0,-4.0,-4.0,-4.0,-4.0,-4.0,-4.0,-4.0,1062.0,1185.0,1320.0,1433.0,1576.0,1697.0,-4.0,-4.0,-4.0,-4.0,-4.0,-4.0,-4.0,-4.0,974.0,1092.0,1229.0,1358.0,1474.0,1606.0,-4.0,-4.0,-4.0,-4.0,-4.0,-4.0,-4.0,-4.0,989.0,1117.0,1250.0,1377.0,1497.0,1631.0,-4.0,-4.0,-4.0,-4.0,-4.0,-4.0,-4.0,-4.0,995.0,1123.0,1256.0,1385.0,1505.0,1639.0
18339.0,-4.0,-4.0,-4.0,-4.0,-4.0,-4.0,-4.0,-4.0,0.0,1132.0,-3.0,1396.0,1512.0,1647.0,-4.0,-4.0,-4.0,-4.0,-4.0,-4.0,-4.0,-4.0,0.0,1143.0,-3.0,1400.0,1525.0,1656.0,-4.0,-4.0,-4.0,0.0,1146.0,-3.0,1529.0,-4.0,-4.0,-4.0,-4.0,-4.0,-4.0,-4.0,-4.0,1038.0,1173.0,-3.0,1414.0,1547.0,1676.0,-4.0,-4.0,-4.0,-4.0,-4.0,-4.0,-4.0,-4.0,1058.0,1182.0,-3.0,1428.0,1571.0,1693.0,-4.0,-4.0,-4.0,-4.0,-4.0,-4.0,-4.0,-4.0,1062.0,1185.0,-3.0,1433.0,1576.0,1697.0,-4.0,-4.0,-4.0,-4.0,-4.0,-4.0,-4.0,-4.0,958.0,1092.0,-3.0,1346.0,1455.0,1607.0,-4.0,-4.0,-4.0,-4.0,-4.0,-4.0,-4.0,-4.0,987.0,1117.0,-3.0,1376.0,1497.0,1631.0,-4.0,-4.0,-4.0,-4.0,-4.0,-4.0,-4.0,-4.0,995.0,1123.0,-3.0,1385.0,1505.0,1639.0
18340.0,-4.0,-4.0,-4.0,-4.0,-4.0,-4.0,-4.0,-4.0,1011.0,1130.0,1267.0,1394.0,1512.0,1654.0,-4.0,-4.0,-4.0,-4.0,-4.0,-4.0,-4.0,-4.0,1016.0,1143.0,1275.0,1401.0,1525.0,1657.0,-4.0,-4.0,-4.0,1018.0,1146.0,1278.0,1529.0,-4.0,-4.0,-4.0,-4.0,-4.0,-4.0,-4.0,-4.0,1045.0,1173.0,1307.0,1415.0,1552.0,1679.0,-4.0,-4.0,-4.0,-4.0,-4.0,-4.0,-4.0,-4.0,1058.0,1182.0,1317.0,1428.0,1571.0,1693.0,-4.0,-4.0,-4.0,-4.0,-4.0,-4.0,-4.0,-4.0,1062.0,1185.0,1320.0,1433.0,1576.0,1697.0,-4.0,-4.0,-4.0,-4.0,-4.0,-4.0,-4.0,-4.0,958.0,1092.0,1229.0,1349.0,1459.0,1605.0,-4.0,-4.0,-4.0,-4.0,-4.0,-4.0,-4.0,-4.0,987.0,1117.0,1250.0,1377.0,1497.0,1633.0,-4.0,-4.0,-4.0,-4.0,-4.0,-4.0,-4.0,-4.0,995.0,1123.0,1256.0,1385.0,1505.0,1639.0
18341.0,-4.0,-4.0,-4.0,-4.0,-4.0,-4.0,-4.0,-4.0,1006.0,1132.0,1267.0,-3.0,1512.0,1650.0,-4.0,-4.0,-4.0,-4.0,-4.0,-4.0,-4.0,-4.0,1016.0,1143.0,1275.0,-3.0,1525.0,1657.0,-4.0,-4.0,-4.0,1018.0,1146.0,1278.0,1529.0,-4.0,-4.0,-4.0,-4.0,-4.0,-4.0,-4.0,-4.0,1045.0,1173.0,1307.0,-3.0,1547.0,1680.0,-4.0,-4.0,-4.0,-4.0,-4.0,-4.0,-4.0,-4.0,1058.0,1182.0,1317.0,-3.0,1571.0,1693.0,-4.0,-4.0,-4.0,-4.0,-4.0,-4.0,-4.0,-4.0,1062.0,1185.0,1320.0,-3.0,1576.0,1697.0,-4.0,-4.0,-4.0,-4.0,-4.0,-4.0,-4.0,-4.0,958.0,1092.0,1229.0,-3.0,1466.0,1607.0,-4.0,-4.0,-4.0,-4.0,-4.0,-4.0,-4.0,-4.0,987.0,1117.0,1250.0,-3.0,1497.0,1631.0,-4.0,-4.0,-4.0,-4.0,-4.0,-4.0,-4.0,-4.0,995.0,1123.0,1256.0,-3.0,1505.0,1639.0
18342.0,-4.0,-4.0,-4.0,-4.0,-4.0,-4.0,-4.0,-4.0,1008.0,0.0,1267.0,1394.0,1512.0,-3.0,-4.0,-4.0,-4.0,-4.0,-4.0,-4.0,-4.0,-4.0,1016.0,0.0,1275.0,1401.0,1525.0,-3.0,-4.0,-4.0,-4.0,1018.0,0.0,1278.0,1529.0,-4.0,-4.0,-4.0,-4.0,-4.0,-4.0,-4.0,-4.0,1040.0,0.0,1311.0,1415.0,1552.0,-3.0,-4.0,-4.0,-4.0,-4.0,-4.0,-4.0,-4.0,-4.0,1058.0,0.0,1317.0,1428.0,1571.0,-3.0,-4.0,-4.0,-4.0,-4.0,-4.0,-4.0,-4.0,-4.0,1062.0,0.0,1320.0,1433.0,1576.0,-3.0,-4.0,-4.0,-4.0,-4.0,-4.0,-4.0,-4.0,-4.0,968.0,1099.0,1230.0,1349.0,1474.0,-3.0,-4.0,-4.0,-4.0,-4.0,-4.0,-4.0,-4.0,-4.0,988.0,1118.0,1251.0,1377.0,1497.0,-3.0,-4.0,-4.0,-4.0,-4.0,-4.0,-4.0,-4.0,-4.0,995.0,1123.0,1256.0,1385.0,1505.0,-3.0
18343.0,-4.0,-4.0,-4.0,-4.0,-4.0,-4.0,-4.0,-4.0,1006.0,1132.0,0.0,1396.0,1512.0,1650.0,-4.0,-4.0,-4.0,-4.0,-4.0,-4.0,-4.0,-4.0,1016.0,1143.0,0.0,1400.0,1525.0,1657.0,-4.0,-4.0,-4.0,1018.0,1146.0,0.0,1529.0,-4.0,-4.0,-4.0,-4.0,-4.0,-4.0,-4.0,-4.0,1040.0,1173.0,1308.0,1408.0,1553.0,1678.0,-4.0,-4.0,-4.0,-4.0,-4.0,-4.0,-4.0,-4.0,1058.0,1182.0,1317.0,1427.0,1571.0,1693.0,-4.0,-4.0,-4.0,-4.0,-4.0,-4.0,-4.0,-4.0,1062.0,1185.0,1320.0,1433.0,1576.0,1697.0,-4.0,-4.0,-4.0,-4.0,-4.0,-4.0,-4.0,-4.0,968.0,1099.0,1230.0,1350.0,1466.0,1608.0,-4.0,-4.0,-4.0,-4.0,-4.0,-4.0,-4.0,-4.0,988.0,1118.0,1251.0,1377.0,1497.0,1631.0,-4.0,-4.0,-4.0,-4.0,-4.0,-4.0,-4.0,-4.0,995.0,1123.0,1256.0,1385.0,1505.0,1639.0
18344.0,-4.0,-4.0,-4.0,-4.0,-4.0,-4.0,-4.0,-4.0,1008.0,1132.0,1267.0,1394.0,1512.0,1650.0,-4.0,-4.0,-4.0,-4.0,-4.0,-4.0,-4.0,-4.0,1016.0,1143.0,1275.0,1401.0,1525.0,1657.0,-4.0,-4.0,-4.0,1018.0,1146.0,1278.0,1529.0,-4.0,-4.0,-4.0,-4.0,-4.0,-4.0,-4.0,-4.0,1040.0,1176.0,1308.0,1415.0,1553.0,1680.0,-4.0,-4.0,-4.0,-4.0,-4.0,-4.0,-4.0,-4.0,1058.0,1182.0,1317.0,1428.0,1571.0,1693.0,-4.0,-4.0,-4.0,-4.0,-4.0,-4.0,-4.0,-4.0,1062.0,1185.0,1320.0,1433.0,1576.0,1697.0,-4.0,-4.0,-4.0,-4.0,-4.0,-4.0,-4.0,-4.0,973.0,1099.0,1230.0,1350.0,1466.0,1608.0,-4.0,-4.0,-4.0,-4.0,-4.0,-4.0,-4.0,-4.0,991.0,1118.0,1251.0,1377.0,1497.0,1631.0,-4.0,-4.0,-4.0,-4.0,-4.0,-4.0,-4.0,-4.0,995.0,1123.0,1256.0,1385.0,1505.0,1639.0
18345.0,-4.0,-4.0,-4.0,-4.0,-4.0,-4.0,-4.0,-4.0,1000.0,-3.0,1267.0,1392.0,1512.0,1643.0,-4.0,-4.0,-4.0,-4.0,-4.0,-4.0,-4.0,-4.0,1013.0,-3.0,1275.0,1399.0,1525.0,1655.0,-4.0,-4.0,-4.0,1017.0,-3.0,1278.0,1529.0,-4.0,-4.0,-4.0,-4.0,-4.0,-4.0,-4.0,-4.0,1040.0,-3.0,1311.0,1417.0,1544.0,1678.0,-4.0,-4.0,-4.0,-4.0,-4.0,-4.0,-4.0,-4.0,1058.0,-3.0,1317.0,1430.0,1571.0,1693.0,-4.0,-4.0,-4.0,-4.0,-4.0,-4.0,-4.0,-4.0,1062.0,-3.0,1320.0,1433.0,1576.0,1697.0,-4.0,-4.0,-4.0,-4.0,-4.0,-4.0,-4.0,-4.0,968.0,-3.0,1230.0,1343.0,1450.0,1606.0,-4.0,-4.0,-4.0,-4.0,-4.0,-4.0,-4.0,-4.0,988.0,-3.0,1251.0,1377.0,1496.0,1631.0,-4.0,-4.0,-4.0,-4.0,-4.0,-4.0,-4.0,-4.0,995.0,-3.0,1256.0,1385.0,1505.0,1639.0
18346.0,-4.0,-4.0,-4.0,-4.0,-4.0,-4.0,-4.0,-4.0,1000.0,0.0,-3.0,-4.0,-4.0,-4.0,-4.0,-4.0,-4.0,-4.0,-4.0,-4.0,-4.0,-4.0,1013.0,0.0,-3.0,-4.0,-4.0,-4.0,-4.0,-4.0,-4.0,1017.0,0.0,-3.0,-4.0,-4.0,-4.0,-4.0,-4.0,-4.0,-4.0,-4.0,-4.0,1040.0,0.0,-3.0,-4.0,-4.0,-4.0,-4.0,-4.0,-4.0,-4.0,-4.0,-4.0,-4.0,-4.0,1058.0,0.0,-3.0,-4.0,-4.0,-4.0,-4.0,-4.0,-4.0,-4.0,-4.0,-4.0,-4.0,-4.0,1062.0,0.0,-3.0,-4.0,-4.0,-4.0,-4.0,-4.0,-4.0,-4.0,-4.0,-4.0,-4.0,-4.0,968.0,1099.0,-3.0,-4.0,-4.0,-4.0,-4.0,-4.0,-4.0,-4.0,-4.0,-4.0,-4.0,-4.0,988.0,1118.0,-3.0,-4.0,-4.0,-4.0,-4.0,-4.0,-4.0,-4.0,-4.0,-4.0,-4.0,-4.0,995.0,1123.0,-3.0,-4.0,-4.0,-4.0
18347.0,-4.0,-4.0,-4.0,-4.0,-4.0,-4.0,-4.0,-4.0,1008.0,1132.0,1267.0,1394.0,1512.0,1650.0,-4.0,-4.0,-4.0,-4.0,-4.0,-4.0,-4.0,-4.0,1016.0,1143.0,1275.0,1401.0,1525.0,1657.0,-4.0,-4.0,-4.0,1018.0,1146.0,1278.0,1529.0,-4.0,-4.0,-4.0,-4.0,-4.0,-4.0,-4.0,-4.0,1049.0,1176.0,1308.0,1415.0,1553.0,1680.0,-4.0,-4.0,-4.0,-4.0,-4.0,-4.0,-4.0,-4.0,1058.0,1182.0,1317.0,1428.0,1571.0,1693.0,-4.0,-4.0,-4.0,-4.0,-4.0,-4.0,-4.0,-4.0,1062.0,1185.0,1320.0,1433.0,1576.0,1697.0,-4.0,-4.0,-4.0,-4.0,-4.0,-4.0,-4.0,-4.0,973.0,1099.0,1230.0,1350.0,1466.0,1608.0,-4.0,-4.0,-4.0,-4.0,-4.0,-4.0,-4.0,-4.0,991.0,1118.0,1251.0,1377.0,1497.0,1631.0,-4.0,-4.0,-4.0,-4.0,-4.0,-4.0,-4.0,-4.0,995.0,1123.0,1256.0,1385.0,1505.0,1639.0
18348.0,-4.0,-4.0,-4.0,-4.0,-4.0,-4.0,-4.0,-4.0,1000.0,1132.0,1267.0,1394.0,1512.0,1650.0,-4.0,-4.0,-4.0,-4.0,-4.0,-4.0,-4.0,-4.0,1013.0,1143.0,1275.0,1401.0,1525.0,1657.0,-4.0,-4.0,-4.0,1017.0,1146.0,1278.0,1529.0,-4.0,-4.0,-4.0,-4.0,-4.0,-4.0,-4.0,-4.0,1040.0,1173.0,1308.0,1415.0,1553.0,1680.0,-4.0,-4.0,-4.0,-4.0,-4.0,-4.0,-4.0,-4.0,1058.0,1182.0,1317.0,1428.0,1571.0,1693.0,-4.0,-4.0,-4.0,-4.0,-4.0,-4.0,-4.0,-4.0,1062.0,1185.0,1320.0,1433.0,1576.0,1697.0,-4.0,-4.0,-4.0,-4.0,-4.0,-4.0,-4.0,-4.0,968.0,1099.0,1230.0,1350.0,1466.0,1608.0,-4.0,-4.0,-4.0,-4.0,-4.0,-4.0,-4.0,-4.0,988.0,1118.0,1251.0,1377.0,1497.0,1631.0,-4.0,-4.0,-4.0,-4.0,-4.0,-4.0,-4.0,-4.0,995.0,1123.0,1256.0,1385.0,1505.0,1639.0
18349.0,-4.0,-4.0,-4.0,-4.0,-4.0,-4.0,-4.0,-4.0,1008.0,0.0,1265.0,1398.0,1514.0,-5.0,-4.0,-4.0,-4.0,-4.0,-4.0,-4.0,-4.0,-4.0,1016.0,0.0,1275.0,1401.0,1526.0,-5.0,-4.0,-4.0,-4.0,1018.0,0.0,1278.0,1529.0,-4.0,-4.0,-4.0,-4.0,-4.0,-4.0,-4.0,-4.0,1049.0,0.0,1311.0,1411.0,1560.0,-5.0,-4.0,-4.0,-4.0,-4.0,-4.0,-4.0,-4.0,-4.0,1058.0,0.0,1317.0,1428.0,1571.0,-5.0,-4.0,-4.0,-4.0,-4.0,-4.0,-4.0,-4.0,-4.0,1062.0,0.0,1320.0,1433.0,1576.0,-5.0,-4.0,-4.0,-4.0,-4.0,-4.0,-4.0,-4.0,-4.0,973.0,1107.0,1239.0,1356.0,1460.0,-5.0,-4.0,-4.0,-4.0,-4.0,-4.0,-4.0,-4.0,-4.0,991.0,1118.0,1251.0,1378.0,1496.0,-5.0,-4.0,-4.0,-4.0,-4.0,-4.0,-4.0,-4.0,-4.0,995.0,1123.0,1256.0,1385.0,1505.0,-5.0
18350.0,-4.0,-4.0,-4.0,-4.0,-4.0,-4.0,-4.0,-4.0,1006.0,1132.0,1267.0,1394.0,-3.0,-4.0,-4.0,-4.0,-4.0,-4.0,-4.0,-4.0,-4.0,-4.0,1016.0,1143.0,1275.0,1401.0,-3.0,-4.0,-4.0,-4.0,-4.0,1018.0,1146.0,1278.0,-3.0,-4.0,-4.0,-4.0,-4.0,-4.0,-4.0,-4.0,-4.0,1040.0,1176.0,1311.0,1415.0,-3.0,-4.0,-4.0,-4.0,-4.0,-4.0,-4.0,-4.0,-4.0,-4.0,1058.0,1182.0,1317.0,1428.0,-3.0,-4.0,-4.0,-4.0,-4.0,-4.0,-4.0,-4.0,-4.0,-4.0,1062.0,1185.0,1320.0,1433.0,-3.0,-4.0,-4.0,-4.0,-4.0,-4.0,-4.0,-4.0,-4.0,-4.0,968.0,1099.0,1230.0,1343.0,-3.0,-4.0,-4.0,-4.0,-4.0,-4.0,-4.0,-4.0,-4.0,-4.0,988.0,1118.0,1251.0,1377.0,-3.0,-4.0,-4.0,-4.0,-4.0,-4.0,-4.0,-4.0,-4.0,-4.0,995.0,1123.0,1256.0,1385.0,-3.0,-4.0
18351.0,-4.0,-4.0,-4.0,-4.0,-4.0,-4.0,-4.0,-4.0,1008.0,1140.0,1265.0,-3.0,1509.0,1650.0,-4.0,-4.0,-4.0,-4.0,-4.0,-4.0,-4.0,-4.0,1016.0,1143.0,1275.0,-3.0,1524.0,1657.0,-4.0,-4.0,-4.0,1018.0,1146.0,1278.0,1528.0,-4.0,-4.0,-4.0,-4.0,-4.0,-4.0,-4.0,-4.0,1040.0,1176.0,1311.0,-3.0,1547.0,1676.0,-4.0,-4.0,-4.0,-4.0,-4.0,-4.0,-4.0,-4.0,1058.0,1182.0,1317.0,-3.0,1571.0,1693.0,-4.0,-4.0,-4.0,-4.0,-4.0,-4.0,-4.0,-4.0,1062.0,1185.0,1320.0,-3.0,1576.0,1697.0,-4.0,-4.0,-4.0,-4.0,-4.0,-4.0,-4.0,-4.0,968.0,1107.0,1239.0,-3.0,1475.0,1599.0,-4.0,-4.0,-4.0,-4.0,-4.0,-4.0,-4.0,-4.0,988.0,1118.0,1251.0,-3.0,1496.0,1631.0,-4.0,-4.0,-4.0,-4.0,-4.0,-4.0,-4.0,-4.0,995.0,1123.0,1256.0,-3.0,1505.0,1639.0
18352.0,-4.0,-4.0,-4.0,-4.0,-4.0,-4.0,-4.0,-4.0,1006.0,1132.0,1267.0,1394.0,1512.0,1650.0,-4.0,-4.0,-4.0,-4.0,-4.0,-4.0,-4.0,-4.0,1016.0,1143.0,1275.0,1401.0,1525.0,1657.0,-4.0,-4.0,-4.0,1018.0,1146.0,1278.0,1529.0,-4.0,-4.0,-4.0,-4.0,-4.0,-4.0,-4.0,-4.0,1040.0,1176.0,1311.0,1415.0,1552.0,1679.0,-4.0,-4.0,-4.0,-4.0,-4.0,-4.0,-4.0,-4.0,1058.0,1182.0,1317.0,1428.0,1571.0,1693.0,-4.0,-4.0,-4.0,-4.0,-4.0,-4.0,-4.0,-4.0,1062.0,1185.0,1320.0,1433.0,1576.0,1697.0,-4.0,-4.0,-4.0,-4.0,-4.0,-4.0,-4.0,-4.0,968.0,1099.0,1230.0,1358.0,1474.0,1606.0,-4.0,-4.0,-4.0,-4.0,-4.0,-4.0,-4.0,-4.0,988.0,1118.0,1251.0,1377.0,1497.0,1631.0,-4.0,-4.0,-4.0,-4.0,-4.0,-4.0,-4.0,-4.0,995.0,1123.0,1256.0,1385.0,1505.0,1639.0
18353.0,-4.0,-4.0,-4.0,-4.0,-4.0,-4.0,-4.0,-4.0,1008.0,1140.0,1261.0,1390.0,1509.0,-5.0,-4.0,-4.0,-4.0,-4.0,-4.0,-4.0,-4.0,-4.0,1016.0,1143.0,1274.0,1400.0,1524.0,-5.0,-4.0,-4.0,-4.0,1018.0,1146.0,1277.0,1528.0,-4.0,-4.0,-4.0,-4.0,-4.0,-4.0,-4.0,-4.0,1049.0,1177.0,1311.0,1402.0,1560.0,-5.0,-4.0,-4.0,-4.0,-4.0,-4.0,-4.0,-4.0,-4.0,1058.0,1182.0,1317.0,1426.0,1571.0,-5.0,-4.0,-4.0,-4.0,-4.0,-4.0,-4.0,-4.0,-4.0,1062.0,1185.0,1320.0,1432.0,1576.0,-5.0,-4.0,-4.0,-4.0,-4.0,-4.0,-4.0,-4.0,-4.0,973.0,1107.0,1239.0,1356.0,1460.0,-5.0,-4.0,-4.0,-4.0,-4.0,-4.0,-4.0,-4.0,-4.0,991.0,1118.0,1251.0,1378.0,1496.0,-5.0,-4.0,-4.0,-4.0,-4.0,-4.0,-4.0,-4.0,-4.0,995.0,1123.0,1256.0,1385.0,1505.0,-5.0
18354.0,-4.0,-4.0,-4.0,-4.0,-4.0,-4.0,-4.0,-4.0,1006.0,1132.0,1267.0,1394.0,1512.0,1651.0,-4.0,-4.0,-4.0,-4.0,-4.0,-4.0,-4.0,-4.0,1016.0,1143.0,1275.0,1401.0,1525.0,1657.0,-4.0,-4.0,-4.0,1018.0,1146.0,1278.0,1529.0,-4.0,-4.0,-4.0,-4.0,-4.0,-4.0,-4.0,-4.0,1040.0,1176.0,1311.0,1414.0,1547.0,1676.0,-4.0,-4.0,-4.0,-4.0,-4.0,-4.0,-4.0,-4.0,1058.0,1182.0,1317.0,1428.0,1571.0,1693.0,-4.0,-4.0,-4.0,-4.0,-4.0,-4.0,-4.0,-4.0,1062.0,1185.0,1320.0,1433.0,1576.0,1697.0,-4.0,-4.0,-4.0,-4.0,-4.0,-4.0,-4.0,-4.0,968.0,1099.0,1230.0,1343.0,1455.0,1607.0,-4.0,-4.0,-4.0,-4.0,-4.0,-4.0,-4.0,-4.0,988.0,1118.0,1251.0,1377.0,1497.0,1631.0,-4.0,-4.0,-4.0,-4.0,-4.0,-4.0,-4.0,-4.0,995.0,1123.0,1256.0,1385.0,1505.0,1639.0
18355.0,-4.0,-4.0,-4.0,-4.0,-4.0,-4.0,-4.0,-4.0,-4.0,1140.0,1267.0,-4.0,-4.0,-4.0,-4.0,-4.0,-4.0,-4.0,-4.0,-4.0,-4.0,-4.0,-4.0,1143.0,1275.0,-4.0,-4.0,-4.0,-4.0,-4.0,-4.0,-4.0,1146.0,1278.0,-4.0,-4.0,-4.0,-4.0,-4.0,-4.0,-4.0,-4.0,-4.0,-4.0,1176.0,1311.0,-4.0,-4.0,-4.0,-4.0,-4.0,-4.0,-4.0,-4.0,-4.0,-4.0,-4.0,-4.0,1182.0,1317.0,-4.0,-4.0,-4.0,-4.0,-4.0,-4.0,-4.0,-4.0,-4.0,-4.0,-4.0,-4.0,1185.0,1320.0,-4.0,-4.0,-4.0,-4.0,-4.0,-4.0,-4.0,-4.0,-4.0,-4.0,-4.0,-4.0,1099.0,1230.0,-4.0,-4.0,-4.0,-4.0,-4.0,-4.0,-4.0,-4.0,-4.0,-4.0,-4.0,-4.0,1118.0,1251.0,-4.0,-4.0,-4.0,-4.0,-4.0,-4.0,-4.0,-4.0,-4.0,-4.0,-4.0,-4.0,1123.0,1256.0,-4.0,-4.0,-4.0
18356.0,-4.0,-4.0,-4.0,-4.0,-4.0,-4.0,-4.0,-4.0,1008.0,1140.0,0.0,-4.0,-4.0,-4.0,-4.0,-4.0,-4.0,-4.0,-4.0,-4.0,-4.0,-4.0,1016.0,1143.0,0.0,-4.0,-4.0,-4.0,-4.0,-4.0,-4.0,1018.0,1146.0,0.0,-4.0,-4.0,-4.0,-4.0,-4.0,-4.0,-4.0,-4.0,-4.0,1043.0,1177.0,0.0,-4.0,-4.0,-4.0,-4.0,-4.0,-4.0,-4.0,-4.0,-4.0,-4.0,-4.0,1058.0,1182.0,0.0,-4.0,-4.0,-4.0,-4.0,-4.0,-4.0,-4.0,-4.0,-4.0,-4.0,-4.0,1062.0,1185.0,0.0,-4.0,-4.0,-4.0,-4.0,-4.0,-4.0,-4.0,-4.0,-4.0,-4.0,-4.0,973.0,1107.0,1239.0,-4.0,-4.0,-4.0,-4.0,-4.0,-4.0,-4.0,-4.0,-4.0,-4.0,-4.0,991.0,1118.0,1251.0,-4.0,-4.0,-4.0,-4.0,-4.0,-4.0,-4.0,-4.0,-4.0,-4.0,-4.0,995.0,1123.0,1256.0,-4.0,-4.0,-4.0
18357.0,-4.0,-4.0,-4.0,-4.0,-4.0,-4.0,-4.0,-4.0,0.0,1132.0,1267.0,1394.0,-3.0,1650.0,-4.0,-4.0,-4.0,-4.0,-4.0,-4.0,-4.0,-4.0,0.0,1143.0,1275.0,1401.0,-3.0,1657.0,-4.0,-4.0,-4.0,0.0,1146.0,1278.0,-3.0,-4.0,-4.0,-4.0,-4.0,-4.0,-4.0,-4.0,-4.0,1040.0,1173.0,1308.0,1415.0,-3.0,1680.0,-4.0,-4.0,-4.0,-4.0,-4.0,-4.0,-4.0,-4.0,1058.0,1182.0,1317.0,1428.0,-3.0,1693.0,-4.0,-4.0,-4.0,-4.0,-4.0,-4.0,-4.0,-4.0,1062.0,1185.0,1320.0,1433.0,-3.0,1697.0,-4.0,-4.0,-4.0,-4.0,-4.0,-4.0,-4.0,-4.0,968.0,1099.0,1230.0,1350.0,-3.0,1607.0,-4.0,-4.0,-4.0,-4.0,-4.0,-4.0,-4.0,-4.0,988.0,1118.0,1251.0,1377.0,-3.0,1631.0,-4.0,-4.0,-4.0,-4.0,-4.0,-4.0,-4.0,-4.0,995.0,1123.0,1256.0,1385.0,-3.0,1639.0
18358.0,-4.0,-4.0,-4.0,-4.0,-4.0,-4.0,-4.0,-4.0,1008.0,1140.0,1265.0,1395.0,1523.0,1651.0,-4.0,-4.0,-4.0,-4.0,-4.0,-4.0,-4.0,-4.0,1016.0,1143.0,1275.0,1401.0,1527.0,1657.0,-4.0,-4.0,-4.0,1018.0,1146.0,1278.0,1528.0,-4.0,-4.0,-4.0,-4.0,-4.0,-4.0,-4.0,-4.0,1049.0,1177.0,1311.0,1414.0,1551.0,1676.0,-4.0,-4.0,-4.0,-4.0,-4.0,-4.0,-4.0,-4.0,1058.0,1182.0,1317.0,1428.0,1571.0,1693.0,-4.0,-4.0,-4.0,-4.0,-4.0,-4.0,-4.0,-4.0,1062.0,1185.0,1320.0,1433.0,1576.0,1697.0,-4.0,-4.0,-4.0,-4.0,-4.0,-4.0,-4.0,-4.0,973.0,1107.0,1239.0,1351.0,1475.0,1599.0,-4.0,-4.0,-4.0,-4.0,-4.0,-4.0,-4.0,-4.0,991.0,1118.0,1251.0,1378.0,1496.0,1631.0,-4.0,-4.0,-4.0,-4.0,-4.0,-4.0,-4.0,-4.0,995.0,1123.0,1256.0,1385.0,1505.0,1639.0
18359.0,-4.0,-4.0,-4.0,-4.0,-4.0,-4.0,-4.0,-4.0,1008.0,1132.0,1267.0,1394.0,-3.0,1650.0,-4.0,-4.0,-4.0,-4.0,-4.0,-4.0,-4.0,-4.0,1016.0,1143.0,1275.0,1401.0,-3.0,1657.0,-4.0,-4.0,-4.0,1018.0,1146.0,1278.0,-3.0,-4.0,-4.0,-4.0,-4.0,-4.0,-4.0,-4.0,-4.0,1040.0,1176.0,1311.0,1415.0,-3.0,1679.0,-4.0,-4.0,-4.0,-4.0,-4.0,-4.0,-4.0,-4.0,1058.0,1182.0,1317.0,1428.0,-3.0,1693.0,-4.0,-4.0,-4.0,-4.0,-4.0,-4.0,-4.0,-4.0,1062.0,1185.0,1320.0,1433.0,-3.0,1697.0,-4.0,-4.0,-4.0,-4.0,-4.0,-4.0,-4.0,-4.0,968.0,1099.0,1230.0,1358.0,-3.0,1606.0,-4.0,-4.0,-4.0,-4.0,-4.0,-4.0,-4.0,-4.0,988.0,1118.0,1251.0,1377.0,-3.0,1631.0,-4.0,-4.0,-4.0,-4.0,-4.0,-4.0,-4.0,-4.0,995.0,1123.0,1256.0,1385.0,-3.0,1639.0
18360.0,-4.0,-4.0,-4.0,-4.0,-4.0,-4.0,-4.0,-4.0,1006.0,1140.0,1267.0,1394.0,1512.0,1650.0,-4.0,-4.0,-4.0,-4.0,-4.0,-4.0,-4.0,-4.0,1016.0,1143.0,1275.0,1401.0,1525.0,1657.0,-4.0,-4.0,-4.0,1018.0,1146.0,1278.0,1529.0,-4.0,-4.0,-4.0,-4.0,-4.0,-4.0,-4.0,-4.0,1040.0,1176.0,1311.0,1415.0,1552.0,1679.0,-4.0,-4.0,-4.0,-4.0,-4.0,-4.0,-4.0,-4.0,1058.0,1182.0,1317.0,1428.0,1571.0,1693.0,-4.0,-4.0,-4.0,-4.0,-4.0,-4.0,-4.0,-4.0,1062.0,1185.0,1320.0,1433.0,1576.0,1697.0,-4.0,-4.0,-4.0,-4.0,-4.0,-4.0,-4.0,-4.0,968.0,1099.0,1230.0,1358.0,1474.0,1605.0,-4.0,-4.0,-4.0,-4.0,-4.0,-4.0,-4.0,-4.0,988.0,1118.0,1251.0,1377.0,1497.0,1633.0,-4.0,-4.0,-4.0,-4.0,-4.0,-4.0,-4.0,-4.0,995.0,1123.0,1256.0,1385.0,1505.0,1639.0
18361.0,-4.0,-4.0,-4.0,-4.0,-4.0,-4.0,-4.0,-4.0,1006.0,1132.0,-3.0,1394.0,1512.0,1650.0,-4.0,-4.0,-4.0,-4.0,-4.0,-4.0,-4.0,-4.0,1016.0,1143.0,-3.0,1401.0,1525.0,1657.0,-4.0,-4.0,-4.0,1018.0,1146.0,-3.0,1529.0,-4.0,-4.0,-4.0,-4.0,-4.0,-4.0,-4.0,-4.0,1040.0,1176.0,-3.0,1415.0,1552.0,1680.0,-4.0,-4.0,-4.0,-4.0,-4.0,-4.0,-4.0,-4.0,1058.0,1182.0,-3.0,1428.0,1571.0,1693.0,-4.0,-4.0,-4.0,-4.0,-4.0,-4.0,-4.0,-4.0,1062.0,1185.0,-3.0,1433.0,1576.0,1697.0,-4.0,-4.0,-4.0,-4.0,-4.0,-4.0,-4.0,-4.0,968.0,1099.0,-3.0,1358.0,1474.0,1608.0,-4.0,-4.0,-4.0,-4.0,-4.0,-4.0,-4.0,-4.0,988.0,1118.0,-3.0,1377.0,1497.0,1631.0,-4.0,-4.0,-4.0,-4.0,-4.0,-4.0,-4.0,-4.0,995.0,1123.0,-3.0,1385.0,1505.0,1639.0
18362.0,-4.0,-4.0,-4.0,-4.0,-4.0,-4.0,-4.0,-4.0,1008.0,1140.0,1265.0,-4.0,-4.0,-4.0,-4.0,-4.0,-4.0,-4.0,-4.0,-4.0,-4.0,-4.0,1016.0,1143.0,1275.0,-4.0,-4.0,-4.0,-4.0,-4.0,-4.0,1018.0,1146.0,1278.0,-4.0,-4.0,-4.0,-4.0,-4.0,-4.0,-4.0,-4.0,-4.0,1049.0,1177.0,1311.0,-4.0,-4.0,-4.0,-4.0,-4.0,-4.0,-4.0,-4.0,-4.0,-4.0,-4.0,1058.0,1182.0,1317.0,-4.0,-4.0,-4.0,-4.0,-4.0,-4.0,-4.0,-4.0,-4.0,-4.0,-4.0,1062.0,1185.0,1320.0,-4.0,-4.0,-4.0,-4.0,-4.0,-4.0,-4.0,-4.0,-4.0,-4.0,-4.0,973.0,1107.0,1239.0,-4.0,-4.0,-4.0,-4.0,-4.0,-4.0,-4.0,-4.0,-4.0,-4.0,-4.0,991.0,1118.0,1251.0,-4.0,-4.0,-4.0,-4.0,-4.0,-4.0,-4.0,-4.0,-4.0,-4.0,-4.0,995.0,1123.0,1256.0,-4.0,-4.0,-4.0
18363.0,-4.0,-4.0,-4.0,-4.0,-4.0,-4.0,-4.0,-4.0,1008.0,1132.0,1265.0,1395.0,-3.0,1650.0,-4.0,-4.0,-4.0,-4.0,-4.0,-4.0,-4.0,-4.0,1016.0,1143.0,1275.0,1401.0,-3.0,1657.0,-4.0,-4.0,-4.0,1018.0,1146.0,1278.0,-3.0,-4.0,-4.0,-4.0,-4.0,-4.0,-4.0,-4.0,-4.0,1049.0,1177.0,1311.0,1415.0,-3.0,1674.0,-4.0,-4.0,-4.0,-4.0,-4.0,-4.0,-4.0,-4.0,1058.0,1182.0,1317.0,1428.0,-3.0,1693.0,-4.0,-4.0,-4.0,-4.0,-4.0,-4.0,-4.0,-4.0,1062.0,1185.0,1320.0,1433.0,-3.0,1697.0,-4.0,-4.0,-4.0,-4.0,-4.0,-4.0,-4.0,-4.0,973.0,1107.0,1239.0,1350.0,-3.0,1614.0,-4.0,-4.0,-4.0,-4.0,-4.0,-4.0,-4.0,-4.0,991.0,1118.0,1251.0,1377.0,-3.0,1631.0,-4.0,-4.0,-4.0,-4.0,-4.0,-4.0,-4.0,-4.0,995.0,1123.0,1256.0,1385.0,-3.0,1639.0
18364.0,-4.0,-4.0,-4.0,-4.0,-4.0,-4.0,-4.0,-4.0,1008.0,1132.0,1267.0,0.0,1512.0,1650.0,-4.0,-4.0,-4.0,-4.0,-4.0,-4.0,-4.0,-4.0,1016.0,1143.0,1275.0,0.0,1525.0,1657.0,-4.0,-4.0,-4.0,1018.0,1146.0,1278.0,1529.0,-4.0,-4.0,-4.0,-4.0,-4.0,-4.0,-4.0,-4.0,1049.0,1176.0,1308.0,0.0,1547.0,1679.0,-4.0,-4.0,-4.0,-4.0,-4.0,-4.0,-4.0,-4.0,1058.0,1182.0,1317.0,0.0,1571.0,1693.0,-4.0,-4.0,-4.0,-4.0,-4.0,-4.0,-4.0,-4.0,1062.0,1185.0,1320.0,0.0,1576.0,1697.0,-4.0,-4.0,-4.0,-4.0,-4.0,-4.0,-4.0,-4.0,973.0,1104.0,1239.0,1350.0,1455.0,1614.0,-4.0,-4.0,-4.0,-4.0,-4.0,-4.0,-4.0,-4.0,991.0,1118.0,1251.0,1377.0,1497.0,1631.0,-4.0,-4.0,-4.0,-4.0,-4.0,-4.0,-4.0,-4.0,995.0,1123.0,1256.0,1385.0,1505.0,1639.0
18365.0,-4.0,-4.0,-4.0,-4.0,-4.0,-4.0,-4.0,-4.0,0.0,1133.0,-3.0,1396.0,-3.0,1647.0,-4.0,-4.0,-4.0,-4.0,-4.0,-4.0,-4.0,-4.0,0.0,1144.0,-3.0,1400.0,-3.0,1656.0,-4.0,-4.0,-4.0,0.0,1146.0,-3.0,-3.0,-4.0,-4.0,-4.0,-4.0,-4.0,-4.0,-4.0,-4.0,1037.0,1168.0,-3.0,1405.0,-3.0,1669.0,-4.0,-4.0,-4.0,-4.0,-4.0,-4.0,-4.0,-4.0,1057.0,1181.0,-3.0,1427.0,-3.0,1692.0,-4.0,-4.0,-4.0,-4.0,-4.0,-4.0,-4.0,-4.0,1062.0,1185.0,-3.0,1433.0,-3.0,1697.0,-4.0,-4.0,-4.0,-4.0,-4.0,-4.0,-4.0,-4.0,957.0,1089.0,-3.0,1342.0,-3.0,1586.0,-4.0,-4.0,-4.0,-4.0,-4.0,-4.0,-4.0,-4.0,984.0,1115.0,-3.0,1374.0,-3.0,1629.0,-4.0,-4.0,-4.0,-4.0,-4.0,-4.0,-4.0,-4.0,994.0,1122.0,-3.0,1384.0,-3.0,1638.0
18366.0,-4.0,-4.0,-4.0,-4.0,-4.0,-4.0,-4.0,-4.0,1004.0,1137.0,1261.0,1393.0,1514.0,1647.0,-4.0,-4.0,-4.0,-4.0,-4.0,-4.0,-4.0,-4.0,1015.0,1143.0,1274.0,1400.0,1526.0,1656.0,-4.0,-4.0,-4.0,1018.0,1146.0,1277.0,1529.0,-4.0,-4.0,-4.0,-4.0,-4.0,-4.0,-4.0,-4.0,1029.0,1164.0,1297.0,1412.0,1537.0,1672.0,-4.0,-4.0,-4.0,-4.0,-4.0,-4.0,-4.0,-4.0,1056.0,1181.0,1316.0,1427.0,1570.0,1692.0,-4.0,-4.0,-4.0,-4.0,-4.0,-4.0,-4.0,-4.0,1062.0,1185.0,1320.0,1433.0,1576.0,1697.0,-4.0,-4.0,-4.0,-4.0,-4.0,-4.0,-4.0,-4.0,952.0,1089.0,1209.0,1330.0,1442.0,1589.0,-4.0,-4.0,-4.0,-4.0,-4.0,-4.0,-4.0,-4.0,984.0,1115.0,1247.0,1374.0,1493.0,1629.0,-4.0,-4.0,-4.0,-4.0,-4.0,-4.0,-4.0,-4.0,994.0,1122.0,1255.0,1384.0,1504.0,1638.0
18367.0,-4.0,-4.0,-4.0,-4.0,-4.0,-4.0,-4.0,-4.0,1004.0,1133.0,0.0,1393.0,1518.0,1649.0,-4.0,-4.0,-4.0,-4.0,-4.0,-4.0,-4.0,-4.0,1015.0,1144.0,0.0,1400.0,1525.0,1656.0,-4.0,-4.0,-4.0,1018.0,1146.0,0.0,1529.0,-4.0,-4.0,-4.0,-4.0,-4.0,-4.0,-4.0,-4.0,1037.0,1164.0,1303.0,1405.0,1546.0,1673.0,-4.0,-4.0,-4.0,-4.0,-4.0,-4.0,-4.0,-4.0,1057.0,1181.0,1316.0,1427.0,1570.0,1692.0,-4.0,-4.0,-4.0,-4.0,-4.0,-4.0,-4.0,-4.0,1062.0,1185.0,1320.0,1433.0,1576.0,1697.0,-4.0,-4.0,-4.0,-4.0,-4.0,-4.0,-4.0,-4.0,952.0,1082.0,1224.0,1342.0,1454.0,1596.0,-4.0,-4.0,-4.0,-4.0,-4.0,-4.0,-4.0,-4.0,984.0,1115.0,1247.0,1374.0,1493.0,1629.0,-4.0,-4.0,-4.0,-4.0,-4.0,-4.0,-4.0,-4.0,994.0,1122.0,1255.0,1384.0,1504.0,1638.0
18368.0,-4.0,-4.0,-4.0,-4.0,-4.0,-4.0,-4.0,-4.0,0.0,1133.0,1268.0,1393.0,-3.0,0.0,-4.0,-4.0,-4.0,-4.0,-4.0,-4.0,-4.0,-4.0,0.0,1144.0,1276.0,1400.0,-3.0,0.0,-4.0,-4.0,-4.0,0.0,1146.0,1278.0,-3.0,-4.0,-4.0,-4.0,-4.0,-4.0,-4.0,-4.0,-4.0,1035.0,1165.0,1304.0,1407.0,-3.0,0.0,-4.0,-4.0,-4.0,-4.0,-4.0,-4.0,-4.0,-4.0,1056.0,1181.0,1316.0,1427.0,-3.0,0.0,-4.0,-4.0,-4.0,-4.0,-4.0,-4.0,-4.0,-4.0,1062.0,1185.0,1320.0,1433.0,-3.0,0.0,-4.0,-4.0,-4.0,-4.0,-4.0,-4.0,-4.0,-4.0,953.0,1088.0,1213.0,1341.0,-3.0,1595.0,-4.0,-4.0,-4.0,-4.0,-4.0,-4.0,-4.0,-4.0,985.0,1116.0,1248.0,1375.0,-3.0,1630.0,-4.0,-4.0,-4.0,-4.0,-4.0,-4.0,-4.0,-4.0,994.0,1122.0,1255.0,1384.0,-3.0,1638.0
18369.0,-4.0,-4.0,-4.0,-4.0,-4.0,-4.0,-4.0,-4.0,1004.0,0.0,1270.0,1392.0,1515.0,0.0,-4.0,-4.0,-4.0,-4.0,-4.0,-4.0,-4.0,-4.0,1015.0,0.0,1276.0,1399.0,1526.0,0.0,-4.0,-4.0,-4.0,1018.0,0.0,1278.0,1529.0,-4.0,-4.0,-4.0,-4.0,-4.0,-4.0,-4.0,-4.0,1035.0,0.0,1299.0,1409.0,1540.0,0.0,-4.0,-4.0,-4.0,-4.0,-4.0,-4.0,-4.0,-4.0,1056.0,0.0,1316.0,1427.0,1570.0,0.0,-4.0,-4.0,-4.0,-4.0,-4.0,-4.0,-4.0,-4.0,1062.0,0.0,1320.0,1433.0,1576.0,0.0,-4.0,-4.0,-4.0,-4.0,-4.0,-4.0,-4.0,-4.0,953.0,1088.0,1218.0,1334.0,1449.0,1594.0,-4.0,-4.0,-4.0,-4.0,-4.0,-4.0,-4.0,-4.0,985.0,1116.0,1249.0,1375.0,1495.0,1630.0,-4.0,-4.0,-4.0,-4.0,-4.0,-4.0,-4.0,-4.0,994.0,1122.0,1255.0,1384.0,1504.0,1638.0
18370.0,-4.0,-4.0,-4.0,-4.0,-4.0,-4.0,-4.0,-4.0,-3.0,0.0,-3.0,-5.0,1512.0,1647.0,-4.0,-4.0,-4.0,-4.0,-4.0,-4.0,-4.0,-4.0,-3.0,0.0,-3.0,-5.0,1525.0,1656.0,-4.0,-4.0,-4.0,-3.0,0.0,-3.0,1529.0,-4.0,-4.0,-4.0,-4.0,-4.0,-4.0,-4.0,-4.0,-3.0,0.0,-3.0,-5.0,1552.0,1679.0,-4.0,-4.0,-4.0,-4.0,-4.0,-4.0,-4.0,-4.0,-3.0,0.0,-3.0,-5.0,1571.0,1693.0,-4.0,-4.0,-4.0,-4.0,-4.0,-4.0,-4.0,-4.0,-3.0,0.0,-3.0,-5.0,1576.0,1697.0,-4.0,-4.0,-4.0,-4.0,-4.0,-4.0,-4.0,-4.0,-3.0,1096.0,-3.0,-5.0,1459.0,1603.0,-4.0,-4.0,-4.0,-4.0,-4.0,-4.0,-4.0,-4.0,-3.0,1116.0,-3.0,-5.0,1497.0,1633.0,-4.0,-4.0,-4.0,-4.0,-4.0,-4.0,-4.0,-4.0,-3.0,1122.0,-3.0,-5.0,1505.0,1639.0
18371.0,-4.0,-4.0,-4.0,-4.0,-4.0,-4.0,-4.0,-4.0,0.0,0.0,-4.0,-4.0,-4.0,-4.0,-4.0,-4.0,-4.0,-4.0,-4.0,-4.0,-4.0,-4.0,0.0,0.0,-4.0,-4.0,-4.0,-4.0,-4.0,-4.0,-4.0,0.0,0.0,-4.0,-4.0,-4.0,-4.0,-4.0,-4.0,-4.0,-4.0,-4.0,-4.0,0.0,0.0,-4.0,-4.0,-4.0,-4.0,-4.0,-4.0,-4.0,-4.0,-4.0,-4.0,-4.0,-4.0,0.0,0.0,-4.0,-4.0,-4.0,-4.0,-4.0,-4.0,-4.0,-4.0,-4.0,-4.0,-4.0,-4.0,0.0,0.0,-4.0,-4.0,-4.0,-4.0,-4.0,-4.0,-4.0,-4.0,-4.0,-4.0,-4.0,-4.0,957.0,1078.0,-4.0,-4.0,-4.0,-4.0,-4.0,-4.0,-4.0,-4.0,-4.0,-4.0,-4.0,-4.0,984.0,1114.0,-4.0,-4.0,-4.0,-4.0,-4.0,-4.0,-4.0,-4.0,-4.0,-4.0,-4.0,-4.0,994.0,1120.0,-4.0,-4.0,-4.0,-4.0
18372.0,-4.0,-4.0,-4.0,-4.0,-4.0,-4.0,-4.0,-4.0,1004.0,1133.0,1268.0,0.0,1515.0,1647.0,-4.0,-4.0,-4.0,-4.0,-4.0,-4.0,-4.0,-4.0,1015.0,1144.0,1276.0,0.0,1526.0,1656.0,-4.0,-4.0,-4.0,1018.0,1146.0,1278.0,1529.0,-4.0,-4.0,-4.0,-4.0,-4.0,-4.0,-4.0,-4.0,1035.0,1165.0,1299.0,1410.0,1549.0,1671.0,-4.0,-4.0,-4.0,-4.0,-4.0,-4.0,-4.0,-4.0,1056.0,1181.0,1316.0,1427.0,1570.0,1692.0,-4.0,-4.0,-4.0,-4.0,-4.0,-4.0,-4.0,-4.0,1062.0,1185.0,1320.0,1433.0,1576.0,1697.0,-4.0,-4.0,-4.0,-4.0,-4.0,-4.0,-4.0,-4.0,959.0,1090.0,1221.0,1335.0,1457.0,1592.0,-4.0,-4.0,-4.0,-4.0,-4.0,-4.0,-4.0,-4.0,985.0,1116.0,1249.0,1374.0,1495.0,1630.0,-4.0,-4.0,-4.0,-4.0,-4.0,-4.0,-4.0,-4.0,994.0,1122.0,1255.0,1384.0,1504.0,1638.0
18373.0,-4.0,-4.0,-4.0,-4.0,-4.0,-4.0,-4.0,-4.0,0.0,0.0,0.0,1396.0,1512.0,-4.0,-4.0,-4.0,-4.0,-4.0,-4.0,-4.0,-4.0,-4.0,0.0,0.0,0.0,1400.0,1525.0,-4.0,-4.0,-4.0,-4.0,0.0,0.0,0.0,1529.0,-4.0,-4.0,-4.0,-4.0,-4.0,-4.0,-4.0,-4.0,0.0,0.0,1308.0,1408.0,1545.0,-4.0,-4.0,-4.0,-4.0,-4.0,-4.0,-4.0,-4.0,-4.0,0.0,0.0,1317.0,1427.0,1570.0,-4.0,-4.0,-4.0,-4.0,-4.0,-4.0,-4.0,-4.0,-4.0,0.0,0.0,1320.0,1433.0,1576.0,-4.0,-4.0,-4.0,-4.0,-4.0,-4.0,-4.0,-4.0,-4.0,956.0,1086.0,1214.0,1339.0,1453.0,-4.0,-4.0,-4.0,-4.0,-4.0,-4.0,-4.0,-4.0,-4.0,986.0,1116.0,1248.0,1375.0,1493.0,-4.0,-4.0,-4.0,-4.0,-4.0,-4.0,-4.0,-4.0,-4.0,994.0,1122.0,1255.0,1384.0,1504.0,-4.0
18374.0,-4.0,-4.0,-4.0,-4.0,-4.0,-4.0,-4.0,-4.0,0.0,1128.0,1261.0,1389.0,-3.0,-3.0,-4.0,-4.0,-4.0,-4.0,-4.0,-4.0,-4.0,-4.0,0.0,1142.0,1274.0,1399.0,-3.0,-3.0,-4.0,-4.0,-4.0,0.0,1145.0,1277.0,-3.0,-4.0,-4.0,-4.0,-4.0,-4.0,-4.0,-4.0,-4.0,1028.0,1151.0,1293.0,1402.0,-3.0,-3.0,-4.0,-4.0,-4.0,-4.0,-4.0,-4.0,-4.0,-4.0,1054.0,1178.0,1315.0,1426.0,-3.0,-3.0,-4.0,-4.0,-4.0,-4.0,-4.0,-4.0,-4.0,-4.0,1061.0,1184.0,1318.0,1432.0,-3.0,-3.0,-4.0,-4.0,-4.0,-4.0,-4.0,-4.0,-4.0,-4.0,928.0,1068.0,1192.0,1321.0,-3.0,-3.0,-4.0,-4.0,-4.0,-4.0,-4.0,-4.0,-4.0,-4.0,977.0,1110.0,1242.0,1371.0,-3.0,-3.0,-4.0,-4.0,-4.0,-4.0,-4.0,-4.0,-4.0,-4.0,992.0,1121.0,1254.0,1383.0,-3.0,-3.0
18375.0,-4.0,-4.0,-4.0,-4.0,-4.0,-4.0,-4.0,-4.0,0.0,1128.0,1261.0,1396.0,1515.0,1647.0,-4.0,-4.0,-4.0,-4.0,-4.0,-4.0,-4.0,-4.0,0.0,1142.0,1274.0,1400.0,1526.0,1656.0,-4.0,-4.0,-4.0,0.0,1145.0,1277.0,1529.0,-4.0,-4.0,-4.0,-4.0,-4.0,-4.0,-4.0,-4.0,1028.0,1157.0,1289.0,1408.0,1545.0,1668.0,-4.0,-4.0,-4.0,-4.0,-4.0,-4.0,-4.0,-4.0,1054.0,1180.0,1314.0,1427.0,1570.0,1692.0,-4.0,-4.0,-4.0,-4.0,-4.0,-4.0,-4.0,-4.0,1061.0,1184.0,1319.0,1433.0,1576.0,1697.0,-4.0,-4.0,-4.0,-4.0,-4.0,-4.0,-4.0,-4.0,940.0,1084.0,1212.0,1339.0,1463.0,1589.0,-4.0,-4.0,-4.0,-4.0,-4.0,-4.0,-4.0,-4.0,979.0,1110.0,1242.0,1375.0,1493.0,1629.0,-4.0,-4.0,-4.0,-4.0,-4.0,-4.0,-4.0,-4.0,993.0,1121.0,1254.0,1384.0,1504.0,1638.0
18376.0,-4.0,-4.0,-4.0,-4.0,-4.0,-4.0,-4.0,-4.0,1000.0,1128.0,1261.0,1390.0,1510.0,1644.0,-4.0,-4.0,-4.0,-4.0,-4.0,-4.0,-4.0,-4.0,1013.0,1142.0,1274.0,1400.0,1524.0,1655.0,-4.0,-4.0,-4.0,1017.0,1145.0,1277.0,1528.0,-4.0,-4.0,-4.0,-4.0,-4.0,-4.0,-4.0,-4.0,1036.0,1157.0,1289.0,1406.0,1532.0,1659.0,-4.0,-4.0,-4.0,-4.0,-4.0,-4.0,-4.0,-4.0,1054.0,1180.0,1314.0,1426.0,1568.0,1690.0,-4.0,-4.0,-4.0,-4.0,-4.0,-4.0,-4.0,-4.0,1061.0,1184.0,1319.0,1432.0,1575.0,1696.0,-4.0,-4.0,-4.0,-4.0,-4.0,-4.0,-4.0,-4.0,954.0,1073.0,1197.0,1336.0,1436.0,1579.0,-4.0,-4.0,-4.0,-4.0,-4.0,-4.0,-4.0,-4.0,979.0,1112.0,1242.0,1372.0,1491.0,1627.0,-4.0,-4.0,-4.0,-4.0,-4.0,-4.0,-4.0,-4.0,993.0,1121.0,1254.0,1383.0,1503.0,1637.0
18377.0,-4.0,-4.0,-4.0,-4.0,-4.0,-4.0,-4.0,-4.0,0.0,0.0,0.0,-4.0,-4.0,-4.0,-4.0,-4.0,-4.0,-4.0,-4.0,-4.0,-4.0,-4.0,0.0,0.0,0.0,-4.0,-4.0,-4.0,-4.0,-4.0,-4.0,0.0,0.0,0.0,-4.0,-4.0,-4.0,-4.0,-4.0,-4.0,-4.0,-4.0,-4.0,1028.0,1159.0,1286.0,-4.0,-4.0,-4.0,-4.0,-4.0,-4.0,-4.0,-4.0,-4.0,-4.0,-4.0,1054.0,1180.0,1314.0,-4.0,-4.0,-4.0,-4.0,-4.0,-4.0,-4.0,-4.0,-4.0,-4.0,-4.0,1061.0,1184.0,1319.0,-4.0,-4.0,-4.0,-4.0,-4.0,-4.0,-4.0,-4.0,-4.0,-4.0,-4.0,933.0,1070.0,1210.0,-4.0,-4.0,-4.0,-4.0,-4.0,-4.0,-4.0,-4.0,-4.0,-4.0,-4.0,979.0,1112.0,1244.0,-4.0,-4.0,-4.0,-4.0,-4.0,-4.0,-4.0,-4.0,-4.0,-4.0,-4.0,993.0,1121.0,1254.0,-4.0,-4.0,-4.0
18378.0,-4.0,-4.0,-4.0,-4.0,-4.0,-4.0,-4.0,-4.0,1000.0,1133.0,-3.0,-4.0,-4.0,-4.0,-4.0,-4.0,-4.0,-4.0,-4.0,-4.0,-4.0,-4.0,1013.0,1144.0,-3.0,-4.0,-4.0,-4.0,-4.0,-4.0,-4.0,1017.0,1146.0,-3.0,-4.0,-4.0,-4.0,-4.0,-4.0,-4.0,-4.0,-4.0,-4.0,1036.0,1165.0,-3.0,-4.0,-4.0,-4.0,-4.0,-4.0,-4.0,-4.0,-4.0,-4.0,-4.0,-4.0,1054.0,1181.0,-3.0,-4.0,-4.0,-4.0,-4.0,-4.0,-4.0,-4.0,-4.0,-4.0,-4.0,-4.0,1061.0,1185.0,-3.0,-4.0,-4.0,-4.0,-4.0,-4.0,-4.0,-4.0,-4.0,-4.0,-4.0,-4.0,954.0,1073.0,-3.0,-4.0,-4.0,-4.0,-4.0,-4.0,-4.0,-4.0,-4.0,-4.0,-4.0,-4.0,979.0,1112.0,-3.0,-4.0,-4.0,-4.0,-4.0,-4.0,-4.0,-4.0,-4.0,-4.0,-4.0,-4.0,993.0,1121.0,-3.0,-4.0,-4.0,-4.0
18379.0,-4.0,-4.0,-4.0,-4.0,-4.0,-4.0,-4.0,-4.0,1006.0,0.0,1263.0,1391.0,1510.0,1643.0,-4.0,-4.0,-4.0,-4.0,-4.0,-4.0,-4.0,-4.0,1016.0,0.0,1274.0,1399.0,1524.0,1655.0,-4.0,-4.0,-4.0,1018.0,0.0,1277.0,1528.0,-4.0,-4.0,-4.0,-4.0,-4.0,-4.0,-4.0,-4.0,1028.0,1159.0,1286.0,1402.0,1530.0,1660.0,-4.0,-4.0,-4.0,-4.0,-4.0,-4.0,-4.0,-4.0,1054.0,1180.0,1314.0,1426.0,1567.0,1690.0,-4.0,-4.0,-4.0,-4.0,-4.0,-4.0,-4.0,-4.0,1061.0,1184.0,1319.0,1432.0,1575.0,1696.0,-4.0,-4.0,-4.0,-4.0,-4.0,-4.0,-4.0,-4.0,933.0,1087.0,1194.0,1327.0,1438.0,1581.0,-4.0,-4.0,-4.0,-4.0,-4.0,-4.0,-4.0,-4.0,979.0,1112.0,1244.0,1372.0,1491.0,1626.0,-4.0,-4.0,-4.0,-4.0,-4.0,-4.0,-4.0,-4.0,993.0,1121.0,1254.0,1383.0,1503.0,1637.0
18380.0,-4.0,-4.0,-4.0,-4.0,-4.0,-4.0,-4.0,-4.0,0.0,1128.0,1261.0,1390.0,1510.0,1644.0,-4.0,-4.0,-4.0,-4.0,-4.0,-4.0,-4.0,-4.0,0.0,1142.0,1274.0,1400.0,1524.0,1655.0,-4.0,-4.0,-4.0,0.0,1145.0,1277.0,1528.0,-4.0,-4.0,-4.0,-4.0,-4.0,-4.0,-4.0,-4.0,1036.0,1157.0,1289.0,1406.0,1532.0,1659.0,-4.0,-4.0,-4.0,-4.0,-4.0,-4.0,-4.0,-4.0,1054.0,1180.0,1314.0,1426.0,1568.0,1690.0,-4.0,-4.0,-4.0,-4.0,-4.0,-4.0,-4.0,-4.0,1061.0,1184.0,1319.0,1432.0,1575.0,1696.0,-4.0,-4.0,-4.0,-4.0,-4.0,-4.0,-4.0,-4.0,954.0,1073.0,1197.0,1336.0,1436.0,1579.0,-4.0,-4.0,-4.0,-4.0,-4.0,-4.0,-4.0,-4.0,979.0,1112.0,1242.0,1372.0,1491.0,1627.0,-4.0,-4.0,-4.0,-4.0,-4.0,-4.0,-4.0,-4.0,993.0,1121.0,1254.0,1383.0,1503.0,1637.0
18381.0,-4.0,-4.0,-4.0,-4.0,-4.0,-4.0,-4.0,-4.0,0.0,0.0,1261.0,1390.0,1510.0,1644.0,-4.0,-4.0,-4.0,-4.0,-4.0,-4.0,-4.0,-4.0,0.0,0.0,1274.0,1400.0,1524.0,1655.0,-4.0,-4.0,-4.0,0.0,0.0,1277.0,1528.0,-4.0,-4.0,-4.0,-4.0,-4.0,-4.0,-4.0,-4.0,1036.0,1157.0,1289.0,1406.0,1532.0,1659.0,-4.0,-4.0,-4.0,-4.0,-4.0,-4.0,-4.0,-4.0,1054.0,1180.0,1314.0,1426.0,1568.0,1690.0,-4.0,-4.0,-4.0,-4.0,-4.0,-4.0,-4.0,-4.0,1061.0,1184.0,1319.0,1432.0,1575.0,1696.0,-4.0,-4.0,-4.0,-4.0,-4.0,-4.0,-4.0,-4.0,954.0,1073.0,1197.0,1336.0,1436.0,1579.0,-4.0,-4.0,-4.0,-4.0,-4.0,-4.0,-4.0,-4.0,979.0,1112.0,1242.0,1372.0,1491.0,1627.0,-4.0,-4.0,-4.0,-4.0,-4.0,-4.0,-4.0,-4.0,993.0,1121.0,1254.0,1383.0,1503.0,1637.0
18382.0,-4.0,-4.0,-4.0,-4.0,-4.0,-4.0,-4.0,-4.0,1006.0,1128.0,0.0,1392.0,-3.0,-3.0,-4.0,-4.0,-4.0,-4.0,-4.0,-4.0,-4.0,-4.0,1016.0,1142.0,0.0,1399.0,-3.0,-3.0,-4.0,-4.0,-4.0,1018.0,1145.0,0.0,-3.0,-4.0,-4.0,-4.0,-4.0,-4.0,-4.0,-4.0,-4.0,1028.0,1159.0,1286.0,1403.0,-3.0,-3.0,-4.0,-4.0,-4.0,-4.0,-4.0,-4.0,-4.0,-4.0,1054.0,1180.0,1314.0,1426.0,-3.0,-3.0,-4.0,-4.0,-4.0,-4.0,-4.0,-4.0,-4.0,-4.0,1061.0,1184.0,1319.0,1432.0,-3.0,-3.0,-4.0,-4.0,-4.0,-4.0,-4.0,-4.0,-4.0,-4.0,955.0,1070.0,1210.0,1327.0,-3.0,-3.0,-4.0,-4.0,-4.0,-4.0,-4.0,-4.0,-4.0,-4.0,979.0,1112.0,1244.0,1372.0,-3.0,-3.0,-4.0,-4.0,-4.0,-4.0,-4.0,-4.0,-4.0,-4.0,993.0,1121.0,1254.0,1383.0,-3.0,-3.0
18383.0,-4.0,-4.0,-4.0,-4.0,-4.0,-4.0,-4.0,-4.0,1000.0,1127.0,1259.0,0.0,1510.0,0.0,-4.0,-4.0,-4.0,-4.0,-4.0,-4.0,-4.0,-4.0,1013.0,1141.0,1273.0,0.0,1524.0,0.0,-4.0,-4.0,-4.0,1017.0,1145.0,1277.0,1528.0,-4.0,-4.0,-4.0,-4.0,-4.0,-4.0,-4.0,-4.0,1024.0,1152.0,1285.0,1402.0,1530.0,1660.0,-4.0,-4.0,-4.0,-4.0,-4.0,-4.0,-4.0,-4.0,1053.0,1178.0,1312.0,1426.0,1567.0,1690.0,-4.0,-4.0,-4.0,-4.0,-4.0,-4.0,-4.0,-4.0,1060.0,1184.0,1318.0,1432.0,1575.0,1696.0,-4.0,-4.0,-4.0,-4.0,-4.0,-4.0,-4.0,-4.0,932.0,1076.0,1193.0,1324.0,1437.0,1580.0,-4.0,-4.0,-4.0,-4.0,-4.0,-4.0,-4.0,-4.0,978.0,1114.0,1243.0,1371.0,1491.0,1626.0,-4.0,-4.0,-4.0,-4.0,-4.0,-4.0,-4.0,-4.0,992.0,1120.0,1253.0,1383.0,1503.0,1637.0
18384.0,-4.0,-4.0,-4.0,-4.0,-4.0,-4.0,-4.0,-4.0,-3.0,1128.0,1259.0,-4.0,-4.0,-4.0,-4.0,-4.0,-4.0,-4.0,-4.0,-4.0,-4.0,-4.0,-3.0,1142.0,1273.0,-4.0,-4.0,-4.0,-4.0,-4.0,-4.0,-3.0,1145.0,1277.0,-4.0,-4.0,-4.0,-4.0,-4.0,-4.0,-4.0,-4.0,-4.0,-3.0,1150.0,1291.0,-4.0,-4.0,-4.0,-4.0,-4.0,-4.0,-4.0,-4.0,-4.0,-4.0,-4.0,-3.0,1178.0,1312.0,-4.0,-4.0,-4.0,-4.0,-4.0,-4.0,-4.0,-4.0,-4.0,-4.0,-4.0,-3.0,1184.0,1318.0,-4.0,-4.0,-4.0,-4.0,-4.0,-4.0,-4.0,-4.0,-4.0,-4.0,-4.0,-3.0,1069.0,1199.0,-4.0,-4.0,-4.0,-4.0,-4.0,-4.0,-4.0,-4.0,-4.0,-4.0,-4.0,-3.0,1111.0,1246.0,-4.0,-4.0,-4.0,-4.0,-4.0,-4.0,-4.0,-4.0,-4.0,-4.0,-4.0,-3.0,1120.0,1253.0,-4.0,-4.0,-4.0
18385.0,-4.0,-4.0,-4.0,-4.0,-4.0,-4.0,-4.0,-4.0,1001.0,1128.0,1259.0,-4.0,-4.0,-4.0,-4.0,-4.0,-4.0,-4.0,-4.0,-4.0,-4.0,-4.0,1013.0,1142.0,1273.0,-4.0,-4.0,-4.0,-4.0,-4.0,-4.0,1017.0,1145.0,1277.0,-4.0,-4.0,-4.0,-4.0,-4.0,-4.0,-4.0,-4.0,-4.0,1028.0,1151.0,1292.0,-4.0,-4.0,-4.0,-4.0,-4.0,-4.0,-4.0,-4.0,-4.0,-4.0,-4.0,1054.0,1178.0,1315.0,-4.0,-4.0,-4.0,-4.0,-4.0,-4.0,-4.0,-4.0,-4.0,-4.0,-4.0,1061.0,1184.0,1318.0,-4.0,-4.0,-4.0,-4.0,-4.0,-4.0,-4.0,-4.0,-4.0,-4.0,-4.0,942.0,1077.0,1201.0,-4.0,-4.0,-4.0,-4.0,-4.0,-4.0,-4.0,-4.0,-4.0,-4.0,-4.0,980.0,1114.0,1245.0,-4.0,-4.0,-4.0,-4.0,-4.0,-4.0,-4.0,-4.0,-4.0,-4.0,-4.0,992.0,1120.0,1253.0,-4.0,-4.0,-4.0
18386.0,-4.0,-4.0,-4.0,-4.0,-4.0,-4.0,-4.0,-4.0,0.0,1126.0,1262.0,-4.0,-4.0,-4.0,-4.0,-4.0,-4.0,-4.0,-4.0,-4.0,-4.0,-4.0,0.0,1141.0,1273.0,-4.0,-4.0,-4.0,-4.0,-4.0,-4.0,0.0,1145.0,1277.0,-4.0,-4.0,-4.0,-4.0,-4.0,-4.0,-4.0,-4.0,-4.0,1024.0,1158.0,1291.0,-4.0,-4.0,-4.0,-4.0,-4.0,-4.0,-4.0,-4.0,-4.0,-4.0,-4.0,1053.0,1178.0,1312.0,-4.0,-4.0,-4.0,-4.0,-4.0,-4.0,-4.0,-4.0,-4.0,-4.0,-4.0,1060.0,1184.0,1318.0,-4.0,-4.0,-4.0,-4.0,-4.0,-4.0,-4.0,-4.0,-4.0,-4.0,-4.0,938.0,1069.0,1199.0,-4.0,-4.0,-4.0,-4.0,-4.0,-4.0,-4.0,-4.0,-4.0,-4.0,-4.0,978.0,1111.0,1246.0,-4.0,-4.0,-4.0,-4.0,-4.0,-4.0,-4.0,-4.0,-4.0,-4.0,-4.0,992.0,1120.0,1253.0,-4.0,-4.0,-4.0
18387.0,-4.0,-4.0,-4.0,-4.0,-4.0,-4.0,-4.0,-4.0,0.0,1128.0,1261.0,-4.0,-4.0,-4.0,-4.0,-4.0,-4.0,-4.0,-4.0,-4.0,-4.0,-4.0,0.0,1142.0,1274.0,-4.0,-4.0,-4.0,-4.0,-4.0,-4.0,0.0,1145.0,1277.0,-4.0,-4.0,-4.0,-4.0,-4.0,-4.0,-4.0,-4.0,-4.0,1030.0,1150.0,1293.0,-4.0,-4.0,-4.0,-4.0,-4.0,-4.0,-4.0,-4.0,-4.0,-4.0,-4.0,1053.0,1178.0,1315.0,-4.0,-4.0,-4.0,-4.0,-4.0,-4.0,-4.0,-4.0,-4.0,-4.0,-4.0,1060.0,1184.0,1318.0,-4.0,-4.0,-4.0,-4.0,-4.0,-4.0,-4.0,-4.0,-4.0,-4.0,-4.0,941.0,1078.0,1206.0,-4.0,-4.0,-4.0,-4.0,-4.0,-4.0,-4.0,-4.0,-4.0,-4.0,-4.0,978.0,1114.0,1245.0,-4.0,-4.0,-4.0,-4.0,-4.0,-4.0,-4.0,-4.0,-4.0,-4.0,-4.0,992.0,1120.0,1253.0,-4.0,-4.0,-4.0
18388.0,-4.0,-4.0,-4.0,-4.0,-4.0,-4.0,-4.0,-4.0,0.0,1128.0,1259.0,-4.0,-4.0,-4.0,-4.0,-4.0,-4.0,-4.0,-4.0,-4.0,-4.0,-4.0,0.0,1142.0,1273.0,-4.0,-4.0,-4.0,-4.0,-4.0,-4.0,0.0,1145.0,1277.0,-4.0,-4.0,-4.0,-4.0,-4.0,-4.0,-4.0,-4.0,-4.0,1030.0,1150.0,1292.0,-4.0,-4.0,-4.0,-4.0,-4.0,-4.0,-4.0,-4.0,-4.0,-4.0,-4.0,1053.0,1178.0,1315.0,-4.0,-4.0,-4.0,-4.0,-4.0,-4.0,-4.0,-4.0,-4.0,-4.0,-4.0,1060.0,1184.0,1318.0,-4.0,-4.0,-4.0,-4.0,-4.0,-4.0,-4.0,-4.0,-4.0,-4.0,-4.0,941.0,1078.0,1198.0,-4.0,-4.0,-4.0,-4.0,-4.0,-4.0,-4.0,-4.0,-4.0,-4.0,-4.0,978.0,1114.0,1245.0,-4.0,-4.0,-4.0,-4.0,-4.0,-4.0,-4.0,-4.0,-4.0,-4.0,-4.0,992.0,1120.0,1253.0,-4.0,-4.0,-4.0
18389.0,-4.0,-4.0,-4.0,-4.0,-4.0,-4.0,-4.0,-4.0,1000.0,1127.0,1261.0,-4.0,-4.0,-4.0,-4.0,-4.0,-4.0,-4.0,-4.0,-4.0,-4.0,-4.0,1013.0,1141.0,1274.0,-4.0,-4.0,-4.0,-4.0,-4.0,-4.0,1017.0,1145.0,1277.0,-4.0,-4.0,-4.0,-4.0,-4.0,-4.0,-4.0,-4.0,-4.0,1030.0,1152.0,1293.0,-4.0,-4.0,-4.0,-4.0,-4.0,-4.0,-4.0,-4.0,-4.0,-4.0,-4.0,1053.0,1178.0,1315.0,-4.0,-4.0,-4.0,-4.0,-4.0,-4.0,-4.0,-4.0,-4.0,-4.0,-4.0,1060.0,1184.0,1318.0,-4.0,-4.0,-4.0,-4.0,-4.0,-4.0,-4.0,-4.0,-4.0,-4.0,-4.0,941.0,1078.0,1206.0,-4.0,-4.0,-4.0,-4.0,-4.0,-4.0,-4.0,-4.0,-4.0,-4.0,-4.0,978.0,1114.0,1245.0,-4.0,-4.0,-4.0,-4.0,-4.0,-4.0,-4.0,-4.0,-4.0,-4.0,-4.0,992.0,1120.0,1253.0,-4.0,-4.0,-4.0
18478.0,-4.0,-4.0,-4.0,-4.0,-4.0,-4.0,-4.0,-4.0,-4.0,1139.0,-3.0,-4.0,-4.0,-4.0,-4.0,-4.0,-4.0,-4.0,-4.0,-4.0,-4.0,-4.0,-4.0,1143.0,-3.0,-4.0,-4.0,-4.0,-4.0,-4.0,-4.0,-4.0,1146.0,-3.0,-4.0,-4.0,-4.0,-4.0,-4.0,-4.0,-4.0,-4.0,-4.0,-4.0,1174.0,-3.0,-4.0,-4.0,-4.0,-4.0,-4.0,-4.0,-4.0,-4.0,-4.0,-4.0,-4.0,-4.0,1183.0,-3.0,-4.0,-4.0,-4.0,-4.0,-4.0,-4.0,-4.0,-4.0,-4.0,-4.0,-4.0,-4.0,1185.0,-3.0,-4.0,-4.0,-4.0,-4.0,-4.0,-4.0,-4.0,-4.0,-4.0,-4.0,-4.0,-4.0,1101.0,-3.0,-4.0,-4.0,-4.0,-4.0,-4.0,-4.0,-4.0,-4.0,-4.0,-4.0,-4.0,-4.0,1119.0,-3.0,-4.0,-4.0,-4.0,-4.0,-4.0,-4.0,-4.0,-4.0,-4.0,-4.0,-4.0,-4.0,1123.0,-3.0,-4.0,-4.0,-4.0
18479.0,-4.0,-4.0,-4.0,-4.0,-4.0,-4.0,-4.0,-4.0,-4.0,-3.0,-4.0,-4.0,-4.0,-4.0,-4.0,-4.0,-4.0,-4.0,-4.0,-4.0,-4.0,-4.0,-4.0,-3.0,-4.0,-4.0,-4.0,-4.0,-4.0,-4.0,-4.0,-4.0,-3.0,-4.0,-4.0,-4.0,-4.0,-4.0,-4.0,-4.0,-4.0,-4.0,-4.0,-4.0,-3.0,-4.0,-4.0,-4.0,-4.0,-4.0,-4.0,-4.0,-4.0,-4.0,-4.0,-4.0,-4.0,-4.0,-3.0,-4.0,-4.0,-4.0,-4.0,-4.0,-4.0,-4.0,-4.0,-4.0,-4.0,-4.0,-4.0,-4.0,-3.0,-4.0,-4.0,-4.0,-4.0,-4.0,-4.0,-4.0,-4.0,-4.0,-4.0,-4.0,-4.0,-4.0,-3.0,-4.0,-4.0,-4.0,-4.0,-4.0,-4.0,-4.0,-4.0,-4.0,-4.0,-4.0,-4.0,-4.0,-3.0,-4.0,-4.0,-4.0,-4.0,-4.0,-4.0,-4.0,-4.0,-4.0,-4.0,-4.0,-4.0,-4.0,-3.0,-4.0,-4.0,-4.0,-4.0
18480.0,-4.0,-4.0,-4.0,-4.0,-4.0,-4.0,-4.0,-4.0,-4.0,1137.0,-3.0,-3.0,-3.0,-5.0,-4.0,-4.0,-4.0,-4.0,-4.0,-4.0,-4.0,-4.0,-4.0,1143.0,-3.0,-3.0,-3.0,-5.0,-4.0,-4.0,-4.0,-4.0,1146.0,-3.0,-3.0,-4.0,-4.0,-4.0,-4.0,-4.0,-4.0,-4.0,-4.0,-4.0,1175.0,-3.0,-3.0,-3.0,-5.0,-4.0,-4.0,-4.0,-4.0,-4.0,-4.0,-4.0,-4.0,-4.0,1182.0,-3.0,-3.0,-3.0,-5.0,-4.0,-4.0,-4.0,-4.0,-4.0,-4.0,-4.0,-4.0,-4.0,1185.0,-3.0,-3.0,-3.0,-5.0,-4.0,-4.0,-4.0,-4.0,-4.0,-4.0,-4.0,-4.0,-4.0,1097.0,-3.0,-3.0,-3.0,-5.0,-4.0,-4.0,-4.0,-4.0,-4.0,-4.0,-4.0,-4.0,-4.0,1117.0,-3.0,-3.0,-3.0,-5.0,-4.0,-4.0,-4.0,-4.0,-4.0,-4.0,-4.0,-4.0,-4.0,1123.0,-3.0,-3.0,-3.0,-5.0
18481.0,-4.0,-4.0,-4.0,-4.0,-4.0,-4.0,-4.0,-4.0,-4.0,1133.0,1269.0,-4.0,-4.0,-4.0,-4.0,-4.0,-4.0,-4.0,-4.0,-4.0,-4.0,-4.0,-4.0,1144.0,1276.0,-4.0,-4.0,-4.0,-4.0,-4.0,-4.0,-4.0,1146.0,1278.0,-4.0,-4.0,-4.0,-4.0,-4.0,-4.0,-4.0,-4.0,-4.0,-4.0,1168.0,1298.0,-4.0,-4.0,-4.0,-4.0,-4.0,-4.0,-4.0,-4.0,-4.0,-4.0,-4.0,-4.0,1181.0,1316.0,-4.0,-4.0,-4.0,-4.0,-4.0,-4.0,-4.0,-4.0,-4.0,-4.0,-4.0,-4.0,1185.0,1320.0,-4.0,-4.0,-4.0,-4.0,-4.0,-4.0,-4.0,-4.0,-4.0,-4.0,-4.0,-4.0,1089.0,1216.0,-4.0,-4.0,-4.0,-4.0,-4.0,-4.0,-4.0,-4.0,-4.0,-4.0,-4.0,-4.0,1115.0,1247.0,-4.0,-4.0,-4.0,-4.0,-4.0,-4.0,-4.0,-4.0,-4.0,-4.0,-4.0,-4.0,1122.0,1255.0,-4.0,-4.0,-4.0
18482.0,-4.0,-4.0,-4.0,-4.0,-4.0,-4.0,-4.0,-4.0,-4.0,0.0,0.0,0.0,0.0,0.0,-4.0,-4.0,-4.0,-4.0,-4.0,-4.0,-4.0,-4.0,-4.0,0.0,0.0,0.0,0.0,0.0,-4.0,-4.0,-4.0,-4.0,0.0,0.0,0.0,-4.0,-4.0,-4.0,-4.0,-4.0,-4.0,-4.0,-4.0,-4.0,1165.0,1299.0,1409.0,1545.0,1668.0,-4.0,-4.0,-4.0,-4.0,-4.0,-4.0,-4.0,-4.0,-4.0,1181.0,1316.0,1427.0,1570.0,1692.0,-4.0,-4.0,-4.0,-4.0,-4.0,-4.0,-4.0,-4.0,-4.0,1185.0,1320.0,1433.0,1576.0,1697.0,-4.0,-4.0,-4.0,-4.0,-4.0,-4.0,-4.0,-4.0,-4.0,1096.0,1221.0,1334.0,1453.0,1601.0,-4.0,-4.0,-4.0,-4.0,-4.0,-4.0,-4.0,-4.0,-4.0,1116.0,1249.0,1375.0,1493.0,1629.0,-4.0,-4.0,-4.0,-4.0,-4.0,-4.0,-4.0,-4.0,-4.0,1122.0,1255.0,1384.0,1504.0,1638.0
18483.0,-4.0,-4.0,-4.0,-4.0,-4.0,-4.0,-4.0,-4.0,-4.0,-3.0,-3.0,-4.0,-4.0,-4.0,-4.0,-4.0,-4.0,-4.0,-4.0,-4.0,-4.0,-4.0,-4.0,-3.0,-3.0,-4.0,-4.0,-4.0,-4.0,-4.0,-4.0,-4.0,-3.0,-3.0,-4.0,-4.0,-4.0,-4.0,-4.0,-4.0,-4.0,-4.0,-4.0,-4.0,-3.0,-3.0,-4.0,-4.0,-4.0,-4.0,-4.0,-4.0,-4.0,-4.0,-4.0,-4.0,-4.0,-4.0,-3.0,-3.0,-4.0,-4.0,-4.0,-4.0,-4.0,-4.0,-4.0,-4.0,-4.0,-4.0,-4.0,-4.0,-3.0,-3.0,-4.0,-4.0,-4.0,-4.0,-4.0,-4.0,-4.0,-4.0,-4.0,-4.0,-4.0,-4.0,-3.0,-3.0,-4.0,-4.0,-4.0,-4.0,-4.0,-4.0,-4.0,-4.0,-4.0,-4.0,-4.0,-4.0,-3.0,-3.0,-4.0,-4.0,-4.0,-4.0,-4.0,-4.0,-4.0,-4.0,-4.0,-4.0,-4.0,-4.0,-3.0,-3.0,-4.0,-4.0,-4.0
18484.0,-4.0,-4.0,-4.0,-4.0,-4.0,-4.0,-4.0,-4.0,-4.0,0.0,-4.0,-4.0,-4.0,-4.0,-4.0,-4.0,-4.0,-4.0,-4.0,-4.0,-4.0,-4.0,-4.0,0.0,-4.0,-4.0,-4.0,-4.0,-4.0,-4.0,-4.0,-4.0,0.0,-4.0,-4.0,-4.0,-4.0,-4.0,-4.0,-4.0,-4.0,-4.0,-4.0,-4.0,0.0,-4.0,-4.0,-4.0,-4.0,-4.0,-4.0,-4.0,-4.0,-4.0,-4.0,-4.0,-4.0,-4.0,0.0,-4.0,-4.0,-4.0,-4.0,-4.0,-4.0,-4.0,-4.0,-4.0,-4.0,-4.0,-4.0,-4.0,0.0,-4.0,-4.0,-4.0,-4.0,-4.0,-4.0,-4.0,-4.0,-4.0,-4.0,-4.0,-4.0,-4.0,1073.0,-4.0,-4.0,-4.0,-4.0,-4.0,-4.0,-4.0,-4.0,-4.0,-4.0,-4.0,-4.0,-4.0,1112.0,-4.0,-4.0,-4.0,-4.0,-4.0,-4.0,-4.0,-4.0,-4.0,-4.0,-4.0,-4.0,-4.0,1121.0,-4.0,-4.0,-4.0,-4.0
18485.0,-4.0,-4.0,-4.0,-4.0,-4.0,-4.0,-4.0,-4.0,-4.0,-3.0,1261.0,-4.0,-4.0,-4.0,-4.0,-4.0,-4.0,-4.0,-4.0,-4.0,-4.0,-4.0,-4.0,-3.0,1274.0,-4.0,-4.0,-4.0,-4.0,-4.0,-4.0,-4.0,-3.0,1277.0,-4.0,-4.0,-4.0,-4.0,-4.0,-4.0,-4.0,-4.0,-4.0,-4.0,-3.0,1289.0,-4.0,-4.0,-4.0,-4.0,-4.0,-4.0,-4.0,-4.0,-4.0,-4.0,-4.0,-4.0,-3.0,1314.0,-4.0,-4.0,-4.0,-4.0,-4.0,-4.0,-4.0,-4.0,-4.0,-4.0,-4.0,-4.0,-3.0,1319.0,-4.0,-4.0,-4.0,-4.0,-4.0,-4.0,-4.0,-4.0,-4.0,-4.0,-4.0,-4.0,-3.0,1204.0,-4.0,-4.0,-4.0,-4.0,-4.0,-4.0,-4.0,-4.0,-4.0,-4.0,-4.0,-4.0,-3.0,1244.0,-4.0,-4.0,-4.0,-4.0,-4.0,-4.0,-4.0,-4.0,-4.0,-4.0,-4.0,-4.0,-3.0,1254.0,-4.0,-4.0,-4.0
18486.0,-4.0,-4.0,-4.0,-4.0,-4.0,-4.0,-4.0,-4.0,-4.0,-3.0,0.0,0.0,0.0,1647.0,-4.0,-4.0,-4.0,-4.0,-4.0,-4.0,-4.0,-4.0,-4.0,-3.0,0.0,0.0,0.0,1656.0,-4.0,-4.0,-4.0,-4.0,-3.0,0.0,0.0,-4.0,-4.0,-4.0,-4.0,-4.0,-4.0,-4.0,-4.0,-4.0,-3.0,0.0,0.0,0.0,1669.0,-4.0,-4.0,-4.0,-4.0,-4.0,-4.0,-4.0,-4.0,-4.0,-3.0,0.0,0.0,0.0,1692.0,-4.0,-4.0,-4.0,-4.0,-4.0,-4.0,-4.0,-4.0,-4.0,-3.0,0.0,0.0,0.0,1697.0,-4.0,-4.0,-4.0,-4.0,-4.0,-4.0,-4.0,-4.0,-4.0,-3.0,1197.0,1339.0,1453.0,1586.0,-4.0,-4.0,-4.0,-4.0,-4.0,-4.0,-4.0,-4.0,-4.0,-3.0,1242.0,1375.0,1493.0,1629.0,-4.0,-4.0,-4.0,-4.0,-4.0,-4.0,-4.0,-4.0,-4.0,-3.0,1254.0,1384.0,1504.0,1638.0
18487.0,-4.0,-4.0,-4.0,-4.0,-4.0,-4.0,-4.0,-4.0,-4.0,0.0,1261.0,1392.0,1515.0,1647.0,-4.0,-4.0,-4.0,-4.0,-4.0,-4.0,-4.0,-4.0,-4.0,0.0,1274.0,1399.0,1526.0,1656.0,-4.0,-4.0,-4.0,-4.0,0.0,1277.0,1529.0,-4.0,-4.0,-4.0,-4.0,-4.0,-4.0,-4.0,-4.0,-4.0,1157.0,1289.0,1409.0,1540.0,1669.0,-4.0,-4.0,-4.0,-4.0,-4.0,-4.0,-4.0,-4.0,-4.0,1180.0,1314.0,1427.0,1570.0,1692.0,-4.0,-4.0,-4.0,-4.0,-4.0,-4.0,-4.0,-4.0,-4.0,1184.0,1319.0,1433.0,1576.0,1697.0,-4.0,-4.0,-4.0,-4.0,-4.0,-4.0,-4.0,-4.0,-4.0,1073.0,1197.0,1335.0,1445.0,1592.0,-4.0,-4.0,-4.0,-4.0,-4.0,-4.0,-4.0,-4.0,-4.0,1112.0,1242.0,1374.0,1495.0,1630.0,-4.0,-4.0,-4.0,-4.0,-4.0,-4.0,-4.0,-4.0,-4.0,1121.0,1254.0,1384.0,1504.0,1638.0
18488.0,-4.0,-4.0,-4.0,-4.0,-4.0,-4.0,-4.0,-4.0,-4.0,0.0,-3.0,-4.0,-4.0,-4.0,-4.0,-4.0,-4.0,-4.0,-4.0,-4.0,-4.0,-4.0,-4.0,0.0,-3.0,-4.0,-4.0,-4.0,-4.0,-4.0,-4.0,-4.0,0.0,-3.0,-4.0,-4.0,-4.0,-4.0,-4.0,-4.0,-4.0,-4.0,-4.0,-4.0,1150.0,-3.0,-4.0,-4.0,-4.0,-4.0,-4.0,-4.0,-4.0,-4.0,-4.0,-4.0,-4.0,-4.0,1178.0,-3.0,-4.0,-4.0,-4.0,-4.0,-4.0,-4.0,-4.0,-4.0,-4.0,-4.0,-4.0,-4.0,1184.0,-3.0,-4.0,-4.0,-4.0,-4.0,-4.0,-4.0,-4.0,-4.0,-4.0,-4.0,-4.0,-4.0,1067.0,-3.0,-4.0,-4.0,-4.0,-4.0,-4.0,-4.0,-4.0,-4.0,-4.0,-4.0,-4.0,-4.0,1108.0,-3.0,-4.0,-4.0,-4.0,-4.0,-4.0,-4.0,-4.0,-4.0,-4.0,-4.0,-4.0,-4.0,1120.0,-3.0,-4.0,-4.0,-4.0
18489.0,-4.0,-4.0,-4.0,-4.0,-4.0,-4.0,-4.0,-4.0,-4.0,1127.0,1259.0,-4.0,-4.0,-4.0,-4.0,-4.0,-4.0,-4.0,-4.0,-4.0,-4.0,-4.0,-4.0,1141.0,1273.0,-4.0,-4.0,-4.0,-4.0,-4.0,-4.0,-4.0,1145.0,1277.0,-4.0,-4.0,-4.0,-4.0,-4.0,-4.0,-4.0,-4.0,-4.0,-4.0,1152.0,1285.0,-4.0,-4.0,-4.0,-4.0,-4.0,-4.0,-4.0,-4.0,-4.0,-4.0,-4.0,-4.0,1178.0,1312.0,-4.0,-4.0,-4.0,-4.0,-4.0,-4.0,-4.0,-4.0,-4.0,-4.0,-4.0,-4.0,1184.0,1318.0,-4.0,-4.0,-4.0,-4.0,-4.0,-4.0,-4.0,-4.0,-4.0,-4.0,-4.0,-4.0,1076.0,1193.0,-4.0,-4.0,-4.0,-4.0,-4.0,-4.0,-4.0,-4.0,-4.0,-4.0,-4.0,-4.0,1114.0,1243.0,-4.0,-4.0,-4.0,-4.0,-4.0,-4.0,-4.0,-4.0,-4.0,-4.0,-4.0,-4.0,1120.0,1253.0,-4.0,-4.0,-4.0
1874000.0,-4.0,-4.0,-4.0,-4.0,-4.0,-4.0,-4.0,-4.0,-4.0,-4.0,-4.0,-5.0,-5.0,-5.0,-4.0,-4.0,-4.0,-4.0,-4.0,-4.0,-4.0,-4.0,-4.0,-4.0,-4.0,-5.0,-5.0,-5.0,-4.0,-4.0,-4.0,-4.0,-4.0,-4.0,-5.0,-4.0,-4.0,-4.0,-4.0,-4.0,-4.0,-4.0,-4.0,-4.0,-4.0,-4.0,-5.0,-5.0,-5.0,-4.0,-4.0,-4.0,-4.0,-4.0,-4.0,-4.0,-4.0,-4.0,-4.0,-4.0,-5.0,-5.0,-5.0,-4.0,-4.0,-4.0,-4.0,-4.0,-4.0,-4.0,-4.0,-4.0,-4.0,-4.0,-5.0,-5.0,-5.0,-4.0,-4.0,-4.0,-4.0,-4.0,-4.0,-4.0,-4.0,-4.0,-4.0,-4.0,-5.0,-5.0,-5.0,-4.0,-4.0,-4.0,-4.0,-4.0,-4.0,-4.0,-4.0,-4.0,-4.0,-4.0,-5.0,-5.0,-5.0,-4.0,-4.0,-4.0,-4.0,-4.0,-4.0,-4.0,-4.0,-4.0,-4.0,-4.0,-5.0,-5.0,-5.0
1926000.0,-4.0,-4.0,-4.0,-4.0,-4.0,-4.0,-4.0,-4.0,-4.0,-4.0,-4.0,1395.0,-3.0,1651.0,-4.0,-4.0,-4.0,-4.0,-4.0,-4.0,-4.0,-4.0,-4.0,-4.0,-4.0,1401.0,-3.0,1657.0,-4.0,-4.0,-4.0,-4.0,-4.0,-4.0,-3.0,-4.0,-4.0,-4.0,-4.0,-4.0,-4.0,-4.0,-4.0,-4.0,-4.0,-4.0,1416.0,-3.0,1672.0,-4.0,-4.0,-4.0,-4.0,-4.0,-4.0,-4.0,-4.0,-4.0,-4.0,-4.0,1428.0,-3.0,1692.0,-4.0,-4.0,-4.0,-4.0,-4.0,-4.0,-4.0,-4.0,-4.0,-4.0,-4.0,1433.0,-3.0,1697.0,-4.0,-4.0,-4.0,-4.0,-4.0,-4.0,-4.0,-4.0,-4.0,-4.0,-4.0,1333.0,-3.0,1604.0,-4.0,-4.0,-4.0,-4.0,-4.0,-4.0,-4.0,-4.0,-4.0,-4.0,-4.0,1375.0,-3.0,1633.0,-4.0,-4.0,-4.0,-4.0,-4.0,-4.0,-4.0,-4.0,-4.0,-4.0,-4.0,1384.0,-3.0,1639.0
2160000.0,-4.0,-4.0,-4.0,-4.0,-4.0,-4.0,-4.0,-4.0,-4.0,-4.0,-3.0,-4.0,-4.0,-4.0,-4.0,-4.0,-4.0,-4.0,-4.0,-4.0,-4.0,-4.0,-4.0,-4.0,-3.0,-4.0,-4.0,-4.0,-4.0,-4.0,-4.0,-4.0,-4.0,-3.0,-4.0,-4.0,-4.0,-4.0,-4.0,-4.0,-4.0,-4.0,-4.0,-4.0,-4.0,-3.0,-4.0,-4.0,-4.0,-4.0,-4.0,-4.0,-4.0,-4.0,-4.0,-4.0,-4.0,-4.0,-4.0,-3.0,-4.0,-4.0,-4.0,-4.0,-4.0,-4.0,-4.0,-4.0,-4.0,-4.0,-4.0,-4.0,-4.0,-3.0,-4.0,-4.0,-4.0,-4.0,-4.0,-4.0,-4.0,-4.0,-4.0,-4.0,-4.0,-4.0,-4.0,-3.0,-4.0,-4.0,-4.0,-4.0,-4.0,-4.0,-4.0,-4.0,-4.0,-4.0,-4.0,-4.0,-4.0,-3.0,-4.0,-4.0,-4.0,-4.0,-4.0,-4.0,-4.0,-4.0,-4.0,-4.0,-4.0,-4.0,-4.0,-3.0,-4.0,-4.0,-4.0
3794000.0,-4.0,-4.0,-4.0,-4.0,-4.0,-4.0,-4.0,-4.0,-4.0,-4.0,-4.0,1397.0,1519.0,1651.0,-4.0,-4.0,-4.0,-4.0,-4.0,-4.0,-4.0,-4.0,-4.0,-4.0,-4.0,1401.0,1525.0,1657.0,-4.0,-4.0,-4.0,-4.0,-4.0,-4.0,1529.0,-4.0,-4.0,-4.0,-4.0,-4.0,-4.0,-4.0,-4.0,-4.0,-4.0,-4.0,1419.0,1550.0,1675.0,-4.0,-4.0,-4.0,-4.0,-4.0,-4.0,-4.0,-4.0,-4.0,-4.0,-4.0,1429.0,1572.0,1693.0,-4.0,-4.0,-4.0,-4.0,-4.0,-4.0,-4.0,-4.0,-4.0,-4.0,-4.0,1433.0,1577.0,1697.0,-4.0,-4.0,-4.0,-4.0,-4.0,-4.0,-4.0,-4.0,-4.0,-4.0,-4.0,1353.0,1469.0,1611.0,-4.0,-4.0,-4.0,-4.0,-4.0,-4.0,-4.0,-4.0,-4.0,-4.0,-4.0,1379.0,1498.0,1632.0,-4.0,-4.0,-4.0,-4.0,-4.0,-4.0,-4.0,-4.0,-4.0,-4.0,-4.0,1385.0,1505.0,1639.0
3826000.0,-4.0,-4.0,-4.0,-4.0,-4.0,-4.0,-4.0,-4.0,-4.0,-4.0,-4.0,1395.0,1517.0,1654.0,-4.0,-4.0,-4.0,-4.0,-4.0,-4.0,-4.0,-4.0,-4.0,-4.0,-4.0,1401.0,1527.0,1657.0,-4.0,-4.0,-4.0,-4.0,-4.0,-4.0,1528.0,-4.0,-4.0,-4.0,-4.0,-4.0,-4.0,-4.0,-4.0,-4.0,-4.0,-4.0,1423.0,1563.0,1686.0,-4.0,-4.0,-4.0,-4.0,-4.0,-4.0,-4.0,-4.0,-4.0,-4.0,-4.0,1430.0,1573.0,1695.0,-4.0,-4.0,-4.0,-4.0,-4.0,-4.0,-4.0,-4.0,-4.0,-4.0,-4.0,1433.0,1577.0,1697.0,-4.0,-4.0,-4.0,-4.0,-4.0,-4.0,-4.0,-4.0,-4.0,-4.0,-4.0,1361.0,1480.0,1620.0,-4.0,-4.0,-4.0,-4.0,-4.0,-4.0,-4.0,-4.0,-4.0,-4.0,-4.0,1381.0,1501.0,1636.0,-4.0,-4.0,-4.0,-4.0,-4.0,-4.0,-4.0,-4.0,-4.0,-4.0,-4.0,1386.0,1506.0,1640.0
3848000.0,-4.0,-4.0,-4.0,-4.0,-4.0,-4.0,-4.0,-4.0,-4.0,-4.0,-4.0,1396.0,-3.0,0.0,-4.0,-4.0,-4.0,-4.0,-4.0,-4.0,-4.0,-4.0,-4.0,-4.0,-4.0,1400.0,-3.0,0.0,-4.0,-4.0,-4.0,-4.0,-4.0,-4.0,-3.0,-4.0,-4.0,-4.0,-4.0,-4.0,-4.0,-4.0,-4.0,-4.0,-4.0,-4.0,1421.0,-3.0,0.0,-4.0,-4.0,-4.0,-4.0,-4.0,-4.0,-4.0,-4.0,-4.0,-4.0,-4.0,1430.0,-3.0,0.0,-4.0,-4.0,-4.0,-4.0,-4.0,-4.0,-4.0,-4.0,-4.0,-4.0,-4.0,1433.0,-3.0,0.0,-4.0,-4.0,-4.0,-4.0,-4.0,-4.0,-4.0,-4.0,-4.0,-4.0,-4.0,1357.0,-3.0,1617.0,-4.0,-4.0,-4.0,-4.0,-4.0,-4.0,-4.0,-4.0,-4.0,-4.0,-4.0,1380.0,-3.0,1635.0,-4.0,-4.0,-4.0,-4.0,-4.0,-4.0,-4.0,-4.0,-4.0,-4.0,-4.0,1386.0,-3.0,1640.0
3920000.0,-4.0,-4.0,-4.0,-4.0,-4.0,-4.0,-4.0,-4.0,-4.0,-4.0,-4.0,1392.0,1510.0,1643.0,-4.0,-4.0,-4.0,-4.0,-4.0,-4.0,-4.0,-4.0,-4.0,-4.0,-4.0,1399.0,1524.0,1655.0,-4.0,-4.0,-4.0,-4.0,-4.0,-4.0,1528.0,-4.0,-4.0,-4.0,-4.0,-4.0,-4.0,-4.0,-4.0,-4.0,-4.0,-4.0,1403.0,1530.0,1660.0,-4.0,-4.0,-4.0,-4.0,-4.0,-4.0,-4.0,-4.0,-4.0,-4.0,-4.0,1426.0,1567.0,1690.0,-4.0,-4.0,-4.0,-4.0,-4.0,-4.0,-4.0,-4.0,-4.0,-4.0,-4.0,1432.0,1575.0,1696.0,-4.0,-4.0,-4.0,-4.0,-4.0,-4.0,-4.0,-4.0,-4.0,-4.0,-4.0,1322.0,1437.0,1581.0,-4.0,-4.0,-4.0,-4.0,-4.0,-4.0,-4.0,-4.0,-4.0,-4.0,-4.0,1372.0,1491.0,1626.0,-4.0,-4.0,-4.0,-4.0,-4.0,-4.0,-4.0,-4.0,-4.0,-4.0,-4.0,1383.0,1503.0,1637.0
4175000.0,-4.0,-4.0,-4.0,-4.0,-4.0,-4.0,-4.0,-4.0,-4.0,-4.0,-4.0,1393.0,1512.0,1647.0,-4.0,-4.0,-4.0,-4.0,-4.0,-4.0,-4.0,-4.0,-4.0,-4.0,-4.0,1400.0,1525.0,1656.0,-4.0,-4.0,-4.0,-4.0,-4.0,-4.0,1529.0,-4.0,-4.0,-4.0,-4.0,-4.0,-4.0,-4.0,-4.0,-4.0,-4.0,-4.0,1409.0,1542.0,1668.0,-4.0,-4.0,-4.0,-4.0,-4.0,-4.0,-4.0,-4.0,-4.0,-4.0,-4.0,1427.0,1570.0,1692.0,-4.0,-4.0,-4.0,-4.0,-4.0,-4.0,-4.0,-4.0,-4.0,-4.0,-4.0,1433.0,1576.0,1697.0,-4.0,-4.0,-4.0,-4.0,-4.0,-4.0,-4.0,-4.0,-4.0,-4.0,-4.0,1334.0,1449.0,1594.0,-4.0,-4.0,-4.0,-4.0,-4.0,-4.0,-4.0,-4.0,-4.0,-4.0,-4.0,1375.0,1495.0,1630.0,-4.0,-4.0,-4.0,-4.0,-4.0,-4.0,-4.0,-4.0,-4.0,-4.0,-4.0,1384.0,1504.0,1638.0
4264000.0,-4.0,-4.0,-4.0,-4.0,-4.0,-4.0,-4.0,-4.0,-4.0,-4.0,-3.0,1397.0,0.0,1652.0,-4.0,-4.0,-4.0,-4.0,-4.0,-4.0,-4.0,-4.0,-4.0,-4.0,-3.0,1401.0,0.0,1656.0,-4.0,-4.0,-4.0,-4.0,-4.0,-3.0,0.0,-4.0,-4.0,-4.0,-4.0,-4.0,-4.0,-4.0,-4.0,-4.0,-4.0,-3.0,1420.0,0.0,1681.0,-4.0,-4.0,-4.0,-4.0,-4.0,-4.0,-4.0,-4.0,-4.0,-4.0,-3.0,1431.0,0.0,1694.0,-4.0,-4.0,-4.0,-4.0,-4.0,-4.0,-4.0,-4.0,-4.0,-4.0,-3.0,1432.0,0.0,1697.0,-4.0,-4.0,-4.0,-4.0,-4.0,-4.0,-4.0,-4.0,-4.0,-4.0,-3.0,1362.0,1481.0,1621.0,-4.0,-4.0,-4.0,-4.0,-4.0,-4.0,-4.0,-4.0,-4.0,-4.0,-3.0,1382.0,1502.0,1634.0,-4.0,-4.0,-4.0,-4.0,-4.0,-4.0,-4.0,-4.0,-4.0,-4.0,-3.0,1386.0,1506.0,1640.0
4265000.0,-4.0,-4.0,-4.0,-4.0,-4.0,-4.0,-4.0,-4.0,-4.0,-4.0,-3.0,-4.0,-4.0,-4.0,-4.0,-4.0,-4.0,-4.0,-4.0,-4.0,-4.0,-4.0,-4.0,-4.0,-3.0,-4.0,-4.0,-4.0,-4.0,-4.0,-4.0,-4.0,-4.0,-3.0,-4.0,-4.0,-4.0,-4.0,-4.0,-4.0,-4.0,-4.0,-4.0,-4.0,-4.0,-3.0,-4.0,-4.0,-4.0,-4.0,-4.0,-4.0,-4.0,-4.0,-4.0,-4.0,-4.0,-4.0,-4.0,-3.0,-4.0,-4.0,-4.0,-4.0,-4.0,-4.0,-4.0,-4.0,-4.0,-4.0,-4.0,-4.0,-4.0,-3.0,-4.0,-4.0,-4.0,-4.0,-4.0,-4.0,-4.0,-4.0,-4.0,-4.0,-4.0,-4.0,-4.0,-3.0,-4.0,-4.0,-4.0,-4.0,-4.0,-4.0,-4.0,-4.0,-4.0,-4.0,-4.0,-4.0,-4.0,-3.0,-4.0,-4.0,-4.0,-4.0,-4.0,-4.0,-4.0,-4.0,-4.0,-4.0,-4.0,-4.0,-4.0,-3.0,-4.0,-4.0,-4.0
4266000.0,-4.0,-4.0,-4.0,-4.0,-4.0,-4.0,-4.0,-4.0,-4.0,-4.0,1261.0,1393.0,-3.0,0.0,-4.0,-4.0,-4.0,-4.0,-4.0,-4.0,-4.0,-4.0,-4.0,-4.0,1274.0,1400.0,-3.0,0.0,-4.0,-4.0,-4.0,-4.0,-4.0,1277.0,-3.0,-4.0,-4.0,-4.0,-4.0,-4.0,-4.0,-4.0,-4.0,-4.0,-4.0,1281.0,1405.0,-3.0,0.0,-4.0,-4.0,-4.0,-4.0,-4.0,-4.0,-4.0,-4.0,-4.0,-4.0,1313.0,1427.0,-3.0,0.0,-4.0,-4.0,-4.0,-4.0,-4.0,-4.0,-4.0,-4.0,-4.0,-4.0,1319.0,1433.0,-3.0,0.0,-4.0,-4.0,-4.0,-4.0,-4.0,-4.0,-4.0,-4.0,-4.0,-4.0,1188.0,1330.0,-3.0,1589.0,-4.0,-4.0,-4.0,-4.0,-4.0,-4.0,-4.0,-4.0,-4.0,-4.0,1241.0,1374.0,-3.0,1629.0,-4.0,-4.0,-4.0,-4.0,-4.0,-4.0,-4.0,-4.0,-4.0,-4.0,1254.0,1384.0,-3.0,1638.0
4267000.0,-4.0,-4.0,-4.0,-4.0,-4.0,-4.0,-4.0,-4.0,-4.0,-4.0,1261.0,1393.0,1515.0,1647.0,-4.0,-4.0,-4.0,-4.0,-4.0,-4.0,-4.0,-4.0,-4.0,-4.0,1274.0,1400.0,1526.0,1656.0,-4.0,-4.0,-4.0,-4.0,-4.0,1277.0,1529.0,-4.0,-4.0,-4.0,-4.0,-4.0,-4.0,-4.0,-4.0,-4.0,-4.0,1289.0,1407.0,1539.0,1667.0,-4.0,-4.0,-4.0,-4.0,-4.0,-4.0,-4.0,-4.0,-4.0,-4.0,1314.0,1427.0,1570.0,1692.0,-4.0,-4.0,-4.0,-4.0,-4.0,-4.0,-4.0,-4.0,-4.0,-4.0,1319.0,1433.0,1576.0,1697.0,-4.0,-4.0,-4.0,-4.0,-4.0,-4.0,-4.0,-4.0,-4.0,-4.0,1212.0,1330.0,1451.0,1590.0,-4.0,-4.0,-4.0,-4.0,-4.0,-4.0,-4.0,-4.0,-4.0,-4.0,1242.0,1374.0,1495.0,1630.0,-4.0,-4.0,-4.0,-4.0,-4.0,-4.0,-4.0,-4.0,-4.0,-4.0,1254.0,1384.0,1504.0,1638.0
4268000.0,-4.0,-4.0,-4.0,-4.0,-4.0,-4.0,-4.0,-4.0,-4.0,-4.0,-3.0,-3.0,1510.0,1643.0,-4.0,-4.0,-4.0,-4.0,-4.0,-4.0,-4.0,-4.0,-4.0,-4.0,-3.0,-3.0,1524.0,1655.0,-4.0,-4.0,-4.0,-4.0,-4.0,-3.0,1528.0,-4.0,-4.0,-4.0,-4.0,-4.0,-4.0,-4.0,-4.0,-4.0,-4.0,-3.0,-3.0,1530.0,1660.0,-4.0,-4.0,-4.0,-4.0,-4.0,-4.0,-4.0,-4.0,-4.0,-4.0,-3.0,-3.0,1567.0,1690.0,-4.0,-4.0,-4.0,-4.0,-4.0,-4.0,-4.0,-4.0,-4.0,-4.0,-3.0,-3.0,1575.0,1696.0,-4.0,-4.0,-4.0,-4.0,-4.0,-4.0,-4.0,-4.0,-4.0,-4.0,-3.0,-3.0,1437.0,1580.0,-4.0,-4.0,-4.0,-4.0,-4.0,-4.0,-4.0,-4.0,-4.0,-4.0,-3.0,-3.0,1491.0,1626.0,-4.0,-4.0,-4.0,-4.0,-4.0,-4.0,-4.0,-4.0,-4.0,-4.0,-3.0,-3.0,1503.0,1637.0
4269000.0,-4.0,-4.0,-4.0,-4.0,-4.0,-4.0,-4.0,-4.0,-4.0,-4.0,1259.0,-4.0,-4.0,-4.0,-4.0,-4.0,-4.0,-4.0,-4.0,-4.0,-4.0,-4.0,-4.0,-4.0,1273.0,-4.0,-4.0,-4.0,-4.0,-4.0,-4.0,-4.0,-4.0,1277.0,-4.0,-4.0,-4.0,-4.0,-4.0,-4.0,-4.0,-4.0,-4.0,-4.0,-4.0,1293.0,-4.0,-4.0,-4.0,-4.0,-4.0,-4.0,-4.0,-4.0,-4.0,-4.0,-4.0,-4.0,-4.0,1315.0,-4.0,-4.0,-4.0,-4.0,-4.0,-4.0,-4.0,-4.0,-4.0,-4.0,-4.0,-4.0,-4.0,1318.0,-4.0,-4.0,-4.0,-4.0,-4.0,-4.0,-4.0,-4.0,-4.0,-4.0,-4.0,-4.0,-4.0,1189.0,-4.0,-4.0,-4.0,-4.0,-4.0,-4.0,-4.0,-4.0,-4.0,-4.0,-4.0,-4.0,-4.0,1240.0,-4.0,-4.0,-4.0,-4.0,-4.0,-4.0,-4.0,-4.0,-4.0,-4.0,-4.0,-4.0,-4.0,1253.0,-4.0,-4.0,-4.0
4399000.0,-4.0,-4.0,-4.0,-4.0,-4.0,-4.0,-4.0,-4.0,-4.0,-4.0,-4.0,1396.0,1520.0,1652.0,-4.0,-4.0,-4.0,-4.0,-4.0,-4.0,-4.0,-4.0,-4.0,-4.0,-4.0,1400.0,1527.0,1656.0,-4.0,-4.0,-4.0,-4.0,-4.0,-4.0,1528.0,-4.0,-4.0,-4.0,-4.0,-4.0,-4.0,-4.0,-4.0,-4.0,-4.0,-4.0,1420.0,1556.0,1681.0,-4.0,-4.0,-4.0,-4.0,-4.0,-4.0,-4.0,-4.0,-4.0,-4.0,-4.0,1431.0,1574.0,1694.0,-4.0,-4.0,-4.0,-4.0,-4.0,-4.0,-4.0,-4.0,-4.0,-4.0,-4.0,1432.0,1577.0,1697.0,-4.0,-4.0,-4.0,-4.0,-4.0,-4.0,-4.0,-4.0,-4.0,-4.0,-4.0,1362.0,1481.0,1613.0,-4.0,-4.0,-4.0,-4.0,-4.0,-4.0,-4.0,-4.0,-4.0,-4.0,-4.0,1382.0,1502.0,1634.0,-4.0,-4.0,-4.0,-4.0,-4.0,-4.0,-4.0,-4.0,-4.0,-4.0,-4.0,1386.0,1506.0,1640.0
4400000.0,-4.0,-4.0,-4.0,-4.0,-4.0,-4.0,-4.0,-4.0,-4.0,-4.0,-4.0,1396.0,1520.0,1652.0,-4.0,-4.0,-4.0,-4.0,-4.0,-4.0,-4.0,-4.0,-4.0,-4.0,-4.0,1400.0,1527.0,1656.0,-4.0,-4.0,-4.0,-4.0,-4.0,-4.0,1528.0,-4.0,-4.0,-4.0,-4.0,-4.0,-4.0,-4.0,-4.0,-4.0,-4.0,-4.0,1420.0,1556.0,1681.0,-4.0,-4.0,-4.0,-4.0,-4.0,-4.0,-4.0,-4.0,-4.0,-4.0,-4.0,1431.0,1574.0,1694.0,-4.0,-4.0,-4.0,-4.0,-4.0,-4.0,-4.0,-4.0,-4.0,-4.0,-4.0,1432.0,1577.0,1697.0,-4.0,-4.0,-4.0,-4.0,-4.0,-4.0,-4.0,-4.0,-4.0,-4.0,-4.0,1363.0,1481.0,1621.0,-4.0,-4.0,-4.0,-4.0,-4.0,-4.0,-4.0,-4.0,-4.0,-4.0,-4.0,1382.0,1502.0,1634.0,-4.0,-4.0,-4.0,-4.0,-4.0,-4.0,-4.0,-4.0,-4.0,-4.0,-4.0,1386.0,1506.0,1640.0
4401000.0,-4.0,-4.0,-4.0,-4.0,-4.0,-4.0,-4.0,-4.0,-4.0,-4.0,-4.0,1396.0,1520.0,1652.0,-4.0,-4.0,-4.0,-4.0,-4.0,-4.0,-4.0,-4.0,-4.0,-4.0,-4.0,1400.0,1527.0,1656.0,-4.0,-4.0,-4.0,-4.0,-4.0,-4.0,1528.0,-4.0,-4.0,-4.0,-4.0,-4.0,-4.0,-4.0,-4.0,-4.0,-4.0,-4.0,1420.0,1556.0,1681.0,-4.0,-4.0,-4.0,-4.0,-4.0,-4.0,-4.0,-4.0,-4.0,-4.0,-4.0,1431.0,1574.0,1694.0,-4.0,-4.0,-4.0,-4.0,-4.0,-4.0,-4.0,-4.0,-4.0,-4.0,-4.0,1432.0,1577.0,1697.0,-4.0,-4.0,-4.0,-4.0,-4.0,-4.0,-4.0,-4.0,-4.0,-4.0,-4.0,1363.0,1482.0,1622.0,-4.0,-4.0,-4.0,-4.0,-4.0,-4.0,-4.0,-4.0,-4.0,-4.0,-4.0,1382.0,1502.0,1634.0,-4.0,-4.0,-4.0,-4.0,-4.0,-4.0,-4.0,-4.0,-4.0,-4.0,-4.0,1386.0,1506.0,1640.0
4402000.0,-4.0,-4.0,-4.0,-4.0,-4.0,-4.0,-4.0,-4.0,-4.0,-4.0,-4.0,1396.0,1520.0,-5.0,-4.0,-4.0,-4.0,-4.0,-4.0,-4.0,-4.0,-4.0,-4.0,-4.0,-4.0,1400.0,1527.0,-5.0,-4.0,-4.0,-4.0,-4.0,-4.0,-4.0,1528.0,-4.0,-4.0,-4.0,-4.0,-4.0,-4.0,-4.0,-4.0,-4.0,-4.0,-4.0,1420.0,1556.0,-5.0,-4.0,-4.0,-4.0,-4.0,-4.0,-4.0,-4.0,-4.0,-4.0,-4.0,-4.0,1431.0,1574.0,-5.0,-4.0,-4.0,-4.0,-4.0,-4.0,-4.0,-4.0,-4.0,-4.0,-4.0,-4.0,1432.0,1577.0,-5.0,-4.0,-4.0,-4.0,-4.0,-4.0,-4.0,-4.0,-4.0,-4.0,-4.0,-4.0,1363.0,1482.0,-5.0,-4.0,-4.0,-4.0,-4.0,-4.0,-4.0,-4.0,-4.0,-4.0,-4.0,-4.0,1382.0,1502.0,-5.0,-4.0,-4.0,-4.0,-4.0,-4.0,-4.0,-4.0,-4.0,-4.0,-4.0,-4.0,1386.0,1506.0,-5.0
4403000.0,-4.0,-4.0,-4.0,-4.0,-4.0,-4.0,-4.0,-4.0,-4.0,-4.0,-4.0,1396.0,1520.0,0.0,-4.0,-4.0,-4.0,-4.0,-4.0,-4.0,-4.0,-4.0,-4.0,-4.0,-4.0,1400.0,1527.0,0.0,-4.0,-4.0,-4.0,-4.0,-4.0,-4.0,1528.0,-4.0,-4.0,-4.0,-4.0,-4.0,-4.0,-4.0,-4.0,-4.0,-4.0,-4.0,1420.0,1556.0,0.0,-4.0,-4.0,-4.0,-4.0,-4.0,-4.0,-4.0,-4.0,-4.0,-4.0,-4.0,1431.0,1574.0,0.0,-4.0,-4.0,-4.0,-4.0,-4.0,-4.0,-4.0,-4.0,-4.0,-4.0,-4.0,1432.0,1577.0,0.0,-4.0,-4.0,-4.0,-4.0,-4.0,-4.0,-4.0,-4.0,-4.0,-4.0,-4.0,1363.0,1481.0,1610.0,-4.0,-4.0,-4.0,-4.0,-4.0,-4.0,-4.0,-4.0,-4.0,-4.0,-4.0,1382.0,1502.0,1634.0,-4.0,-4.0,-4.0,-4.0,-4.0,-4.0,-4.0,-4.0,-4.0,-4.0,-4.0,1386.0,1506.0,1640.0
4404000.0,-4.0,-4.0,-4.0,-4.0,-4.0,-4.0,-4.0,-4.0,-4.0,-4.0,-4.0,1396.0,1520.0,0.0,-4.0,-4.0,-4.0,-4.0,-4.0,-4.0,-4.0,-4.0,-4.0,-4.0,-4.0,1400.0,1527.0,0.0,-4.0,-4.0,-4.0,-4.0,-4.0,-4.0,1528.0,-4.0,-4.0,-4.0,-4.0,-4.0,-4.0,-4.0,-4.0,-4.0,-4.0,-4.0,1420.0,1556.0,1686.0,-4.0,-4.0,-4.0,-4.0,-4.0,-4.0,-4.0,-4.0,-4.0,-4.0,-4.0,1431.0,1574.0,1695.0,-4.0,-4.0,-4.0,-4.0,-4.0,-4.0,-4.0,-4.0,-4.0,-4.0,-4.0,1432.0,1577.0,1697.0,-4.0,-4.0,-4.0,-4.0,-4.0,-4.0,-4.0,-4.0,-4.0,-4.0,-4.0,1363.0,1481.0,1621.0,-4.0,-4.0,-4.0,-4.0,-4.0,-4.0,-4.0,-4.0,-4.0,-4.0,-4.0,1382.0,1502.0,1634.0,-4.0,-4.0,-4.0,-4.0,-4.0,-4.0,-4.0,-4.0,-4.0,-4.0,-4.0,1386.0,1506.0,1640.0
4405000.0,-4.0,-4.0,-4.0,-4.0,-4.0,-4.0,-4.0,-4.0,-4.0,-4.0,-4.0,1396.0,1520.0,1652.0,-4.0,-4.0,-4.0,-4.0,-4.0,-4.0,-4.0,-4.0,-4.0,-4.0,-4.0,1400.0,1527.0,1656.0,-4.0,-4.0,-4.0,-4.0,-4.0,-4.0,1528.0,-4.0,-4.0,-4.0,-4.0,-4.0,-4.0,-4.0,-4.0,-4.0,-4.0,-4.0,1420.0,1556.0,1681.0,-4.0,-4.0,-4.0,-4.0,-4.0,-4.0,-4.0,-4.0,-4.0,-4.0,-4.0,1431.0,1574.0,1694.0,-4.0,-4.0,-4.0,-4.0,-4.0,-4.0,-4.0,-4.0,-4.0,-4.0,-4.0,1432.0,1577.0,1697.0,-4.0,-4.0,-4.0,-4.0,-4.0,-4.0,-4.0,-4.0,-4.0,-4.0,-4.0,1362.0,1481.0,1622.0,-4.0,-4.0,-4.0,-4.0,-4.0,-4.0,-4.0,-4.0,-4.0,-4.0,-4.0,1382.0,1502.0,1634.0,-4.0,-4.0,-4.0,-4.0,-4.0,-4.0,-4.0,-4.0,-4.0,-4.0,-4.0,1386.0,1506.0,1640.0
4406000.0,-4.0,-4.0,-4.0,-4.0,-4.0,-4.0,-4.0,-4.0,-4.0,-4.0,-4.0,1396.0,1520.0,1652.0,-4.0,-4.0,-4.0,-4.0,-4.0,-4.0,-4.0,-4.0,-4.0,-4.0,-4.0,1400.0,1527.0,1656.0,-4.0,-4.0,-4.0,-4.0,-4.0,-4.0,1528.0,-4.0,-4.0,-4.0,-4.0,-4.0,-4.0,-4.0,-4.0,-4.0,-4.0,-4.0,1420.0,1556.0,1681.0,-4.0,-4.0,-4.0,-4.0,-4.0,-4.0,-4.0,-4.0,-4.0,-4.0,-4.0,1431.0,1574.0,1694.0,-4.0,-4.0,-4.0,-4.0,-4.0,-4.0,-4.0,-4.0,-4.0,-4.0,-4.0,1432.0,1577.0,1697.0,-4.0,-4.0,-4.0,-4.0,-4.0,-4.0,-4.0,-4.0,-4.0,-4.0,-4.0,1362.0,1482.0,1622.0,-4.0,-4.0,-4.0,-4.0,-4.0,-4.0,-4.0,-4.0,-4.0,-4.0,-4.0,1382.0,1502.0,1634.0,-4.0,-4.0,-4.0,-4.0,-4.0,-4.0,-4.0,-4.0,-4.0,-4.0,-4.0,1386.0,1506.0,1640.0
4407000.0,-4.0,-4.0,-4.0,-4.0,-4.0,-4.0,-4.0,-4.0,-4.0,-4.0,-4.0,1396.0,1520.0,1652.0,-4.0,-4.0,-4.0,-4.0,-4.0,-4.0,-4.0,-4.0,-4.0,-4.0,-4.0,1400.0,1527.0,1656.0,-4.0,-4.0,-4.0,-4.0,-4.0,-4.0,1528.0,-4.0,-4.0,-4.0,-4.0,-4.0,-4.0,-4.0,-4.0,-4.0,-4.0,-4.0,1420.0,1556.0,1681.0,-4.0,-4.0,-4.0,-4.0,-4.0,-4.0,-4.0,-4.0,-4.0,-4.0,-4.0,1431.0,1574.0,1694.0,-4.0,-4.0,-4.0,-4.0,-4.0,-4.0,-4.0,-4.0,-4.0,-4.0,-4.0,1432.0,1577.0,1697.0,-4.0,-4.0,-4.0,-4.0,-4.0,-4.0,-4.0,-4.0,-4.0,-4.0,-4.0,1362.0,1481.0,1613.0,-4.0,-4.0,-4.0,-4.0,-4.0,-4.0,-4.0,-4.0,-4.0,-4.0,-4.0,1382.0,1502.0,1634.0,-4.0,-4.0,-4.0,-4.0,-4.0,-4.0,-4.0,-4.0,-4.0,-4.0,-4.0,1386.0,1506.0,1640.0
4408000.0,-4.0,-4.0,-4.0,-4.0,-4.0,-4.0,-4.0,-4.0,-4.0,-4.0,-4.0,1396.0,1520.0,1652.0,-4.0,-4.0,-4.0,-4.0,-4.0,-4.0,-4.0,-4.0,-4.0,-4.0,-4.0,1400.0,1527.0,1656.0,-4.0,-4.0,-4.0,-4.0,-4.0,-4.0,1528.0,-4.0,-4.0,-4.0,-4.0,-4.0,-4.0,-4.0,-4.0,-4.0,-4.0,-4.0,1420.0,1556.0,1681.0,-4.0,-4.0,-4.0,-4.0,-4.0,-4.0,-4.0,-4.0,-4.0,-4.0,-4.0,1431.0,1574.0,1694.0,-4.0,-4.0,-4.0,-4.0,-4.0,-4.0,-4.0,-4.0,-4.0,-4.0,-4.0,1432.0,1577.0,1697.0,-4.0,-4.0,-4.0,-4.0,-4.0,-4.0,-4.0,-4.0,-4.0,-4.0,-4.0,1363.0,1481.0,1621.0,-4.0,-4.0,-4.0,-4.0,-4.0,-4.0,-4.0,-4.0,-4.0,-4.0,-4.0,1382.0,1502.0,1634.0,-4.0,-4.0,-4.0,-4.0,-4.0,-4.0,-4.0,-4.0,-4.0,-4.0,-4.0,1386.0,1506.0,1640.0
4409000.0,-4.0,-4.0,-4.0,-4.0,-4.0,-4.0,-4.0,-4.0,-4.0,-4.0,-4.0,1396.0,1520.0,1652.0,-4.0,-4.0,-4.0,-4.0,-4.0,-4.0,-4.0,-4.0,-4.0,-4.0,-4.0,1400.0,1527.0,1656.0,-4.0,-4.0,-4.0,-4.0,-4.0,-4.0,1528.0,-4.0,-4.0,-4.0,-4.0,-4.0,-4.0,-4.0,-4.0,-4.0,-4.0,-4.0,1420.0,1556.0,1681.0,-4.0,-4.0,-4.0,-4.0,-4.0,-4.0,-4.0,-4.0,-4.0,-4.0,-4.0,1431.0,1574.0,1694.0,-4.0,-4.0,-4.0,-4.0,-4.0,-4.0,-4.0,-4.0,-4.0,-4.0,-4.0,1432.0,1577.0,1697.0,-4.0,-4.0,-4.0,-4.0,-4.0,-4.0,-4.0,-4.0,-4.0,-4.0,-4.0,1363.0,1481.0,1621.0,-4.0,-4.0,-4.0,-4.0,-4.0,-4.0,-4.0,-4.0,-4.0,-4.0,-4.0,1382.0,1502.0,1634.0,-4.0,-4.0,-4.0,-4.0,-4.0,-4.0,-4.0,-4.0,-4.0,-4.0,-4.0,1386.0,1506.0,1640.0
4410000.0,-4.0,-4.0,-4.0,-4.0,-4.0,-4.0,-4.0,-4.0,-4.0,-4.0,-4.0,1397.0,1520.0,1652.0,-4.0,-4.0,-4.0,-4.0,-4.0,-4.0,-4.0,-4.0,-4.0,-4.0,-4.0,1401.0,1527.0,1656.0,-4.0,-4.0,-4.0,-4.0,-4.0,-4.0,1528.0,-4.0,-4.0,-4.0,-4.0,-4.0,-4.0,-4.0,-4.0,-4.0,-4.0,-4.0,1420.0,1556.0,1681.0,-4.0,-4.0,-4.0,-4.0,-4.0,-4.0,-4.0,-4.0,-4.0,-4.0,-4.0,1431.0,1574.0,1694.0,-4.0,-4.0,-4.0,-4.0,-4.0,-4.0,-4.0,-4.0,-4.0,-4.0,-4.0,1432.0,1577.0,1697.0,-4.0,-4.0,-4.0,-4.0,-4.0,-4.0,-4.0,-4.0,-4.0,-4.0,-4.0,1362.0,1481.0,1621.0,-4.0,-4.0,-4.0,-4.0,-4.0,-4.0,-4.0,-4.0,-4.0,-4.0,-4.0,1382.0,1502.0,1634.0,-4.0,-4.0,-4.0,-4.0,-4.0,-4.0,-4.0,-4.0,-4.0,-4.0,-4.0,1386.0,1506.0,1640.0
4411000.0,-4.0,-4.0,-4.0,-4.0,-4.0,-4.0,-4.0,-4.0,-4.0,-4.0,-4.0,0.0,1520.0,1652.0,-4.0,-4.0,-4.0,-4.0,-4.0,-4.0,-4.0,-4.0,-4.0,-4.0,-4.0,0.0,1527.0,1656.0,-4.0,-4.0,-4.0,-4.0,-4.0,-4.0,1528.0,-4.0,-4.0,-4.0,-4.0,-4.0,-4.0,-4.0,-4.0,-4.0,-4.0,-4.0,1420.0,1556.0,1681.0,-4.0,-4.0,-4.0,-4.0,-4.0,-4.0,-4.0,-4.0,-4.0,-4.0,-4.0,1431.0,1574.0,1694.0,-4.0,-4.0,-4.0,-4.0,-4.0,-4.0,-4.0,-4.0,-4.0,-4.0,-4.0,1432.0,1577.0,1697.0,-4.0,-4.0,-4.0,-4.0,-4.0,-4.0,-4.0,-4.0,-4.0,-4.0,-4.0,1363.0,1481.0,1621.0,-4.0,-4.0,-4.0,-4.0,-4.0,-4.0,-4.0,-4.0,-4.0,-4.0,-4.0,1382.0,1502.0,1634.0,-4.0,-4.0,-4.0,-4.0,-4.0,-4.0,-4.0,-4.0,-4.0,-4.0,-4.0,1386.0,1506.0,1640.0
4412000.0,-4.0,-4.0,-4.0,-4.0,-4.0,-4.0,-4.0,-4.0,-4.0,-4.0,-4.0,1396.0,-3.0,1652.0,-4.0,-4.0,-4.0,-4.0,-4.0,-4.0,-4.0,-4.0,-4.0,-4.0,-4.0,1400.0,-3.0,1656.0,-4.0,-4.0,-4.0,-4.0,-4.0,-4.0,-3.0,-4.0,-4.0,-4.0,-4.0,-4.0,-4.0,-4.0,-4.0,-4.0,-4.0,-4.0,1420.0,-3.0,1681.0,-4.0,-4.0,-4.0,-4.0,-4.0,-4.0,-4.0,-4.0,-4.0,-4.0,-4.0,1431.0,-3.0,1694.0,-4.0,-4.0,-4.0,-4.0,-4.0,-4.0,-4.0,-4.0,-4.0,-4.0,-4.0,1432.0,-3.0,1697.0,-4.0,-4.0,-4.0,-4.0,-4.0,-4.0,-4.0,-4.0,-4.0,-4.0,-4.0,1362.0,-3.0,1622.0,-4.0,-4.0,-4.0,-4.0,-4.0,-4.0,-4.0,-4.0,-4.0,-4.0,-4.0,1382.0,-3.0,1634.0,-4.0,-4.0,-4.0,-4.0,-4.0,-4.0,-4.0,-4.0,-4.0,-4.0,-4.0,1386.0,-3.0,1640.0
4413000.0,-4.0,-4.0,-4.0,-4.0,-4.0,-4.0,-4.0,-4.0,-4.0,-4.0,-4.0,1392.0,1512.0,1644.0,-4.0,-4.0,-4.0,-4.0,-4.0,-4.0,-4.0,-4.0,-4.0,-4.0,-4.0,1399.0,1525.0,1655.0,-4.0,-4.0,-4.0,-4.0,-4.0,-4.0,1529.0,-4.0,-4.0,-4.0,-4.0,-4.0,-4.0,-4.0,-4.0,-4.0,-4.0,-4.0,1422.0,1562.0,1687.0,-4.0,-4.0,-4.0,-4.0,-4.0,-4.0,-4.0,-4.0,-4.0,-4.0,-4.0,1430.0,1573.0,1695.0,-4.0,-4.0,-4.0,-4.0,-4.0,-4.0,-4.0,-4.0,-4.0,-4.0,-4.0,1433.0,1577.0,1697.0,-4.0,-4.0,-4.0,-4.0,-4.0,-4.0,-4.0,-4.0,-4.0,-4.0,-4.0,1364.0,1481.0,1621.0,-4.0,-4.0,-4.0,-4.0,-4.0,-4.0,-4.0,-4.0,-4.0,-4.0,-4.0,1382.0,1502.0,1634.0,-4.0,-4.0,-4.0,-4.0,-4.0,-4.0,-4.0,-4.0,-4.0,-4.0,-4.0,1386.0,1506.0,1640.0
4414000.0,-4.0,-4.0,-4.0,-4.0,-4.0,-4.0,-4.0,-4.0,-4.0,-4.0,-4.0,1396.0,0.0,1652.0,-4.0,-4.0,-4.0,-4.0,-4.0,-4.0,-4.0,-4.0,-4.0,-4.0,-4.0,1400.0,0.0,1656.0,-4.0,-4.0,-4.0,-4.0,-4.0,-4.0,0.0,-4.0,-4.0,-4.0,-4.0,-4.0,-4.0,-4.0,-4.0,-4.0,-4.0,-4.0,1420.0,1556.0,1681.0,-4.0,-4.0,-4.0,-4.0,-4.0,-4.0,-4.0,-4.0,-4.0,-4.0,-4.0,1431.0,1574.0,1694.0,-4.0,-4.0,-4.0,-4.0,-4.0,-4.0,-4.0,-4.0,-4.0,-4.0,-4.0,1432.0,1577.0,1697.0,-4.0,-4.0,-4.0,-4.0,-4.0,-4.0,-4.0,-4.0,-4.0,-4.0,-4.0,1362.0,1481.0,1622.0,-4.0,-4.0,-4.0,-4.0,-4.0,-4.0,-4.0,-4.0,-4.0,-4.0,-4.0,1382.0,1502.0,1634.0,-4.0,-4.0,-4.0,-4.0,-4.0,-4.0,-4.0,-4.0,-4.0,-4.0,-4.0,1386.0,1506.0,1640.0
4415000.0,-4.0,-4.0,-4.0,-4.0,-4.0,-4.0,-4.0,-4.0,-4.0,-4.0,-4.0,0.0,1521.0,1650.0,-4.0,-4.0,-4.0,-4.0,-4.0,-4.0,-4.0,-4.0,-4.0,-4.0,-4.0,0.0,1527.0,1657.0,-4.0,-4.0,-4.0,-4.0,-4.0,-4.0,1528.0,-4.0,-4.0,-4.0,-4.0,-4.0,-4.0,-4.0,-4.0,-4.0,-4.0,-4.0,0.0,1563.0,1682.0,-4.0,-4.0,-4.0,-4.0,-4.0,-4.0,-4.0,-4.0,-4.0,-4.0,-4.0,0.0,1573.0,1694.0,-4.0,-4.0,-4.0,-4.0,-4.0,-4.0,-4.0,-4.0,-4.0,-4.0,-4.0,0.0,1577.0,1697.0,-4.0,-4.0,-4.0,-4.0,-4.0,-4.0,-4.0,-4.0,-4.0,-4.0,-4.0,1364.0,1482.0,1613.0,-4.0,-4.0,-4.0,-4.0,-4.0,-4.0,-4.0,-4.0,-4.0,-4.0,-4.0,1382.0,1502.0,1634.0,-4.0,-4.0,-4.0,-4.0,-4.0,-4.0,-4.0,-4.0,-4.0,-4.0,-4.0,1386.0,1506.0,1640.0
4416000.0,-4.0,-4.0,-4.0,-4.0,-4.0,-4.0,-4.0,-4.0,-4.0,-4.0,-4.0,-3.0,-3.0,1652.0,-4.0,-4.0,-4.0,-4.0,-4.0,-4.0,-4.0,-4.0,-4.0,-4.0,-4.0,-3.0,-3.0,1656.0,-4.0,-4.0,-4.0,-4.0,-4.0,-4.0,-3.0,-4.0,-4.0,-4.0,-4.0,-4.0,-4.0,-4.0,-4.0,-4.0,-4.0,-4.0,-3.0,-3.0,1681.0,-4.0,-4.0,-4.0,-4.0,-4.0,-4.0,-4.0,-4.0,-4.0,-4.0,-4.0,-3.0,-3.0,1694.0,-4.0,-4.0,-4.0,-4.0,-4.0,-4.0,-4.0,-4.0,-4.0,-4.0,-4.0,-3.0,-3.0,1697.0,-4.0,-4.0,-4.0,-4.0,-4.0,-4.0,-4.0,-4.0,-4.0,-4.0,-4.0,-3.0,-3.0,1622.0,-4.0,-4.0,-4.0,-4.0,-4.0,-4.0,-4.0,-4.0,-4.0,-4.0,-4.0,-3.0,-3.0,1634.0,-4.0,-4.0,-4.0,-4.0,-4.0,-4.0,-4.0,-4.0,-4.0,-4.0,-4.0,-3.0,-3.0,1640.0
4417000.0,-4.0,-4.0,-4.0,-4.0,-4.0,-4.0,-4.0,-4.0,-4.0,-4.0,-4.0,-3.0,-3.0,1652.0,-4.0,-4.0,-4.0,-4.0,-4.0,-4.0,-4.0,-4.0,-4.0,-4.0,-4.0,-3.0,-3.0,1656.0,-4.0,-4.0,-4.0,-4.0,-4.0,-4.0,-3.0,-4.0,-4.0,-4.0,-4.0,-4.0,-4.0,-4.0,-4.0,-4.0,-4.0,-4.0,-3.0,-3.0,1681.0,-4.0,-4.0,-4.0,-4.0,-4.0,-4.0,-4.0,-4.0,-4.0,-4.0,-4.0,-3.0,-3.0,1694.0,-4.0,-4.0,-4.0,-4.0,-4.0,-4.0,-4.0,-4.0,-4.0,-4.0,-4.0,-3.0,-3.0,1697.0,-4.0,-4.0,-4.0,-4.0,-4.0,-4.0,-4.0,-4.0,-4.0,-4.0,-4.0,-3.0,-3.0,1622.0,-4.0,-4.0,-4.0,-4.0,-4.0,-4.0,-4.0,-4.0,-4.0,-4.0,-4.0,-3.0,-3.0,1634.0,-4.0,-4.0,-4.0,-4.0,-4.0,-4.0,-4.0,-4.0,-4.0,-4.0,-4.0,-3.0,-3.0,1640.0
4418000.0,-4.0,-4.0,-4.0,-4.0,-4.0,-4.0,-4.0,-4.0,-4.0,-4.0,-4.0,1396.0,-5.0,-5.0,-4.0,-4.0,-4.0,-4.0,-4.0,-4.0,-4.0,-4.0,-4.0,-4.0,-4.0,1400.0,-5.0,-5.0,-4.0,-4.0,-4.0,-4.0,-4.0,-4.0,-5.0,-4.0,-4.0,-4.0,-4.0,-4.0,-4.0,-4.0,-4.0,-4.0,-4.0,-4.0,1420.0,-5.0,-5.0,-4.0,-4.0,-4.0,-4.0,-4.0,-4.0,-4.0,-4.0,-4.0,-4.0,-4.0,1431.0,-5.0,-5.0,-4.0,-4.0,-4.0,-4.0,-4.0,-4.0,-4.0,-4.0,-4.0,-4.0,-4.0,1432.0,-5.0,-5.0,-4.0,-4.0,-4.0,-4.0,-4.0,-4.0,-4.0,-4.0,-4.0,-4.0,-4.0,1365.0,-5.0,-5.0,-4.0,-4.0,-4.0,-4.0,-4.0,-4.0,-4.0,-4.0,-4.0,-4.0,-4.0,1382.0,-5.0,-5.0,-4.0,-4.0,-4.0,-4.0,-4.0,-4.0,-4.0,-4.0,-4.0,-4.0,-4.0,1386.0,-5.0,-5.0
4419000.0,-4.0,-4.0,-4.0,-4.0,-4.0,-4.0,-4.0,-4.0,-4.0,-4.0,-4.0,1396.0,1520.0,1653.0,-4.0,-4.0,-4.0,-4.0,-4.0,-4.0,-4.0,-4.0,-4.0,-4.0,-4.0,1400.0,1527.0,1657.0,-4.0,-4.0,-4.0,-4.0,-4.0,-4.0,1528.0,-4.0,-4.0,-4.0,-4.0,-4.0,-4.0,-4.0,-4.0,-4.0,-4.0,-4.0,1420.0,1558.0,1682.0,-4.0,-4.0,-4.0,-4.0,-4.0,-4.0,-4.0,-4.0,-4.0,-4.0,-4.0,1431.0,1574.0,1694.0,-4.0,-4.0,-4.0,-4.0,-4.0,-4.0,-4.0,-4.0,-4.0,-4.0,-4.0,1432.0,1577.0,1697.0,-4.0,-4.0,-4.0,-4.0,-4.0,-4.0,-4.0,-4.0,-4.0,-4.0,-4.0,1365.0,1483.0,1613.0,-4.0,-4.0,-4.0,-4.0,-4.0,-4.0,-4.0,-4.0,-4.0,-4.0,-4.0,1382.0,1502.0,1634.0,-4.0,-4.0,-4.0,-4.0,-4.0,-4.0,-4.0,-4.0,-4.0,-4.0,-4.0,1386.0,1506.0,1640.0
4420000.0,-4.0,-4.0,-4.0,-4.0,-4.0,-4.0,-4.0,-4.0,-4.0,-4.0,-4.0,1396.0,1520.0,1652.0,-4.0,-4.0,-4.0,-4.0,-4.0,-4.0,-4.0,-4.0,-4.0,-4.0,-4.0,1400.0,1527.0,1656.0,-4.0,-4.0,-4.0,-4.0,-4.0,-4.0,1528.0,-4.0,-4.0,-4.0,-4.0,-4.0,-4.0,-4.0,-4.0,-4.0,-4.0,-4.0,1420.0,1558.0,1682.0,-4.0,-4.0,-4.0,-4.0,-4.0,-4.0,-4.0,-4.0,-4.0,-4.0,-4.0,1431.0,1574.0,1694.0,-4.0,-4.0,-4.0,-4.0,-4.0,-4.0,-4.0,-4.0,-4.0,-4.0,-4.0,1432.0,1577.0,1697.0,-4.0,-4.0,-4.0,-4.0,-4.0,-4.0,-4.0,-4.0,-4.0,-4.0,-4.0,1365.0,1483.0,1621.0,-4.0,-4.0,-4.0,-4.0,-4.0,-4.0,-4.0,-4.0,-4.0,-4.0,-4.0,1382.0,1502.0,1634.0,-4.0,-4.0,-4.0,-4.0,-4.0,-4.0,-4.0,-4.0,-4.0,-4.0,-4.0,1386.0,1506.0,1640.0
4421000.0,-4.0,-4.0,-4.0,-4.0,-4.0,-4.0,-4.0,-4.0,-4.0,-4.0,-4.0,1396.0,1520.0,1652.0,-4.0,-4.0,-4.0,-4.0,-4.0,-4.0,-4.0,-4.0,-4.0,-4.0,-4.0,1400.0,1527.0,1656.0,-4.0,-4.0,-4.0,-4.0,-4.0,-4.0,1528.0,-4.0,-4.0,-4.0,-4.0,-4.0,-4.0,-4.0,-4.0,-4.0,-4.0,-4.0,1420.0,1558.0,1681.0,-4.0,-4.0,-4.0,-4.0,-4.0,-4.0,-4.0,-4.0,-4.0,-4.0,-4.0,1431.0,1574.0,1694.0,-4.0,-4.0,-4.0,-4.0,-4.0,-4.0,-4.0,-4.0,-4.0,-4.0,-4.0,1432.0,1577.0,1697.0,-4.0,-4.0,-4.0,-4.0,-4.0,-4.0,-4.0,-4.0,-4.0,-4.0,-4.0,1364.0,1473.0,1622.0,-4.0,-4.0,-4.0,-4.0,-4.0,-4.0,-4.0,-4.0,-4.0,-4.0,-4.0,1382.0,1499.0,1634.0,-4.0,-4.0,-4.0,-4.0,-4.0,-4.0,-4.0,-4.0,-4.0,-4.0,-4.0,1386.0,1506.0,1640.0
4422000.0,-4.0,-4.0,-4.0,-4.0,-4.0,-4.0,-4.0,-4.0,-4.0,-4.0,-4.0,1396.0,1520.0,1652.0,-4.0,-4.0,-4.0,-4.0,-4.0,-4.0,-4.0,-4.0,-4.0,-4.0,-4.0,1400.0,1527.0,1656.0,-4.0,-4.0,-4.0,-4.0,-4.0,-4.0,1528.0,-4.0,-4.0,-4.0,-4.0,-4.0,-4.0,-4.0,-4.0,-4.0,-4.0,-4.0,1420.0,1558.0,1682.0,-4.0,-4.0,-4.0,-4.0,-4.0,-4.0,-4.0,-4.0,-4.0,-4.0,-4.0,1431.0,1574.0,1694.0,-4.0,-4.0,-4.0,-4.0,-4.0,-4.0,-4.0,-4.0,-4.0,-4.0,-4.0,1432.0,1577.0,1697.0,-4.0,-4.0,-4.0,-4.0,-4.0,-4.0,-4.0,-4.0,-4.0,-4.0,-4.0,1365.0,1483.0,1621.0,-4.0,-4.0,-4.0,-4.0,-4.0,-4.0,-4.0,-4.0,-4.0,-4.0,-4.0,1382.0,1502.0,1634.0,-4.0,-4.0,-4.0,-4.0,-4.0,-4.0,-4.0,-4.0,-4.0,-4.0,-4.0,1386.0,1506.0,1640.0
4423000.0,-4.0,-4.0,-4.0,-4.0,-4.0,-4.0,-4.0,-4.0,-4.0,-4.0,-4.0,1396.0,1520.0,1652.0,-4.0,-4.0,-4.0,-4.0,-4.0,-4.0,-4.0,-4.0,-4.0,-4.0,-4.0,1400.0,1527.0,1656.0,-4.0,-4.0,-4.0,-4.0,-4.0,-4.0,1528.0,-4.0,-4.0,-4.0,-4.0,-4.0,-4.0,-4.0,-4.0,-4.0,-4.0,-4.0,1420.0,1558.0,1681.0,-4.0,-4.0,-4.0,-4.0,-4.0,-4.0,-4.0,-4.0,-4.0,-4.0,-4.0,1431.0,1574.0,1694.0,-4.0,-4.0,-4.0,-4.0,-4.0,-4.0,-4.0,-4.0,-4.0,-4.0,-4.0,1432.0,1577.0,1697.0,-4.0,-4.0,-4.0,-4.0,-4.0,-4.0,-4.0,-4.0,-4.0,-4.0,-4.0,1364.0,1473.0,1622.0,-4.0,-4.0,-4.0,-4.0,-4.0,-4.0,-4.0,-4.0,-4.0,-4.0,-4.0,1382.0,1499.0,1634.0,-4.0,-4.0,-4.0,-4.0,-4.0,-4.0,-4.0,-4.0,-4.0,-4.0,-4.0,1386.0,1506.0,1640.0
4424000.0,-4.0,-4.0,-4.0,-4.0,-4.0,-4.0,-4.0,-4.0,-4.0,-4.0,-4.0,0.0,1520.0,1652.0,-4.0,-4.0,-4.0,-4.0,-4.0,-4.0,-4.0,-4.0,-4.0,-4.0,-4.0,0.0,1527.0,1656.0,-4.0,-4.0,-4.0,-4.0,-4.0,-4.0,1528.0,-4.0,-4.0,-4.0,-4.0,-4.0,-4.0,-4.0,-4.0,-4.0,-4.0,-4.0,0.0,1558.0,1682.0,-4.0,-4.0,-4.0,-4.0,-4.0,-4.0,-4.0,-4.0,-4.0,-4.0,-4.0,0.0,1574.0,1694.0,-4.0,-4.0,-4.0,-4.0,-4.0,-4.0,-4.0,-4.0,-4.0,-4.0,-4.0,0.0,1577.0,1697.0,-4.0,-4.0,-4.0,-4.0,-4.0,-4.0,-4.0,-4.0,-4.0,-4.0,-4.0,1365.0,1483.0,1621.0,-4.0,-4.0,-4.0,-4.0,-4.0,-4.0,-4.0,-4.0,-4.0,-4.0,-4.0,1382.0,1502.0,1634.0,-4.0,-4.0,-4.0,-4.0,-4.0,-4.0,-4.0,-4.0,-4.0,-4.0,-4.0,1386.0,1506.0,1640.0
4425000.0,-4.0,-4.0,-4.0,-4.0,-4.0,-4.0,-4.0,-4.0,-4.0,-4.0,-4.0,-3.0,1520.0,1652.0,-4.0,-4.0,-4.0,-4.0,-4.0,-4.0,-4.0,-4.0,-4.0,-4.0,-4.0,-3.0,1527.0,1656.0,-4.0,-4.0,-4.0,-4.0,-4.0,-4.0,1528.0,-4.0,-4.0,-4.0,-4.0,-4.0,-4.0,-4.0,-4.0,-4.0,-4.0,-4.0,-3.0,1558.0,1682.0,-4.0,-4.0,-4.0,-4.0,-4.0,-4.0,-4.0,-4.0,-4.0,-4.0,-4.0,-3.0,1574.0,1694.0,-4.0,-4.0,-4.0,-4.0,-4.0,-4.0,-4.0,-4.0,-4.0,-4.0,-4.0,-3.0,1577.0,1697.0,-4.0,-4.0,-4.0,-4.0,-4.0,-4.0,-4.0,-4.0,-4.0,-4.0,-4.0,-3.0,1483.0,1621.0,-4.0,-4.0,-4.0,-4.0,-4.0,-4.0,-4.0,-4.0,-4.0,-4.0,-4.0,-3.0,1502.0,1634.0,-4.0,-4.0,-4.0,-4.0,-4.0,-4.0,-4.0,-4.0,-4.0,-4.0,-4.0,-3.0,1506.0,1640.0
4426000.0,-4.0,-4.0,-4.0,-4.0,-4.0,-4.0,-4.0,-4.0,-4.0,-4.0,-4.0,1392.0,1520.0,1652.0,-4.0,-4.0,-4.0,-4.0,-4.0,-4.0,-4.0,-4.0,-4.0,-4.0,-4.0,1399.0,1527.0,1656.0,-4.0,-4.0,-4.0,-4.0,-4.0,-4.0,1528.0,-4.0,-4.0,-4.0,-4.0,-4.0,-4.0,-4.0,-4.0,-4.0,-4.0,-4.0,1420.0,1558.0,1682.0,-4.0,-4.0,-4.0,-4.0,-4.0,-4.0,-4.0,-4.0,-4.0,-4.0,-4.0,1431.0,1574.0,1694.0,-4.0,-4.0,-4.0,-4.0,-4.0,-4.0,-4.0,-4.0,-4.0,-4.0,-4.0,1432.0,1577.0,1697.0,-4.0,-4.0,-4.0,-4.0,-4.0,-4.0,-4.0,-4.0,-4.0,-4.0,-4.0,1365.0,1483.0,1621.0,-4.0,-4.0,-4.0,-4.0,-4.0,-4.0,-4.0,-4.0,-4.0,-4.0,-4.0,1382.0,1502.0,1634.0,-4.0,-4.0,-4.0,-4.0,-4.0,-4.0,-4.0,-4.0,-4.0,-4.0,-4.0,1386.0,1506.0,1640.0
4427000.0,-4.0,-4.0,-4.0,-4.0,-4.0,-4.0,-4.0,-4.0,-4.0,-4.0,-4.0,1392.0,1520.0,0.0,-4.0,-4.0,-4.0,-4.0,-4.0,-4.0,-4.0,-4.0,-4.0,-4.0,-4.0,1399.0,1527.0,0.0,-4.0,-4.0,-4.0,-4.0,-4.0,-4.0,1528.0,-4.0,-4.0,-4.0,-4.0,-4.0,-4.0,-4.0,-4.0,-4.0,-4.0,-4.0,1420.0,1558.0,1682.0,-4.0,-4.0,-4.0,-4.0,-4.0,-4.0,-4.0,-4.0,-4.0,-4.0,-4.0,1431.0,1574.0,1694.0,-4.0,-4.0,-4.0,-4.0,-4.0,-4.0,-4.0,-4.0,-4.0,-4.0,-4.0,1432.0,1577.0,1697.0,-4.0,-4.0,-4.0,-4.0,-4.0,-4.0,-4.0,-4.0,-4.0,-4.0,-4.0,1365.0,1483.0,1613.0,-4.0,-4.0,-4.0,-4.0,-4.0,-4.0,-4.0,-4.0,-4.0,-4.0,-4.0,1382.0,1502.0,1634.0,-4.0,-4.0,-4.0,-4.0,-4.0,-4.0,-4.0,-4.0,-4.0,-4.0,-4.0,1386.0,1506.0,1640.0
4428000.0,-4.0,-4.0,-4.0,-4.0,-4.0,-4.0,-4.0,-4.0,-4.0,-4.0,-4.0,1396.0,1520.0,1652.0,-4.0,-4.0,-4.0,-4.0,-4.0,-4.0,-4.0,-4.0,-4.0,-4.0,-4.0,1400.0,1527.0,1656.0,-4.0,-4.0,-4.0,-4.0,-4.0,-4.0,1528.0,-4.0,-4.0,-4.0,-4.0,-4.0,-4.0,-4.0,-4.0,-4.0,-4.0,-4.0,1420.0,1558.0,1682.0,-4.0,-4.0,-4.0,-4.0,-4.0,-4.0,-4.0,-4.0,-4.0,-4.0,-4.0,1431.0,1574.0,1694.0,-4.0,-4.0,-4.0,-4.0,-4.0,-4.0,-4.0,-4.0,-4.0,-4.0,-4.0,1432.0,1577.0,1697.0,-4.0,-4.0,-4.0,-4.0,-4.0,-4.0,-4.0,-4.0,-4.0,-4.0,-4.0,1365.0,1483.0,1621.0,-4.0,-4.0,-4.0,-4.0,-4.0,-4.0,-4.0,-4.0,-4.0,-4.0,-4.0,1382.0,1502.0,1634.0,-4.0,-4.0,-4.0,-4.0,-4.0,-4.0,-4.0,-4.0,-4.0,-4.0,-4.0,1386.0,1506.0,1640.0
4429000.0,-4.0,-4.0,-4.0,-4.0,-4.0,-4.0,-4.0,-4.0,-4.0,-4.0,-4.0,1396.0,1520.0,1652.0,-4.0,-4.0,-4.0,-4.0,-4.0,-4.0,-4.0,-4.0,-4.0,-4.0,-4.0,1400.0,1527.0,1656.0,-4.0,-4.0,-4.0,-4.0,-4.0,-4.0,1528.0,-4.0,-4.0,-4.0,-4.0,-4.0,-4.0,-4.0,-4.0,-4.0,-4.0,-4.0,1420.0,1558.0,1682.0,-4.0,-4.0,-4.0,-4.0,-4.0,-4.0,-4.0,-4.0,-4.0,-4.0,-4.0,1431.0,1574.0,1694.0,-4.0,-4.0,-4.0,-4.0,-4.0,-4.0,-4.0,-4.0,-4.0,-4.0,-4.0,1432.0,1577.0,1697.0,-4.0,-4.0,-4.0,-4.0,-4.0,-4.0,-4.0,-4.0,-4.0,-4.0,-4.0,1365.0,1483.0,1613.0,-4.0,-4.0,-4.0,-4.0,-4.0,-4.0,-4.0,-4.0,-4.0,-4.0,-4.0,1382.0,1502.0,1634.0,-4.0,-4.0,-4.0,-4.0,-4.0,-4.0,-4.0,-4.0,-4.0,-4.0,-4.0,1386.0,1506.0,1640.0
4430000.0,-4.0,-4.0,-4.0,-4.0,-4.0,-4.0,-4.0,-4.0,-4.0,-4.0,-4.0,1396.0,1520.0,-3.0,-4.0,-4.0,-4.0,-4.0,-4.0,-4.0,-4.0,-4.0,-4.0,-4.0,-4.0,1400.0,1527.0,-3.0,-4.0,-4.0,-4.0,-4.0,-4.0,-4.0,1528.0,-4.0,-4.0,-4.0,-4.0,-4.0,-4.0,-4.0,-4.0,-4.0,-4.0,-4.0,1420.0,1557.0,-3.0,-4.0,-4.0,-4.0,-4.0,-4.0,-4.0,-4.0,-4.0,-4.0,-4.0,-4.0,1431.0,1574.0,-3.0,-4.0,-4.0,-4.0,-4.0,-4.0,-4.0,-4.0,-4.0,-4.0,-4.0,-4.0,1432.0,1577.0,-3.0,-4.0,-4.0,-4.0,-4.0,-4.0,-4.0,-4.0,-4.0,-4.0,-4.0,-4.0,1365.0,1471.0,-3.0,-4.0,-4.0,-4.0,-4.0,-4.0,-4.0,-4.0,-4.0,-4.0,-4.0,-4.0,1382.0,1499.0,-3.0,-4.0,-4.0,-4.0,-4.0,-4.0,-4.0,-4.0,-4.0,-4.0,-4.0,-4.0,1386.0,1506.0,-3.0
4431000.0,-4.0,-4.0,-4.0,-4.0,-4.0,-4.0,-4.0,-4.0,-4.0,-4.0,-4.0,1396.0,1520.0,1652.0,-4.0,-4.0,-4.0,-4.0,-4.0,-4.0,-4.0,-4.0,-4.0,-4.0,-4.0,1400.0,1527.0,1656.0,-4.0,-4.0,-4.0,-4.0,-4.0,-4.0,1528.0,-4.0,-4.0,-4.0,-4.0,-4.0,-4.0,-4.0,-4.0,-4.0,-4.0,-4.0,1420.0,1558.0,1682.0,-4.0,-4.0,-4.0,-4.0,-4.0,-4.0,-4.0,-4.0,-4.0,-4.0,-4.0,1431.0,1574.0,1694.0,-4.0,-4.0,-4.0,-4.0,-4.0,-4.0,-4.0,-4.0,-4.0,-4.0,-4.0,1432.0,1577.0,1697.0,-4.0,-4.0,-4.0,-4.0,-4.0,-4.0,-4.0,-4.0,-4.0,-4.0,-4.0,1365.0,1483.0,1613.0,-4.0,-4.0,-4.0,-4.0,-4.0,-4.0,-4.0,-4.0,-4.0,-4.0,-4.0,1382.0,1502.0,1634.0,-4.0,-4.0,-4.0,-4.0,-4.0,-4.0,-4.0,-4.0,-4.0,-4.0,-4.0,1386.0,1506.0,1640.0
4432000.0,-4.0,-4.0,-4.0,-4.0,-4.0,-4.0,-4.0,-4.0,-4.0,-4.0,-4.0,1396.0,1520.0,-3.0,-4.0,-4.0,-4.0,-4.0,-4.0,-4.0,-4.0,-4.0,-4.0,-4.0,-4.0,1400.0,1527.0,-3.0,-4.0,-4.0,-4.0,-4.0,-4.0,-4.0,1528.0,-4.0,-4.0,-4.0,-4.0,-4.0,-4.0,-4.0,-4.0,-4.0,-4.0,-4.0,1420.0,1558.0,-3.0,-4.0,-4.0,-4.0,-4.0,-4.0,-4.0,-4.0,-4.0,-4.0,-4.0,-4.0,1431.0,1574.0,-3.0,-4.0,-4.0,-4.0,-4.0,-4.0,-4.0,-4.0,-4.0,-4.0,-4.0,-4.0,1432.0,1577.0,-3.0,-4.0,-4.0,-4.0,-4.0,-4.0,-4.0,-4.0,-4.0,-4.0,-4.0,-4.0,1364.0,1483.0,-3.0,-4.0,-4.0,-4.0,-4.0,-4.0,-4.0,-4.0,-4.0,-4.0,-4.0,-4.0,1382.0,1502.0,-3.0,-4.0,-4.0,-4.0,-4.0,-4.0,-4.0,-4.0,-4.0,-4.0,-4.0,-4.0,1386.0,1506.0,-3.0
4433000.0,-4.0,-4.0,-4.0,-4.0,-4.0,-4.0,-4.0,-4.0,-4.0,-4.0,-4.0,1392.0,1520.0,1652.0,-4.0,-4.0,-4.0,-4.0,-4.0,-4.0,-4.0,-4.0,-4.0,-4.0,-4.0,1399.0,1527.0,1656.0,-4.0,-4.0,-4.0,-4.0,-4.0,-4.0,1528.0,-4.0,-4.0,-4.0,-4.0,-4.0,-4.0,-4.0,-4.0,-4.0,-4.0,-4.0,1420.0,1558.0,1682.0,-4.0,-4.0,-4.0,-4.0,-4.0,-4.0,-4.0,-4.0,-4.0,-4.0,-4.0,1431.0,1574.0,1694.0,-4.0,-4.0,-4.0,-4.0,-4.0,-4.0,-4.0,-4.0,-4.0,-4.0,-4.0,1432.0,1577.0,1697.0,-4.0,-4.0,-4.0,-4.0,-4.0,-4.0,-4.0,-4.0,-4.0,-4.0,-4.0,1365.0,1483.0,1621.0,-4.0,-4.0,-4.0,-4.0,-4.0,-4.0,-4.0,-4.0,-4.0,-4.0,-4.0,1382.0,1502.0,1634.0,-4.0,-4.0,-4.0,-4.0,-4.0,-4.0,-4.0,-4.0,-4.0,-4.0,-4.0,1386.0,1506.0,1640.0
4434000.0,-4.0,-4.0,-4.0,-4.0,-4.0,-4.0,-4.0,-4.0,-4.0,-4.0,-4.0,1396.0,1520.0,1652.0,-4.0,-4.0,-4.0,-4.0,-4.0,-4.0,-4.0,-4.0,-4.0,-4.0,-4.0,1400.0,1527.0,1656.0,-4.0,-4.0,-4.0,-4.0,-4.0,-4.0,1528.0,-4.0,-4.0,-4.0,-4.0,-4.0,-4.0,-4.0,-4.0,-4.0,-4.0,-4.0,1420.0,1558.0,1682.0,-4.0,-4.0,-4.0,-4.0,-4.0,-4.0,-4.0,-4.0,-4.0,-4.0,-4.0,1431.0,1574.0,1694.0,-4.0,-4.0,-4.0,-4.0,-4.0,-4.0,-4.0,-4.0,-4.0,-4.0,-4.0,1432.0,1577.0,1697.0,-4.0,-4.0,-4.0,-4.0,-4.0,-4.0,-4.0,-4.0,-4.0,-4.0,-4.0,1365.0,1482.0,1621.0,-4.0,-4.0,-4.0,-4.0,-4.0,-4.0,-4.0,-4.0,-4.0,-4.0,-4.0,1382.0,1502.0,1634.0,-4.0,-4.0,-4.0,-4.0,-4.0,-4.0,-4.0,-4.0,-4.0,-4.0,-4.0,1386.0,1506.0,1640.0
4435000.0,-4.0,-4.0,-4.0,-4.0,-4.0,-4.0,-4.0,-4.0,-4.0,-4.0,-4.0,1394.0,0.0,-3.0,-4.0,-4.0,-4.0,-4.0,-4.0,-4.0,-4.0,-4.0,-4.0,-4.0,-4.0,1401.0,0.0,-3.0,-4.0,-4.0,-4.0,-4.0,-4.0,-4.0,0.0,-4.0,-4.0,-4.0,-4.0,-4.0,-4.0,-4.0,-4.0,-4.0,-4.0,-4.0,1417.0,0.0,-3.0,-4.0,-4.0,-4.0,-4.0,-4.0,-4.0,-4.0,-4.0,-4.0,-4.0,-4.0,1430.0,0.0,-3.0,-4.0,-4.0,-4.0,-4.0,-4.0,-4.0,-4.0,-4.0,-4.0,-4.0,-4.0,1433.0,0.0,-3.0,-4.0,-4.0,-4.0,-4.0,-4.0,-4.0,-4.0,-4.0,-4.0,-4.0,-4.0,1359.0,1484.0,-3.0,-4.0,-4.0,-4.0,-4.0,-4.0,-4.0,-4.0,-4.0,-4.0,-4.0,-4.0,1380.0,1500.0,-3.0,-4.0,-4.0,-4.0,-4.0,-4.0,-4.0,-4.0,-4.0,-4.0,-4.0,-4.0,1386.0,1506.0,-3.0
4436000.0,-4.0,-4.0,-4.0,-4.0,-4.0,-4.0,-4.0,-4.0,-4.0,-4.0,-4.0,1392.0,-5.0,1653.0,-4.0,-4.0,-4.0,-4.0,-4.0,-4.0,-4.0,-4.0,-4.0,-4.0,-4.0,1399.0,-5.0,1657.0,-4.0,-4.0,-4.0,-4.0,-4.0,-4.0,-5.0,-4.0,-4.0,-4.0,-4.0,-4.0,-4.0,-4.0,-4.0,-4.0,-4.0,-4.0,1417.0,-5.0,1684.0,-4.0,-4.0,-4.0,-4.0,-4.0,-4.0,-4.0,-4.0,-4.0,-4.0,-4.0,1430.0,-5.0,1695.0,-4.0,-4.0,-4.0,-4.0,-4.0,-4.0,-4.0,-4.0,-4.0,-4.0,-4.0,1433.0,-5.0,1697.0,-4.0,-4.0,-4.0,-4.0,-4.0,-4.0,-4.0,-4.0,-4.0,-4.0,-4.0,1366.0,-5.0,1623.0,-4.0,-4.0,-4.0,-4.0,-4.0,-4.0,-4.0,-4.0,-4.0,-4.0,-4.0,1381.0,-5.0,1635.0,-4.0,-4.0,-4.0,-4.0,-4.0,-4.0,-4.0,-4.0,-4.0,-4.0,-4.0,1386.0,-5.0,1640.0
4437000.0,-4.0,-4.0,-4.0,-4.0,-4.0,-4.0,-4.0,-4.0,-4.0,-4.0,-4.0,1398.0,1517.0,1654.0,-4.0,-4.0,-4.0,-4.0,-4.0,-4.0,-4.0,-4.0,-4.0,-4.0,-4.0,1401.0,1527.0,1657.0,-4.0,-4.0,-4.0,-4.0,-4.0,-4.0,1528.0,-4.0,-4.0,-4.0,-4.0,-4.0,-4.0,-4.0,-4.0,-4.0,-4.0,-4.0,1424.0,1564.0,1688.0,-4.0,-4.0,-4.0,-4.0,-4.0,-4.0,-4.0,-4.0,-4.0,-4.0,-4.0,1430.0,1573.0,1695.0,-4.0,-4.0,-4.0,-4.0,-4.0,-4.0,-4.0,-4.0,-4.0,-4.0,-4.0,1433.0,1577.0,1697.0,-4.0,-4.0,-4.0,-4.0,-4.0,-4.0,-4.0,-4.0,-4.0,-4.0,-4.0,1366.0,1485.0,1623.0,-4.0,-4.0,-4.0,-4.0,-4.0,-4.0,-4.0,-4.0,-4.0,-4.0,-4.0,1381.0,1500.0,1635.0,-4.0,-4.0,-4.0,-4.0,-4.0,-4.0,-4.0,-4.0,-4.0,-4.0,-4.0,1386.0,1506.0,1640.0
4438000.0,-4.0,-4.0,-4.0,-4.0,-4.0,-4.0,-4.0,-4.0,-4.0,-4.0,-4.0,1392.0,1512.0,0.0,-4.0,-4.0,-4.0,-4.0,-4.0,-4.0,-4.0,-4.0,-4.0,-4.0,-4.0,1399.0,1525.0,0.0,-4.0,-4.0,-4.0,-4.0,-4.0,-4.0,1529.0,-4.0,-4.0,-4.0,-4.0,-4.0,-4.0,-4.0,-4.0,-4.0,-4.0,-4.0,1422.0,1562.0,1687.0,-4.0,-4.0,-4.0,-4.0,-4.0,-4.0,-4.0,-4.0,-4.0,-4.0,-4.0,1430.0,1573.0,1695.0,-4.0,-4.0,-4.0,-4.0,-4.0,-4.0,-4.0,-4.0,-4.0,-4.0,-4.0,1433.0,1577.0,1697.0,-4.0,-4.0,-4.0,-4.0,-4.0,-4.0,-4.0,-4.0,-4.0,-4.0,-4.0,1359.0,1478.0,1624.0,-4.0,-4.0,-4.0,-4.0,-4.0,-4.0,-4.0,-4.0,-4.0,-4.0,-4.0,1380.0,1500.0,1635.0,-4.0,-4.0,-4.0,-4.0,-4.0,-4.0,-4.0,-4.0,-4.0,-4.0,-4.0,1386.0,1506.0,1640.0
4439000.0,-4.0,-4.0,-4.0,-4.0,-4.0,-4.0,-4.0,-4.0,-4.0,-4.0,-4.0,0.0,0.0,-3.0,-4.0,-4.0,-4.0,-4.0,-4.0,-4.0,-4.0,-4.0,-4.0,-4.0,-4.0,0.0,0.0,-3.0,-4.0,-4.0,-4.0,-4.0,-4.0,-4.0,0.0,-4.0,-4.0,-4.0,-4.0,-4.0,-4.0,-4.0,-4.0,-4.0,-4.0,-4.0,1417.0,1562.0,-3.0,-4.0,-4.0,-4.0,-4.0,-4.0,-4.0,-4.0,-4.0,-4.0,-4.0,-4.0,1430.0,1573.0,-3.0,-4.0,-4.0,-4.0,-4.0,-4.0,-4.0,-4.0,-4.0,-4.0,-4.0,-4.0,1433.0,1577.0,-3.0,-4.0,-4.0,-4.0,-4.0,-4.0,-4.0,-4.0,-4.0,-4.0,-4.0,-4.0,1359.0,1484.0,-3.0,-4.0,-4.0,-4.0,-4.0,-4.0,-4.0,-4.0,-4.0,-4.0,-4.0,-4.0,1380.0,1500.0,-3.0,-4.0,-4.0,-4.0,-4.0,-4.0,-4.0,-4.0,-4.0,-4.0,-4.0,-4.0,1386.0,1506.0,-3.0
4440000.0,-4.0,-4.0,-4.0,-4.0,-4.0,-4.0,-4.0,-4.0,-4.0,-4.0,-4.0,1392.0,1517.0,1653.0,-4.0,-4.0,-4.0,-4.0,-4.0,-4.0,-4.0,-4.0,-4.0,-4.0,-4.0,1399.0,1527.0,1657.0,-4.0,-4.0,-4.0,-4.0,-4.0,-4.0,1528.0,-4.0,-4.0,-4.0,-4.0,-4.0,-4.0,-4.0,-4.0,-4.0,-4.0,-4.0,1417.0,1564.0,1684.0,-4.0,-4.0,-4.0,-4.0,-4.0,-4.0,-4.0,-4.0,-4.0,-4.0,-4.0,1430.0,1573.0,1695.0,-4.0,-4.0,-4.0,-4.0,-4.0,-4.0,-4.0,-4.0,-4.0,-4.0,-4.0,1433.0,1577.0,1697.0,-4.0,-4.0,-4.0,-4.0,-4.0,-4.0,-4.0,-4.0,-4.0,-4.0,-4.0,1366.0,1485.0,1624.0,-4.0,-4.0,-4.0,-4.0,-4.0,-4.0,-4.0,-4.0,-4.0,-4.0,-4.0,1381.0,1500.0,1635.0,-4.0,-4.0,-4.0,-4.0,-4.0,-4.0,-4.0,-4.0,-4.0,-4.0,-4.0,1386.0,1506.0,1640.0
4441000.0,-4.0,-4.0,-4.0,-4.0,-4.0,-4.0,-4.0,-4.0,-4.0,-4.0,-4.0,1392.0,1517.0,1653.0,-4.0,-4.0,-4.0,-4.0,-4.0,-4.0,-4.0,-4.0,-4.0,-4.0,-4.0,1399.0,1527.0,1657.0,-4.0,-4.0,-4.0,-4.0,-4.0,-4.0,1528.0,-4.0,-4.0,-4.0,-4.0,-4.0,-4.0,-4.0,-4.0,-4.0,-4.0,-4.0,1417.0,1561.0,1682.0,-4.0,-4.0,-4.0,-4.0,-4.0,-4.0,-4.0,-4.0,-4.0,-4.0,-4.0,1430.0,1573.0,1694.0,-4.0,-4.0,-4.0,-4.0,-4.0,-4.0,-4.0,-4.0,-4.0,-4.0,-4.0,1433.0,1577.0,1697.0,-4.0,-4.0,-4.0,-4.0,-4.0,-4.0,-4.0,-4.0,-4.0,-4.0,-4.0,1359.0,1478.0,1618.0,-4.0,-4.0,-4.0,-4.0,-4.0,-4.0,-4.0,-4.0,-4.0,-4.0,-4.0,1380.0,1500.0,1636.0,-4.0,-4.0,-4.0,-4.0,-4.0,-4.0,-4.0,-4.0,-4.0,-4.0,-4.0,1386.0,1506.0,1640.0
4442000.0,-4.0,-4.0,-4.0,-4.0,-4.0,-4.0,-4.0,-4.0,-4.0,-4.0,-4.0,1398.0,1517.0,1653.0,-4.0,-4.0,-4.0,-4.0,-4.0,-4.0,-4.0,-4.0,-4.0,-4.0,-4.0,1401.0,1527.0,1657.0,-4.0,-4.0,-4.0,-4.0,-4.0,-4.0,1528.0,-4.0,-4.0,-4.0,-4.0,-4.0,-4.0,-4.0,-4.0,-4.0,-4.0,-4.0,1424.0,1564.0,1688.0,-4.0,-4.0,-4.0,-4.0,-4.0,-4.0,-4.0,-4.0,-4.0,-4.0,-4.0,1430.0,1573.0,1695.0,-4.0,-4.0,-4.0,-4.0,-4.0,-4.0,-4.0,-4.0,-4.0,-4.0,-4.0,1433.0,1577.0,1697.0,-4.0,-4.0,-4.0,-4.0,-4.0,-4.0,-4.0,-4.0,-4.0,-4.0,-4.0,1366.0,1485.0,1623.0,-4.0,-4.0,-4.0,-4.0,-4.0,-4.0,-4.0,-4.0,-4.0,-4.0,-4.0,1381.0,1500.0,1635.0,-4.0,-4.0,-4.0,-4.0,-4.0,-4.0,-4.0,-4.0,-4.0,-4.0,-4.0,1386.0,1506.0,1640.0
4443000.0,-4.0,-4.0,-4.0,-4.0,-4.0,-4.0,-4.0,-4.0,-4.0,-4.0,-4.0,1392.0,-5.0,-3.0,-4.0,-4.0,-4.0,-4.0,-4.0,-4.0,-4.0,-4.0,-4.0,-4.0,-4.0,1399.0,-5.0,-3.0,-4.0,-4.0,-4.0,-4.0,-4.0,-4.0,-5.0,-4.0,-4.0,-4.0,-4.0,-4.0,-4.0,-4.0,-4.0,-4.0,-4.0,-4.0,1417.0,-5.0,-3.0,-4.0,-4.0,-4.0,-4.0,-4.0,-4.0,-4.0,-4.0,-4.0,-4.0,-4.0,1430.0,-5.0,-3.0,-4.0,-4.0,-4.0,-4.0,-4.0,-4.0,-4.0,-4.0,-4.0,-4.0,-4.0,1433.0,-5.0,-3.0,-4.0,-4.0,-4.0,-4.0,-4.0,-4.0,-4.0,-4.0,-4.0,-4.0,-4.0,1359.0,-5.0,-3.0,-4.0,-4.0,-4.0,-4.0,-4.0,-4.0,-4.0,-4.0,-4.0,-4.0,-4.0,1380.0,-5.0,-3.0,-4.0,-4.0,-4.0,-4.0,-4.0,-4.0,-4.0,-4.0,-4.0,-4.0,-4.0,1386.0,-5.0,-3.0
4444000.0,-4.0,-4.0,-4.0,-4.0,-4.0,-4.0,-4.0,-4.0,-4.0,-4.0,-4.0,0.0,-3.0,1653.0,-4.0,-4.0,-4.0,-4.0,-4.0,-4.0,-4.0,-4.0,-4.0,-4.0,-4.0,0.0,-3.0,1657.0,-4.0,-4.0,-4.0,-4.0,-4.0,-4.0,-3.0,-4.0,-4.0,-4.0,-4.0,-4.0,-4.0,-4.0,-4.0,-4.0,-4.0,-4.0,1417.0,-3.0,1688.0,-4.0,-4.0,-4.0,-4.0,-4.0,-4.0,-4.0,-4.0,-4.0,-4.0,-4.0,1430.0,-3.0,1695.0,-4.0,-4.0,-4.0,-4.0,-4.0,-4.0,-4.0,-4.0,-4.0,-4.0,-4.0,1433.0,-3.0,1697.0,-4.0,-4.0,-4.0,-4.0,-4.0,-4.0,-4.0,-4.0,-4.0,-4.0,-4.0,1366.0,-3.0,1623.0,-4.0,-4.0,-4.0,-4.0,-4.0,-4.0,-4.0,-4.0,-4.0,-4.0,-4.0,1381.0,-3.0,1635.0,-4.0,-4.0,-4.0,-4.0,-4.0,-4.0,-4.0,-4.0,-4.0,-4.0,-4.0,1386.0,-3.0,1640.0
4445000.0,-4.0,-4.0,-4.0,-4.0,-4.0,-4.0,-4.0,-4.0,-4.0,-4.0,-4.0,-3.0,1517.0,1654.0,-4.0,-4.0,-4.0,-4.0,-4.0,-4.0,-4.0,-4.0,-4.0,-4.0,-4.0,-3.0,1527.0,1657.0,-4.0,-4.0,-4.0,-4.0,-4.0,-4.0,1528.0,-4.0,-4.0,-4.0,-4.0,-4.0,-4.0,-4.0,-4.0,-4.0,-4.0,-4.0,-3.0,1562.0,1687.0,-4.0,-4.0,-4.0,-4.0,-4.0,-4.0,-4.0,-4.0,-4.0,-4.0,-4.0,-3.0,1573.0,1695.0,-4.0,-4.0,-4.0,-4.0,-4.0,-4.0,-4.0,-4.0,-4.0,-4.0,-4.0,-3.0,1577.0,1697.0,-4.0,-4.0,-4.0,-4.0,-4.0,-4.0,-4.0,-4.0,-4.0,-4.0,-4.0,-3.0,1484.0,1618.0,-4.0,-4.0,-4.0,-4.0,-4.0,-4.0,-4.0,-4.0,-4.0,-4.0,-4.0,-3.0,1500.0,1636.0,-4.0,-4.0,-4.0,-4.0,-4.0,-4.0,-4.0,-4.0,-4.0,-4.0,-4.0,-3.0,1506.0,1640.0
4446000.0,-4.0,-4.0,-4.0,-4.0,-4.0,-4.0,-4.0,-4.0,-4.0,-4.0,-4.0,0.0,0.0,1653.0,-4.0,-4.0,-4.0,-4.0,-4.0,-4.0,-4.0,-4.0,-4.0,-4.0,-4.0,0.0,0.0,1657.0,-4.0,-4.0,-4.0,-4.0,-4.0,-4.0,0.0,-4.0,-4.0,-4.0,-4.0,-4.0,-4.0,-4.0,-4.0,-4.0,-4.0,-4.0,1417.0,1564.0,1684.0,-4.0,-4.0,-4.0,-4.0,-4.0,-4.0,-4.0,-4.0,-4.0,-4.0,-4.0,1430.0,1573.0,1695.0,-4.0,-4.0,-4.0,-4.0,-4.0,-4.0,-4.0,-4.0,-4.0,-4.0,-4.0,1433.0,1577.0,1697.0,-4.0,-4.0,-4.0,-4.0,-4.0,-4.0,-4.0,-4.0,-4.0,-4.0,-4.0,1366.0,1485.0,1619.0,-4.0,-4.0,-4.0,-4.0,-4.0,-4.0,-4.0,-4.0,-4.0,-4.0,-4.0,1381.0,1500.0,1635.0,-4.0,-4.0,-4.0,-4.0,-4.0,-4.0,-4.0,-4.0,-4.0,-4.0,-4.0,1386.0,1506.0,1640.0
4447000.0,-4.0,-4.0,-4.0,-4.0,-4.0,-4.0,-4.0,-4.0,-4.0,-4.0,-4.0,1392.0,1512.0,1644.0,-4.0,-4.0,-4.0,-4.0,-4.0,-4.0,-4.0,-4.0,-4.0,-4.0,-4.0,1399.0,1525.0,1655.0,-4.0,-4.0,-4.0,-4.0,-4.0,-4.0,1529.0,-4.0,-4.0,-4.0,-4.0,-4.0,-4.0,-4.0,-4.0,-4.0,-4.0,-4.0,1417.0,1562.0,1687.0,-4.0,-4.0,-4.0,-4.0,-4.0,-4.0,-4.0,-4.0,-4.0,-4.0,-4.0,1430.0,1573.0,1695.0,-4.0,-4.0,-4.0,-4.0,-4.0,-4.0,-4.0,-4.0,-4.0,-4.0,-4.0,1433.0,1577.0,1697.0,-4.0,-4.0,-4.0,-4.0,-4.0,-4.0,-4.0,-4.0,-4.0,-4.0,-4.0,1366.0,1485.0,1624.0,-4.0,-4.0,-4.0,-4.0,-4.0,-4.0,-4.0,-4.0,-4.0,-4.0,-4.0,1381.0,1500.0,1635.0,-4.0,-4.0,-4.0,-4.0,-4.0,-4.0,-4.0,-4.0,-4.0,-4.0,-4.0,1386.0,1506.0,1640.0
4448000.0,-4.0,-4.0,-4.0,-4.0,-4.0,-4.0,-4.0,-4.0,-4.0,-4.0,-4.0,1395.0,1517.0,-3.0,-4.0,-4.0,-4.0,-4.0,-4.0,-4.0,-4.0,-4.0,-4.0,-4.0,-4.0,1401.0,1527.0,-3.0,-4.0,-4.0,-4.0,-4.0,-4.0,-4.0,1528.0,-4.0,-4.0,-4.0,-4.0,-4.0,-4.0,-4.0,-4.0,-4.0,-4.0,-4.0,1422.0,1562.0,-3.0,-4.0,-4.0,-4.0,-4.0,-4.0,-4.0,-4.0,-4.0,-4.0,-4.0,-4.0,1430.0,1573.0,-3.0,-4.0,-4.0,-4.0,-4.0,-4.0,-4.0,-4.0,-4.0,-4.0,-4.0,-4.0,1433.0,1577.0,-3.0,-4.0,-4.0,-4.0,-4.0,-4.0,-4.0,-4.0,-4.0,-4.0,-4.0,-4.0,1359.0,1484.0,-3.0,-4.0,-4.0,-4.0,-4.0,-4.0,-4.0,-4.0,-4.0,-4.0,-4.0,-4.0,1380.0,1500.0,-3.0,-4.0,-4.0,-4.0,-4.0,-4.0,-4.0,-4.0,-4.0,-4.0,-4.0,-4.0,1386.0,1506.0,-3.0
4449000.0,-4.0,-4.0,-4.0,-4.0,-4.0,-4.0,-4.0,-4.0,-4.0,-4.0,-4.0,-3.0,-3.0,-4.0,-4.0,-4.0,-4.0,-4.0,-4.0,-4.0,-4.0,-4.0,-4.0,-4.0,-4.0,-3.0,-3.0,-4.0,-4.0,-4.0,-4.0,-4.0,-4.0,-4.0,-3.0,-4.0,-4.0,-4.0,-4.0,-4.0,-4.0,-4.0,-4.0,-4.0,-4.0,-4.0,-3.0,-3.0,-4.0,-4.0,-4.0,-4.0,-4.0,-4.0,-4.0,-4.0,-4.0,-4.0,-4.0,-4.0,-3.0,-3.0,-4.0,-4.0,-4.0,-4.0,-4.0,-4.0,-4.0,-4.0,-4.0,-4.0,-4.0,-4.0,-3.0,-3.0,-4.0,-4.0,-4.0,-4.0,-4.0,-4.0,-4.0,-4.0,-4.0,-4.0,-4.0,-4.0,-3.0,-3.0,-4.0,-4.0,-4.0,-4.0,-4.0,-4.0,-4.0,-4.0,-4.0,-4.0,-4.0,-4.0,-3.0,-3.0,-4.0,-4.0,-4.0,-4.0,-4.0,-4.0,-4.0,-4.0,-4.0,-4.0,-4.0,-4.0,-3.0,-3.0,-4.0
4450000.0,-4.0,-4.0,-4.0,-4.0,-4.0,-4.0,-4.0,-4.0,-4.0,-4.0,-4.0,1395.0,-5.0,1654.0,-4.0,-4.0,-4.0,-4.0,-4.0,-4.0,-4.0,-4.0,-4.0,-4.0,-4.0,1401.0,-5.0,1657.0,-4.0,-4.0,-4.0,-4.0,-4.0,-4.0,-5.0,-4.0,-4.0,-4.0,-4.0,-4.0,-4.0,-4.0,-4.0,-4.0,-4.0,-4.0,1422.0,-5.0,1689.0,-4.0,-4.0,-4.0,-4.0,-4.0,-4.0,-4.0,-4.0,-4.0,-4.0,-4.0,1430.0,-5.0,1695.0,-4.0,-4.0,-4.0,-4.0,-4.0,-4.0,-4.0,-4.0,-4.0,-4.0,-4.0,1433.0,-5.0,1697.0,-4.0,-4.0,-4.0,-4.0,-4.0,-4.0,-4.0,-4.0,-4.0,-4.0,-4.0,1359.0,-5.0,1616.0,-4.0,-4.0,-4.0,-4.0,-4.0,-4.0,-4.0,-4.0,-4.0,-4.0,-4.0,1380.0,-5.0,1636.0,-4.0,-4.0,-4.0,-4.0,-4.0,-4.0,-4.0,-4.0,-4.0,-4.0,-4.0,1386.0,-5.0,1640.0
4451000.0,-4.0,-4.0,-4.0,-4.0,-4.0,-4.0,-4.0,-4.0,-4.0,-4.0,-4.0,0.0,1517.0,1653.0,-4.0,-4.0,-4.0,-4.0,-4.0,-4.0,-4.0,-4.0,-4.0,-4.0,-4.0,0.0,1527.0,1657.0,-4.0,-4.0,-4.0,-4.0,-4.0,-4.0,1528.0,-4.0,-4.0,-4.0,-4.0,-4.0,-4.0,-4.0,-4.0,-4.0,-4.0,-4.0,0.0,1562.0,1687.0,-4.0,-4.0,-4.0,-4.0,-4.0,-4.0,-4.0,-4.0,-4.0,-4.0,-4.0,0.0,1573.0,1695.0,-4.0,-4.0,-4.0,-4.0,-4.0,-4.0,-4.0,-4.0,-4.0,-4.0,-4.0,0.0,1577.0,1697.0,-4.0,-4.0,-4.0,-4.0,-4.0,-4.0,-4.0,-4.0,-4.0,-4.0,-4.0,1366.0,1484.0,1624.0,-4.0,-4.0,-4.0,-4.0,-4.0,-4.0,-4.0,-4.0,-4.0,-4.0,-4.0,1381.0,1500.0,1635.0,-4.0,-4.0,-4.0,-4.0,-4.0,-4.0,-4.0,-4.0,-4.0,-4.0,-4.0,1386.0,1506.0,1640.0
4452000.0,-4.0,-4.0,-4.0,-4.0,-4.0,-4.0,-4.0,-4.0,-4.0,-4.0,-4.0,1392.0,1512.0,1644.0,-4.0,-4.0,-4.0,-4.0,-4.0,-4.0,-4.0,-4.0,-4.0,-4.0,-4.0,1399.0,1525.0,1655.0,-4.0,-4.0,-4.0,-4.0,-4.0,-4.0,1529.0,-4.0,-4.0,-4.0,-4.0,-4.0,-4.0,-4.0,-4.0,-4.0,-4.0,-4.0,1417.0,1562.0,1687.0,-4.0,-4.0,-4.0,-4.0,-4.0,-4.0,-4.0,-4.0,-4.0,-4.0,-4.0,1430.0,1573.0,1695.0,-4.0,-4.0,-4.0,-4.0,-4.0,-4.0,-4.0,-4.0,-4.0,-4.0,-4.0,1433.0,1577.0,1697.0,-4.0,-4.0,-4.0,-4.0,-4.0,-4.0,-4.0,-4.0,-4.0,-4.0,-4.0,1366.0,1484.0,1624.0,-4.0,-4.0,-4.0,-4.0,-4.0,-4.0,-4.0,-4.0,-4.0,-4.0,-4.0,1381.0,1500.0,1635.0,-4.0,-4.0,-4.0,-4.0,-4.0,-4.0,-4.0,-4.0,-4.0,-4.0,-4.0,1386.0,1506.0,1640.0
4453000.0,-4.0,-4.0,-4.0,-4.0,-4.0,-4.0,-4.0,-4.0,-4.0,-4.0,-4.0,1392.0,1512.0,1644.0,-4.0,-4.0,-4.0,-4.0,-4.0,-4.0,-4.0,-4.0,-4.0,-4.0,-4.0,1399.0,1525.0,1655.0,-4.0,-4.0,-4.0,-4.0,-4.0,-4.0,1529.0,-4.0,-4.0,-4.0,-4.0,-4.0,-4.0,-4.0,-4.0,-4.0,-4.0,-4.0,1417.0,1562.0,1687.0,-4.0,-4.0,-4.0,-4.0,-4.0,-4.0,-4.0,-4.0,-4.0,-4.0,-4.0,1430.0,1573.0,1695.0,-4.0,-4.0,-4.0,-4.0,-4.0,-4.0,-4.0,-4.0,-4.0,-4.0,-4.0,1433.0,1577.0,1697.0,-4.0,-4.0,-4.0,-4.0,-4.0,-4.0,-4.0,-4.0,-4.0,-4.0,-4.0,1366.0,1484.0,1624.0,-4.0,-4.0,-4.0,-4.0,-4.0,-4.0,-4.0,-4.0,-4.0,-4.0,-4.0,1381.0,1500.0,1635.0,-4.0,-4.0,-4.0,-4.0,-4.0,-4.0,-4.0,-4.0,-4.0,-4.0,-4.0,1386.0,1506.0,1640.0
4454000.0,-4.0,-4.0,-4.0,-4.0,-4.0,-4.0,-4.0,-4.0,-4.0,-4.0,-4.0,1392.0,-3.0,1654.0,-4.0,-4.0,-4.0,-4.0,-4.0,-4.0,-4.0,-4.0,-4.0,-4.0,-4.0,1399.0,-3.0,1657.0,-4.0,-4.0,-4.0,-4.0,-4.0,-4.0,-3.0,-4.0,-4.0,-4.0,-4.0,-4.0,-4.0,-4.0,-4.0,-4.0,-4.0,-4.0,1417.0,-3.0,1687.0,-4.0,-4.0,-4.0,-4.0,-4.0,-4.0,-4.0,-4.0,-4.0,-4.0,-4.0,1430.0,-3.0,1695.0,-4.0,-4.0,-4.0,-4.0,-4.0,-4.0,-4.0,-4.0,-4.0,-4.0,-4.0,1433.0,-3.0,1697.0,-4.0,-4.0,-4.0,-4.0,-4.0,-4.0,-4.0,-4.0,-4.0,-4.0,-4.0,1359.0,-3.0,1618.0,-4.0,-4.0,-4.0,-4.0,-4.0,-4.0,-4.0,-4.0,-4.0,-4.0,-4.0,1380.0,-3.0,1636.0,-4.0,-4.0,-4.0,-4.0,-4.0,-4.0,-4.0,-4.0,-4.0,-4.0,-4.0,1386.0,-3.0,1640.0
4455000.0,-4.0,-4.0,-4.0,-4.0,-4.0,-4.0,-4.0,-4.0,-4.0,-4.0,-4.0,1392.0,1517.0,1644.0,-4.0,-4.0,-4.0,-4.0,-4.0,-4.0,-4.0,-4.0,-4.0,-4.0,-4.0,1399.0,1527.0,1655.0,-4.0,-4.0,-4.0,-4.0,-4.0,-4.0,1528.0,-4.0,-4.0,-4.0,-4.0,-4.0,-4.0,-4.0,-4.0,-4.0,-4.0,-4.0,1417.0,1562.0,1687.0,-4.0,-4.0,-4.0,-4.0,-4.0,-4.0,-4.0,-4.0,-4.0,-4.0,-4.0,1430.0,1573.0,1695.0,-4.0,-4.0,-4.0,-4.0,-4.0,-4.0,-4.0,-4.0,-4.0,-4.0,-4.0,1433.0,1577.0,1697.0,-4.0,-4.0,-4.0,-4.0,-4.0,-4.0,-4.0,-4.0,-4.0,-4.0,-4.0,1359.0,1484.0,1624.0,-4.0,-4.0,-4.0,-4.0,-4.0,-4.0,-4.0,-4.0,-4.0,-4.0,-4.0,1380.0,1500.0,1635.0,-4.0,-4.0,-4.0,-4.0,-4.0,-4.0,-4.0,-4.0,-4.0,-4.0,-4.0,1386.0,1506.0,1640.0
4456000.0,-4.0,-4.0,-4.0,-4.0,-4.0,-4.0,-4.0,-4.0,-4.0,-4.0,-4.0,1396.0,-3.0,1654.0,-4.0,-4.0,-4.0,-4.0,-4.0,-4.0,-4.0,-4.0,-4.0,-4.0,-4.0,1400.0,-3.0,1657.0,-4.0,-4.0,-4.0,-4.0,-4.0,-4.0,-3.0,-4.0,-4.0,-4.0,-4.0,-4.0,-4.0,-4.0,-4.0,-4.0,-4.0,-4.0,1417.0,-3.0,1684.0,-4.0,-4.0,-4.0,-4.0,-4.0,-4.0,-4.0,-4.0,-4.0,-4.0,-4.0,1430.0,-3.0,1695.0,-4.0,-4.0,-4.0,-4.0,-4.0,-4.0,-4.0,-4.0,-4.0,-4.0,-4.0,1433.0,-3.0,1697.0,-4.0,-4.0,-4.0,-4.0,-4.0,-4.0,-4.0,-4.0,-4.0,-4.0,-4.0,1359.0,-3.0,1618.0,-4.0,-4.0,-4.0,-4.0,-4.0,-4.0,-4.0,-4.0,-4.0,-4.0,-4.0,1380.0,-3.0,1636.0,-4.0,-4.0,-4.0,-4.0,-4.0,-4.0,-4.0,-4.0,-4.0,-4.0,-4.0,1386.0,-3.0,1640.0
4457000.0,-4.0,-4.0,-4.0,-4.0,-4.0,-4.0,-4.0,-4.0,-4.0,-4.0,-4.0,1392.0,1517.0,1653.0,-4.0,-4.0,-4.0,-4.0,-4.0,-4.0,-4.0,-4.0,-4.0,-4.0,-4.0,1399.0,1527.0,1657.0,-4.0,-4.0,-4.0,-4.0,-4.0,-4.0,1528.0,-4.0,-4.0,-4.0,-4.0,-4.0,-4.0,-4.0,-4.0,-4.0,-4.0,-4.0,1417.0,1562.0,1687.0,-4.0,-4.0,-4.0,-4.0,-4.0,-4.0,-4.0,-4.0,-4.0,-4.0,-4.0,1430.0,1573.0,1695.0,-4.0,-4.0,-4.0,-4.0,-4.0,-4.0,-4.0,-4.0,-4.0,-4.0,-4.0,1433.0,1577.0,1697.0,-4.0,-4.0,-4.0,-4.0,-4.0,-4.0,-4.0,-4.0,-4.0,-4.0,-4.0,1359.0,1484.0,1624.0,-4.0,-4.0,-4.0,-4.0,-4.0,-4.0,-4.0,-4.0,-4.0,-4.0,-4.0,1380.0,1500.0,1635.0,-4.0,-4.0,-4.0,-4.0,-4.0,-4.0,-4.0,-4.0,-4.0,-4.0,-4.0,1386.0,1506.0,1640.0
4458000.0,-4.0,-4.0,-4.0,-4.0,-4.0,-4.0,-4.0,-4.0,-4.0,-4.0,-4.0,0.0,1512.0,1654.0,-4.0,-4.0,-4.0,-4.0,-4.0,-4.0,-4.0,-4.0,-4.0,-4.0,-4.0,0.0,1525.0,1657.0,-4.0,-4.0,-4.0,-4.0,-4.0,-4.0,1529.0,-4.0,-4.0,-4.0,-4.0,-4.0,-4.0,-4.0,-4.0,-4.0,-4.0,-4.0,0.0,1559.0,1683.0,-4.0,-4.0,-4.0,-4.0,-4.0,-4.0,-4.0,-4.0,-4.0,-4.0,-4.0,0.0,1573.0,1695.0,-4.0,-4.0,-4.0,-4.0,-4.0,-4.0,-4.0,-4.0,-4.0,-4.0,-4.0,0.0,1577.0,1697.0,-4.0,-4.0,-4.0,-4.0,-4.0,-4.0,-4.0,-4.0,-4.0,-4.0,-4.0,1360.0,1486.0,1616.0,-4.0,-4.0,-4.0,-4.0,-4.0,-4.0,-4.0,-4.0,-4.0,-4.0,-4.0,1381.0,1500.0,1636.0,-4.0,-4.0,-4.0,-4.0,-4.0,-4.0,-4.0,-4.0,-4.0,-4.0,-4.0,1386.0,1506.0,1640.0
4459000.0,-4.0,-4.0,-4.0,-4.0,-4.0,-4.0,-4.0,-4.0,-4.0,-4.0,-4.0,1398.0,-3.0,1653.0,-4.0,-4.0,-4.0,-4.0,-4.0,-4.0,-4.0,-4.0,-4.0,-4.0,-4.0,1401.0,-3.0,1657.0,-4.0,-4.0,-4.0,-4.0,-4.0,-4.0,-3.0,-4.0,-4.0,-4.0,-4.0,-4.0,-4.0,-4.0,-4.0,-4.0,-4.0,-4.0,1424.0,-3.0,1688.0,-4.0,-4.0,-4.0,-4.0,-4.0,-4.0,-4.0,-4.0,-4.0,-4.0,-4.0,1430.0,-3.0,1695.0,-4.0,-4.0,-4.0,-4.0,-4.0,-4.0,-4.0,-4.0,-4.0,-4.0,-4.0,1433.0,-3.0,1697.0,-4.0,-4.0,-4.0,-4.0,-4.0,-4.0,-4.0,-4.0,-4.0,-4.0,-4.0,1367.0,-3.0,1623.0,-4.0,-4.0,-4.0,-4.0,-4.0,-4.0,-4.0,-4.0,-4.0,-4.0,-4.0,1381.0,-3.0,1635.0,-4.0,-4.0,-4.0,-4.0,-4.0,-4.0,-4.0,-4.0,-4.0,-4.0,-4.0,1386.0,-3.0,1640.0
4460000.0,-4.0,-4.0,-4.0,-4.0,-4.0,-4.0,-4.0,-4.0,-4.0,-4.0,-4.0,1398.0,1517.0,-5.0,-4.0,-4.0,-4.0,-4.0,-4.0,-4.0,-4.0,-4.0,-4.0,-4.0,-4.0,1401.0,1527.0,-5.0,-4.0,-4.0,-4.0,-4.0,-4.0,-4.0,1528.0,-4.0,-4.0,-4.0,-4.0,-4.0,-4.0,-4.0,-4.0,-4.0,-4.0,-4.0,1423.0,1564.0,-5.0,-4.0,-4.0,-4.0,-4.0,-4.0,-4.0,-4.0,-4.0,-4.0,-4.0,-4.0,1430.0,1573.0,-5.0,-4.0,-4.0,-4.0,-4.0,-4.0,-4.0,-4.0,-4.0,-4.0,-4.0,-4.0,1433.0,1577.0,-5.0,-4.0,-4.0,-4.0,-4.0,-4.0,-4.0,-4.0,-4.0,-4.0,-4.0,-4.0,1367.0,1487.0,-5.0,-4.0,-4.0,-4.0,-4.0,-4.0,-4.0,-4.0,-4.0,-4.0,-4.0,-4.0,1381.0,1500.0,-5.0,-4.0,-4.0,-4.0,-4.0,-4.0,-4.0,-4.0,-4.0,-4.0,-4.0,-4.0,1386.0,1506.0,-5.0
4461000.0,-4.0,-4.0,-4.0,-4.0,-4.0,-4.0,-4.0,-4.0,-4.0,-4.0,-4.0,1395.0,1517.0,1653.0,-4.0,-4.0,-4.0,-4.0,-4.0,-4.0,-4.0,-4.0,-4.0,-4.0,-4.0,1401.0,1527.0,1657.0,-4.0,-4.0,-4.0,-4.0,-4.0,-4.0,1528.0,-4.0,-4.0,-4.0,-4.0,-4.0,-4.0,-4.0,-4.0,-4.0,-4.0,-4.0,1422.0,1559.0,1683.0,-4.0,-4.0,-4.0,-4.0,-4.0,-4.0,-4.0,-4.0,-4.0,-4.0,-4.0,1430.0,1573.0,1695.0,-4.0,-4.0,-4.0,-4.0,-4.0,-4.0,-4.0,-4.0,-4.0,-4.0,-4.0,1433.0,1577.0,1697.0,-4.0,-4.0,-4.0,-4.0,-4.0,-4.0,-4.0,-4.0,-4.0,-4.0,-4.0,1360.0,1486.0,1615.0,-4.0,-4.0,-4.0,-4.0,-4.0,-4.0,-4.0,-4.0,-4.0,-4.0,-4.0,1381.0,1500.0,1635.0,-4.0,-4.0,-4.0,-4.0,-4.0,-4.0,-4.0,-4.0,-4.0,-4.0,-4.0,1386.0,1506.0,1640.0
4462000.0,-4.0,-4.0,-4.0,-4.0,-4.0,-4.0,-4.0,-4.0,-4.0,-4.0,-4.0,-3.0,-3.0,-3.0,-4.0,-4.0,-4.0,-4.0,-4.0,-4.0,-4.0,-4.0,-4.0,-4.0,-4.0,-3.0,-3.0,-3.0,-4.0,-4.0,-4.0,-4.0,-4.0,-4.0,-3.0,-4.0,-4.0,-4.0,-4.0,-4.0,-4.0,-4.0,-4.0,-4.0,-4.0,-4.0,-3.0,-3.0,-3.0,-4.0,-4.0,-4.0,-4.0,-4.0,-4.0,-4.0,-4.0,-4.0,-4.0,-4.0,-3.0,-3.0,-3.0,-4.0,-4.0,-4.0,-4.0,-4.0,-4.0,-4.0,-4.0,-4.0,-4.0,-4.0,-3.0,-3.0,-3.0,-4.0,-4.0,-4.0,-4.0,-4.0,-4.0,-4.0,-4.0,-4.0,-4.0,-4.0,-3.0,-3.0,-3.0,-4.0,-4.0,-4.0,-4.0,-4.0,-4.0,-4.0,-4.0,-4.0,-4.0,-4.0,-3.0,-3.0,-3.0,-4.0,-4.0,-4.0,-4.0,-4.0,-4.0,-4.0,-4.0,-4.0,-4.0,-4.0,-3.0,-3.0,-3.0
4463000.0,-4.0,-4.0,-4.0,-4.0,-4.0,-4.0,-4.0,-4.0,-4.0,-4.0,-4.0,0.0,1512.0,-3.0,-4.0,-4.0,-4.0,-4.0,-4.0,-4.0,-4.0,-4.0,-4.0,-4.0,-4.0,0.0,1525.0,-3.0,-4.0,-4.0,-4.0,-4.0,-4.0,-4.0,1529.0,-4.0,-4.0,-4.0,-4.0,-4.0,-4.0,-4.0,-4.0,-4.0,-4.0,-4.0,1422.0,1559.0,-3.0,-4.0,-4.0,-4.0,-4.0,-4.0,-4.0,-4.0,-4.0,-4.0,-4.0,-4.0,1430.0,1573.0,-3.0,-4.0,-4.0,-4.0,-4.0,-4.0,-4.0,-4.0,-4.0,-4.0,-4.0,-4.0,1433.0,1577.0,-3.0,-4.0,-4.0,-4.0,-4.0,-4.0,-4.0,-4.0,-4.0,-4.0,-4.0,-4.0,1360.0,1476.0,-3.0,-4.0,-4.0,-4.0,-4.0,-4.0,-4.0,-4.0,-4.0,-4.0,-4.0,-4.0,1381.0,1500.0,-3.0,-4.0,-4.0,-4.0,-4.0,-4.0,-4.0,-4.0,-4.0,-4.0,-4.0,-4.0,1386.0,1506.0,-3.0
4464000.0,-4.0,-4.0,-4.0,-4.0,-4.0,-4.0,-4.0,-4.0,-4.0,-4.0,-4.0,-3.0,-3.0,-3.0,-4.0,-4.0,-4.0,-4.0,-4.0,-4.0,-4.0,-4.0,-4.0,-4.0,-4.0,-3.0,-3.0,-3.0,-4.0,-4.0,-4.0,-4.0,-4.0,-4.0,-3.0,-4.0,-4.0,-4.0,-4.0,-4.0,-4.0,-4.0,-4.0,-4.0,-4.0,-4.0,-3.0,-3.0,-3.0,-4.0,-4.0,-4.0,-4.0,-4.0,-4.0,-4.0,-4.0,-4.0,-4.0,-4.0,-3.0,-3.0,-3.0,-4.0,-4.0,-4.0,-4.0,-4.0,-4.0,-4.0,-4.0,-4.0,-4.0,-4.0,-3.0,-3.0,-3.0,-4.0,-4.0,-4.0,-4.0,-4.0,-4.0,-4.0,-4.0,-4.0,-4.0,-4.0,-3.0,-3.0,-3.0,-4.0,-4.0,-4.0,-4.0,-4.0,-4.0,-4.0,-4.0,-4.0,-4.0,-4.0,-3.0,-3.0,-3.0,-4.0,-4.0,-4.0,-4.0,-4.0,-4.0,-4.0,-4.0,-4.0,-4.0,-4.0,-3.0,-3.0,-3.0
4465000.0,-4.0,-4.0,-4.0,-4.0,-4.0,-4.0,-4.0,-4.0,-4.0,-4.0,-4.0,1398.0,1517.0,1653.0,-4.0,-4.0,-4.0,-4.0,-4.0,-4.0,-4.0,-4.0,-4.0,-4.0,-4.0,1401.0,1527.0,1657.0,-4.0,-4.0,-4.0,-4.0,-4.0,-4.0,1528.0,-4.0,-4.0,-4.0,-4.0,-4.0,-4.0,-4.0,-4.0,-4.0,-4.0,-4.0,1424.0,1564.0,1688.0,-4.0,-4.0,-4.0,-4.0,-4.0,-4.0,-4.0,-4.0,-4.0,-4.0,-4.0,1430.0,1573.0,1695.0,-4.0,-4.0,-4.0,-4.0,-4.0,-4.0,-4.0,-4.0,-4.0,-4.0,-4.0,1433.0,1577.0,1697.0,-4.0,-4.0,-4.0,-4.0,-4.0,-4.0,-4.0,-4.0,-4.0,-4.0,-4.0,1367.0,1487.0,1623.0,-4.0,-4.0,-4.0,-4.0,-4.0,-4.0,-4.0,-4.0,-4.0,-4.0,-4.0,1381.0,1500.0,1635.0,-4.0,-4.0,-4.0,-4.0,-4.0,-4.0,-4.0,-4.0,-4.0,-4.0,-4.0,1386.0,1506.0,1640.0
4466000.0,-4.0,-4.0,-4.0,-4.0,-4.0,-4.0,-4.0,-4.0,-4.0,-4.0,-4.0,-3.0,-3.0,0.0,-4.0,-4.0,-4.0,-4.0,-4.0,-4.0,-4.0,-4.0,-4.0,-4.0,-4.0,-3.0,-3.0,0.0,-4.0,-4.0,-4.0,-4.0,-4.0,-4.0,-3.0,-4.0,-4.0,-4.0,-4.0,-4.0,-4.0,-4.0,-4.0,-4.0,-4.0,-4.0,-3.0,-3.0,0.0,-4.0,-4.0,-4.0,-4.0,-4.0,-4.0,-4.0,-4.0,-4.0,-4.0,-4.0,-3.0,-3.0,0.0,-4.0,-4.0,-4.0,-4.0,-4.0,-4.0,-4.0,-4.0,-4.0,-4.0,-4.0,-3.0,-3.0,0.0,-4.0,-4.0,-4.0,-4.0,-4.0,-4.0,-4.0,-4.0,-4.0,-4.0,-4.0,-3.0,-3.0,1615.0,-4.0,-4.0,-4.0,-4.0,-4.0,-4.0,-4.0,-4.0,-4.0,-4.0,-4.0,-3.0,-3.0,1635.0,-4.0,-4.0,-4.0,-4.0,-4.0,-4.0,-4.0,-4.0,-4.0,-4.0,-4.0,-3.0,-3.0,1640.0
4467000.0,-4.0,-4.0,-4.0,-4.0,-4.0,-4.0,-4.0,-4.0,-4.0,-4.0,-4.0,-3.0,-3.0,1653.0,-4.0,-4.0,-4.0,-4.0,-4.0,-4.0,-4.0,-4.0,-4.0,-4.0,-4.0,-3.0,-3.0,1657.0,-4.0,-4.0,-4.0,-4.0,-4.0,-4.0,-3.0,-4.0,-4.0,-4.0,-4.0,-4.0,-4.0,-4.0,-4.0,-4.0,-4.0,-4.0,-3.0,-3.0,1688.0,-4.0,-4.0,-4.0,-4.0,-4.0,-4.0,-4.0,-4.0,-4.0,-4.0,-4.0,-3.0,-3.0,1695.0,-4.0,-4.0,-4.0,-4.0,-4.0,-4.0,-4.0,-4.0,-4.0,-4.0,-4.0,-3.0,-3.0,1697.0,-4.0,-4.0,-4.0,-4.0,-4.0,-4.0,-4.0,-4.0,-4.0,-4.0,-4.0,-3.0,-3.0,1623.0,-4.0,-4.0,-4.0,-4.0,-4.0,-4.0,-4.0,-4.0,-4.0,-4.0,-4.0,-3.0,-3.0,1635.0,-4.0,-4.0,-4.0,-4.0,-4.0,-4.0,-4.0,-4.0,-4.0,-4.0,-4.0,-3.0,-3.0,1640.0
4468000.0,-4.0,-4.0,-4.0,-4.0,-4.0,-4.0,-4.0,-4.0,-4.0,-4.0,-4.0,-3.0,-3.0,-4.0,-4.0,-4.0,-4.0,-4.0,-4.0,-4.0,-4.0,-4.0,-4.0,-4.0,-4.0,-3.0,-3.0,-4.0,-4.0,-4.0,-4.0,-4.0,-4.0,-4.0,-3.0,-4.0,-4.0,-4.0,-4.0,-4.0,-4.0,-4.0,-4.0,-4.0,-4.0,-4.0,-3.0,-3.0,-4.0,-4.0,-4.0,-4.0,-4.0,-4.0,-4.0,-4.0,-4.0,-4.0,-4.0,-4.0,-3.0,-3.0,-4.0,-4.0,-4.0,-4.0,-4.0,-4.0,-4.0,-4.0,-4.0,-4.0,-4.0,-4.0,-3.0,-3.0,-4.0,-4.0,-4.0,-4.0,-4.0,-4.0,-4.0,-4.0,-4.0,-4.0,-4.0,-4.0,-3.0,-3.0,-4.0,-4.0,-4.0,-4.0,-4.0,-4.0,-4.0,-4.0,-4.0,-4.0,-4.0,-4.0,-3.0,-3.0,-4.0,-4.0,-4.0,-4.0,-4.0,-4.0,-4.0,-4.0,-4.0,-4.0,-4.0,-4.0,-3.0,-3.0,-4.0
4469000.0,-4.0,-4.0,-4.0,-4.0,-4.0,-4.0,-4.0,-4.0,-4.0,-4.0,-4.0,-3.0,-3.0,-3.0,-4.0,-4.0,-4.0,-4.0,-4.0,-4.0,-4.0,-4.0,-4.0,-4.0,-4.0,-3.0,-3.0,-3.0,-4.0,-4.0,-4.0,-4.0,-4.0,-4.0,-3.0,-4.0,-4.0,-4.0,-4.0,-4.0,-4.0,-4.0,-4.0,-4.0,-4.0,-4.0,-3.0,-3.0,-3.0,-4.0,-4.0,-4.0,-4.0,-4.0,-4.0,-4.0,-4.0,-4.0,-4.0,-4.0,-3.0,-3.0,-3.0,-4.0,-4.0,-4.0,-4.0,-4.0,-4.0,-4.0,-4.0,-4.0,-4.0,-4.0,-3.0,-3.0,-3.0,-4.0,-4.0,-4.0,-4.0,-4.0,-4.0,-4.0,-4.0,-4.0,-4.0,-4.0,-3.0,-3.0,-3.0,-4.0,-4.0,-4.0,-4.0,-4.0,-4.0,-4.0,-4.0,-4.0,-4.0,-4.0,-3.0,-3.0,-3.0,-4.0,-4.0,-4.0,-4.0,-4.0,-4.0,-4.0,-4.0,-4.0,-4.0,-4.0,-3.0,-3.0,-3.0
4470000.0,-4.0,-4.0,-4.0,-4.0,-4.0,-4.0,-4.0,-4.0,-4.0,-4.0,-4.0,1398.0,1517.0,1653.0,-4.0,-4.0,-4.0,-4.0,-4.0,-4.0,-4.0,-4.0,-4.0,-4.0,-4.0,1401.0,1527.0,1657.0,-4.0,-4.0,-4.0,-4.0,-4.0,-4.0,1528.0,-4.0,-4.0,-4.0,-4.0,-4.0,-4.0,-4.0,-4.0,-4.0,-4.0,-4.0,1424.0,1564.0,1688.0,-4.0,-4.0,-4.0,-4.0,-4.0,-4.0,-4.0,-4.0,-4.0,-4.0,-4.0,1430.0,1573.0,1695.0,-4.0,-4.0,-4.0,-4.0,-4.0,-4.0,-4.0,-4.0,-4.0,-4.0,-4.0,1433.0,1577.0,1697.0,-4.0,-4.0,-4.0,-4.0,-4.0,-4.0,-4.0,-4.0,-4.0,-4.0,-4.0,1367.0,1487.0,1623.0,-4.0,-4.0,-4.0,-4.0,-4.0,-4.0,-4.0,-4.0,-4.0,-4.0,-4.0,1381.0,1500.0,1635.0,-4.0,-4.0,-4.0,-4.0,-4.0,-4.0,-4.0,-4.0,-4.0,-4.0,-4.0,1386.0,1506.0,1640.0
4471000.0,-4.0,-4.0,-4.0,-4.0,-4.0,-4.0,-4.0,-4.0,-4.0,-4.0,-4.0,1396.0,-3.0,1654.0,-4.0,-4.0,-4.0,-4.0,-4.0,-4.0,-4.0,-4.0,-4.0,-4.0,-4.0,1400.0,-3.0,1657.0,-4.0,-4.0,-4.0,-4.0,-4.0,-4.0,-3.0,-4.0,-4.0,-4.0,-4.0,-4.0,-4.0,-4.0,-4.0,-4.0,-4.0,-4.0,1422.0,-3.0,1683.0,-4.0,-4.0,-4.0,-4.0,-4.0,-4.0,-4.0,-4.0,-4.0,-4.0,-4.0,1430.0,-3.0,1695.0,-4.0,-4.0,-4.0,-4.0,-4.0,-4.0,-4.0,-4.0,-4.0,-4.0,-4.0,1433.0,-3.0,1697.0,-4.0,-4.0,-4.0,-4.0,-4.0,-4.0,-4.0,-4.0,-4.0,-4.0,-4.0,1360.0,-3.0,1616.0,-4.0,-4.0,-4.0,-4.0,-4.0,-4.0,-4.0,-4.0,-4.0,-4.0,-4.0,1381.0,-3.0,1636.0,-4.0,-4.0,-4.0,-4.0,-4.0,-4.0,-4.0,-4.0,-4.0,-4.0,-4.0,1386.0,-3.0,1640.0
4472000.0,-4.0,-4.0,-4.0,-4.0,-4.0,-4.0,-4.0,-4.0,-4.0,-4.0,-4.0,1398.0,1517.0,1653.0,-4.0,-4.0,-4.0,-4.0,-4.0,-4.0,-4.0,-4.0,-4.0,-4.0,-4.0,1401.0,1527.0,1657.0,-4.0,-4.0,-4.0,-4.0,-4.0,-4.0,1528.0,-4.0,-4.0,-4.0,-4.0,-4.0,-4.0,-4.0,-4.0,-4.0,-4.0,-4.0,1424.0,1564.0,1688.0,-4.0,-4.0,-4.0,-4.0,-4.0,-4.0,-4.0,-4.0,-4.0,-4.0,-4.0,1430.0,1573.0,1695.0,-4.0,-4.0,-4.0,-4.0,-4.0,-4.0,-4.0,-4.0,-4.0,-4.0,-4.0,1433.0,1577.0,1697.0,-4.0,-4.0,-4.0,-4.0,-4.0,-4.0,-4.0,-4.0,-4.0,-4.0,-4.0,1367.0,1487.0,1623.0,-4.0,-4.0,-4.0,-4.0,-4.0,-4.0,-4.0,-4.0,-4.0,-4.0,-4.0,1381.0,1500.0,1635.0,-4.0,-4.0,-4.0,-4.0,-4.0,-4.0,-4.0,-4.0,-4.0,-4.0,-4.0,1386.0,1506.0,1640.0
4473000.0,-4.0,-4.0,-4.0,-4.0,-4.0,-4.0,-4.0,-4.0,-4.0,-4.0,-4.0,1398.0,1517.0,1653.0,-4.0,-4.0,-4.0,-4.0,-4.0,-4.0,-4.0,-4.0,-4.0,-4.0,-4.0,1401.0,1527.0,1657.0,-4.0,-4.0,-4.0,-4.0,-4.0,-4.0,1528.0,-4.0,-4.0,-4.0,-4.0,-4.0,-4.0,-4.0,-4.0,-4.0,-4.0,-4.0,1424.0,1564.0,1688.0,-4.0,-4.0,-4.0,-4.0,-4.0,-4.0,-4.0,-4.0,-4.0,-4.0,-4.0,1430.0,1573.0,1695.0,-4.0,-4.0,-4.0,-4.0,-4.0,-4.0,-4.0,-4.0,-4.0,-4.0,-4.0,1433.0,1577.0,1697.0,-4.0,-4.0,-4.0,-4.0,-4.0,-4.0,-4.0,-4.0,-4.0,-4.0,-4.0,1367.0,1487.0,1623.0,-4.0,-4.0,-4.0,-4.0,-4.0,-4.0,-4.0,-4.0,-4.0,-4.0,-4.0,1381.0,1500.0,1635.0,-4.0,-4.0,-4.0,-4.0,-4.0,-4.0,-4.0,-4.0,-4.0,-4.0,-4.0,1386.0,1506.0,1640.0
4474000.0,-4.0,-4.0,-4.0,-4.0,-4.0,-4.0,-4.0,-4.0,-4.0,-4.0,-4.0,1395.0,0.0,1653.0,-4.0,-4.0,-4.0,-4.0,-4.0,-4.0,-4.0,-4.0,-4.0,-4.0,-4.0,1401.0,0.0,1657.0,-4.0,-4.0,-4.0,-4.0,-4.0,-4.0,0.0,-4.0,-4.0,-4.0,-4.0,-4.0,-4.0,-4.0,-4.0,-4.0,-4.0,-4.0,1422.0,0.0,1683.0,-4.0,-4.0,-4.0,-4.0,-4.0,-4.0,-4.0,-4.0,-4.0,-4.0,-4.0,1430.0,0.0,1695.0,-4.0,-4.0,-4.0,-4.0,-4.0,-4.0,-4.0,-4.0,-4.0,-4.0,-4.0,1433.0,0.0,1697.0,-4.0,-4.0,-4.0,-4.0,-4.0,-4.0,-4.0,-4.0,-4.0,-4.0,-4.0,1360.0,1486.0,1615.0,-4.0,-4.0,-4.0,-4.0,-4.0,-4.0,-4.0,-4.0,-4.0,-4.0,-4.0,1381.0,1500.0,1635.0,-4.0,-4.0,-4.0,-4.0,-4.0,-4.0,-4.0,-4.0,-4.0,-4.0,-4.0,1386.0,1506.0,1640.0
4475000.0,-4.0,-4.0,-4.0,-4.0,-4.0,-4.0,-4.0,-4.0,-4.0,-4.0,-4.0,1395.0,1517.0,0.0,-4.0,-4.0,-4.0,-4.0,-4.0,-4.0,-4.0,-4.0,-4.0,-4.0,-4.0,1401.0,1527.0,0.0,-4.0,-4.0,-4.0,-4.0,-4.0,-4.0,1528.0,-4.0,-4.0,-4.0,-4.0,-4.0,-4.0,-4.0,-4.0,-4.0,-4.0,-4.0,1422.0,1559.0,0.0,-4.0,-4.0,-4.0,-4.0,-4.0,-4.0,-4.0,-4.0,-4.0,-4.0,-4.0,1430.0,1573.0,0.0,-4.0,-4.0,-4.0,-4.0,-4.0,-4.0,-4.0,-4.0,-4.0,-4.0,-4.0,1433.0,1577.0,0.0,-4.0,-4.0,-4.0,-4.0,-4.0,-4.0,-4.0,-4.0,-4.0,-4.0,-4.0,1360.0,1486.0,1615.0,-4.0,-4.0,-4.0,-4.0,-4.0,-4.0,-4.0,-4.0,-4.0,-4.0,-4.0,1381.0,1500.0,1635.0,-4.0,-4.0,-4.0,-4.0,-4.0,-4.0,-4.0,-4.0,-4.0,-4.0,-4.0,1386.0,1506.0,1640.0
4476000.0,-4.0,-4.0,-4.0,-4.0,-4.0,-4.0,-4.0,-4.0,-4.0,-4.0,-4.0,-3.0,-3.0,-3.0,-4.0,-4.0,-4.0,-4.0,-4.0,-4.0,-4.0,-4.0,-4.0,-4.0,-4.0,-3.0,-3.0,-3.0,-4.0,-4.0,-4.0,-4.0,-4.0,-4.0,-3.0,-4.0,-4.0,-4.0,-4.0,-4.0,-4.0,-4.0,-4.0,-4.0,-4.0,-4.0,-3.0,-3.0,-3.0,-4.0,-4.0,-4.0,-4.0,-4.0,-4.0,-4.0,-4.0,-4.0,-4.0,-4.0,-3.0,-3.0,-3.0,-4.0,-4.0,-4.0,-4.0,-4.0,-4.0,-4.0,-4.0,-4.0,-4.0,-4.0,-3.0,-3.0,-3.0,-4.0,-4.0,-4.0,-4.0,-4.0,-4.0,-4.0,-4.0,-4.0,-4.0,-4.0,-3.0,-3.0,-3.0,-4.0,-4.0,-4.0,-4.0,-4.0,-4.0,-4.0,-4.0,-4.0,-4.0,-4.0,-3.0,-3.0,-3.0,-4.0,-4.0,-4.0,-4.0,-4.0,-4.0,-4.0,-4.0,-4.0,-4.0,-4.0,-3.0,-3.0,-3.0
4477000.0,-4.0,-4.0,-4.0,-4.0,-4.0,-4.0,-4.0,-4.0,-4.0,-4.0,-4.0,1395.0,1517.0,1653.0,-4.0,-4.0,-4.0,-4.0,-4.0,-4.0,-4.0,-4.0,-4.0,-4.0,-4.0,1401.0,1527.0,1657.0,-4.0,-4.0,-4.0,-4.0,-4.0,-4.0,1528.0,-4.0,-4.0,-4.0,-4.0,-4.0,-4.0,-4.0,-4.0,-4.0,-4.0,-4.0,1422.0,1559.0,1683.0,-4.0,-4.0,-4.0,-4.0,-4.0,-4.0,-4.0,-4.0,-4.0,-4.0,-4.0,1430.0,1573.0,1695.0,-4.0,-4.0,-4.0,-4.0,-4.0,-4.0,-4.0,-4.0,-4.0,-4.0,-4.0,1433.0,1577.0,1697.0,-4.0,-4.0,-4.0,-4.0,-4.0,-4.0,-4.0,-4.0,-4.0,-4.0,-4.0,1360.0,1486.0,1615.0,-4.0,-4.0,-4.0,-4.0,-4.0,-4.0,-4.0,-4.0,-4.0,-4.0,-4.0,1381.0,1500.0,1635.0,-4.0,-4.0,-4.0,-4.0,-4.0,-4.0,-4.0,-4.0,-4.0,-4.0,-4.0,1386.0,1506.0,1640.0
4478000.0,-4.0,-4.0,-4.0,-4.0,-4.0,-4.0,-4.0,-4.0,-4.0,-4.0,-4.0,-3.0,1517.0,-3.0,-4.0,-4.0,-4.0,-4.0,-4.0,-4.0,-4.0,-4.0,-4.0,-4.0,-4.0,-3.0,1527.0,-3.0,-4.0,-4.0,-4.0,-4.0,-4.0,-4.0,1528.0,-4.0,-4.0,-4.0,-4.0,-4.0,-4.0,-4.0,-4.0,-4.0,-4.0,-4.0,-3.0,1559.0,-3.0,-4.0,-4.0,-4.0,-4.0,-4.0,-4.0,-4.0,-4.0,-4.0,-4.0,-4.0,-3.0,1573.0,-3.0,-4.0,-4.0,-4.0,-4.0,-4.0,-4.0,-4.0,-4.0,-4.0,-4.0,-4.0,-3.0,1577.0,-3.0,-4.0,-4.0,-4.0,-4.0,-4.0,-4.0,-4.0,-4.0,-4.0,-4.0,-4.0,-3.0,1486.0,-3.0,-4.0,-4.0,-4.0,-4.0,-4.0,-4.0,-4.0,-4.0,-4.0,-4.0,-4.0,-3.0,1500.0,-3.0,-4.0,-4.0,-4.0,-4.0,-4.0,-4.0,-4.0,-4.0,-4.0,-4.0,-4.0,-3.0,1506.0,-3.0
4479000.0,-4.0,-4.0,-4.0,-4.0,-4.0,-4.0,-4.0,-4.0,-4.0,-4.0,-4.0,1398.0,1517.0,1653.0,-4.0,-4.0,-4.0,-4.0,-4.0,-4.0,-4.0,-4.0,-4.0,-4.0,-4.0,1401.0,1527.0,1657.0,-4.0,-4.0,-4.0,-4.0,-4.0,-4.0,1528.0,-4.0,-4.0,-4.0,-4.0,-4.0,-4.0,-4.0,-4.0,-4.0,-4.0,-4.0,1423.0,1564.0,1688.0,-4.0,-4.0,-4.0,-4.0,-4.0,-4.0,-4.0,-4.0,-4.0,-4.0,-4.0,1430.0,1573.0,1695.0,-4.0,-4.0,-4.0,-4.0,-4.0,-4.0,-4.0,-4.0,-4.0,-4.0,-4.0,1433.0,1577.0,1697.0,-4.0,-4.0,-4.0,-4.0,-4.0,-4.0,-4.0,-4.0,-4.0,-4.0,-4.0,1367.0,1487.0,1623.0,-4.0,-4.0,-4.0,-4.0,-4.0,-4.0,-4.0,-4.0,-4.0,-4.0,-4.0,1381.0,1500.0,1635.0,-4.0,-4.0,-4.0,-4.0,-4.0,-4.0,-4.0,-4.0,-4.0,-4.0,-4.0,1386.0,1506.0,1640.0
4480000.0,-4.0,-4.0,-4.0,-4.0,-4.0,-4.0,-4.0,-4.0,-4.0,-4.0,-4.0,0.0,-3.0,1654.0,-4.0,-4.0,-4.0,-4.0,-4.0,-4.0,-4.0,-4.0,-4.0,-4.0,-4.0,0.0,-3.0,1657.0,-4.0,-4.0,-4.0,-4.0,-4.0,-4.0,-3.0,-4.0,-4.0,-4.0,-4.0,-4.0,-4.0,-4.0,-4.0,-4.0,-4.0,-4.0,1423.0,-3.0,1686.0,-4.0,-4.0,-4.0,-4.0,-4.0,-4.0,-4.0,-4.0,-4.0,-4.0,-4.0,1430.0,-3.0,1695.0,-4.0,-4.0,-4.0,-4.0,-4.0,-4.0,-4.0,-4.0,-4.0,-4.0,-4.0,1433.0,-3.0,1697.0,-4.0,-4.0,-4.0,-4.0,-4.0,-4.0,-4.0,-4.0,-4.0,-4.0,-4.0,1368.0,-3.0,1620.0,-4.0,-4.0,-4.0,-4.0,-4.0,-4.0,-4.0,-4.0,-4.0,-4.0,-4.0,1380.0,-3.0,1636.0,-4.0,-4.0,-4.0,-4.0,-4.0,-4.0,-4.0,-4.0,-4.0,-4.0,-4.0,1386.0,-3.0,1640.0
4481000.0,-4.0,-4.0,-4.0,-4.0,-4.0,-4.0,-4.0,-4.0,-4.0,-4.0,-4.0,1396.0,1517.0,1654.0,-4.0,-4.0,-4.0,-4.0,-4.0,-4.0,-4.0,-4.0,-4.0,-4.0,-4.0,1400.0,1527.0,1657.0,-4.0,-4.0,-4.0,-4.0,-4.0,-4.0,1528.0,-4.0,-4.0,-4.0,-4.0,-4.0,-4.0,-4.0,-4.0,-4.0,-4.0,-4.0,1423.0,1563.0,1686.0,-4.0,-4.0,-4.0,-4.0,-4.0,-4.0,-4.0,-4.0,-4.0,-4.0,-4.0,1430.0,1573.0,1695.0,-4.0,-4.0,-4.0,-4.0,-4.0,-4.0,-4.0,-4.0,-4.0,-4.0,-4.0,1433.0,1577.0,1697.0,-4.0,-4.0,-4.0,-4.0,-4.0,-4.0,-4.0,-4.0,-4.0,-4.0,-4.0,1368.0,1480.0,1620.0,-4.0,-4.0,-4.0,-4.0,-4.0,-4.0,-4.0,-4.0,-4.0,-4.0,-4.0,1380.0,1501.0,1636.0,-4.0,-4.0,-4.0,-4.0,-4.0,-4.0,-4.0,-4.0,-4.0,-4.0,-4.0,1386.0,1506.0,1640.0
4482000.0,-4.0,-4.0,-4.0,-4.0,-4.0,-4.0,-4.0,-4.0,-4.0,-4.0,-4.0,1398.0,-5.0,0.0,-4.0,-4.0,-4.0,-4.0,-4.0,-4.0,-4.0,-4.0,-4.0,-4.0,-4.0,1401.0,-5.0,0.0,-4.0,-4.0,-4.0,-4.0,-4.0,-4.0,-5.0,-4.0,-4.0,-4.0,-4.0,-4.0,-4.0,-4.0,-4.0,-4.0,-4.0,-4.0,1423.0,-5.0,1683.0,-4.0,-4.0,-4.0,-4.0,-4.0,-4.0,-4.0,-4.0,-4.0,-4.0,-4.0,1430.0,-5.0,1695.0,-4.0,-4.0,-4.0,-4.0,-4.0,-4.0,-4.0,-4.0,-4.0,-4.0,-4.0,1433.0,-5.0,1697.0,-4.0,-4.0,-4.0,-4.0,-4.0,-4.0,-4.0,-4.0,-4.0,-4.0,-4.0,1361.0,-5.0,1618.0,-4.0,-4.0,-4.0,-4.0,-4.0,-4.0,-4.0,-4.0,-4.0,-4.0,-4.0,1381.0,-5.0,1636.0,-4.0,-4.0,-4.0,-4.0,-4.0,-4.0,-4.0,-4.0,-4.0,-4.0,-4.0,1386.0,-5.0,1640.0
4483000.0,-4.0,-4.0,-4.0,-4.0,-4.0,-4.0,-4.0,-4.0,-4.0,-4.0,-4.0,1396.0,1520.0,1654.0,-4.0,-4.0,-4.0,-4.0,-4.0,-4.0,-4.0,-4.0,-4.0,-4.0,-4.0,1400.0,1527.0,1657.0,-4.0,-4.0,-4.0,-4.0,-4.0,-4.0,1528.0,-4.0,-4.0,-4.0,-4.0,-4.0,-4.0,-4.0,-4.0,-4.0,-4.0,-4.0,1423.0,1563.0,1686.0,-4.0,-4.0,-4.0,-4.0,-4.0,-4.0,-4.0,-4.0,-4.0,-4.0,-4.0,1430.0,1573.0,1695.0,-4.0,-4.0,-4.0,-4.0,-4.0,-4.0,-4.0,-4.0,-4.0,-4.0,-4.0,1433.0,1577.0,1697.0,-4.0,-4.0,-4.0,-4.0,-4.0,-4.0,-4.0,-4.0,-4.0,-4.0,-4.0,1368.0,1480.0,1620.0,-4.0,-4.0,-4.0,-4.0,-4.0,-4.0,-4.0,-4.0,-4.0,-4.0,-4.0,1380.0,1501.0,1636.0,-4.0,-4.0,-4.0,-4.0,-4.0,-4.0,-4.0,-4.0,-4.0,-4.0,-4.0,1386.0,1506.0,1640.0
4484000.0,-4.0,-4.0,-4.0,-4.0,-4.0,-4.0,-4.0,-4.0,-4.0,-4.0,-4.0,1396.0,-3.0,1654.0,-4.0,-4.0,-4.0,-4.0,-4.0,-4.0,-4.0,-4.0,-4.0,-4.0,-4.0,1400.0,-3.0,1657.0,-4.0,-4.0,-4.0,-4.0,-4.0,-4.0,-3.0,-4.0,-4.0,-4.0,-4.0,-4.0,-4.0,-4.0,-4.0,-4.0,-4.0,-4.0,1423.0,-3.0,1686.0,-4.0,-4.0,-4.0,-4.0,-4.0,-4.0,-4.0,-4.0,-4.0,-4.0,-4.0,1430.0,-3.0,1695.0,-4.0,-4.0,-4.0,-4.0,-4.0,-4.0,-4.0,-4.0,-4.0,-4.0,-4.0,1433.0,-3.0,1697.0,-4.0,-4.0,-4.0,-4.0,-4.0,-4.0,-4.0,-4.0,-4.0,-4.0,-4.0,1368.0,-3.0,1620.0,-4.0,-4.0,-4.0,-4.0,-4.0,-4.0,-4.0,-4.0,-4.0,-4.0,-4.0,1380.0,-3.0,1636.0,-4.0,-4.0,-4.0,-4.0,-4.0,-4.0,-4.0,-4.0,-4.0,-4.0,-4.0,1386.0,-3.0,1640.0
4485000.0,-4.0,-4.0,-4.0,-4.0,-4.0,-4.0,-4.0,-4.0,-4.0,-4.0,-4.0,-3.0,-5.0,-5.0,-4.0,-4.0,-4.0,-4.0,-4.0,-4.0,-4.0,-4.0,-4.0,-4.0,-4.0,-3.0,-5.0,-5.0,-4.0,-4.0,-4.0,-4.0,-4.0,-4.0,-5.0,-4.0,-4.0,-4.0,-4.0,-4.0,-4.0,-4.0,-4.0,-4.0,-4.0,-4.0,-3.0,-5.0,-5.0,-4.0,-4.0,-4.0,-4.0,-4.0,-4.0,-4.0,-4.0,-4.0,-4.0,-4.0,-3.0,-5.0,-5.0,-4.0,-4.0,-4.0,-4.0,-4.0,-4.0,-4.0,-4.0,-4.0,-4.0,-4.0,-3.0,-5.0,-5.0,-4.0,-4.0,-4.0,-4.0,-4.0,-4.0,-4.0,-4.0,-4.0,-4.0,-4.0,-3.0,-5.0,-5.0,-4.0,-4.0,-4.0,-4.0,-4.0,-4.0,-4.0,-4.0,-4.0,-4.0,-4.0,-3.0,-5.0,-5.0,-4.0,-4.0,-4.0,-4.0,-4.0,-4.0,-4.0,-4.0,-4.0,-4.0,-4.0,-3.0,-5.0,-5.0
4486000.0,-4.0,-4.0,-4.0,-4.0,-4.0,-4.0,-4.0,-4.0,-4.0,-4.0,-4.0,1396.0,1520.0,-3.0,-4.0,-4.0,-4.0,-4.0,-4.0,-4.0,-4.0,-4.0,-4.0,-4.0,-4.0,1400.0,1527.0,-3.0,-4.0,-4.0,-4.0,-4.0,-4.0,-4.0,1528.0,-4.0,-4.0,-4.0,-4.0,-4.0,-4.0,-4.0,-4.0,-4.0,-4.0,-4.0,1423.0,1563.0,-3.0,-4.0,-4.0,-4.0,-4.0,-4.0,-4.0,-4.0,-4.0,-4.0,-4.0,-4.0,1430.0,1573.0,-3.0,-4.0,-4.0,-4.0,-4.0,-4.0,-4.0,-4.0,-4.0,-4.0,-4.0,-4.0,1433.0,1577.0,-3.0,-4.0,-4.0,-4.0,-4.0,-4.0,-4.0,-4.0,-4.0,-4.0,-4.0,-4.0,1368.0,1480.0,-3.0,-4.0,-4.0,-4.0,-4.0,-4.0,-4.0,-4.0,-4.0,-4.0,-4.0,-4.0,1380.0,1501.0,-3.0,-4.0,-4.0,-4.0,-4.0,-4.0,-4.0,-4.0,-4.0,-4.0,-4.0,-4.0,1386.0,1506.0,-3.0
4487000.0,-4.0,-4.0,-4.0,-4.0,-4.0,-4.0,-4.0,-4.0,-4.0,-4.0,-4.0,1396.0,1520.0,1654.0,-4.0,-4.0,-4.0,-4.0,-4.0,-4.0,-4.0,-4.0,-4.0,-4.0,-4.0,1400.0,1527.0,1657.0,-4.0,-4.0,-4.0,-4.0,-4.0,-4.0,1528.0,-4.0,-4.0,-4.0,-4.0,-4.0,-4.0,-4.0,-4.0,-4.0,-4.0,-4.0,1423.0,1563.0,1686.0,-4.0,-4.0,-4.0,-4.0,-4.0,-4.0,-4.0,-4.0,-4.0,-4.0,-4.0,1430.0,1573.0,1695.0,-4.0,-4.0,-4.0,-4.0,-4.0,-4.0,-4.0,-4.0,-4.0,-4.0,-4.0,1433.0,1577.0,1697.0,-4.0,-4.0,-4.0,-4.0,-4.0,-4.0,-4.0,-4.0,-4.0,-4.0,-4.0,1368.0,1480.0,1620.0,-4.0,-4.0,-4.0,-4.0,-4.0,-4.0,-4.0,-4.0,-4.0,-4.0,-4.0,1380.0,1501.0,1636.0,-4.0,-4.0,-4.0,-4.0,-4.0,-4.0,-4.0,-4.0,-4.0,-4.0,-4.0,1386.0,1506.0,1640.0
4488000.0,-4.0,-4.0,-4.0,-4.0,-4.0,-4.0,-4.0,-4.0,-4.0,-4.0,-4.0,1398.0,1517.0,-5.0,-4.0,-4.0,-4.0,-4.0,-4.0,-4.0,-4.0,-4.0,-4.0,-4.0,-4.0,1401.0,1527.0,-5.0,-4.0,-4.0,-4.0,-4.0,-4.0,-4.0,1528.0,-4.0,-4.0,-4.0,-4.0,-4.0,-4.0,-4.0,-4.0,-4.0,-4.0,-4.0,1423.0,1565.0,-5.0,-4.0,-4.0,-4.0,-4.0,-4.0,-4.0,-4.0,-4.0,-4.0,-4.0,-4.0,1430.0,1573.0,-5.0,-4.0,-4.0,-4.0,-4.0,-4.0,-4.0,-4.0,-4.0,-4.0,-4.0,-4.0,1433.0,1577.0,-5.0,-4.0,-4.0,-4.0,-4.0,-4.0,-4.0,-4.0,-4.0,-4.0,-4.0,-4.0,1361.0,1488.0,-5.0,-4.0,-4.0,-4.0,-4.0,-4.0,-4.0,-4.0,-4.0,-4.0,-4.0,-4.0,1381.0,1501.0,-5.0,-4.0,-4.0,-4.0,-4.0,-4.0,-4.0,-4.0,-4.0,-4.0,-4.0,-4.0,1386.0,1506.0,-5.0
4489000.0,-4.0,-4.0,-4.0,-4.0,-4.0,-4.0,-4.0,-4.0,-4.0,-4.0,-4.0,1398.0,1517.0,1653.0,-4.0,-4.0,-4.0,-4.0,-4.0,-4.0,-4.0,-4.0,-4.0,-4.0,-4.0,1401.0,1527.0,1657.0,-4.0,-4.0,-4.0,-4.0,-4.0,-4.0,1528.0,-4.0,-4.0,-4.0,-4.0,-4.0,-4.0,-4.0,-4.0,-4.0,-4.0,-4.0,1425.0,1565.0,1689.0,-4.0,-4.0,-4.0,-4.0,-4.0,-4.0,-4.0,-4.0,-4.0,-4.0,-4.0,1430.0,1573.0,1695.0,-4.0,-4.0,-4.0,-4.0,-4.0,-4.0,-4.0,-4.0,-4.0,-4.0,-4.0,1433.0,1577.0,1697.0,-4.0,-4.0,-4.0,-4.0,-4.0,-4.0,-4.0,-4.0,-4.0,-4.0,-4.0,1369.0,1488.0,1625.0,-4.0,-4.0,-4.0,-4.0,-4.0,-4.0,-4.0,-4.0,-4.0,-4.0,-4.0,1381.0,1501.0,1635.0,-4.0,-4.0,-4.0,-4.0,-4.0,-4.0,-4.0,-4.0,-4.0,-4.0,-4.0,1386.0,1506.0,1640.0
4490000.0,-4.0,-4.0,-4.0,-4.0,-4.0,-4.0,-4.0,-4.0,-4.0,-4.0,-4.0,1398.0,0.0,0.0,-4.0,-4.0,-4.0,-4.0,-4.0,-4.0,-4.0,-4.0,-4.0,-4.0,-4.0,1401.0,0.0,0.0,-4.0,-4.0,-4.0,-4.0,-4.0,-4.0,0.0,-4.0,-4.0,-4.0,-4.0,-4.0,-4.0,-4.0,-4.0,-4.0,-4.0,-4.0,1423.0,1563.0,0.0,-4.0,-4.0,-4.0,-4.0,-4.0,-4.0,-4.0,-4.0,-4.0,-4.0,-4.0,1430.0,1573.0,0.0,-4.0,-4.0,-4.0,-4.0,-4.0,-4.0,-4.0,-4.0,-4.0,-4.0,-4.0,1433.0,1577.0,0.0,-4.0,-4.0,-4.0,-4.0,-4.0,-4.0,-4.0,-4.0,-4.0,-4.0,-4.0,1368.0,1480.0,1625.0,-4.0,-4.0,-4.0,-4.0,-4.0,-4.0,-4.0,-4.0,-4.0,-4.0,-4.0,1380.0,1501.0,1635.0,-4.0,-4.0,-4.0,-4.0,-4.0,-4.0,-4.0,-4.0,-4.0,-4.0,-4.0,1386.0,1506.0,1640.0
4491000.0,-4.0,-4.0,-4.0,-4.0,-4.0,-4.0,-4.0,-4.0,-4.0,-4.0,-4.0,1398.0,1517.0,1653.0,-4.0,-4.0,-4.0,-4.0,-4.0,-4.0,-4.0,-4.0,-4.0,-4.0,-4.0,1401.0,1527.0,1657.0,-4.0,-4.0,-4.0,-4.0,-4.0,-4.0,1528.0,-4.0,-4.0,-4.0,-4.0,-4.0,-4.0,-4.0,-4.0,-4.0,-4.0,-4.0,1425.0,1565.0,1689.0,-4.0,-4.0,-4.0,-4.0,-4.0,-4.0,-4.0,-4.0,-4.0,-4.0,-4.0,1430.0,1573.0,1695.0,-4.0,-4.0,-4.0,-4.0,-4.0,-4.0,-4.0,-4.0,-4.0,-4.0,-4.0,1433.0,1577.0,1697.0,-4.0,-4.0,-4.0,-4.0,-4.0,-4.0,-4.0,-4.0,-4.0,-4.0,-4.0,1369.0,1488.0,1625.0,-4.0,-4.0,-4.0,-4.0,-4.0,-4.0,-4.0,-4.0,-4.0,-4.0,-4.0,1381.0,1501.0,1635.0,-4.0,-4.0,-4.0,-4.0,-4.0,-4.0,-4.0,-4.0,-4.0,-4.0,-4.0,1386.0,1506.0,1640.0
4492000.0,-4.0,-4.0,-4.0,-4.0,-4.0,-4.0,-4.0,-4.0,-4.0,-4.0,-4.0,1396.0,1517.0,1654.0,-4.0,-4.0,-4.0,-4.0,-4.0,-4.0,-4.0,-4.0,-4.0,-4.0,-4.0,1400.0,1527.0,1657.0,-4.0,-4.0,-4.0,-4.0,-4.0,-4.0,1528.0,-4.0,-4.0,-4.0,-4.0,-4.0,-4.0,-4.0,-4.0,-4.0,-4.0,-4.0,1425.0,1563.0,1689.0,-4.0,-4.0,-4.0,-4.0,-4.0,-4.0,-4.0,-4.0,-4.0,-4.0,-4.0,1430.0,1573.0,1695.0,-4.0,-4.0,-4.0,-4.0,-4.0,-4.0,-4.0,-4.0,-4.0,-4.0,-4.0,1433.0,1577.0,1697.0,-4.0,-4.0,-4.0,-4.0,-4.0,-4.0,-4.0,-4.0,-4.0,-4.0,-4.0,1361.0,1480.0,1620.0,-4.0,-4.0,-4.0,-4.0,-4.0,-4.0,-4.0,-4.0,-4.0,-4.0,-4.0,1381.0,1501.0,1636.0,-4.0,-4.0,-4.0,-4.0,-4.0,-4.0,-4.0,-4.0,-4.0,-4.0,-4.0,1386.0,1506.0,1640.0
4493000.0,-4.0,-4.0,-4.0,-4.0,-4.0,-4.0,-4.0,-4.0,-4.0,-4.0,-4.0,1396.0,1520.0,1654.0,-4.0,-4.0,-4.0,-4.0,-4.0,-4.0,-4.0,-4.0,-4.0,-4.0,-4.0,1400.0,1527.0,1657.0,-4.0,-4.0,-4.0,-4.0,-4.0,-4.0,1528.0,-4.0,-4.0,-4.0,-4.0,-4.0,-4.0,-4.0,-4.0,-4.0,-4.0,-4.0,1423.0,1563.0,1686.0,-4.0,-4.0,-4.0,-4.0,-4.0,-4.0,-4.0,-4.0,-4.0,-4.0,-4.0,1430.0,1573.0,1695.0,-4.0,-4.0,-4.0,-4.0,-4.0,-4.0,-4.0,-4.0,-4.0,-4.0,-4.0,1433.0,1577.0,1697.0,-4.0,-4.0,-4.0,-4.0,-4.0,-4.0,-4.0,-4.0,-4.0,-4.0,-4.0,1368.0,1480.0,1620.0,-4.0,-4.0,-4.0,-4.0,-4.0,-4.0,-4.0,-4.0,-4.0,-4.0,-4.0,1380.0,1501.0,1636.0,-4.0,-4.0,-4.0,-4.0,-4.0,-4.0,-4.0,-4.0,-4.0,-4.0,-4.0,1386.0,1506.0,1640.0
4494000.0,-4.0,-4.0,-4.0,-4.0,-4.0,-4.0,-4.0,-4.0,-4.0,-4.0,-4.0,-3.0,1512.0,-3.0,-4.0,-4.0,-4.0,-4.0,-4.0,-4.0,-4.0,-4.0,-4.0,-4.0,-4.0,-3.0,1525.0,-3.0,-4.0,-4.0,-4.0,-4.0,-4.0,-4.0,1529.0,-4.0,-4.0,-4.0,-4.0,-4.0,-4.0,-4.0,-4.0,-4.0,-4.0,-4.0,-3.0,1563.0,-3.0,-4.0,-4.0,-4.0,-4.0,-4.0,-4.0,-4.0,-4.0,-4.0,-4.0,-4.0,-3.0,1573.0,-3.0,-4.0,-4.0,-4.0,-4.0,-4.0,-4.0,-4.0,-4.0,-4.0,-4.0,-4.0,-3.0,1577.0,-3.0,-4.0,-4.0,-4.0,-4.0,-4.0,-4.0,-4.0,-4.0,-4.0,-4.0,-4.0,-3.0,1480.0,-3.0,-4.0,-4.0,-4.0,-4.0,-4.0,-4.0,-4.0,-4.0,-4.0,-4.0,-4.0,-3.0,1501.0,-3.0,-4.0,-4.0,-4.0,-4.0,-4.0,-4.0,-4.0,-4.0,-4.0,-4.0,-4.0,-3.0,1506.0,-3.0
4495000.0,-4.0,-4.0,-4.0,-4.0,-4.0,-4.0,-4.0,-4.0,-4.0,-4.0,-4.0,0.0,1517.0,1654.0,-4.0,-4.0,-4.0,-4.0,-4.0,-4.0,-4.0,-4.0,-4.0,-4.0,-4.0,0.0,1527.0,1657.0,-4.0,-4.0,-4.0,-4.0,-4.0,-4.0,1528.0,-4.0,-4.0,-4.0,-4.0,-4.0,-4.0,-4.0,-4.0,-4.0,-4.0,-4.0,0.0,1563.0,1686.0,-4.0,-4.0,-4.0,-4.0,-4.0,-4.0,-4.0,-4.0,-4.0,-4.0,-4.0,0.0,1573.0,1695.0,-4.0,-4.0,-4.0,-4.0,-4.0,-4.0,-4.0,-4.0,-4.0,-4.0,-4.0,0.0,1577.0,1697.0,-4.0,-4.0,-4.0,-4.0,-4.0,-4.0,-4.0,-4.0,-4.0,-4.0,-4.0,1368.0,1480.0,1620.0,-4.0,-4.0,-4.0,-4.0,-4.0,-4.0,-4.0,-4.0,-4.0,-4.0,-4.0,1380.0,1501.0,1636.0,-4.0,-4.0,-4.0,-4.0,-4.0,-4.0,-4.0,-4.0,-4.0,-4.0,-4.0,1386.0,1506.0,1640.0
4496000.0,-4.0,-4.0,-4.0,-4.0,-4.0,-4.0,-4.0,-4.0,-4.0,-4.0,-4.0,1396.0,1517.0,1654.0,-4.0,-4.0,-4.0,-4.0,-4.0,-4.0,-4.0,-4.0,-4.0,-4.0,-4.0,1400.0,1527.0,1657.0,-4.0,-4.0,-4.0,-4.0,-4.0,-4.0,1528.0,-4.0,-4.0,-4.0,-4.0,-4.0,-4.0,-4.0,-4.0,-4.0,-4.0,-4.0,1423.0,1563.0,1686.0,-4.0,-4.0,-4.0,-4.0,-4.0,-4.0,-4.0,-4.0,-4.0,-4.0,-4.0,1430.0,1573.0,1695.0,-4.0,-4.0,-4.0,-4.0,-4.0,-4.0,-4.0,-4.0,-4.0,-4.0,-4.0,1433.0,1577.0,1697.0,-4.0,-4.0,-4.0,-4.0,-4.0,-4.0,-4.0,-4.0,-4.0,-4.0,-4.0,1368.0,1480.0,1620.0,-4.0,-4.0,-4.0,-4.0,-4.0,-4.0,-4.0,-4.0,-4.0,-4.0,-4.0,1380.0,1501.0,1636.0,-4.0,-4.0,-4.0,-4.0,-4.0,-4.0,-4.0,-4.0,-4.0,-4.0,-4.0,1386.0,1506.0,1640.0
4497000.0,-4.0,-4.0,-4.0,-4.0,-4.0,-4.0,-4.0,-4.0,-4.0,-4.0,-4.0,0.0,0.0,1654.0,-4.0,-4.0,-4.0,-4.0,-4.0,-4.0,-4.0,-4.0,-4.0,-4.0,-4.0,0.0,0.0,1657.0,-4.0,-4.0,-4.0,-4.0,-4.0,-4.0,0.0,-4.0,-4.0,-4.0,-4.0,-4.0,-4.0,-4.0,-4.0,-4.0,-4.0,-4.0,1423.0,0.0,1686.0,-4.0,-4.0,-4.0,-4.0,-4.0,-4.0,-4.0,-4.0,-4.0,-4.0,-4.0,1430.0,0.0,1695.0,-4.0,-4.0,-4.0,-4.0,-4.0,-4.0,-4.0,-4.0,-4.0,-4.0,-4.0,1433.0,0.0,1697.0,-4.0,-4.0,-4.0,-4.0,-4.0,-4.0,-4.0,-4.0,-4.0,-4.0,-4.0,1368.0,1480.0,1620.0,-4.0,-4.0,-4.0,-4.0,-4.0,-4.0,-4.0,-4.0,-4.0,-4.0,-4.0,1380.0,1501.0,1636.0,-4.0,-4.0,-4.0,-4.0,-4.0,-4.0,-4.0,-4.0,-4.0,-4.0,-4.0,1386.0,1506.0,1640.0
4498000.0,-4.0,-4.0,-4.0,-4.0,-4.0,-4.0,-4.0,-4.0,-4.0,-4.0,-4.0,1398.0,1517.0,-5.0,-4.0,-4.0,-4.0,-4.0,-4.0,-4.0,-4.0,-4.0,-4.0,-4.0,-4.0,1401.0,1527.0,-5.0,-4.0,-4.0,-4.0,-4.0,-4.0,-4.0,1528.0,-4.0,-4.0,-4.0,-4.0,-4.0,-4.0,-4.0,-4.0,-4.0,-4.0,-4.0,1423.0,1563.0,-5.0,-4.0,-4.0,-4.0,-4.0,-4.0,-4.0,-4.0,-4.0,-4.0,-4.0,-4.0,1430.0,1573.0,-5.0,-4.0,-4.0,-4.0,-4.0,-4.0,-4.0,-4.0,-4.0,-4.0,-4.0,-4.0,1433.0,1577.0,-5.0,-4.0,-4.0,-4.0,-4.0,-4.0,-4.0,-4.0,-4.0,-4.0,-4.0,-4.0,1368.0,1489.0,-5.0,-4.0,-4.0,-4.0,-4.0,-4.0,-4.0,-4.0,-4.0,-4.0,-4.0,-4.0,1380.0,1501.0,-5.0,-4.0,-4.0,-4.0,-4.0,-4.0,-4.0,-4.0,-4.0,-4.0,-4.0,-4.0,1386.0,1506.0,-5.0
4499000.0,-4.0,-4.0,-4.0,-4.0,-4.0,-4.0,-4.0,-4.0,-4.0,-4.0,-4.0,1398.0,1517.0,1653.0,-4.0,-4.0,-4.0,-4.0,-4.0,-4.0,-4.0,-4.0,-4.0,-4.0,-4.0,1401.0,1527.0,1657.0,-4.0,-4.0,-4.0,-4.0,-4.0,-4.0,1528.0,-4.0,-4.0,-4.0,-4.0,-4.0,-4.0,-4.0,-4.0,-4.0,-4.0,-4.0,1423.0,1565.0,1688.0,-4.0,-4.0,-4.0,-4.0,-4.0,-4.0,-4.0,-4.0,-4.0,-4.0,-4.0,1430.0,1573.0,1695.0,-4.0,-4.0,-4.0,-4.0,-4.0,-4.0,-4.0,-4.0,-4.0,-4.0,-4.0,1433.0,1577.0,1697.0,-4.0,-4.0,-4.0,-4.0,-4.0,-4.0,-4.0,-4.0,-4.0,-4.0,-4.0,1369.0,1488.0,1625.0,-4.0,-4.0,-4.0,-4.0,-4.0,-4.0,-4.0,-4.0,-4.0,-4.0,-4.0,1381.0,1501.0,1635.0,-4.0,-4.0,-4.0,-4.0,-4.0,-4.0,-4.0,-4.0,-4.0,-4.0,-4.0,1386.0,1506.0,1640.0
4500000.0,-4.0,-4.0,-4.0,-4.0,-4.0,-4.0,-4.0,-4.0,-4.0,-4.0,-4.0,1398.0,1517.0,1654.0,-4.0,-4.0,-4.0,-4.0,-4.0,-4.0,-4.0,-4.0,-4.0,-4.0,-4.0,1401.0,1527.0,1657.0,-4.0,-4.0,-4.0,-4.0,-4.0,-4.0,1528.0,-4.0,-4.0,-4.0,-4.0,-4.0,-4.0,-4.0,-4.0,-4.0,-4.0,-4.0,1425.0,1565.0,1686.0,-4.0,-4.0,-4.0,-4.0,-4.0,-4.0,-4.0,-4.0,-4.0,-4.0,-4.0,1430.0,1573.0,1695.0,-4.0,-4.0,-4.0,-4.0,-4.0,-4.0,-4.0,-4.0,-4.0,-4.0,-4.0,1433.0,1577.0,1697.0,-4.0,-4.0,-4.0,-4.0,-4.0,-4.0,-4.0,-4.0,-4.0,-4.0,-4.0,1369.0,1488.0,1625.0,-4.0,-4.0,-4.0,-4.0,-4.0,-4.0,-4.0,-4.0,-4.0,-4.0,-4.0,1381.0,1501.0,1635.0,-4.0,-4.0,-4.0,-4.0,-4.0,-4.0,-4.0,-4.0,-4.0,-4.0,-4.0,1386.0,1506.0,1640.0
4501000.0,-4.0,-4.0,-4.0,-4.0,-4.0,-4.0,-4.0,-4.0,-4.0,-4.0,-4.0,1398.0,1517.0,1653.0,-4.0,-4.0,-4.0,-4.0,-4.0,-4.0,-4.0,-4.0,-4.0,-4.0,-4.0,1401.0,1527.0,1657.0,-4.0,-4.0,-4.0,-4.0,-4.0,-4.0,1528.0,-4.0,-4.0,-4.0,-4.0,-4.0,-4.0,-4.0,-4.0,-4.0,-4.0,-4.0,1423.0,1565.0,1689.0,-4.0,-4.0,-4.0,-4.0,-4.0,-4.0,-4.0,-4.0,-4.0,-4.0,-4.0,1430.0,1573.0,1695.0,-4.0,-4.0,-4.0,-4.0,-4.0,-4.0,-4.0,-4.0,-4.0,-4.0,-4.0,1433.0,1577.0,1697.0,-4.0,-4.0,-4.0,-4.0,-4.0,-4.0,-4.0,-4.0,-4.0,-4.0,-4.0,1369.0,1488.0,1619.0,-4.0,-4.0,-4.0,-4.0,-4.0,-4.0,-4.0,-4.0,-4.0,-4.0,-4.0,1381.0,1501.0,1635.0,-4.0,-4.0,-4.0,-4.0,-4.0,-4.0,-4.0,-4.0,-4.0,-4.0,-4.0,1386.0,1506.0,1640.0
4502000.0,-4.0,-4.0,-4.0,-4.0,-4.0,-4.0,-4.0,-4.0,-4.0,-4.0,-4.0,1398.0,1517.0,1653.0,-4.0,-4.0,-4.0,-4.0,-4.0,-4.0,-4.0,-4.0,-4.0,-4.0,-4.0,1401.0,1527.0,1657.0,-4.0,-4.0,-4.0,-4.0,-4.0,-4.0,1528.0,-4.0,-4.0,-4.0,-4.0,-4.0,-4.0,-4.0,-4.0,-4.0,-4.0,-4.0,1425.0,1565.0,1688.0,-4.0,-4.0,-4.0,-4.0,-4.0,-4.0,-4.0,-4.0,-4.0,-4.0,-4.0,1430.0,1573.0,1695.0,-4.0,-4.0,-4.0,-4.0,-4.0,-4.0,-4.0,-4.0,-4.0,-4.0,-4.0,1433.0,1577.0,1697.0,-4.0,-4.0,-4.0,-4.0,-4.0,-4.0,-4.0,-4.0,-4.0,-4.0,-4.0,1369.0,1488.0,1625.0,-4.0,-4.0,-4.0,-4.0,-4.0,-4.0,-4.0,-4.0,-4.0,-4.0,-4.0,1381.0,1501.0,1635.0,-4.0,-4.0,-4.0,-4.0,-4.0,-4.0,-4.0,-4.0,-4.0,-4.0,-4.0,1386.0,1506.0,1640.0
4503000.0,-4.0,-4.0,-4.0,-4.0,-4.0,-4.0,-4.0,-4.0,-4.0,-4.0,-4.0,1398.0,-5.0,-5.0,-4.0,-4.0,-4.0,-4.0,-4.0,-4.0,-4.0,-4.0,-4.0,-4.0,-4.0,1401.0,-5.0,-5.0,-4.0,-4.0,-4.0,-4.0,-4.0,-4.0,-5.0,-4.0,-4.0,-4.0,-4.0,-4.0,-4.0,-4.0,-4.0,-4.0,-4.0,-4.0,1425.0,-5.0,-5.0,-4.0,-4.0,-4.0,-4.0,-4.0,-4.0,-4.0,-4.0,-4.0,-4.0,-4.0,1430.0,-5.0,-5.0,-4.0,-4.0,-4.0,-4.0,-4.0,-4.0,-4.0,-4.0,-4.0,-4.0,-4.0,1433.0,-5.0,-5.0,-4.0,-4.0,-4.0,-4.0,-4.0,-4.0,-4.0,-4.0,-4.0,-4.0,-4.0,1369.0,-5.0,-5.0,-4.0,-4.0,-4.0,-4.0,-4.0,-4.0,-4.0,-4.0,-4.0,-4.0,-4.0,1381.0,-5.0,-5.0,-4.0,-4.0,-4.0,-4.0,-4.0,-4.0,-4.0,-4.0,-4.0,-4.0,-4.0,1386.0,-5.0,-5.0
4504000.0,-4.0,-4.0,-4.0,-4.0,-4.0,-4.0,-4.0,-4.0,-4.0,-4.0,-4.0,0.0,1517.0,-5.0,-4.0,-4.0,-4.0,-4.0,-4.0,-4.0,-4.0,-4.0,-4.0,-4.0,-4.0,0.0,1527.0,-5.0,-4.0,-4.0,-4.0,-4.0,-4.0,-4.0,1528.0,-4.0,-4.0,-4.0,-4.0,-4.0,-4.0,-4.0,-4.0,-4.0,-4.0,-4.0,1423.0,1565.0,-5.0,-4.0,-4.0,-4.0,-4.0,-4.0,-4.0,-4.0,-4.0,-4.0,-4.0,-4.0,1430.0,1573.0,-5.0,-4.0,-4.0,-4.0,-4.0,-4.0,-4.0,-4.0,-4.0,-4.0,-4.0,-4.0,1433.0,1577.0,-5.0,-4.0,-4.0,-4.0,-4.0,-4.0,-4.0,-4.0,-4.0,-4.0,-4.0,-4.0,1361.0,1488.0,-5.0,-4.0,-4.0,-4.0,-4.0,-4.0,-4.0,-4.0,-4.0,-4.0,-4.0,-4.0,1381.0,1501.0,-5.0,-4.0,-4.0,-4.0,-4.0,-4.0,-4.0,-4.0,-4.0,-4.0,-4.0,-4.0,1386.0,1506.0,-5.0
4505000.0,-4.0,-4.0,-4.0,-4.0,-4.0,-4.0,-4.0,-4.0,-4.0,-4.0,-4.0,1398.0,1517.0,0.0,-4.0,-4.0,-4.0,-4.0,-4.0,-4.0,-4.0,-4.0,-4.0,-4.0,-4.0,1401.0,1527.0,0.0,-4.0,-4.0,-4.0,-4.0,-4.0,-4.0,1528.0,-4.0,-4.0,-4.0,-4.0,-4.0,-4.0,-4.0,-4.0,-4.0,-4.0,-4.0,1423.0,1565.0,0.0,-4.0,-4.0,-4.0,-4.0,-4.0,-4.0,-4.0,-4.0,-4.0,-4.0,-4.0,1430.0,1573.0,0.0,-4.0,-4.0,-4.0,-4.0,-4.0,-4.0,-4.0,-4.0,-4.0,-4.0,-4.0,1433.0,1577.0,0.0,-4.0,-4.0,-4.0,-4.0,-4.0,-4.0,-4.0,-4.0,-4.0,-4.0,-4.0,1361.0,1488.0,1625.0,-4.0,-4.0,-4.0,-4.0,-4.0,-4.0,-4.0,-4.0,-4.0,-4.0,-4.0,1381.0,1501.0,1635.0,-4.0,-4.0,-4.0,-4.0,-4.0,-4.0,-4.0,-4.0,-4.0,-4.0,-4.0,1386.0,1506.0,1640.0
4506000.0,-4.0,-4.0,-4.0,-4.0,-4.0,-4.0,-4.0,-4.0,-4.0,-4.0,-4.0,0.0,0.0,1643.0,-4.0,-4.0,-4.0,-4.0,-4.0,-4.0,-4.0,-4.0,-4.0,-4.0,-4.0,0.0,0.0,1655.0,-4.0,-4.0,-4.0,-4.0,-4.0,-4.0,0.0,-4.0,-4.0,-4.0,-4.0,-4.0,-4.0,-4.0,-4.0,-4.0,-4.0,-4.0,1421.0,1554.0,1685.0,-4.0,-4.0,-4.0,-4.0,-4.0,-4.0,-4.0,-4.0,-4.0,-4.0,-4.0,1430.0,1573.0,1695.0,-4.0,-4.0,-4.0,-4.0,-4.0,-4.0,-4.0,-4.0,-4.0,-4.0,-4.0,1433.0,1577.0,1697.0,-4.0,-4.0,-4.0,-4.0,-4.0,-4.0,-4.0,-4.0,-4.0,-4.0,-4.0,1357.0,1479.0,1617.0,-4.0,-4.0,-4.0,-4.0,-4.0,-4.0,-4.0,-4.0,-4.0,-4.0,-4.0,1380.0,1501.0,1635.0,-4.0,-4.0,-4.0,-4.0,-4.0,-4.0,-4.0,-4.0,-4.0,-4.0,-4.0,1386.0,1506.0,1640.0
4507000.0,-4.0,-4.0,-4.0,-4.0,-4.0,-4.0,-4.0,-4.0,-4.0,-4.0,-4.0,0.0,0.0,0.0,-4.0,-4.0,-4.0,-4.0,-4.0,-4.0,-4.0,-4.0,-4.0,-4.0,-4.0,0.0,0.0,0.0,-4.0,-4.0,-4.0,-4.0,-4.0,-4.0,0.0,-4.0,-4.0,-4.0,-4.0,-4.0,-4.0,-4.0,-4.0,-4.0,-4.0,-4.0,0.0,0.0,0.0,-4.0,-4.0,-4.0,-4.0,-4.0,-4.0,-4.0,-4.0,-4.0,-4.0,-4.0,0.0,0.0,0.0,-4.0,-4.0,-4.0,-4.0,-4.0,-4.0,-4.0,-4.0,-4.0,-4.0,-4.0,0.0,0.0,0.0,-4.0,-4.0,-4.0,-4.0,-4.0,-4.0,-4.0,-4.0,-4.0,-4.0,-4.0,1357.0,1479.0,1617.0,-4.0,-4.0,-4.0,-4.0,-4.0,-4.0,-4.0,-4.0,-4.0,-4.0,-4.0,1380.0,1501.0,1635.0,-4.0,-4.0,-4.0,-4.0,-4.0,-4.0,-4.0,-4.0,-4.0,-4.0,-4.0,1386.0,1506.0,1640.0
4508000.0,-4.0,-4.0,-4.0,-4.0,-4.0,-4.0,-4.0,-4.0,-4.0,-4.0,-4.0,1396.0,-4.0,-4.0,-4.0,-4.0,-4.0,-4.0,-4.0,-4.0,-4.0,-4.0,-4.0,-4.0,-4.0,1400.0,-4.0,-4.0,-4.0,-4.0,-4.0,-4.0,-4.0,-4.0,-4.0,-4.0,-4.0,-4.0,-4.0,-4.0,-4.0,-4.0,-4.0,-4.0,-4.0,-4.0,1421.0,-4.0,-4.0,-4.0,-4.0,-4.0,-4.0,-4.0,-4.0,-4.0,-4.0,-4.0,-4.0,-4.0,1430.0,-4.0,-4.0,-4.0,-4.0,-4.0,-4.0,-4.0,-4.0,-4.0,-4.0,-4.0,-4.0,-4.0,1433.0,-4.0,-4.0,-4.0,-4.0,-4.0,-4.0,-4.0,-4.0,-4.0,-4.0,-4.0,-4.0,-4.0,1357.0,-4.0,-4.0,-4.0,-4.0,-4.0,-4.0,-4.0,-4.0,-4.0,-4.0,-4.0,-4.0,-4.0,1380.0,-4.0,-4.0,-4.0,-4.0,-4.0,-4.0,-4.0,-4.0,-4.0,-4.0,-4.0,-4.0,-4.0,1386.0,-4.0,-4.0
4509000.0,-4.0,-4.0,-4.0,-4.0,-4.0,-4.0,-4.0,-4.0,-4.0,-4.0,-4.0,1396.0,1517.0,1643.0,-4.0,-4.0,-4.0,-4.0,-4.0,-4.0,-4.0,-4.0,-4.0,-4.0,-4.0,1400.0,1527.0,1655.0,-4.0,-4.0,-4.0,-4.0,-4.0,-4.0,1528.0,-4.0,-4.0,-4.0,-4.0,-4.0,-4.0,-4.0,-4.0,-4.0,-4.0,-4.0,1421.0,1554.0,1685.0,-4.0,-4.0,-4.0,-4.0,-4.0,-4.0,-4.0,-4.0,-4.0,-4.0,-4.0,1430.0,1573.0,1695.0,-4.0,-4.0,-4.0,-4.0,-4.0,-4.0,-4.0,-4.0,-4.0,-4.0,-4.0,1433.0,1577.0,1697.0,-4.0,-4.0,-4.0,-4.0,-4.0,-4.0,-4.0,-4.0,-4.0,-4.0,-4.0,1357.0,1479.0,1617.0,-4.0,-4.0,-4.0,-4.0,-4.0,-4.0,-4.0,-4.0,-4.0,-4.0,-4.0,1380.0,1501.0,1635.0,-4.0,-4.0,-4.0,-4.0,-4.0,-4.0,-4.0,-4.0,-4.0,-4.0,-4.0,1386.0,1506.0,1640.0
4510000.0,-4.0,-4.0,-4.0,-4.0,-4.0,-4.0,-4.0,-4.0,-4.0,-4.0,-4.0,1398.0,1517.0,1653.0,-4.0,-4.0,-4.0,-4.0,-4.0,-4.0,-4.0,-4.0,-4.0,-4.0,-4.0,1401.0,1527.0,1657.0,-4.0,-4.0,-4.0,-4.0,-4.0,-4.0,1528.0,-4.0,-4.0,-4.0,-4.0,-4.0,-4.0,-4.0,-4.0,-4.0,-4.0,-4.0,1424.0,1566.0,1688.0,-4.0,-4.0,-4.0,-4.0,-4.0,-4.0,-4.0,-4.0,-4.0,-4.0,-4.0,1430.0,1573.0,1695.0,-4.0,-4.0,-4.0,-4.0,-4.0,-4.0,-4.0,-4.0,-4.0,-4.0,-4.0,1433.0,1577.0,1697.0,-4.0,-4.0,-4.0,-4.0,-4.0,-4.0,-4.0,-4.0,-4.0,-4.0,-4.0,1370.0,1489.0,1619.0,-4.0,-4.0,-4.0,-4.0,-4.0,-4.0,-4.0,-4.0,-4.0,-4.0,-4.0,1381.0,1501.0,1635.0,-4.0,-4.0,-4.0,-4.0,-4.0,-4.0,-4.0,-4.0,-4.0,-4.0,-4.0,1386.0,1506.0,1640.0
4511000.0,-4.0,-4.0,-4.0,-4.0,-4.0,-4.0,-4.0,-4.0,-4.0,-4.0,-4.0,1392.0,-3.0,0.0,-4.0,-4.0,-4.0,-4.0,-4.0,-4.0,-4.0,-4.0,-4.0,-4.0,-4.0,1399.0,-3.0,0.0,-4.0,-4.0,-4.0,-4.0,-4.0,-4.0,-3.0,-4.0,-4.0,-4.0,-4.0,-4.0,-4.0,-4.0,-4.0,-4.0,-4.0,-4.0,1417.0,-3.0,1685.0,-4.0,-4.0,-4.0,-4.0,-4.0,-4.0,-4.0,-4.0,-4.0,-4.0,-4.0,1430.0,-3.0,1695.0,-4.0,-4.0,-4.0,-4.0,-4.0,-4.0,-4.0,-4.0,-4.0,-4.0,-4.0,1433.0,-3.0,1697.0,-4.0,-4.0,-4.0,-4.0,-4.0,-4.0,-4.0,-4.0,-4.0,-4.0,-4.0,1357.0,-3.0,1617.0,-4.0,-4.0,-4.0,-4.0,-4.0,-4.0,-4.0,-4.0,-4.0,-4.0,-4.0,1380.0,-3.0,1635.0,-4.0,-4.0,-4.0,-4.0,-4.0,-4.0,-4.0,-4.0,-4.0,-4.0,-4.0,1386.0,-3.0,1640.0
4512000.0,-4.0,-4.0,-4.0,-4.0,-4.0,-4.0,-4.0,-4.0,-4.0,-4.0,-4.0,1398.0,-5.0,-5.0,-4.0,-4.0,-4.0,-4.0,-4.0,-4.0,-4.0,-4.0,-4.0,-4.0,-4.0,1401.0,-5.0,-5.0,-4.0,-4.0,-4.0,-4.0,-4.0,-4.0,-5.0,-4.0,-4.0,-4.0,-4.0,-4.0,-4.0,-4.0,-4.0,-4.0,-4.0,-4.0,1424.0,-5.0,-5.0,-4.0,-4.0,-4.0,-4.0,-4.0,-4.0,-4.0,-4.0,-4.0,-4.0,-4.0,1430.0,-5.0,-5.0,-4.0,-4.0,-4.0,-4.0,-4.0,-4.0,-4.0,-4.0,-4.0,-4.0,-4.0,1433.0,-5.0,-5.0,-4.0,-4.0,-4.0,-4.0,-4.0,-4.0,-4.0,-4.0,-4.0,-4.0,-4.0,1370.0,-5.0,-5.0,-4.0,-4.0,-4.0,-4.0,-4.0,-4.0,-4.0,-4.0,-4.0,-4.0,-4.0,1381.0,-5.0,-5.0,-4.0,-4.0,-4.0,-4.0,-4.0,-4.0,-4.0,-4.0,-4.0,-4.0,-4.0,1386.0,-5.0,-5.0
4513000.0,-4.0,-4.0,-4.0,-4.0,-4.0,-4.0,-4.0,-4.0,-4.0,-4.0,-4.0,1398.0,1512.0,-3.0,-4.0,-4.0,-4.0,-4.0,-4.0,-4.0,-4.0,-4.0,-4.0,-4.0,-4.0,1401.0,1525.0,-3.0,-4.0,-4.0,-4.0,-4.0,-4.0,-4.0,1529.0,-4.0,-4.0,-4.0,-4.0,-4.0,-4.0,-4.0,-4.0,-4.0,-4.0,-4.0,1421.0,1554.0,-3.0,-4.0,-4.0,-4.0,-4.0,-4.0,-4.0,-4.0,-4.0,-4.0,-4.0,-4.0,1430.0,1573.0,-3.0,-4.0,-4.0,-4.0,-4.0,-4.0,-4.0,-4.0,-4.0,-4.0,-4.0,-4.0,1433.0,1577.0,-3.0,-4.0,-4.0,-4.0,-4.0,-4.0,-4.0,-4.0,-4.0,-4.0,-4.0,-4.0,1357.0,1479.0,-3.0,-4.0,-4.0,-4.0,-4.0,-4.0,-4.0,-4.0,-4.0,-4.0,-4.0,-4.0,1380.0,1501.0,-3.0,-4.0,-4.0,-4.0,-4.0,-4.0,-4.0,-4.0,-4.0,-4.0,-4.0,-4.0,1386.0,1506.0,-3.0
4514000.0,-4.0,-4.0,-4.0,-4.0,-4.0,-4.0,-4.0,-4.0,-4.0,-4.0,-4.0,1398.0,1517.0,1653.0,-4.0,-4.0,-4.0,-4.0,-4.0,-4.0,-4.0,-4.0,-4.0,-4.0,-4.0,1401.0,1527.0,1657.0,-4.0,-4.0,-4.0,-4.0,-4.0,-4.0,1528.0,-4.0,-4.0,-4.0,-4.0,-4.0,-4.0,-4.0,-4.0,-4.0,-4.0,-4.0,1421.0,1566.0,1685.0,-4.0,-4.0,-4.0,-4.0,-4.0,-4.0,-4.0,-4.0,-4.0,-4.0,-4.0,1430.0,1573.0,1695.0,-4.0,-4.0,-4.0,-4.0,-4.0,-4.0,-4.0,-4.0,-4.0,-4.0,-4.0,1433.0,1577.0,1697.0,-4.0,-4.0,-4.0,-4.0,-4.0,-4.0,-4.0,-4.0,-4.0,-4.0,-4.0,1370.0,1489.0,1619.0,-4.0,-4.0,-4.0,-4.0,-4.0,-4.0,-4.0,-4.0,-4.0,-4.0,-4.0,1381.0,1501.0,1635.0,-4.0,-4.0,-4.0,-4.0,-4.0,-4.0,-4.0,-4.0,-4.0,-4.0,-4.0,1386.0,1506.0,1640.0
4515000.0,-4.0,-4.0,-4.0,-4.0,-4.0,-4.0,-4.0,-4.0,-4.0,-4.0,-4.0,0.0,1517.0,0.0,-4.0,-4.0,-4.0,-4.0,-4.0,-4.0,-4.0,-4.0,-4.0,-4.0,-4.0,0.0,1527.0,0.0,-4.0,-4.0,-4.0,-4.0,-4.0,-4.0,1528.0,-4.0,-4.0,-4.0,-4.0,-4.0,-4.0,-4.0,-4.0,-4.0,-4.0,-4.0,0.0,1554.0,0.0,-4.0,-4.0,-4.0,-4.0,-4.0,-4.0,-4.0,-4.0,-4.0,-4.0,-4.0,0.0,1573.0,0.0,-4.0,-4.0,-4.0,-4.0,-4.0,-4.0,-4.0,-4.0,-4.0,-4.0,-4.0,0.0,1577.0,0.0,-4.0,-4.0,-4.0,-4.0,-4.0,-4.0,-4.0,-4.0,-4.0,-4.0,-4.0,1357.0,1479.0,1617.0,-4.0,-4.0,-4.0,-4.0,-4.0,-4.0,-4.0,-4.0,-4.0,-4.0,-4.0,1380.0,1501.0,1635.0,-4.0,-4.0,-4.0,-4.0,-4.0,-4.0,-4.0,-4.0,-4.0,-4.0,-4.0,1386.0,1506.0,1640.0
4516000.0,-4.0,-4.0,-4.0,-4.0,-4.0,-4.0,-4.0,-4.0,-4.0,-4.0,-4.0,1392.0,0.0,0.0,-4.0,-4.0,-4.0,-4.0,-4.0,-4.0,-4.0,-4.0,-4.0,-4.0,-4.0,1399.0,0.0,0.0,-4.0,-4.0,-4.0,-4.0,-4.0,-4.0,0.0,-4.0,-4.0,-4.0,-4.0,-4.0,-4.0,-4.0,-4.0,-4.0,-4.0,-4.0,1417.0,0.0,0.0,-4.0,-4.0,-4.0,-4.0,-4.0,-4.0,-4.0,-4.0,-4.0,-4.0,-4.0,1430.0,0.0,0.0,-4.0,-4.0,-4.0,-4.0,-4.0,-4.0,-4.0,-4.0,-4.0,-4.0,-4.0,1433.0,0.0,0.0,-4.0,-4.0,-4.0,-4.0,-4.0,-4.0,-4.0,-4.0,-4.0,-4.0,-4.0,1370.0,1479.0,1624.0,-4.0,-4.0,-4.0,-4.0,-4.0,-4.0,-4.0,-4.0,-4.0,-4.0,-4.0,1381.0,1501.0,1635.0,-4.0,-4.0,-4.0,-4.0,-4.0,-4.0,-4.0,-4.0,-4.0,-4.0,-4.0,1386.0,1506.0,1640.0
4517000.0,-4.0,-4.0,-4.0,-4.0,-4.0,-4.0,-4.0,-4.0,-4.0,-4.0,-4.0,1396.0,1517.0,1643.0,-4.0,-4.0,-4.0,-4.0,-4.0,-4.0,-4.0,-4.0,-4.0,-4.0,-4.0,1400.0,1527.0,1655.0,-4.0,-4.0,-4.0,-4.0,-4.0,-4.0,1528.0,-4.0,-4.0,-4.0,-4.0,-4.0,-4.0,-4.0,-4.0,-4.0,-4.0,-4.0,1421.0,1554.0,1685.0,-4.0,-4.0,-4.0,-4.0,-4.0,-4.0,-4.0,-4.0,-4.0,-4.0,-4.0,1430.0,1573.0,1695.0,-4.0,-4.0,-4.0,-4.0,-4.0,-4.0,-4.0,-4.0,-4.0,-4.0,-4.0,1433.0,1577.0,1697.0,-4.0,-4.0,-4.0,-4.0,-4.0,-4.0,-4.0,-4.0,-4.0,-4.0,-4.0,1357.0,1479.0,1617.0,-4.0,-4.0,-4.0,-4.0,-4.0,-4.0,-4.0,-4.0,-4.0,-4.0,-4.0,1380.0,1501.0,1635.0,-4.0,-4.0,-4.0,-4.0,-4.0,-4.0,-4.0,-4.0,-4.0,-4.0,-4.0,1386.0,1506.0,1640.0
4518000.0,-4.0,-4.0,-4.0,-4.0,-4.0,-4.0,-4.0,-4.0,-4.0,-4.0,-4.0,1396.0,1517.0,1643.0,-4.0,-4.0,-4.0,-4.0,-4.0,-4.0,-4.0,-4.0,-4.0,-4.0,-4.0,1400.0,1527.0,1655.0,-4.0,-4.0,-4.0,-4.0,-4.0,-4.0,1528.0,-4.0,-4.0,-4.0,-4.0,-4.0,-4.0,-4.0,-4.0,-4.0,-4.0,-4.0,1421.0,1554.0,1685.0,-4.0,-4.0,-4.0,-4.0,-4.0,-4.0,-4.0,-4.0,-4.0,-4.0,-4.0,1430.0,1573.0,1695.0,-4.0,-4.0,-4.0,-4.0,-4.0,-4.0,-4.0,-4.0,-4.0,-4.0,-4.0,1433.0,1577.0,1697.0,-4.0,-4.0,-4.0,-4.0,-4.0,-4.0,-4.0,-4.0,-4.0,-4.0,-4.0,1357.0,1479.0,1617.0,-4.0,-4.0,-4.0,-4.0,-4.0,-4.0,-4.0,-4.0,-4.0,-4.0,-4.0,1380.0,1501.0,1635.0,-4.0,-4.0,-4.0,-4.0,-4.0,-4.0,-4.0,-4.0,-4.0,-4.0,-4.0,1386.0,1506.0,1640.0
4519000.0,-4.0,-4.0,-4.0,-4.0,-4.0,-4.0,-4.0,-4.0,-4.0,-4.0,-4.0,1396.0,-3.0,-5.0,-4.0,-4.0,-4.0,-4.0,-4.0,-4.0,-4.0,-4.0,-4.0,-4.0,-4.0,1400.0,-3.0,-5.0,-4.0,-4.0,-4.0,-4.0,-4.0,-4.0,-3.0,-4.0,-4.0,-4.0,-4.0,-4.0,-4.0,-4.0,-4.0,-4.0,-4.0,-4.0,1421.0,-3.0,-5.0,-4.0,-4.0,-4.0,-4.0,-4.0,-4.0,-4.0,-4.0,-4.0,-4.0,-4.0,1430.0,-3.0,-5.0,-4.0,-4.0,-4.0,-4.0,-4.0,-4.0,-4.0,-4.0,-4.0,-4.0,-4.0,1433.0,-3.0,-5.0,-4.0,-4.0,-4.0,-4.0,-4.0,-4.0,-4.0,-4.0,-4.0,-4.0,-4.0,1357.0,-3.0,-5.0,-4.0,-4.0,-4.0,-4.0,-4.0,-4.0,-4.0,-4.0,-4.0,-4.0,-4.0,1380.0,-3.0,-5.0,-4.0,-4.0,-4.0,-4.0,-4.0,-4.0,-4.0,-4.0,-4.0,-4.0,-4.0,1386.0,-3.0,-5.0
4520000.0,-4.0,-4.0,-4.0,-4.0,-4.0,-4.0,-4.0,-4.0,-4.0,-4.0,-4.0,1392.0,1512.0,1643.0,-4.0,-4.0,-4.0,-4.0,-4.0,-4.0,-4.0,-4.0,-4.0,-4.0,-4.0,1399.0,1525.0,1655.0,-4.0,-4.0,-4.0,-4.0,-4.0,-4.0,1529.0,-4.0,-4.0,-4.0,-4.0,-4.0,-4.0,-4.0,-4.0,-4.0,-4.0,-4.0,1417.0,1554.0,1685.0,-4.0,-4.0,-4.0,-4.0,-4.0,-4.0,-4.0,-4.0,-4.0,-4.0,-4.0,1430.0,1573.0,1695.0,-4.0,-4.0,-4.0,-4.0,-4.0,-4.0,-4.0,-4.0,-4.0,-4.0,-4.0,1433.0,1577.0,1697.0,-4.0,-4.0,-4.0,-4.0,-4.0,-4.0,-4.0,-4.0,-4.0,-4.0,-4.0,1357.0,1479.0,1617.0,-4.0,-4.0,-4.0,-4.0,-4.0,-4.0,-4.0,-4.0,-4.0,-4.0,-4.0,1380.0,1501.0,1635.0,-4.0,-4.0,-4.0,-4.0,-4.0,-4.0,-4.0,-4.0,-4.0,-4.0,-4.0,1386.0,1506.0,1640.0
4521000.0,-4.0,-4.0,-4.0,-4.0,-4.0,-4.0,-4.0,-4.0,-4.0,-4.0,-4.0,1398.0,1517.0,1653.0,-4.0,-4.0,-4.0,-4.0,-4.0,-4.0,-4.0,-4.0,-4.0,-4.0,-4.0,1401.0,1527.0,1657.0,-4.0,-4.0,-4.0,-4.0,-4.0,-4.0,1528.0,-4.0,-4.0,-4.0,-4.0,-4.0,-4.0,-4.0,-4.0,-4.0,-4.0,-4.0,1424.0,1566.0,1688.0,-4.0,-4.0,-4.0,-4.0,-4.0,-4.0,-4.0,-4.0,-4.0,-4.0,-4.0,1430.0,1573.0,1695.0,-4.0,-4.0,-4.0,-4.0,-4.0,-4.0,-4.0,-4.0,-4.0,-4.0,-4.0,1433.0,1577.0,1697.0,-4.0,-4.0,-4.0,-4.0,-4.0,-4.0,-4.0,-4.0,-4.0,-4.0,-4.0,1370.0,1489.0,1619.0,-4.0,-4.0,-4.0,-4.0,-4.0,-4.0,-4.0,-4.0,-4.0,-4.0,-4.0,1381.0,1501.0,1635.0,-4.0,-4.0,-4.0,-4.0,-4.0,-4.0,-4.0,-4.0,-4.0,-4.0,-4.0,1386.0,1506.0,1640.0
4522000.0,-4.0,-4.0,-4.0,-4.0,-4.0,-4.0,-4.0,-4.0,-4.0,-4.0,-4.0,1392.0,-3.0,1653.0,-4.0,-4.0,-4.0,-4.0,-4.0,-4.0,-4.0,-4.0,-4.0,-4.0,-4.0,1399.0,-3.0,1657.0,-4.0,-4.0,-4.0,-4.0,-4.0,-4.0,-3.0,-4.0,-4.0,-4.0,-4.0,-4.0,-4.0,-4.0,-4.0,-4.0,-4.0,-4.0,1417.0,-3.0,1685.0,-4.0,-4.0,-4.0,-4.0,-4.0,-4.0,-4.0,-4.0,-4.0,-4.0,-4.0,1430.0,-3.0,1695.0,-4.0,-4.0,-4.0,-4.0,-4.0,-4.0,-4.0,-4.0,-4.0,-4.0,-4.0,1433.0,-3.0,1697.0,-4.0,-4.0,-4.0,-4.0,-4.0,-4.0,-4.0,-4.0,-4.0,-4.0,-4.0,1357.0,-3.0,1617.0,-4.0,-4.0,-4.0,-4.0,-4.0,-4.0,-4.0,-4.0,-4.0,-4.0,-4.0,1380.0,-3.0,1635.0,-4.0,-4.0,-4.0,-4.0,-4.0,-4.0,-4.0,-4.0,-4.0,-4.0,-4.0,1386.0,-3.0,1640.0
4523000.0,-4.0,-4.0,-4.0,-4.0,-4.0,-4.0,-4.0,-4.0,-4.0,-4.0,-4.0,-3.0,-3.0,-3.0,-4.0,-4.0,-4.0,-4.0,-4.0,-4.0,-4.0,-4.0,-4.0,-4.0,-4.0,-3.0,-3.0,-3.0,-4.0,-4.0,-4.0,-4.0,-4.0,-4.0,-3.0,-4.0,-4.0,-4.0,-4.0,-4.0,-4.0,-4.0,-4.0,-4.0,-4.0,-4.0,-3.0,-3.0,-3.0,-4.0,-4.0,-4.0,-4.0,-4.0,-4.0,-4.0,-4.0,-4.0,-4.0,-4.0,-3.0,-3.0,-3.0,-4.0,-4.0,-4.0,-4.0,-4.0,-4.0,-4.0,-4.0,-4.0,-4.0,-4.0,-3.0,-3.0,-3.0,-4.0,-4.0,-4.0,-4.0,-4.0,-4.0,-4.0,-4.0,-4.0,-4.0,-4.0,-3.0,-3.0,-3.0,-4.0,-4.0,-4.0,-4.0,-4.0,-4.0,-4.0,-4.0,-4.0,-4.0,-4.0,-3.0,-3.0,-3.0,-4.0,-4.0,-4.0,-4.0,-4.0,-4.0,-4.0,-4.0,-4.0,-4.0,-4.0,-3.0,-3.0,-3.0
4524000.0,-4.0,-4.0,-4.0,-4.0,-4.0,-4.0,-4.0,-4.0,-4.0,-4.0,-4.0,1392.0,1512.0,1643.0,-4.0,-4.0,-4.0,-4.0,-4.0,-4.0,-4.0,-4.0,-4.0,-4.0,-4.0,1399.0,1525.0,1655.0,-4.0,-4.0,-4.0,-4.0,-4.0,-4.0,1529.0,-4.0,-4.0,-4.0,-4.0,-4.0,-4.0,-4.0,-4.0,-4.0,-4.0,-4.0,1417.0,1554.0,1685.0,-4.0,-4.0,-4.0,-4.0,-4.0,-4.0,-4.0,-4.0,-4.0,-4.0,-4.0,1430.0,1573.0,1695.0,-4.0,-4.0,-4.0,-4.0,-4.0,-4.0,-4.0,-4.0,-4.0,-4.0,-4.0,1433.0,1577.0,1697.0,-4.0,-4.0,-4.0,-4.0,-4.0,-4.0,-4.0,-4.0,-4.0,-4.0,-4.0,1357.0,1479.0,1617.0,-4.0,-4.0,-4.0,-4.0,-4.0,-4.0,-4.0,-4.0,-4.0,-4.0,-4.0,1380.0,1501.0,1635.0,-4.0,-4.0,-4.0,-4.0,-4.0,-4.0,-4.0,-4.0,-4.0,-4.0,-4.0,1386.0,1506.0,1640.0
4525000.0,-4.0,-4.0,-4.0,-4.0,-4.0,-4.0,-4.0,-4.0,-4.0,-4.0,-4.0,1396.0,-3.0,0.0,-4.0,-4.0,-4.0,-4.0,-4.0,-4.0,-4.0,-4.0,-4.0,-4.0,-4.0,1400.0,-3.0,0.0,-4.0,-4.0,-4.0,-4.0,-4.0,-4.0,-3.0,-4.0,-4.0,-4.0,-4.0,-4.0,-4.0,-4.0,-4.0,-4.0,-4.0,-4.0,1421.0,-3.0,0.0,-4.0,-4.0,-4.0,-4.0,-4.0,-4.0,-4.0,-4.0,-4.0,-4.0,-4.0,1430.0,-3.0,0.0,-4.0,-4.0,-4.0,-4.0,-4.0,-4.0,-4.0,-4.0,-4.0,-4.0,-4.0,1433.0,-3.0,0.0,-4.0,-4.0,-4.0,-4.0,-4.0,-4.0,-4.0,-4.0,-4.0,-4.0,-4.0,1357.0,-3.0,1617.0,-4.0,-4.0,-4.0,-4.0,-4.0,-4.0,-4.0,-4.0,-4.0,-4.0,-4.0,1380.0,-3.0,1635.0,-4.0,-4.0,-4.0,-4.0,-4.0,-4.0,-4.0,-4.0,-4.0,-4.0,-4.0,1386.0,-3.0,1640.0
4526000.0,-4.0,-4.0,-4.0,-4.0,-4.0,-4.0,-4.0,-4.0,-4.0,-4.0,-4.0,1396.0,1517.0,1643.0,-4.0,-4.0,-4.0,-4.0,-4.0,-4.0,-4.0,-4.0,-4.0,-4.0,-4.0,1400.0,1527.0,1655.0,-4.0,-4.0,-4.0,-4.0,-4.0,-4.0,1528.0,-4.0,-4.0,-4.0,-4.0,-4.0,-4.0,-4.0,-4.0,-4.0,-4.0,-4.0,1421.0,1554.0,1685.0,-4.0,-4.0,-4.0,-4.0,-4.0,-4.0,-4.0,-4.0,-4.0,-4.0,-4.0,1430.0,1573.0,1695.0,-4.0,-4.0,-4.0,-4.0,-4.0,-4.0,-4.0,-4.0,-4.0,-4.0,-4.0,1433.0,1577.0,1697.0,-4.0,-4.0,-4.0,-4.0,-4.0,-4.0,-4.0,-4.0,-4.0,-4.0,-4.0,1357.0,1479.0,1617.0,-4.0,-4.0,-4.0,-4.0,-4.0,-4.0,-4.0,-4.0,-4.0,-4.0,-4.0,1380.0,1501.0,1635.0,-4.0,-4.0,-4.0,-4.0,-4.0,-4.0,-4.0,-4.0,-4.0,-4.0,-4.0,1386.0,1506.0,1640.0
4527000.0,-4.0,-4.0,-4.0,-4.0,-4.0,-4.0,-4.0,-4.0,-4.0,-4.0,-4.0,1396.0,1517.0,1652.0,-4.0,-4.0,-4.0,-4.0,-4.0,-4.0,-4.0,-4.0,-4.0,-4.0,-4.0,1400.0,1527.0,1656.0,-4.0,-4.0,-4.0,-4.0,-4.0,-4.0,1528.0,-4.0,-4.0,-4.0,-4.0,-4.0,-4.0,-4.0,-4.0,-4.0,-4.0,-4.0,1421.0,1566.0,1685.0,-4.0,-4.0,-4.0,-4.0,-4.0,-4.0,-4.0,-4.0,-4.0,-4.0,-4.0,1430.0,1573.0,1695.0,-4.0,-4.0,-4.0,-4.0,-4.0,-4.0,-4.0,-4.0,-4.0,-4.0,-4.0,1433.0,1577.0,1697.0,-4.0,-4.0,-4.0,-4.0,-4.0,-4.0,-4.0,-4.0,-4.0,-4.0,-4.0,1370.0,1489.0,1617.0,-4.0,-4.0,-4.0,-4.0,-4.0,-4.0,-4.0,-4.0,-4.0,-4.0,-4.0,1381.0,1501.0,1635.0,-4.0,-4.0,-4.0,-4.0,-4.0,-4.0,-4.0,-4.0,-4.0,-4.0,-4.0,1386.0,1506.0,1640.0
4528000.0,-4.0,-4.0,-4.0,-4.0,-4.0,-4.0,-4.0,-4.0,-4.0,-4.0,-4.0,0.0,1515.0,-3.0,-4.0,-4.0,-4.0,-4.0,-4.0,-4.0,-4.0,-4.0,-4.0,-4.0,-4.0,0.0,1526.0,-3.0,-4.0,-4.0,-4.0,-4.0,-4.0,-4.0,1529.0,-4.0,-4.0,-4.0,-4.0,-4.0,-4.0,-4.0,-4.0,-4.0,-4.0,-4.0,1409.0,1540.0,-3.0,-4.0,-4.0,-4.0,-4.0,-4.0,-4.0,-4.0,-4.0,-4.0,-4.0,-4.0,1427.0,1570.0,-3.0,-4.0,-4.0,-4.0,-4.0,-4.0,-4.0,-4.0,-4.0,-4.0,-4.0,-4.0,1433.0,1576.0,-3.0,-4.0,-4.0,-4.0,-4.0,-4.0,-4.0,-4.0,-4.0,-4.0,-4.0,-4.0,1340.0,1445.0,-3.0,-4.0,-4.0,-4.0,-4.0,-4.0,-4.0,-4.0,-4.0,-4.0,-4.0,-4.0,1374.0,1495.0,-3.0,-4.0,-4.0,-4.0,-4.0,-4.0,-4.0,-4.0,-4.0,-4.0,-4.0,-4.0,1384.0,1504.0,-3.0
4529000.0,-4.0,-4.0,-4.0,-4.0,-4.0,-4.0,-4.0,-4.0,-4.0,-4.0,-4.0,1397.0,-3.0,1649.0,-4.0,-4.0,-4.0,-4.0,-4.0,-4.0,-4.0,-4.0,-4.0,-4.0,-4.0,1401.0,-3.0,1656.0,-4.0,-4.0,-4.0,-4.0,-4.0,-4.0,-3.0,-4.0,-4.0,-4.0,-4.0,-4.0,-4.0,-4.0,-4.0,-4.0,-4.0,-4.0,1418.0,-3.0,1675.0,-4.0,-4.0,-4.0,-4.0,-4.0,-4.0,-4.0,-4.0,-4.0,-4.0,-4.0,1429.0,-3.0,1693.0,-4.0,-4.0,-4.0,-4.0,-4.0,-4.0,-4.0,-4.0,-4.0,-4.0,-4.0,1433.0,-3.0,1697.0,-4.0,-4.0,-4.0,-4.0,-4.0,-4.0,-4.0,-4.0,-4.0,-4.0,-4.0,1354.0,-3.0,1609.0,-4.0,-4.0,-4.0,-4.0,-4.0,-4.0,-4.0,-4.0,-4.0,-4.0,-4.0,1379.0,-3.0,1632.0,-4.0,-4.0,-4.0,-4.0,-4.0,-4.0,-4.0,-4.0,-4.0,-4.0,-4.0,1385.0,-3.0,1639.0
4530000.0,-4.0,-4.0,-4.0,-4.0,-4.0,-4.0,-4.0,-4.0,-4.0,-4.0,-4.0,1392.0,1515.0,-3.0,-4.0,-4.0,-4.0,-4.0,-4.0,-4.0,-4.0,-4.0,-4.0,-4.0,-4.0,1399.0,1526.0,-3.0,-4.0,-4.0,-4.0,-4.0,-4.0,-4.0,1529.0,-4.0,-4.0,-4.0,-4.0,-4.0,-4.0,-4.0,-4.0,-4.0,-4.0,-4.0,1409.0,1540.0,-3.0,-4.0,-4.0,-4.0,-4.0,-4.0,-4.0,-4.0,-4.0,-4.0,-4.0,-4.0,1427.0,1570.0,-3.0,-4.0,-4.0,-4.0,-4.0,-4.0,-4.0,-4.0,-4.0,-4.0,-4.0,-4.0,1433.0,1576.0,-3.0,-4.0,-4.0,-4.0,-4.0,-4.0,-4.0,-4.0,-4.0,-4.0,-4.0,-4.0,1335.0,1457.0,-3.0,-4.0,-4.0,-4.0,-4.0,-4.0,-4.0,-4.0,-4.0,-4.0,-4.0,-4.0,1374.0,1495.0,-3.0,-4.0,-4.0,-4.0,-4.0,-4.0,-4.0,-4.0,-4.0,-4.0,-4.0,-4.0,1384.0,1504.0,-3.0
4531000.0,-4.0,-4.0,-4.0,-4.0,-4.0,-4.0,-4.0,-4.0,-4.0,-4.0,-4.0,-3.0,1515.0,1647.0,-4.0,-4.0,-4.0,-4.0,-4.0,-4.0,-4.0,-4.0,-4.0,-4.0,-4.0,-3.0,1526.0,1656.0,-4.0,-4.0,-4.0,-4.0,-4.0,-4.0,1529.0,-4.0,-4.0,-4.0,-4.0,-4.0,-4.0,-4.0,-4.0,-4.0,-4.0,-4.0,-3.0,1540.0,1671.0,-4.0,-4.0,-4.0,-4.0,-4.0,-4.0,-4.0,-4.0,-4.0,-4.0,-4.0,-3.0,1570.0,1692.0,-4.0,-4.0,-4.0,-4.0,-4.0,-4.0,-4.0,-4.0,-4.0,-4.0,-4.0,-3.0,1576.0,1697.0,-4.0,-4.0,-4.0,-4.0,-4.0,-4.0,-4.0,-4.0,-4.0,-4.0,-4.0,-3.0,1457.0,1602.0,-4.0,-4.0,-4.0,-4.0,-4.0,-4.0,-4.0,-4.0,-4.0,-4.0,-4.0,-3.0,1495.0,1630.0,-4.0,-4.0,-4.0,-4.0,-4.0,-4.0,-4.0,-4.0,-4.0,-4.0,-4.0,-3.0,1504.0,1638.0
4532000.0,-4.0,-4.0,-4.0,-4.0,-4.0,-4.0,-4.0,-4.0,-4.0,-4.0,-4.0,-3.0,-3.0,-3.0,-4.0,-4.0,-4.0,-4.0,-4.0,-4.0,-4.0,-4.0,-4.0,-4.0,-4.0,-3.0,-3.0,-3.0,-4.0,-4.0,-4.0,-4.0,-4.0,-4.0,-3.0,-4.0,-4.0,-4.0,-4.0,-4.0,-4.0,-4.0,-4.0,-4.0,-4.0,-4.0,-3.0,-3.0,-3.0,-4.0,-4.0,-4.0,-4.0,-4.0,-4.0,-4.0,-4.0,-4.0,-4.0,-4.0,-3.0,-3.0,-3.0,-4.0,-4.0,-4.0,-4.0,-4.0,-4.0,-4.0,-4.0,-4.0,-4.0,-4.0,-3.0,-3.0,-3.0,-4.0,-4.0,-4.0,-4.0,-4.0,-4.0,-4.0,-4.0,-4.0,-4.0,-4.0,-3.0,-3.0,-3.0,-4.0,-4.0,-4.0,-4.0,-4.0,-4.0,-4.0,-4.0,-4.0,-4.0,-4.0,-3.0,-3.0,-3.0,-4.0,-4.0,-4.0,-4.0,-4.0,-4.0,-4.0,-4.0,-4.0,-4.0,-4.0,-3.0,-3.0,-3.0
4533000.0,-4.0,-4.0,-4.0,-4.0,-4.0,-4.0,-4.0,-4.0,-4.0,-4.0,-4.0,1396.0,0.0,1647.0,-4.0,-4.0,-4.0,-4.0,-4.0,-4.0,-4.0,-4.0,-4.0,-4.0,-4.0,1400.0,0.0,1656.0,-4.0,-4.0,-4.0,-4.0,-4.0,-4.0,0.0,-4.0,-4.0,-4.0,-4.0,-4.0,-4.0,-4.0,-4.0,-4.0,-4.0,-4.0,1409.0,1545.0,1663.0,-4.0,-4.0,-4.0,-4.0,-4.0,-4.0,-4.0,-4.0,-4.0,-4.0,-4.0,1427.0,1570.0,1692.0,-4.0,-4.0,-4.0,-4.0,-4.0,-4.0,-4.0,-4.0,-4.0,-4.0,-4.0,1433.0,1576.0,1697.0,-4.0,-4.0,-4.0,-4.0,-4.0,-4.0,-4.0,-4.0,-4.0,-4.0,-4.0,1342.0,1464.0,1586.0,-4.0,-4.0,-4.0,-4.0,-4.0,-4.0,-4.0,-4.0,-4.0,-4.0,-4.0,1374.0,1493.0,1629.0,-4.0,-4.0,-4.0,-4.0,-4.0,-4.0,-4.0,-4.0,-4.0,-4.0,-4.0,1384.0,1504.0,1638.0
4534000.0,-4.0,-4.0,-4.0,-4.0,-4.0,-4.0,-4.0,-4.0,-4.0,-4.0,-4.0,0.0,-3.0,-4.0,-4.0,-4.0,-4.0,-4.0,-4.0,-4.0,-4.0,-4.0,-4.0,-4.0,-4.0,0.0,-3.0,-4.0,-4.0,-4.0,-4.0,-4.0,-4.0,-4.0,-3.0,-4.0,-4.0,-4.0,-4.0,-4.0,-4.0,-4.0,-4.0,-4.0,-4.0,-4.0,1417.0,-3.0,-4.0,-4.0,-4.0,-4.0,-4.0,-4.0,-4.0,-4.0,-4.0,-4.0,-4.0,-4.0,1430.0,-3.0,-4.0,-4.0,-4.0,-4.0,-4.0,-4.0,-4.0,-4.0,-4.0,-4.0,-4.0,-4.0,1433.0,-3.0,-4.0,-4.0,-4.0,-4.0,-4.0,-4.0,-4.0,-4.0,-4.0,-4.0,-4.0,-4.0,1343.0,-3.0,-4.0,-4.0,-4.0,-4.0,-4.0,-4.0,-4.0,-4.0,-4.0,-4.0,-4.0,-4.0,1377.0,-3.0,-4.0,-4.0,-4.0,-4.0,-4.0,-4.0,-4.0,-4.0,-4.0,-4.0,-4.0,-4.0,1385.0,-3.0,-4.0
4535000.0,-4.0,-4.0,-4.0,-4.0,-4.0,-4.0,-4.0,-4.0,-4.0,-4.0,-4.0,-3.0,1512.0,1650.0,-4.0,-4.0,-4.0,-4.0,-4.0,-4.0,-4.0,-4.0,-4.0,-4.0,-4.0,-3.0,1525.0,1657.0,-4.0,-4.0,-4.0,-4.0,-4.0,-4.0,1529.0,-4.0,-4.0,-4.0,-4.0,-4.0,-4.0,-4.0,-4.0,-4.0,-4.0,-4.0,-3.0,1553.0,1678.0,-4.0,-4.0,-4.0,-4.0,-4.0,-4.0,-4.0,-4.0,-4.0,-4.0,-4.0,-3.0,1571.0,1693.0,-4.0,-4.0,-4.0,-4.0,-4.0,-4.0,-4.0,-4.0,-4.0,-4.0,-4.0,-3.0,1576.0,1697.0,-4.0,-4.0,-4.0,-4.0,-4.0,-4.0,-4.0,-4.0,-4.0,-4.0,-4.0,-3.0,1466.0,1608.0,-4.0,-4.0,-4.0,-4.0,-4.0,-4.0,-4.0,-4.0,-4.0,-4.0,-4.0,-3.0,1497.0,1631.0,-4.0,-4.0,-4.0,-4.0,-4.0,-4.0,-4.0,-4.0,-4.0,-4.0,-4.0,-3.0,1505.0,1639.0
4536000.0,-4.0,-4.0,-4.0,-4.0,-4.0,-4.0,-4.0,-4.0,-4.0,-4.0,-4.0,1393.0,-3.0,1647.0,-4.0,-4.0,-4.0,-4.0,-4.0,-4.0,-4.0,-4.0,-4.0,-4.0,-4.0,1400.0,-3.0,1656.0,-4.0,-4.0,-4.0,-4.0,-4.0,-4.0,-3.0,-4.0,-4.0,-4.0,-4.0,-4.0,-4.0,-4.0,-4.0,-4.0,-4.0,-4.0,1407.0,-3.0,1667.0,-4.0,-4.0,-4.0,-4.0,-4.0,-4.0,-4.0,-4.0,-4.0,-4.0,-4.0,1427.0,-3.0,1692.0,-4.0,-4.0,-4.0,-4.0,-4.0,-4.0,-4.0,-4.0,-4.0,-4.0,-4.0,1433.0,-3.0,1697.0,-4.0,-4.0,-4.0,-4.0,-4.0,-4.0,-4.0,-4.0,-4.0,-4.0,-4.0,1333.0,-3.0,1590.0,-4.0,-4.0,-4.0,-4.0,-4.0,-4.0,-4.0,-4.0,-4.0,-4.0,-4.0,1375.0,-3.0,1630.0,-4.0,-4.0,-4.0,-4.0,-4.0,-4.0,-4.0,-4.0,-4.0,-4.0,-4.0,1384.0,-3.0,1638.0
4537000.0,-4.0,-4.0,-4.0,-4.0,-4.0,-4.0,-4.0,-4.0,-4.0,-4.0,-4.0,1394.0,1512.0,1650.0,-4.0,-4.0,-4.0,-4.0,-4.0,-4.0,-4.0,-4.0,-4.0,-4.0,-4.0,1401.0,1525.0,1657.0,-4.0,-4.0,-4.0,-4.0,-4.0,-4.0,1529.0,-4.0,-4.0,-4.0,-4.0,-4.0,-4.0,-4.0,-4.0,-4.0,-4.0,-4.0,1415.0,1552.0,1679.0,-4.0,-4.0,-4.0,-4.0,-4.0,-4.0,-4.0,-4.0,-4.0,-4.0,-4.0,1428.0,1571.0,1693.0,-4.0,-4.0,-4.0,-4.0,-4.0,-4.0,-4.0,-4.0,-4.0,-4.0,-4.0,1433.0,1576.0,1697.0,-4.0,-4.0,-4.0,-4.0,-4.0,-4.0,-4.0,-4.0,-4.0,-4.0,-4.0,1358.0,1474.0,1614.0,-4.0,-4.0,-4.0,-4.0,-4.0,-4.0,-4.0,-4.0,-4.0,-4.0,-4.0,1377.0,1497.0,1631.0,-4.0,-4.0,-4.0,-4.0,-4.0,-4.0,-4.0,-4.0,-4.0,-4.0,-4.0,1385.0,1505.0,1639.0
4538000.0,-4.0,-4.0,-4.0,-4.0,-4.0,-4.0,-4.0,-4.0,-4.0,-4.0,-4.0,1396.0,0.0,1651.0,-4.0,-4.0,-4.0,-4.0,-4.0,-4.0,-4.0,-4.0,-4.0,-4.0,-4.0,1400.0,0.0,1657.0,-4.0,-4.0,-4.0,-4.0,-4.0,-4.0,0.0,-4.0,-4.0,-4.0,-4.0,-4.0,-4.0,-4.0,-4.0,-4.0,-4.0,-4.0,1414.0,1547.0,1676.0,-4.0,-4.0,-4.0,-4.0,-4.0,-4.0,-4.0,-4.0,-4.0,-4.0,-4.0,1428.0,1571.0,1693.0,-4.0,-4.0,-4.0,-4.0,-4.0,-4.0,-4.0,-4.0,-4.0,-4.0,-4.0,1433.0,1576.0,1697.0,-4.0,-4.0,-4.0,-4.0,-4.0,-4.0,-4.0,-4.0,-4.0,-4.0,-4.0,1346.0,1455.0,1607.0,-4.0,-4.0,-4.0,-4.0,-4.0,-4.0,-4.0,-4.0,-4.0,-4.0,-4.0,1376.0,1497.0,1631.0,-4.0,-4.0,-4.0,-4.0,-4.0,-4.0,-4.0,-4.0,-4.0,-4.0,-4.0,1385.0,1505.0,1639.0
4539000.0,-4.0,-4.0,-4.0,-4.0,-4.0,-4.0,-4.0,-4.0,-4.0,-4.0,-4.0,0.0,1522.0,1650.0,-4.0,-4.0,-4.0,-4.0,-4.0,-4.0,-4.0,-4.0,-4.0,-4.0,-4.0,0.0,1525.0,1657.0,-4.0,-4.0,-4.0,-4.0,-4.0,-4.0,1529.0,-4.0,-4.0,-4.0,-4.0,-4.0,-4.0,-4.0,-4.0,-4.0,-4.0,-4.0,1418.0,1550.0,1675.0,-4.0,-4.0,-4.0,-4.0,-4.0,-4.0,-4.0,-4.0,-4.0,-4.0,-4.0,1429.0,1572.0,1693.0,-4.0,-4.0,-4.0,-4.0,-4.0,-4.0,-4.0,-4.0,-4.0,-4.0,-4.0,1433.0,1577.0,1697.0,-4.0,-4.0,-4.0,-4.0,-4.0,-4.0,-4.0,-4.0,-4.0,-4.0,-4.0,1354.0,1470.0,1609.0,-4.0,-4.0,-4.0,-4.0,-4.0,-4.0,-4.0,-4.0,-4.0,-4.0,-4.0,1379.0,1498.0,1632.0,-4.0,-4.0,-4.0,-4.0,-4.0,-4.0,-4.0,-4.0,-4.0,-4.0,-4.0,1385.0,1505.0,1639.0
4540000.0,-4.0,-4.0,-4.0,-4.0,-4.0,-4.0,-4.0,-4.0,-4.0,-4.0,-4.0,1395.0,-3.0,0.0,-4.0,-4.0,-4.0,-4.0,-4.0,-4.0,-4.0,-4.0,-4.0,-4.0,-4.0,1401.0,-3.0,0.0,-4.0,-4.0,-4.0,-4.0,-4.0,-4.0,-3.0,-4.0,-4.0,-4.0,-4.0,-4.0,-4.0,-4.0,-4.0,-4.0,-4.0,-4.0,1411.0,-3.0,0.0,-4.0,-4.0,-4.0,-4.0,-4.0,-4.0,-4.0,-4.0,-4.0,-4.0,-4.0,1428.0,-3.0,0.0,-4.0,-4.0,-4.0,-4.0,-4.0,-4.0,-4.0,-4.0,-4.0,-4.0,-4.0,1433.0,-3.0,0.0,-4.0,-4.0,-4.0,-4.0,-4.0,-4.0,-4.0,-4.0,-4.0,-4.0,-4.0,1338.0,-3.0,1597.0,-4.0,-4.0,-4.0,-4.0,-4.0,-4.0,-4.0,-4.0,-4.0,-4.0,-4.0,1376.0,-3.0,1631.0,-4.0,-4.0,-4.0,-4.0,-4.0,-4.0,-4.0,-4.0,-4.0,-4.0,-4.0,1385.0,-3.0,1639.0
4541000.0,-4.0,-4.0,-4.0,-4.0,-4.0,-4.0,-4.0,-4.0,-4.0,-4.0,-4.0,1393.0,-5.0,1647.0,-4.0,-4.0,-4.0,-4.0,-4.0,-4.0,-4.0,-4.0,-4.0,-4.0,-4.0,1400.0,-5.0,1656.0,-4.0,-4.0,-4.0,-4.0,-4.0,-4.0,-5.0,-4.0,-4.0,-4.0,-4.0,-4.0,-4.0,-4.0,-4.0,-4.0,-4.0,-4.0,1409.0,-5.0,1669.0,-4.0,-4.0,-4.0,-4.0,-4.0,-4.0,-4.0,-4.0,-4.0,-4.0,-4.0,1427.0,-5.0,1692.0,-4.0,-4.0,-4.0,-4.0,-4.0,-4.0,-4.0,-4.0,-4.0,-4.0,-4.0,1433.0,-5.0,1697.0,-4.0,-4.0,-4.0,-4.0,-4.0,-4.0,-4.0,-4.0,-4.0,-4.0,-4.0,1334.0,-5.0,1594.0,-4.0,-4.0,-4.0,-4.0,-4.0,-4.0,-4.0,-4.0,-4.0,-4.0,-4.0,1375.0,-5.0,1630.0,-4.0,-4.0,-4.0,-4.0,-4.0,-4.0,-4.0,-4.0,-4.0,-4.0,-4.0,1384.0,-5.0,1638.0
4542000.0,-4.0,-4.0,-4.0,-4.0,-4.0,-4.0,-4.0,-4.0,-4.0,-4.0,-4.0,0.0,1512.0,1650.0,-4.0,-4.0,-4.0,-4.0,-4.0,-4.0,-4.0,-4.0,-4.0,-4.0,-4.0,0.0,1525.0,1657.0,-4.0,-4.0,-4.0,-4.0,-4.0,-4.0,1529.0,-4.0,-4.0,-4.0,-4.0,-4.0,-4.0,-4.0,-4.0,-4.0,-4.0,-4.0,0.0,1553.0,1678.0,-4.0,-4.0,-4.0,-4.0,-4.0,-4.0,-4.0,-4.0,-4.0,-4.0,-4.0,0.0,1571.0,1693.0,-4.0,-4.0,-4.0,-4.0,-4.0,-4.0,-4.0,-4.0,-4.0,-4.0,-4.0,0.0,1576.0,1697.0,-4.0,-4.0,-4.0,-4.0,-4.0,-4.0,-4.0,-4.0,-4.0,-4.0,-4.0,1346.0,1466.0,1608.0,-4.0,-4.0,-4.0,-4.0,-4.0,-4.0,-4.0,-4.0,-4.0,-4.0,-4.0,1376.0,1497.0,1631.0,-4.0,-4.0,-4.0,-4.0,-4.0,-4.0,-4.0,-4.0,-4.0,-4.0,-4.0,1385.0,1505.0,1639.0
4549000.0,-4.0,-4.0,-4.0,-4.0,-4.0,-4.0,-4.0,-4.0,-4.0,-4.0,-4.0,-4.0,1517.0,-3.0,-4.0,-4.0,-4.0,-4.0,-4.0,-4.0,-4.0,-4.0,-4.0,-4.0,-4.0,-4.0,1527.0,-3.0,-4.0,-4.0,-4.0,-4.0,-4.0,-4.0,1528.0,-4.0,-4.0,-4.0,-4.0,-4.0,-4.0,-4.0,-4.0,-4.0,-4.0,-4.0,-4.0,1559.0,-3.0,-4.0,-4.0,-4.0,-4.0,-4.0,-4.0,-4.0,-4.0,-4.0,-4.0,-4.0,-4.0,1573.0,-3.0,-4.0,-4.0,-4.0,-4.0,-4.0,-4.0,-4.0,-4.0,-4.0,-4.0,-4.0,-4.0,1577.0,-3.0,-4.0,-4.0,-4.0,-4.0,-4.0,-4.0,-4.0,-4.0,-4.0,-4.0,-4.0,-4.0,1486.0,-3.0,-4.0,-4.0,-4.0,-4.0,-4.0,-4.0,-4.0,-4.0,-4.0,-4.0,-4.0,-4.0,1500.0,-3.0,-4.0,-4.0,-4.0,-4.0,-4.0,-4.0,-4.0,-4.0,-4.0,-4.0,-4.0,-4.0,1506.0,-3.0
4550000.0,-4.0,-4.0,-4.0,-4.0,-4.0,-4.0,-4.0,-4.0,-4.0,-4.0,-4.0,-4.0,-5.0,1653.0,-4.0,-4.0,-4.0,-4.0,-4.0,-4.0,-4.0,-4.0,-4.0,-4.0,-4.0,-4.0,-5.0,1657.0,-4.0,-4.0,-4.0,-4.0,-4.0,-4.0,-5.0,-4.0,-4.0,-4.0,-4.0,-4.0,-4.0,-4.0,-4.0,-4.0,-4.0,-4.0,-4.0,-5.0,1683.0,-4.0,-4.0,-4.0,-4.0,-4.0,-4.0,-4.0,-4.0,-4.0,-4.0,-4.0,-4.0,-5.0,1695.0,-4.0,-4.0,-4.0,-4.0,-4.0,-4.0,-4.0,-4.0,-4.0,-4.0,-4.0,-4.0,-5.0,1697.0,-4.0,-4.0,-4.0,-4.0,-4.0,-4.0,-4.0,-4.0,-4.0,-4.0,-4.0,-4.0,-5.0,1616.0,-4.0,-4.0,-4.0,-4.0,-4.0,-4.0,-4.0,-4.0,-4.0,-4.0,-4.0,-4.0,-5.0,1636.0,-4.0,-4.0,-4.0,-4.0,-4.0,-4.0,-4.0,-4.0,-4.0,-4.0,-4.0,-4.0,-5.0,1640.0
4551000.0,-4.0,-4.0,-4.0,-4.0,-4.0,-4.0,-4.0,-4.0,-4.0,-4.0,-4.0,-4.0,1517.0,1654.0,-4.0,-4.0,-4.0,-4.0,-4.0,-4.0,-4.0,-4.0,-4.0,-4.0,-4.0,-4.0,1527.0,1657.0,-4.0,-4.0,-4.0,-4.0,-4.0,-4.0,1528.0,-4.0,-4.0,-4.0,-4.0,-4.0,-4.0,-4.0,-4.0,-4.0,-4.0,-4.0,-4.0,1563.0,1686.0,-4.0,-4.0,-4.0,-4.0,-4.0,-4.0,-4.0,-4.0,-4.0,-4.0,-4.0,-4.0,1573.0,1695.0,-4.0,-4.0,-4.0,-4.0,-4.0,-4.0,-4.0,-4.0,-4.0,-4.0,-4.0,-4.0,1577.0,1697.0,-4.0,-4.0,-4.0,-4.0,-4.0,-4.0,-4.0,-4.0,-4.0,-4.0,-4.0,-4.0,1480.0,1620.0,-4.0,-4.0,-4.0,-4.0,-4.0,-4.0,-4.0,-4.0,-4.0,-4.0,-4.0,-4.0,1501.0,1636.0,-4.0,-4.0,-4.0,-4.0,-4.0,-4.0,-4.0,-4.0,-4.0,-4.0,-4.0,-4.0,1506.0,1640.0
4552000.0,-4.0,-4.0,-4.0,-4.0,-4.0,-4.0,-4.0,-4.0,-4.0,-4.0,-4.0,-4.0,1517.0,1643.0,-4.0,-4.0,-4.0,-4.0,-4.0,-4.0,-4.0,-4.0,-4.0,-4.0,-4.0,-4.0,1527.0,1655.0,-4.0,-4.0,-4.0,-4.0,-4.0,-4.0,1528.0,-4.0,-4.0,-4.0,-4.0,-4.0,-4.0,-4.0,-4.0,-4.0,-4.0,-4.0,-4.0,1554.0,1685.0,-4.0,-4.0,-4.0,-4.0,-4.0,-4.0,-4.0,-4.0,-4.0,-4.0,-4.0,-4.0,1573.0,1695.0,-4.0,-4.0,-4.0,-4.0,-4.0,-4.0,-4.0,-4.0,-4.0,-4.0,-4.0,-4.0,1577.0,1697.0,-4.0,-4.0,-4.0,-4.0,-4.0,-4.0,-4.0,-4.0,-4.0,-4.0,-4.0,-4.0,1479.0,1617.0,-4.0,-4.0,-4.0,-4.0,-4.0,-4.0,-4.0,-4.0,-4.0,-4.0,-4.0,-4.0,1501.0,1635.0,-4.0,-4.0,-4.0,-4.0,-4.0,-4.0,-4.0,-4.0,-4.0,-4.0,-4.0,-4.0,1506.0,1640.0
4553000.0,-4.0,-4.0,-4.0,-4.0,-4.0,-4.0,-4.0,-4.0,-4.0,-4.0,-4.0,-4.0,1517.0,-3.0,-4.0,-4.0,-4.0,-4.0,-4.0,-4.0,-4.0,-4.0,-4.0,-4.0,-4.0,-4.0,1527.0,-3.0,-4.0,-4.0,-4.0,-4.0,-4.0,-4.0,1528.0,-4.0,-4.0,-4.0,-4.0,-4.0,-4.0,-4.0,-4.0,-4.0,-4.0,-4.0,-4.0,1554.0,-3.0,-4.0,-4.0,-4.0,-4.0,-4.0,-4.0,-4.0,-4.0,-4.0,-4.0,-4.0,-4.0,1573.0,-3.0,-4.0,-4.0,-4.0,-4.0,-4.0,-4.0,-4.0,-4.0,-4.0,-4.0,-4.0,-4.0,1577.0,-3.0,-4.0,-4.0,-4.0,-4.0,-4.0,-4.0,-4.0,-4.0,-4.0,-4.0,-4.0,-4.0,1479.0,-3.0,-4.0,-4.0,-4.0,-4.0,-4.0,-4.0,-4.0,-4.0,-4.0,-4.0,-4.0,-4.0,1501.0,-3.0,-4.0,-4.0,-4.0,-4.0,-4.0,-4.0,-4.0,-4.0,-4.0,-4.0,-4.0,-4.0,1506.0,-3.0
4554000.0,-4.0,-4.0,-4.0,-4.0,-4.0,-4.0,-4.0,-4.0,-4.0,-4.0,-4.0,-4.0,1512.0,-3.0,-4.0,-4.0,-4.0,-4.0,-4.0,-4.0,-4.0,-4.0,-4.0,-4.0,-4.0,-4.0,1525.0,-3.0,-4.0,-4.0,-4.0,-4.0,-4.0,-4.0,1529.0,-4.0,-4.0,-4.0,-4.0,-4.0,-4.0,-4.0,-4.0,-4.0,-4.0,-4.0,-4.0,1553.0,-3.0,-4.0,-4.0,-4.0,-4.0,-4.0,-4.0,-4.0,-4.0,-4.0,-4.0,-4.0,-4.0,1571.0,-3.0,-4.0,-4.0,-4.0,-4.0,-4.0,-4.0,-4.0,-4.0,-4.0,-4.0,-4.0,-4.0,1576.0,-3.0,-4.0,-4.0,-4.0,-4.0,-4.0,-4.0,-4.0,-4.0,-4.0,-4.0,-4.0,-4.0,1466.0,-3.0,-4.0,-4.0,-4.0,-4.0,-4.0,-4.0,-4.0,-4.0,-4.0,-4.0,-4.0,-4.0,1497.0,-3.0,-4.0,-4.0,-4.0,-4.0,-4.0,-4.0,-4.0,-4.0,-4.0,-4.0,-4.0,-4.0,1505.0,-3.0
4555000.0,-4.0,-4.0,-4.0,-4.0,-4.0,-4.0,-4.0,-4.0,-4.0,-4.0,-4.0,-4.0,0.0,1653.0,-4.0,-4.0,-4.0,-4.0,-4.0,-4.0,-4.0,-4.0,-4.0,-4.0,-4.0,-4.0,0.0,1657.0,-4.0,-4.0,-4.0,-4.0,-4.0,-4.0,0.0,-4.0,-4.0,-4.0,-4.0,-4.0,-4.0,-4.0,-4.0,-4.0,-4.0,-4.0,-4.0,1544.0,1685.0,-4.0,-4.0,-4.0,-4.0,-4.0,-4.0,-4.0,-4.0,-4.0,-4.0,-4.0,-4.0,1571.0,1695.0,-4.0,-4.0,-4.0,-4.0,-4.0,-4.0,-4.0,-4.0,-4.0,-4.0,-4.0,-4.0,1576.0,1697.0,-4.0,-4.0,-4.0,-4.0,-4.0,-4.0,-4.0,-4.0,-4.0,-4.0,-4.0,-4.0,1450.0,1624.0,-4.0,-4.0,-4.0,-4.0,-4.0,-4.0,-4.0,-4.0,-4.0,-4.0,-4.0,-4.0,1496.0,1635.0,-4.0,-4.0,-4.0,-4.0,-4.0,-4.0,-4.0,-4.0,-4.0,-4.0,-4.0,-4.0,1505.0,1640.0
4556000.0,-4.0,-4.0,-4.0,-4.0,-4.0,-4.0,-4.0,-4.0,-4.0,-4.0,-4.0,-4.0,-3.0,-3.0,-4.0,-4.0,-4.0,-4.0,-4.0,-4.0,-4.0,-4.0,-4.0,-4.0,-4.0,-4.0,-3.0,-3.0,-4.0,-4.0,-4.0,-4.0,-4.0,-4.0,-3.0,-4.0,-4.0,-4.0,-4.0,-4.0,-4.0,-4.0,-4.0,-4.0,-4.0,-4.0,-4.0,-3.0,-3.0,-4.0,-4.0,-4.0,-4.0,-4.0,-4.0,-4.0,-4.0,-4.0,-4.0,-4.0,-4.0,-3.0,-3.0,-4.0,-4.0,-4.0,-4.0,-4.0,-4.0,-4.0,-4.0,-4.0,-4.0,-4.0,-4.0,-3.0,-3.0,-4.0,-4.0,-4.0,-4.0,-4.0,-4.0,-4.0,-4.0,-4.0,-4.0,-4.0,-4.0,-3.0,-3.0,-4.0,-4.0,-4.0,-4.0,-4.0,-4.0,-4.0,-4.0,-4.0,-4.0,-4.0,-4.0,-3.0,-3.0,-4.0,-4.0,-4.0,-4.0,-4.0,-4.0,-4.0,-4.0,-4.0,-4.0,-4.0,-4.0,-3.0,-3.0
4557000.0,-4.0,-4.0,-4.0,-4.0,-4.0,-4.0,-4.0,-4.0,-4.0,-4.0,-4.0,-4.0,-3.0,1643.0,-4.0,-4.0,-4.0,-4.0,-4.0,-4.0,-4.0,-4.0,-4.0,-4.0,-4.0,-4.0,-3.0,1655.0,-4.0,-4.0,-4.0,-4.0,-4.0,-4.0,-3.0,-4.0,-4.0,-4.0,-4.0,-4.0,-4.0,-4.0,-4.0,-4.0,-4.0,-4.0,-4.0,-3.0,1669.0,-4.0,-4.0,-4.0,-4.0,-4.0,-4.0,-4.0,-4.0,-4.0,-4.0,-4.0,-4.0,-3.0,1692.0,-4.0,-4.0,-4.0,-4.0,-4.0,-4.0,-4.0,-4.0,-4.0,-4.0,-4.0,-4.0,-3.0,1697.0,-4.0,-4.0,-4.0,-4.0,-4.0,-4.0,-4.0,-4.0,-4.0,-4.0,-4.0,-4.0,-3.0,1601.0,-4.0,-4.0,-4.0,-4.0,-4.0,-4.0,-4.0,-4.0,-4.0,-4.0,-4.0,-4.0,-3.0,1629.0,-4.0,-4.0,-4.0,-4.0,-4.0,-4.0,-4.0,-4.0,-4.0,-4.0,-4.0,-4.0,-3.0,1638.0
4558000.0,-4.0,-4.0,-4.0,-4.0,-4.0,-4.0,-4.0,-4.0,-4.0,-4.0,-4.0,-4.0,1515.0,0.0,-4.0,-4.0,-4.0,-4.0,-4.0,-4.0,-4.0,-4.0,-4.0,-4.0,-4.0,-4.0,1526.0,0.0,-4.0,-4.0,-4.0,-4.0,-4.0,-4.0,1529.0,-4.0,-4.0,-4.0,-4.0,-4.0,-4.0,-4.0,-4.0,-4.0,-4.0,-4.0,-4.0,1540.0,0.0,-4.0,-4.0,-4.0,-4.0,-4.0,-4.0,-4.0,-4.0,-4.0,-4.0,-4.0,-4.0,1570.0,0.0,-4.0,-4.0,-4.0,-4.0,-4.0,-4.0,-4.0,-4.0,-4.0,-4.0,-4.0,-4.0,1576.0,0.0,-4.0,-4.0,-4.0,-4.0,-4.0,-4.0,-4.0,-4.0,-4.0,-4.0,-4.0,-4.0,1445.0,1592.0,-4.0,-4.0,-4.0,-4.0,-4.0,-4.0,-4.0,-4.0,-4.0,-4.0,-4.0,-4.0,1495.0,1630.0,-4.0,-4.0,-4.0,-4.0,-4.0,-4.0,-4.0,-4.0,-4.0,-4.0,-4.0,-4.0,1504.0,1638.0
4559000.0,-4.0,-4.0,-4.0,-4.0,-4.0,-4.0,-4.0,-4.0,-4.0,-4.0,-4.0,-4.0,1514.0,1647.0,-4.0,-4.0,-4.0,-4.0,-4.0,-4.0,-4.0,-4.0,-4.0,-4.0,-4.0,-4.0,1526.0,1656.0,-4.0,-4.0,-4.0,-4.0,-4.0,-4.0,1529.0,-4.0,-4.0,-4.0,-4.0,-4.0,-4.0,-4.0,-4.0,-4.0,-4.0,-4.0,-4.0,1539.0,1667.0,-4.0,-4.0,-4.0,-4.0,-4.0,-4.0,-4.0,-4.0,-4.0,-4.0,-4.0,-4.0,1570.0,1692.0,-4.0,-4.0,-4.0,-4.0,-4.0,-4.0,-4.0,-4.0,-4.0,-4.0,-4.0,-4.0,1576.0,1697.0,-4.0,-4.0,-4.0,-4.0,-4.0,-4.0,-4.0,-4.0,-4.0,-4.0,-4.0,-4.0,1443.0,1590.0,-4.0,-4.0,-4.0,-4.0,-4.0,-4.0,-4.0,-4.0,-4.0,-4.0,-4.0,-4.0,1494.0,1630.0,-4.0,-4.0,-4.0,-4.0,-4.0,-4.0,-4.0,-4.0,-4.0,-4.0,-4.0,-4.0,1504.0,1638.0
4560000.0,-4.0,-4.0,-4.0,-4.0,-4.0,-4.0,-4.0,-4.0,-4.0,-4.0,-4.0,-4.0,1515.0,0.0,-4.0,-4.0,-4.0,-4.0,-4.0,-4.0,-4.0,-4.0,-4.0,-4.0,-4.0,-4.0,1526.0,0.0,-4.0,-4.0,-4.0,-4.0,-4.0,-4.0,1529.0,-4.0,-4.0,-4.0,-4.0,-4.0,-4.0,-4.0,-4.0,-4.0,-4.0,-4.0,-4.0,1539.0,0.0,-4.0,-4.0,-4.0,-4.0,-4.0,-4.0,-4.0,-4.0,-4.0,-4.0,-4.0,-4.0,1570.0,0.0,-4.0,-4.0,-4.0,-4.0,-4.0,-4.0,-4.0,-4.0,-4.0,-4.0,-4.0,-4.0,1576.0,0.0,-4.0,-4.0,-4.0,-4.0,-4.0,-4.0,-4.0,-4.0,-4.0,-4.0,-4.0,-4.0,1451.0,1590.0,-4.0,-4.0,-4.0,-4.0,-4.0,-4.0,-4.0,-4.0,-4.0,-4.0,-4.0,-4.0,1495.0,1630.0,-4.0,-4.0,-4.0,-4.0,-4.0,-4.0,-4.0,-4.0,-4.0,-4.0,-4.0,-4.0,1504.0,1638.0
4561000.0,-4.0,-4.0,-4.0,-4.0,-4.0,-4.0,-4.0,-4.0,-4.0,-4.0,-4.0,-4.0,0.0,-3.0,-4.0,-4.0,-4.0,-4.0,-4.0,-4.0,-4.0,-4.0,-4.0,-4.0,-4.0,-4.0,0.0,-3.0,-4.0,-4.0,-4.0,-4.0,-4.0,-4.0,0.0,-4.0,-4.0,-4.0,-4.0,-4.0,-4.0,-4.0,-4.0,-4.0,-4.0,-4.0,-4.0,1539.0,-3.0,-4.0,-4.0,-4.0,-4.0,-4.0,-4.0,-4.0,-4.0,-4.0,-4.0,-4.0,-4.0,1570.0,-3.0,-4.0,-4.0,-4.0,-4.0,-4.0,-4.0,-4.0,-4.0,-4.0,-4.0,-4.0,-4.0,1576.0,-3.0,-4.0,-4.0,-4.0,-4.0,-4.0,-4.0,-4.0,-4.0,-4.0,-4.0,-4.0,-4.0,1443.0,-3.0,-4.0,-4.0,-4.0,-4.0,-4.0,-4.0,-4.0,-4.0,-4.0,-4.0,-4.0,-4.0,1494.0,-3.0,-4.0,-4.0,-4.0,-4.0,-4.0,-4.0,-4.0,-4.0,-4.0,-4.0,-4.0,-4.0,1504.0,-3.0
4562000.0,-4.0,-4.0,-4.0,-4.0,-4.0,-4.0,-4.0,-4.0,-4.0,-4.0,-4.0,-4.0,1515.0,-3.0,-4.0,-4.0,-4.0,-4.0,-4.0,-4.0,-4.0,-4.0,-4.0,-4.0,-4.0,-4.0,1526.0,-3.0,-4.0,-4.0,-4.0,-4.0,-4.0,-4.0,1529.0,-4.0,-4.0,-4.0,-4.0,-4.0,-4.0,-4.0,-4.0,-4.0,-4.0,-4.0,-4.0,1542.0,-3.0,-4.0,-4.0,-4.0,-4.0,-4.0,-4.0,-4.0,-4.0,-4.0,-4.0,-4.0,-4.0,1570.0,-3.0,-4.0,-4.0,-4.0,-4.0,-4.0,-4.0,-4.0,-4.0,-4.0,-4.0,-4.0,-4.0,1576.0,-3.0,-4.0,-4.0,-4.0,-4.0,-4.0,-4.0,-4.0,-4.0,-4.0,-4.0,-4.0,-4.0,1449.0,-3.0,-4.0,-4.0,-4.0,-4.0,-4.0,-4.0,-4.0,-4.0,-4.0,-4.0,-4.0,-4.0,1495.0,-3.0,-4.0,-4.0,-4.0,-4.0,-4.0,-4.0,-4.0,-4.0,-4.0,-4.0,-4.0,-4.0,1504.0,-3.0
4563000.0,-4.0,-4.0,-4.0,-4.0,-4.0,-4.0,-4.0,-4.0,-4.0,-4.0,-4.0,-4.0,1515.0,0.0,-4.0,-4.0,-4.0,-4.0,-4.0,-4.0,-4.0,-4.0,-4.0,-4.0,-4.0,-4.0,1526.0,0.0,-4.0,-4.0,-4.0,-4.0,-4.0,-4.0,1529.0,-4.0,-4.0,-4.0,-4.0,-4.0,-4.0,-4.0,-4.0,-4.0,-4.0,-4.0,-4.0,1539.0,0.0,-4.0,-4.0,-4.0,-4.0,-4.0,-4.0,-4.0,-4.0,-4.0,-4.0,-4.0,-4.0,1570.0,0.0,-4.0,-4.0,-4.0,-4.0,-4.0,-4.0,-4.0,-4.0,-4.0,-4.0,-4.0,-4.0,1576.0,0.0,-4.0,-4.0,-4.0,-4.0,-4.0,-4.0,-4.0,-4.0,-4.0,-4.0,-4.0,-4.0,1449.0,1594.0,-4.0,-4.0,-4.0,-4.0,-4.0,-4.0,-4.0,-4.0,-4.0,-4.0,-4.0,-4.0,1495.0,1630.0,-4.0,-4.0,-4.0,-4.0,-4.0,-4.0,-4.0,-4.0,-4.0,-4.0,-4.0,-4.0,1504.0,1638.0
4564000.0,-4.0,-4.0,-4.0,-4.0,-4.0,-4.0,-4.0,-4.0,-4.0,-4.0,-4.0,-4.0,-3.0,0.0,-4.0,-4.0,-4.0,-4.0,-4.0,-4.0,-4.0,-4.0,-4.0,-4.0,-4.0,-4.0,-3.0,0.0,-4.0,-4.0,-4.0,-4.0,-4.0,-4.0,-3.0,-4.0,-4.0,-4.0,-4.0,-4.0,-4.0,-4.0,-4.0,-4.0,-4.0,-4.0,-4.0,-3.0,0.0,-4.0,-4.0,-4.0,-4.0,-4.0,-4.0,-4.0,-4.0,-4.0,-4.0,-4.0,-4.0,-3.0,0.0,-4.0,-4.0,-4.0,-4.0,-4.0,-4.0,-4.0,-4.0,-4.0,-4.0,-4.0,-4.0,-3.0,0.0,-4.0,-4.0,-4.0,-4.0,-4.0,-4.0,-4.0,-4.0,-4.0,-4.0,-4.0,-4.0,-3.0,1595.0,-4.0,-4.0,-4.0,-4.0,-4.0,-4.0,-4.0,-4.0,-4.0,-4.0,-4.0,-4.0,-3.0,1630.0,-4.0,-4.0,-4.0,-4.0,-4.0,-4.0,-4.0,-4.0,-4.0,-4.0,-4.0,-4.0,-3.0,1638.0
4565000.0,-4.0,-4.0,-4.0,-4.0,-4.0,-4.0,-4.0,-4.0,-4.0,-4.0,-4.0,-4.0,1515.0,1647.0,-4.0,-4.0,-4.0,-4.0,-4.0,-4.0,-4.0,-4.0,-4.0,-4.0,-4.0,-4.0,1526.0,1656.0,-4.0,-4.0,-4.0,-4.0,-4.0,-4.0,1529.0,-4.0,-4.0,-4.0,-4.0,-4.0,-4.0,-4.0,-4.0,-4.0,-4.0,-4.0,-4.0,1539.0,1669.0,-4.0,-4.0,-4.0,-4.0,-4.0,-4.0,-4.0,-4.0,-4.0,-4.0,-4.0,-4.0,1570.0,1692.0,-4.0,-4.0,-4.0,-4.0,-4.0,-4.0,-4.0,-4.0,-4.0,-4.0,-4.0,-4.0,1576.0,1697.0,-4.0,-4.0,-4.0,-4.0,-4.0,-4.0,-4.0,-4.0,-4.0,-4.0,-4.0,-4.0,1449.0,1594.0,-4.0,-4.0,-4.0,-4.0,-4.0,-4.0,-4.0,-4.0,-4.0,-4.0,-4.0,-4.0,1495.0,1630.0,-4.0,-4.0,-4.0,-4.0,-4.0,-4.0,-4.0,-4.0,-4.0,-4.0,-4.0,-4.0,1504.0,1638.0
4566000.0,-4.0,-4.0,-4.0,-4.0,-4.0,-4.0,-4.0,-4.0,-4.0,-4.0,-4.0,-4.0,1515.0,0.0,-4.0,-4.0,-4.0,-4.0,-4.0,-4.0,-4.0,-4.0,-4.0,-4.0,-4.0,-4.0,1526.0,0.0,-4.0,-4.0,-4.0,-4.0,-4.0,-4.0,1529.0,-4.0,-4.0,-4.0,-4.0,-4.0,-4.0,-4.0,-4.0,-4.0,-4.0,-4.0,-4.0,1542.0,0.0,-4.0,-4.0,-4.0,-4.0,-4.0,-4.0,-4.0,-4.0,-4.0,-4.0,-4.0,-4.0,1570.0,0.0,-4.0,-4.0,-4.0,-4.0,-4.0,-4.0,-4.0,-4.0,-4.0,-4.0,-4.0,-4.0,1576.0,0.0,-4.0,-4.0,-4.0,-4.0,-4.0,-4.0,-4.0,-4.0,-4.0,-4.0,-4.0,-4.0,1449.0,1594.0,-4.0,-4.0,-4.0,-4.0,-4.0,-4.0,-4.0,-4.0,-4.0,-4.0,-4.0,-4.0,1495.0,1630.0,-4.0,-4.0,-4.0,-4.0,-4.0,-4.0,-4.0,-4.0,-4.0,-4.0,-4.0,-4.0,1504.0,1638.0
4567000.0,-4.0,-4.0,-4.0,-4.0,-4.0,-4.0,-4.0,-4.0,-4.0,-4.0,-4.0,-4.0,-3.0,-3.0,-4.0,-4.0,-4.0,-4.0,-4.0,-4.0,-4.0,-4.0,-4.0,-4.0,-4.0,-4.0,-3.0,-3.0,-4.0,-4.0,-4.0,-4.0,-4.0,-4.0,-3.0,-4.0,-4.0,-4.0,-4.0,-4.0,-4.0,-4.0,-4.0,-4.0,-4.0,-4.0,-4.0,-3.0,-3.0,-4.0,-4.0,-4.0,-4.0,-4.0,-4.0,-4.0,-4.0,-4.0,-4.0,-4.0,-4.0,-3.0,-3.0,-4.0,-4.0,-4.0,-4.0,-4.0,-4.0,-4.0,-4.0,-4.0,-4.0,-4.0,-4.0,-3.0,-3.0,-4.0,-4.0,-4.0,-4.0,-4.0,-4.0,-4.0,-4.0,-4.0,-4.0,-4.0,-4.0,-3.0,-3.0,-4.0,-4.0,-4.0,-4.0,-4.0,-4.0,-4.0,-4.0,-4.0,-4.0,-4.0,-4.0,-3.0,-3.0,-4.0,-4.0,-4.0,-4.0,-4.0,-4.0,-4.0,-4.0,-4.0,-4.0,-4.0,-4.0,-3.0,-3.0
6468000.0,-4.0,-4.0,-4.0,-4.0,-4.0,-4.0,-4.0,-4.0,-4.0,-4.0,-4.0,-4.0,-4.0,0.0,-4.0,-4.0,-4.0,-4.0,-4.0,-4.0,-4.0,-4.0,-4.0,-4.0,-4.0,-4.0,-4.0,0.0,-4.0,-4.0,-4.0,-4.0,-4.0,-4.0,-4.0,-4.0,-4.0,-4.0,-4.0,-4.0,-4.0,-4.0,-4.0,-4.0,-4.0,-4.0,-4.0,-4.0,1687.0,-4.0,-4.0,-4.0,-4.0,-4.0,-4.0,-4.0,-4.0,-4.0,-4.0,-4.0,-4.0,-4.0,1695.0,-4.0,-4.0,-4.0,-4.0,-4.0,-4.0,-4.0,-4.0,-4.0,-4.0,-4.0,-4.0,-4.0,1697.0,-4.0,-4.0,-4.0,-4.0,-4.0,-4.0,-4.0,-4.0,-4.0,-4.0,-4.0,-4.0,-4.0,1618.0,-4.0,-4.0,-4.0,-4.0,-4.0,-4.0,-4.0,-4.0,-4.0,-4.0,-4.0,-4.0,-4.0,1636.0,-4.0,-4.0,-4.0,-4.0,-4.0,-4.0,-4.0,-4.0,-4.0,-4.0,-4.0,-4.0,-4.0,1640.0
6469000.0,-4.0,-4.0,-4.0,-4.0,-4.0,-4.0,-4.0,-4.0,-4.0,-4.0,-4.0,-4.0,-4.0,0.0,-4.0,-4.0,-4.0,-4.0,-4.0,-4.0,-4.0,-4.0,-4.0,-4.0,-4.0,-4.0,-4.0,0.0,-4.0,-4.0,-4.0,-4.0,-4.0,-4.0,-4.0,-4.0,-4.0,-4.0,-4.0,-4.0,-4.0,-4.0,-4.0,-4.0,-4.0,-4.0,-4.0,-4.0,0.0,-4.0,-4.0,-4.0,-4.0,-4.0,-4.0,-4.0,-4.0,-4.0,-4.0,-4.0,-4.0,-4.0,0.0,-4.0,-4.0,-4.0,-4.0,-4.0,-4.0,-4.0,-4.0,-4.0,-4.0,-4.0,-4.0,-4.0,0.0,-4.0,-4.0,-4.0,-4.0,-4.0,-4.0,-4.0,-4.0,-4.0,-4.0,-4.0,-4.0,-4.0,1615.0,-4.0,-4.0,-4.0,-4.0,-4.0,-4.0,-4.0,-4.0,-4.0,-4.0,-4.0,-4.0,-4.0,1635.0,-4.0,-4.0,-4.0,-4.0,-4.0,-4.0,-4.0,-4.0,-4.0,-4.0,-4.0,-4.0,-4.0,1640.0
6470000.0,-4.0,-4.0,-4.0,-4.0,-4.0,-4.0,-4.0,-4.0,-4.0,-4.0,-4.0,-4.0,-4.0,0.0,-4.0,-4.0,-4.0,-4.0,-4.0,-4.0,-4.0,-4.0,-4.0,-4.0,-4.0,-4.0,-4.0,0.0,-4.0,-4.0,-4.0,-4.0,-4.0,-4.0,-4.0,-4.0,-4.0,-4.0,-4.0,-4.0,-4.0,-4.0,-4.0,-4.0,-4.0,-4.0,-4.0,-4.0,1669.0,-4.0,-4.0,-4.0,-4.0,-4.0,-4.0,-4.0,-4.0,-4.0,-4.0,-4.0,-4.0,-4.0,1692.0,-4.0,-4.0,-4.0,-4.0,-4.0,-4.0,-4.0,-4.0,-4.0,-4.0,-4.0,-4.0,-4.0,1697.0,-4.0,-4.0,-4.0,-4.0,-4.0,-4.0,-4.0,-4.0,-4.0,-4.0,-4.0,-4.0,-4.0,1592.0,-4.0,-4.0,-4.0,-4.0,-4.0,-4.0,-4.0,-4.0,-4.0,-4.0,-4.0,-4.0,-4.0,1630.0,-4.0,-4.0,-4.0,-4.0,-4.0,-4.0,-4.0,-4.0,-4.0,-4.0,-4.0,-4.0,-4.0,1638.0
