,id,Wave,Answer,Repeater,Course,Group,Sex,outlier_type,outlier
132,191.0,a,1,0.0,1,101,1,0,0
414,191.0,b,1,0.0,1,101,1,0,0
982,191.0,c,1,0.0,2,202,1,0,0
1541,191.0,d,1,0.0,2,202,1,0,0
2079,191.0,e,1,0.0,2,202,1,0,0
2746,191.0,f,1,0.0,3,301,1,0,0
3306,191.0,g,1,0.0,3,301,1,0,0
3821,191.0,h,1,0.0,3,301,1,0,0
4495,191.0,i,1,0.0,4,402,1,0,0
4965,191.0,j,1,0.0,4,402,1,0,0
5549,191.0,k,1,0.0,4,402,1,0,0
133,192.0,a,1,0.0,1,101,0,0,0
424,192.0,b,1,0.0,1,101,0,0,0
1046,192.0,c,1,0.0,2,201,0,0,0
1524,192.0,d,1,0.0,2,201,0,0,0
2136,192.0,e,1,0.0,2,201,0,0,0
2744,192.0,f,1,0.0,3,301,0,0,0
3308,192.0,g,1,0.0,3,301,0,0,0
3826,192.0,h,1,0.0,3,301,0,0,0
4454,192.0,i,1,0.0,4,401,0,0,0
4977,192.0,j,1,0.0,4,401,0,0,0
5546,192.0,k,1,0.0,4,401,0,0,0
134,193.0,a,1,0.0,1,101,0,0,0
413,193.0,b,1,0.0,1,101,0,0,0
997,193.0,c,0,0.0,2,201,0,0,0
1552,193.0,d,1,0.0,2,201,0,100,1
2051,193.0,e,1,0.0,2,201,0,0,0
2648,193.0,f,0,3.0,2,201,0,0,0
3173,193.0,g,1,2.0,2,201,0,100,1
3646,193.0,h,1,1.0,2,201,0,0,0
4280,193.0,i,1,0.0,3,301,0,100,1
4914,193.0,j,1,0.0,3,301,0,100,1
5503,193.0,k,1,0.0,3,301,0,0,0
135,194.0,a,1,0.0,1,101,1,0,0
412,194.0,b,1,0.0,1,101,1,0,0
998,194.0,c,1,0.0,2,201,1,0,0
1526,194.0,d,1,0.0,2,201,1,0,0
2052,194.0,e,1,0.0,2,201,1,0,0
2772,194.0,f,1,0.0,3,302,1,0,0
3300,194.0,g,1,0.0,3,302,1,0,0
3836,194.0,h,1,0.0,3,302,1,0,0
4499,194.0,i,0,0.0,4,402,1,0,0
4971,194.0,j,1,0.0,4,402,1,0,0
5621,194.0,k,1,0.0,4,402,1,1,1
136,195.0,a,1,0.0,1,101,0,0,0
411,195.0,b,1,0.0,1,101,0,0,0
999,195.0,c,1,0.0,2,201,0,0,0
1527,195.0,d,1,0.0,2,201,0,0,0
2053,195.0,e,1,0.0,2,201,0,0,0
2771,195.0,f,1,0.0,3,302,0,0,0
3299,195.0,g,1,0.0,3,302,0,0,0
3835,195.0,h,1,0.0,3,302,0,0,0
4456,195.0,i,1,0.0,4,401,0,0,0
4946,195.0,j,1,0.0,4,401,0,0,0
5544,195.0,k,1,0.0,4,401,0,0,0
137,196.0,a,1,0.0,1,101,1,0,0
410,196.0,b,1,0.0,1,101,1,0,0
1001,196.0,c,1,0.0,2,201,1,0,0
1529,196.0,d,1,0.0,2,201,1,0,0
2055,196.0,e,1,0.0,2,201,1,0,0
2770,196.0,f,1,0.0,3,302,1,0,0
3252,196.0,g,1,0.0,3,302,1,0,0
3834,196.0,h,1,0.0,3,302,1,0,0
4502,196.0,i,1,0.0,4,402,1,0,0
4980,196.0,j,1,0.0,4,402,1,0,0
5618,196.0,k,1,0.0,4,402,1,0,0
138,197.0,a,1,0.0,1,101,1,0,0
409,197.0,b,1,0.0,1,101,1,0,0
1003,197.0,c,1,0.0,2,201,1,0,0
1530,197.0,d,1,0.0,2,201,1,0,0
2056,197.0,e,1,0.0,2,201,1,0,0
2769,197.0,f,1,0.0,3,302,1,0,0
3225,197.0,g,1,0.0,3,302,1,0,0
3833,197.0,h,1,0.0,3,302,1,0,0
4459,197.0,i,1,0.0,4,401,1,0,0
4949,197.0,j,1,0.0,4,401,1,0,0
5541,197.0,k,1,0.0,4,401,1,0,0
139,198.0,a,1,0.0,1,101,1,0,0
485,198.0,b,1,0.0,1,101,1,0,0
1012,198.0,c,1,0.0,2,202,1,0,0
1511,198.0,d,1,0.0,2,202,1,0,0
2081,198.0,e,1,0.0,2,202,1,0,0
2738,198.0,f,1,0.0,3,301,1,0,0
3314,198.0,g,1,0.0,3,301,1,0,0
3812,198.0,h,1,0.0,3,301,1,0,0
4353,198.0,i,1,3.0,3,302,1,0,0
4902,198.0,j,1,2.0,3,302,1,0,0
5472,198.0,k,1,1.0,3,302,1,0,0
6111,198.0,l,0,0.0,4,403,1,0,0
6655,198.0,m,1,0.0,4,403,1,0,0
7283,198.0,n,0,0.0,4,403,1,0,0
140,199.0,a,1,0.0,1,101,1,0,0
484,199.0,b,1,0.0,1,101,1,0,0
1010,199.0,c,1,0.0,2,201,1,0,0
1531,199.0,d,1,0.0,2,201,1,0,0
2057,199.0,e,1,0.0,2,201,1,0,0
2766,199.0,f,1,0.0,3,302,1,0,0
3228,199.0,g,1,0.0,3,302,1,0,0
3830,199.0,h,1,0.0,3,302,1,0,0
4469,199.0,i,1,0.0,4,401,1,0,0
4950,199.0,j,1,0.0,4,401,1,0,0
5540,199.0,k,1,0.0,4,401,1,0,0
141,200.0,a,1,0.0,1,101,0,0,0
483,200.0,b,1,0.0,1,101,0,0,0
1037,200.0,c,1,0.0,2,202,0,0,0
1488,200.0,d,1,0.0,2,202,0,0,0
2074,200.0,e,1,0.0,2,202,0,0,0
2765,200.0,f,1,0.0,3,302,0,0,0
3229,200.0,g,1,0.0,3,302,0,0,0
3712,200.0,h,1,0.0,3,302,0,0,0
4470,200.0,i,1,0.0,4,401,0,0,0
4951,200.0,j,1,0.0,4,401,0,0,0
5539,200.0,k,1,0.0,4,401,0,0,0
88,201.0,a,0,0.0,1,101,0,0,0
482,201.0,b,1,0.0,1,101,0,0,0
1013,201.0,c,1,0.0,2,202,0,0,0
1489,201.0,d,1,0.0,2,202,0,0,0
2072,201.0,e,1,0.0,2,202,0,0,0
2735,201.0,f,1,0.0,3,301,0,0,0
3316,201.0,g,1,0.0,3,301,0,0,0
3847,201.0,h,1,0.0,3,301,0,0,0
4504,201.0,i,1,0.0,4,402,0,0,0
5014,201.0,j,1,0.0,4,402,0,0,0
5616,201.0,k,1,0.0,4,402,0,0,0
90,202.0,a,0,0.0,1,101,1,0,0
481,202.0,b,1,0.0,1,101,1,0,0
1006,202.0,c,1,0.0,2,201,1,0,0
1534,202.0,d,1,0.0,2,201,1,0,0
2142,202.0,e,1,0.0,2,201,1,0,0
2733,202.0,f,1,0.0,3,301,1,0,0
3318,202.0,g,1,0.0,3,301,1,0,0
3827,202.0,h,1,0.0,3,301,1,0,0
4471,202.0,i,1,0.0,4,401,1,0,0
4952,202.0,j,1,0.0,4,401,1,0,0
5538,202.0,k,1,0.0,4,401,1,0,0
99,203.0,a,1,0.0,1,101,0,0,0
480,203.0,b,1,0.0,1,101,0,0,0
1008,203.0,c,1,0.0,2,201,0,0,0
1536,203.0,d,1,0.0,2,201,0,0,0
2144,203.0,e,1,0.0,2,201,0,0,0
2732,203.0,f,1,0.0,3,301,0,0,0
3319,203.0,g,1,0.0,3,301,0,0,0
3828,203.0,h,1,0.0,3,301,0,0,0
4460,203.0,i,1,0.0,4,401,0,0,0
4954,203.0,j,1,0.0,4,401,0,0,0
5536,203.0,k,1,0.0,4,401,0,0,0
91,204.0,a,1,0.0,1,101,1,0,0
479,204.0,b,1,0.0,1,101,1,0,0
1009,204.0,c,1,0.0,2,201,1,0,0
1537,204.0,d,1,0.0,2,201,1,0,0
2145,204.0,e,1,0.0,2,201,1,0,0
2762,204.0,f,1,0.0,3,302,1,0,0
3232,204.0,g,1,0.0,3,302,1,0,0
3808,204.0,h,1,0.0,3,302,1,0,0
4507,204.0,i,1,0.0,4,402,1,0,0
5011,204.0,j,1,0.0,4,402,1,0,0
5612,204.0,k,1,0.0,4,402,1,0,0
107,205.0,a,1,0.0,1,101,1,0,0
550,205.0,b,1,0.0,1,101,1,0,0
995,205.0,c,1,0.0,2,201,1,0,0
1538,205.0,d,1,0.0,2,201,1,0,0
2146,205.0,e,1,0.0,2,201,1,0,0
2761,205.0,f,1,0.0,3,302,1,0,0
3233,205.0,g,1,0.0,3,302,1,0,0
3807,205.0,h,1,0.0,3,302,1,0,0
4508,205.0,i,1,0.0,4,402,1,0,0
5010,205.0,j,1,0.0,4,402,1,0,0
5611,205.0,k,1,0.0,4,402,1,0,0
106,206.0,a,1,0.0,1,101,1,0,0
549,206.0,b,1,0.0,1,101,1,0,0
1032,206.0,c,1,0.0,2,202,1,0,0
1491,206.0,d,1,0.0,2,202,1,0,0
2070,206.0,e,1,0.0,2,202,1,0,0
2760,206.0,f,1,0.0,3,302,1,0,0
3234,206.0,g,1,0.0,3,302,1,0,0
3805,206.0,h,1,0.0,3,302,1,0,0
4509,206.0,i,1,0.0,4,402,1,0,0
5009,206.0,j,1,0.0,4,402,1,0,0
5610,206.0,k,1,0.0,4,402,1,0,0
0,207.0,a,1,0.0,1,101,1,0,0
548,207.0,b,1,0.0,1,101,1,0,0
993,207.0,c,1,0.0,2,201,1,0,0
1553,207.0,d,1,0.0,2,201,1,0,0
2139,207.0,e,1,0.0,2,201,1,0,0
2759,207.0,f,1,0.0,3,302,1,0,0
3235,207.0,g,1,0.0,3,302,1,0,0
3803,207.0,h,1,0.0,3,302,1,0,0
4461,207.0,i,1,0.0,4,401,1,0,0
4955,207.0,j,1,0.0,4,401,1,0,0
5535,207.0,k,1,0.0,4,401,1,0,0
101,208.0,a,1,0.0,1,102,0,0,0
457,208.0,b,1,0.0,1,102,0,0,0
988,208.0,c,1,0.0,2,202,0,0,0
1554,208.0,d,1,0.0,2,202,0,0,0
2062,208.0,e,1,0.0,2,202,0,0,0
2727,208.0,f,1,0.0,3,302,0,0,0
3325,208.0,g,1,0.0,3,302,0,0,0
3843,208.0,h,1,0.0,3,302,0,0,0
4492,208.0,i,1,0.0,4,402,0,0,0
4962,208.0,j,1,0.0,4,402,0,0,0
5527,208.0,k,1,0.0,4,402,0,0,0
108,209.0,a,0,0.0,1,102,1,0,0
456,209.0,b,1,0.0,1,102,1,0,0
987,209.0,c,1,0.0,2,202,1,0,0
1547,209.0,d,1,0.0,2,202,1,0,0
2063,209.0,e,1,0.0,2,202,1,0,0
2737,209.0,f,1,0.0,3,302,1,0,0
3326,209.0,g,1,0.0,3,302,1,0,0
3842,209.0,h,1,0.0,3,302,1,0,0
4464,209.0,i,1,0.0,4,401,1,0,0
4972,209.0,j,1,0.0,4,401,1,0,0
5522,209.0,k,1,0.0,4,401,1,1,1
100,210.0,a,1,0.0,1,102,1,0,0
455,210.0,b,1,0.0,1,102,1,0,0
986,210.0,c,1,0.0,2,202,1,0,0
1545,210.0,d,1,0.0,2,202,1,0,0
2064,210.0,e,1,0.0,2,202,1,0,0
2811,210.0,f,1,0.0,3,301,1,0,0
3302,210.0,g,1,0.0,3,301,1,0,0
3825,210.0,h,1,0.0,3,301,1,0,0
4493,210.0,i,1,0.0,4,402,1,0,0
4963,210.0,j,1,0.0,4,402,1,0,0
5526,210.0,k,1,0.0,4,402,1,0,0
98,211.0,a,1,0.0,1,102,1,0,0
454,211.0,b,1,0.0,1,102,1,0,0
1048,211.0,c,1,0.0,2,201,1,0,0
1487,211.0,d,1,0.0,2,201,1,0,0
2138,211.0,e,1,0.0,2,201,1,0,0
2747,211.0,f,1,0.0,3,301,1,0,0
3305,211.0,g,1,0.0,3,301,1,100,1
3822,211.0,h,1,0.0,3,301,1,1100,1
4467,211.0,i,1,0.0,4,401,1,0,0
4975,211.0,j,1,0.0,4,401,1,0,0
5547,211.0,k,1,0.0,4,401,1,0,0
97,212.0,a,1,0.0,1,102,1,0,0
427,212.0,b,1,0.0,1,102,1,0,0
1047,212.0,c,1,0.0,2,201,1,0,0
1523,212.0,d,1,0.0,2,201,1,0,0
2137,212.0,e,1,0.0,2,201,1,0,0
2745,212.0,f,1,0.0,3,301,1,0,0
3307,212.0,g,0,0.0,3,301,1,0,0
3820,212.0,h,1,0.0,3,301,1,0,0
4496,212.0,i,1,0.0,4,402,1,0,0
4966,212.0,j,1,0.0,4,402,1,0,0
5550,212.0,k,1,0.0,4,402,1,0,0
96,213.0,a,1,0.0,1,102,0,0,0
477,213.0,b,1,0.0,1,102,0,0,0
981,213.0,c,1,0.0,2,202,0,0,0
1540,213.0,d,1,0.0,2,202,0,0,0
2078,213.0,e,1,0.0,2,202,0,0,0
2752,213.0,f,1,0.0,3,302,0,0,0
3329,213.0,g,1,0.0,3,302,0,0,0
3839,213.0,h,1,0.0,3,302,0,0,0
4468,213.0,i,1,0.0,4,401,0,0,0
4976,213.0,j,1,0.0,4,401,0,0,0
5525,213.0,k,1,0.0,4,401,0,0,0
95,214.0,a,1,0.0,1,102,0,0,0
426,214.0,b,1,0.0,1,102,0,100,1
94,215.0,a,1,0.0,1,102,1,0,0
425,215.0,b,1,0.0,1,102,1,0,0
980,215.0,c,1,0.0,2,202,1,0,0
1522,215.0,d,1,0.0,2,202,1,0,0
2077,215.0,e,1,0.0,2,202,1,0,0
2774,215.0,f,1,0.0,3,302,1,0,0
3330,215.0,g,1,0.0,3,302,1,0,0
3838,215.0,h,1,0.0,3,302,1,0,0
4497,215.0,i,1,0.0,4,402,1,0,0
4968,215.0,j,0,0.0,4,402,1,0,0
5623,215.0,k,1,0.0,4,402,1,0,0
93,216.0,a,1,0.0,1,102,0,0,0
423,216.0,b,1,0.0,1,102,0,0,0
979,216.0,c,1,0.0,2,202,0,0,0
1546,216.0,d,1,0.0,2,202,0,0,0
2076,216.0,e,1,0.0,2,202,0,0,0
2773,216.0,f,1,0.0,3,302,0,0,0
3301,216.0,g,1,0.0,3,302,0,0,0
3837,216.0,h,1,0.0,3,302,0,0,0
4455,216.0,i,1,0.0,4,401,0,0,0
4978,216.0,j,1,0.0,4,401,0,0,0
5545,216.0,k,1,0.0,4,401,0,0,0
92,217.0,a,1,0.0,1,102,1,0,0
422,217.0,b,1,0.0,1,102,1,0,0
996,217.0,c,1,0.0,2,201,1,0,0
1525,217.0,d,1,0.0,2,201,1,0,0
2050,217.0,e,1,0.0,2,201,1,0,0
2743,217.0,f,1,0.0,3,301,1,0,0
3309,217.0,g,1,0.0,3,301,1,0,0
3819,217.0,h,1,0.0,3,301,1,0,0
124,218.0,a,1,0.0,1,102,1,0,0
421,218.0,b,1,0.0,1,102,1,0,0
1000,218.0,c,1,0.0,2,201,1,0,0
1528,218.0,d,1,0.0,2,201,1,0,0
2054,218.0,e,1,0.0,2,201,1,0,0
2740,218.0,f,1,0.0,3,301,1,0,0
3312,218.0,g,0,0.0,3,301,1,0,0
3815,218.0,h,1,0.0,3,301,1,0,0
4457,218.0,i,1,0.0,4,401,1,0,0
4947,218.0,j,1,0.0,4,401,1,0,0
5543,218.0,k,1,0.0,4,401,1,0,0
125,219.0,a,1,0.0,1,102,0,0,0
420,219.0,b,1,0.0,1,102,0,0,0
1004,219.0,c,1,0.0,2,201,0,0,0
1532,219.0,d,1,0.0,2,201,0,0,0
2140,219.0,e,1,0.0,2,201,0,0,0
2736,219.0,f,1,0.0,3,301,0,0,0
3315,219.0,g,1,0.0,3,301,0,0,0
3811,219.0,h,1,0.0,3,301,0,0,0
4503,219.0,i,1,0.0,4,402,0,0,0
5015,219.0,j,1,0.0,4,402,0,0,0
128,220.0,a,1,0.0,1,102,1,0,0
419,220.0,b,1,0.0,1,102,1,0,0
1005,220.0,c,1,0.0,2,201,1,0,0
1533,220.0,d,1,0.0,2,201,1,0,0
2141,220.0,e,1,0.0,2,201,1,0,0
2734,220.0,f,1,0.0,3,301,1,0,0
3317,220.0,g,1,0.0,3,301,1,0,0
3818,220.0,h,1,0.0,3,301,1,0,0
4505,220.0,i,1,0.0,4,402,1,0,0
5013,220.0,j,1,0.0,4,402,1,0,0
5615,220.0,k,1,0.0,4,402,1,1,1
127,221.0,a,1,0.0,1,102,1,0,0
418,221.0,b,1,0.0,1,102,1,0,0
1031,221.0,c,1,0.0,2,202,1,0,0
1490,221.0,d,1,0.0,2,202,1,0,0
2071,221.0,e,1,0.0,2,202,1,0,0
2775,221.0,f,1,0.0,3,302,1,0,0
3230,221.0,g,1,0.0,3,302,1,0,0
3810,221.0,h,1,0.0,3,302,1,0,0
4472,221.0,i,1,0.0,4,401,0,0,0
4953,221.0,j,1,0.0,4,401,0,10,1
5537,221.0,k,1,0.0,4,401,0,0,0
129,222.0,a,1,0.0,1,102,1,0,0
417,222.0,b,1,0.0,1,102,1,0,0
1007,222.0,c,1,0.0,2,201,1,0,0
1535,222.0,d,1,0.0,2,201,1,0,0
2143,222.0,e,1,0.0,2,201,1,0,0
2764,222.0,f,1,0.0,3,302,1,0,0
3231,222.0,g,1,0.0,3,302,1,0,0
3809,222.0,h,1,0.0,3,302,1,0,0
4506,222.0,i,0,0.0,4,402,1,0,0
5012,222.0,j,1,0.0,4,402,1,0,0
5613,222.0,k,1,0.0,4,402,1,0,0
130,223.0,a,1,0.0,1,102,1,0,0
416,223.0,b,1,0.0,1,102,1,0,0
1033,223.0,c,1,0.0,2,202,1,0,0
1492,223.0,d,0,0.0,2,202,1,0,0
2069,223.0,e,1,0.0,2,202,1,0,0
2730,223.0,f,1,0.0,3,301,1,0,0
3322,223.0,g,1,0.0,3,301,1,0,0
3846,223.0,h,1,0.0,3,301,1,0,0
4511,223.0,i,1,0.0,4,402,1,0,0
5007,223.0,j,1,0.0,4,402,1,0,0
5608,223.0,k,1,0.0,4,402,1,0,0
131,224.0,a,1,0.0,1,102,0,0,0
415,224.0,b,1,0.0,1,102,0,0,0
1034,224.0,c,1,0.0,2,202,0,0,0
1493,224.0,d,1,0.0,2,202,0,0,0
2068,224.0,e,1,0.0,2,202,0,0,0
2758,224.0,f,1,0.0,3,302,0,0,0
3236,224.0,g,1,0.0,3,302,0,0,0
3802,224.0,h,1,0.0,3,302,0,0,0
4462,224.0,i,1,0.0,4,401,0,0,0
4956,224.0,j,1,0.0,4,401,0,0,0
5534,224.0,k,1,0.0,4,401,0,0,0
123,225.0,a,1,0.0,1,103,1,0,0
452,225.0,b,1,0.0,1,103,1,0,0
1041,225.0,c,1,0.0,2,203,1,0,0
1500,225.0,d,0,0.0,2,203,1,0,0
2022,225.0,e,1,0.0,2,203,1,0,0
2629,225.0,f,1,3.0,2,205,1,0,0
3140,225.0,g,1,2.0,2,205,1,0,0
3685,225.0,h,1,1.0,2,205,1,0,0
4362,225.0,i,0,0.0,3,303,1,0,0
4889,225.0,j,1,0.0,3,303,1,0,0
5426,225.0,k,1,0.0,3,303,1,0,0
6157,225.0,l,1,0.0,4,402,1,0,0
6684,225.0,m,1,0.0,4,402,1,0,0
7302,225.0,n,1,0.0,4,402,1,0,0
116,226.0,a,1,0.0,1,103,0,0,0
453,226.0,b,1,0.0,1,103,0,0,0
1049,226.0,c,1,0.0,2,205,0,0,0
1558,226.0,d,1,0.0,2,205,0,0,0
2128,226.0,e,1,0.0,2,205,0,0,0
2793,226.0,f,1,0.0,3,305,0,0,0
3289,226.0,g,1,0.0,3,305,0,0,0
3728,226.0,h,1,0.0,3,305,0,0,0
4447,226.0,i,1,0.0,4,403,0,0,0
4996,226.0,j,1,0.0,4,403,0,0,0
5648,226.0,k,1,0.0,4,403,0,0,0
117,227.0,a,1,0.0,1,103,1,0,0
476,227.0,b,1,0.0,1,103,1,0,0
849,227.0,c,1,3.0,1,104,1,100,1
1371,227.0,d,1,2.0,1,104,1,1100,1
1976,227.0,e,1,1.0,1,104,1,0,0
2566,227.0,f,1,0.0,2,203,1,0,0
3091,227.0,g,1,0.0,2,203,1,1000,1
3622,227.0,h,1,0.0,2,203,1,0,0
4272,227.0,i,1,0.0,3,305,1,0,0
4857,227.0,j,1,0.0,3,305,1,0,0
5394,227.0,k,1,0.0,3,305,1,0,0
6200,227.0,l,1,0.0,4,402,1,0,0
6704,227.0,m,1,0.0,4,402,1,0,0
7294,227.0,n,1,0.0,4,402,1,0,0
118,228.0,a,1,0.0,1,103,0,0,0
475,228.0,b,1,0.0,1,103,0,0,0
969,228.0,c,1,0.0,2,204,0,0,0
1591,228.0,d,1,0.0,2,204,0,0,0
2117,228.0,e,1,0.0,2,204,0,0,0
2680,228.0,f,1,0.0,3,334,0,0,0
3201,228.0,g,0,0.0,3,334,0,0,0
3794,228.0,h,1,0.0,3,334,0,0,0
119,229.0,a,1,0.0,1,103,1,0,0
474,229.0,b,1,0.0,1,103,1,0,0
1069,229.0,c,1,0.0,2,205,1,0,0
1561,229.0,d,1,0.0,2,205,1,0,0
2124,229.0,e,1,0.0,2,205,1,0,0
2724,229.0,f,1,0.0,3,303,1,0,0
3244,229.0,g,1,0.0,3,303,1,0,0
3764,229.0,h,1,0.0,3,303,1,0,0
4394,229.0,i,1,0.0,4,404,1,0,0
5041,229.0,j,1,0.0,4,404,1,0,0
5565,229.0,k,1,0.0,4,404,1,0,0
120,230.0,a,1,0.0,1,103,0,0,0
473,230.0,b,1,0.0,1,103,0,0,0
1070,230.0,c,1,0.0,2,205,0,0,0
1575,230.0,d,1,0.0,2,205,0,0,0
2123,230.0,e,1,0.0,2,205,0,10,1
2719,230.0,f,1,0.0,3,304,0,0,0
3213,230.0,g,1,0.0,3,304,0,0,0
3783,230.0,h,1,0.0,3,304,0,0,0
4421,230.0,i,1,0.0,4,405,0,0,0
5061,230.0,j,1,0.0,4,405,0,0,0
5585,230.0,k,1,0.0,4,405,0,0,0
121,231.0,a,1,0.0,1,103,0,0,0
472,231.0,b,1,0.0,1,103,0,0,0
1020,231.0,c,1,0.0,2,203,0,0,0
1509,231.0,d,1,0.0,2,203,0,0,0
2030,231.0,e,1,0.0,2,203,0,0,0
2561,231.0,f,1,3.0,2,204,0,0,0
3085,231.0,g,1,2.0,2,204,0,0,0
3707,231.0,h,1,1.0,2,204,0,0,0
4300,231.0,i,1,0.0,3,305,0,0,0
4885,231.0,j,1,0.0,3,305,0,0,0
5378,231.0,k,1,0.0,3,305,0,0,0
6131,231.0,l,1,0.0,4,404,0,0,0
6746,231.0,m,1,0.0,4,404,0,0,0
7280,231.0,n,1,0.0,4,404,0,0,0
122,232.0,a,1,0.0,1,103,1,0,0
471,232.0,b,1,0.0,1,103,1,0,0
971,232.0,c,1,0.0,2,204,1,0,0
1589,232.0,d,1,0.0,2,204,1,0,0
2115,232.0,e,1,0.0,2,204,1,0,0
2717,232.0,f,1,0.0,3,304,1,0,0
3215,232.0,g,1,0.0,3,304,1,0,0
3781,232.0,h,1,0.0,3,304,1,0,0
4402,232.0,i,1,0.0,4,404,1,0,0
5037,232.0,j,1,0.0,4,404,1,0,0
5561,232.0,k,1,0.0,4,404,1,0,0
89,233.0,a,1,0.0,1,103,1,0,0
470,233.0,b,0,0.0,1,103,1,0,0
972,233.0,c,1,0.0,2,204,1,0,0
1588,233.0,d,1,0.0,2,204,1,0,0
2114,233.0,e,1,0.0,2,204,1,0,0
2784,233.0,f,1,0.0,3,305,1,0,0
3271,233.0,g,1,0.0,3,305,1,0,0
3719,233.0,h,1,0.0,3,305,1,0,0
4418,233.0,i,1,0.0,4,405,1,0,0
5058,233.0,j,0,0.0,4,405,1,0,0
5582,233.0,k,1,0.0,4,405,1,0,0
87,234.0,a,0,0.0,1,103,0,0,0
469,234.0,b,0,0.0,1,103,0,0,0
7363,234.0,c,0,0.0,2,203,0,0,0
7364,234.0,d,0,0.0,2,203,0,0,0
7365,234.0,e,0,0.0,2,203,0,0,0
7366,234.0,f,0,0.0,3,303,0,0,0
7367,234.0,g,0,0.0,3,303,0,0,0
7368,234.0,h,0,0.0,3,303,0,0,0
4370,234.0,i,1,3.0,3,303,0,0,0
4810,234.0,j,1,2.0,3,303,0,0,0
86,235.0,a,1,0.0,1,103,0,0,0
468,235.0,b,1,0.0,1,103,0,0,0
1017,235.0,c,1,0.0,2,203,0,0,0
1506,235.0,d,1,0.0,2,203,0,0,0
2044,235.0,e,1,0.0,2,203,0,0,0
2711,235.0,f,1,0.0,3,303,0,0,0
3245,235.0,g,1,0.0,3,303,0,0,0
3763,235.0,h,1,0.0,3,303,0,0,0
4479,235.0,i,1,0.0,4,403,0,0,0
5029,235.0,j,1,0.0,4,403,0,0,0
5642,235.0,k,1,0.0,4,403,0,0,0
85,236.0,a,1,0.0,1,103,1,0,0
467,236.0,b,1,0.0,1,103,1,0,0
991,236.0,c,1,0.0,2,219,1,0,0
1550,236.0,d,1,0.0,2,219,1,0,0
2059,236.0,e,1,0.0,2,219,1,0,0
2626,236.0,f,1,3.0,2,249,1,0,0
3137,236.0,g,1,2.0,2,249,1,0,0
3688,236.0,h,1,1.0,2,249,1,0,0
4342,236.0,i,0,0.0,3,334,1,0,0
4825,236.0,j,1,0.0,3,334,1,0,0
5412,236.0,k,1,0.0,3,334,1,0,0
84,237.0,a,1,0.0,1,103,1,0,0
466,237.0,b,1,0.0,1,103,1,0,0
83,238.0,a,1,0.0,1,103,1,0,0
465,238.0,b,1,0.0,1,103,1,0,0
1083,238.0,c,1,0.0,2,205,1,0,0
1570,238.0,d,1,0.0,2,205,1,0,0
2087,238.0,e,1,0.0,2,205,1,0,0
2714,238.0,f,1,0.0,3,304,1,0,0
3218,238.0,g,1,0.0,3,304,1,0,0
3779,238.0,h,1,0.0,3,304,1,0,0
4441,238.0,i,1,0.0,4,403,1,0,0
5024,238.0,j,1,0.0,4,403,1,0,0
5637,238.0,k,1,0.0,4,403,1,0,0
82,239.0,a,1,0.0,1,103,1,0,0
464,239.0,b,1,0.0,1,103,1,0,0
833,239.0,c,1,3.0,1,105,1,0,0
1466,239.0,d,1,2.0,1,105,1,0,0
1966,239.0,e,1,1.0,1,105,1,0,0
2628,239.0,f,1,0.0,2,249,1,0,0
3061,239.0,g,1,0.0,2,249,1,0,0
3686,239.0,h,1,0.0,2,249,1,0,0
4317,239.0,i,1,0.0,3,334,1,0,0
4861,239.0,j,1,0.0,3,334,1,0,0
5434,239.0,k,1,0.0,3,334,1,0,0
6149,239.0,l,1,0.0,4,434,1,0,0
6718,239.0,m,1,0.0,4,434,1,0,0
7239,239.0,n,1,0.0,4,434,1,0,0
81,240.0,a,1,0.0,1,103,0,0,0
463,240.0,b,1,0.0,1,103,0,0,0
1011,240.0,c,1,0.0,2,203,0,0,0
1557,240.0,d,1,0.0,2,203,0,0,0
2046,240.0,e,1,0.0,2,203,0,0,0
105,241.0,a,1,0.0,1,103,1,0,0
462,241.0,b,1,0.0,1,103,1,0,0
1060,241.0,c,1,0.0,2,204,1,100,1
1612,241.0,d,1,0.0,2,204,1,0,0
2119,241.0,e,1,0.0,2,204,1,0,0
104,242.0,a,1,0.0,1,103,0,0,0
461,242.0,b,0,0.0,1,103,0,0,0
126,243.0,a,1,0.0,1,103,0,0,0
460,243.0,b,1,0.0,1,103,0,0,0
1073,243.0,c,1,0.0,2,205,0,0,0
1578,243.0,d,0,0.0,2,205,0,0,0
2097,243.0,e,1,0.0,2,205,0,0,0
2704,243.0,f,1,0.0,3,304,0,0,0
3275,243.0,g,1,0.0,3,304,0,0,0
3753,243.0,h,1,0.0,3,304,0,0,0
4430,243.0,i,1,0.0,4,404,0,0,0
5073,243.0,j,1,0.0,4,404,0,0,0
5597,243.0,k,1,0.0,4,404,0,0,0
103,244.0,a,1,0.0,1,103,0,0,0
459,244.0,b,1,0.0,1,103,0,0,0
976,244.0,c,1,0.0,2,203,0,0,0
1600,244.0,d,1,0.0,2,203,0,0,0
2037,244.0,e,1,0.0,2,203,0,0,0
2685,244.0,f,1,0.0,3,303,0,0,0
3196,244.0,g,1,0.0,3,303,0,0,0
3769,244.0,h,1,0.0,3,303,0,0,0
4435,244.0,i,1,0.0,4,403,0,0,0
5052,244.0,j,1,0.0,4,403,0,0,0
5602,244.0,k,1,0.0,4,403,0,0,0
102,245.0,a,1,0.0,1,103,0,0,0
458,245.0,b,1,0.0,1,103,0,0,0
962,245.0,c,1,0.0,2,203,0,0,0
1599,245.0,d,1,0.0,2,203,0,0,0
2036,245.0,e,1,0.0,2,203,0,0,0
2703,245.0,f,1,0.0,3,304,0,0,0
3276,245.0,g,1,0.0,3,304,0,0,0
3752,245.0,h,0,0.0,3,304,0,0,0
4429,245.0,i,1,0.0,4,404,0,0,0
5072,245.0,j,1,0.0,4,404,0,0,0
5596,245.0,k,1,0.0,4,404,0,0,0
79,246.0,a,0,0.0,1,104,0,0,0
448,246.0,b,1,0.0,1,104,0,0,0
1044,246.0,c,1,0.0,2,203,0,0,0
1503,246.0,d,1,0.0,2,203,0,0,0
2025,246.0,e,1,0.0,2,203,0,0,0
2587,246.0,f,1,3.0,2,203,0,0,0
3118,246.0,g,0,2.0,2,203,0,0,0
78,247.0,a,1,0.0,1,104,0,0,0
447,247.0,b,1,0.0,1,104,0,0,0
1052,247.0,c,1,0.0,2,205,0,0,0
1586,247.0,d,1,0.0,2,205,0,0,0
2130,247.0,e,1,0.0,2,205,0,0,0
2698,247.0,f,0,0.0,3,304,0,0,0
3208,247.0,g,1,0.0,3,304,0,0,0
3788,247.0,h,0,0.0,3,304,0,0,0
4451,247.0,i,1,0.0,4,403,0,0,0
5000,247.0,j,1,0.0,4,403,0,0,0
5625,247.0,k,1,0.0,4,403,0,0,0
77,248.0,a,1,0.0,1,104,1,0,0
446,248.0,b,1,0.0,1,104,1,0,0
965,248.0,c,1,0.0,2,204,1,0,0
1596,248.0,d,1,0.0,2,204,1,0,0
2032,248.0,e,1,0.0,2,204,1,0,0
2755,248.0,f,1,0.0,3,303,1,0,0
3239,248.0,g,1,0.0,3,303,1,0,0
3799,248.0,h,1,0.0,3,303,1,0,0
4449,248.0,i,1,0.0,4,403,1,0,0
4998,248.0,j,1,0.0,4,403,1,0,0
5627,248.0,k,1,0.0,4,403,1,0,0
76,249.0,a,1,0.0,1,104,1,0,0
445,249.0,b,1,0.0,1,104,1,0,0
1051,249.0,c,1,0.0,2,205,1,0,0
1585,249.0,d,1,0.0,2,205,1,0,0
2129,249.0,e,1,0.0,2,205,1,0,0
2700,249.0,f,1,0.0,3,304,1,0,0
3209,249.0,g,1,0.0,3,304,1,0,0
3787,249.0,h,1,0.0,3,304,1,0,0
4448,249.0,i,1,0.0,4,403,1,0,0
4997,249.0,j,1,0.0,4,403,1,0,0
5649,249.0,k,1,0.0,4,403,1,0,0
75,250.0,a,1,0.0,1,104,0,0,0
444,250.0,b,1,0.0,1,104,0,0,0
1024,250.0,c,1,0.0,2,203,0,0,0
1513,250.0,d,1,0.0,2,203,0,0,0
2018,250.0,e,1,0.0,2,203,0,0,0
2725,250.0,f,1,0.0,3,303,0,0,0
3243,250.0,g,1,0.0,3,303,0,0,0
3765,250.0,h,1,0.0,3,303,0,0,0
4422,250.0,i,1,0.0,4,405,0,0,0
74,251.0,a,1,0.0,1,104,1,0,0
443,251.0,b,1,0.0,1,104,1,0,0
73,252.0,a,1,0.0,1,104,1,0,0
442,252.0,b,1,0.0,1,104,1,0,0
1019,252.0,c,1,0.0,2,203,1,0,0
1508,252.0,d,1,0.0,2,203,1,0,0
2031,252.0,e,1,0.0,2,203,1,0,0
2785,252.0,f,1,0.0,3,305,1,0,0
3297,252.0,g,1,0.0,3,305,1,0,0
3720,252.0,h,1,0.0,3,305,1,0,0
4401,252.0,i,1,0.0,4,404,1,0,0
5036,252.0,j,1,0.0,4,404,1,0,0
5560,252.0,k,1,0.0,4,404,1,0,0
72,253.0,a,1,0.0,1,104,0,0,0
441,253.0,b,1,0.0,1,104,0,0,0
1016,253.0,c,1,0.0,2,203,0,0,0
1505,253.0,d,1,0.0,2,203,0,0,0
2043,253.0,e,1,0.0,2,203,0,0,0
2695,253.0,f,1,0.0,3,303,0,0,0
3246,253.0,g,1,0.0,3,303,0,0,0
3762,253.0,h,1,0.0,3,303,0,0,0
4404,253.0,i,1,0.0,4,404,0,0,0
5034,253.0,j,1,0.0,4,404,0,0,0
5558,253.0,k,1,0.0,4,404,0,0,0
71,254.0,a,1,0.0,1,104,1,0,0
440,254.0,b,1,0.0,1,104,1,0,0
961,254.0,c,1,0.0,2,204,1,0,0
1611,254.0,d,1,0.0,2,204,1,0,0
2118,254.0,e,1,0.0,2,204,1,0,0
2778,254.0,f,1,0.0,3,305,1,0,0
3257,254.0,g,1,0.0,3,305,1,0,0
3726,254.0,h,1,0.0,3,305,1,0,0
4399,254.0,i,1,0.0,4,405,1,0,0
4994,254.0,j,1,0.0,4,405,1,0,0
5580,254.0,k,1,0.0,4,405,1,0,0
6190,254.0,l,1,3.0,4,402,1,0,0
6695,254.0,m,1,2.0,4,402,1,0,0
7285,254.0,n,1,1.0,4,402,1,0,0
70,255.0,a,1,0.0,1,104,1,1,1
450,255.0,b,0,0.0,1,104,1,0,0
69,256.0,a,1,0.0,1,104,1,0,0
439,256.0,b,1,0.0,1,104,1,0,0
919,256.0,c,1,3.0,1,103,1,0,0
1351,256.0,d,1,2.0,1,103,1,0,0
1904,256.0,e,1,1.0,1,103,1,0,0
2610,256.0,f,1,0.0,2,205,1,0,0
3058,256.0,g,1,0.0,2,205,1,0,0
3673,256.0,h,0,0.0,2,205,1,0,0
68,257.0,a,1,0.0,1,104,1,0,0
437,257.0,b,1,0.0,1,104,1,0,0
920,257.0,c,1,3.0,1,103,1,0,0
1350,257.0,d,1,2.0,1,103,1,0,0
1895,257.0,e,1,1.0,1,103,1,0,0
2615,257.0,f,1,0.0,2,204,1,0,0
3125,257.0,g,1,0.0,2,204,1,0,0
3700,257.0,h,1,0.0,2,204,1,0,0
4341,257.0,i,1,0.0,3,334,1,0,0
4858,257.0,j,0,0.0,3,334,1,0,0
5510,257.0,k,1,0.0,3,334,1,0,0
6150,257.0,l,1,0.0,4,434,1,0,0
6708,257.0,m,1,0.0,4,434,1,0,0
7246,257.0,n,1,0.0,4,434,1,0,0
67,258.0,a,1,0.0,1,104,0,0,0
436,258.0,b,1,0.0,1,104,0,0,0
959,258.0,c,0,0.0,2,204,0,0,0
1618,258.0,d,1,0.0,2,204,0,0,0
2109,258.0,e,1,0.0,2,204,0,0,0
2617,258.0,f,1,3.0,2,204,0,0,0
3127,258.0,g,1,2.0,2,204,0,0,0
3698,258.0,h,1,1.0,2,204,0,0,0
4319,258.0,i,1,0.0,3,334,0,0,0
4859,258.0,j,1,0.0,3,334,0,0,0
5433,258.0,k,1,0.0,3,334,0,0,0
66,259.0,a,1,0.0,1,104,1,0,0
435,259.0,b,1,0.0,1,104,1,0,0
1065,259.0,c,1,0.0,2,204,1,0,0
1616,259.0,d,1,0.0,2,204,1,0,0
2107,259.0,e,1,0.0,2,204,1,0,0
2690,259.0,f,1,0.0,3,303,1,0,0
3224,259.0,g,1,0.0,3,303,1,0,0
3757,259.0,h,1,0.0,3,303,1,10,1
4439,259.0,i,1,0.0,4,403,1,10,1
5022,259.0,j,1,0.0,4,403,1,0,0
5635,259.0,k,0,0.0,4,403,1,0,0
6107,259.0,l,0,3.0,4,403,1,0,0
6666,259.0,m,1,2.0,4,403,1,0,0
7253,259.0,n,1,1.0,4,403,1,0,0
65,260.0,a,1,0.0,1,104,0,0,0
434,260.0,b,1,0.0,1,104,0,0,0
1063,260.0,c,1,0.0,2,204,0,0,0
1614,260.0,d,1,0.0,2,204,0,0,0
2105,260.0,e,1,0.0,2,204,0,0,0
2723,260.0,f,1,0.0,3,304,0,0,0
3220,260.0,g,1,0.0,3,304,0,0,0
3777,260.0,h,1,0.0,3,304,0,0,0
4483,260.0,i,1,0.0,4,403,0,0,0
5021,260.0,j,1,0.0,4,403,0,0,0
5634,260.0,k,1,0.0,4,403,0,0,0
64,261.0,a,1,0.0,1,104,0,0,0
433,261.0,b,1,0.0,1,104,0,0,0
1062,261.0,c,1,0.0,2,204,0,0,0
1619,261.0,d,1,0.0,2,204,0,0,0
2110,261.0,e,1,0.0,2,204,0,0,0
2808,261.0,f,1,0.0,3,305,0,0,0
3263,261.0,g,0,0.0,3,305,0,0,0
3749,261.0,h,1,0.0,3,305,0,0,0
4316,261.0,i,0,3.0,3,334,0,0,0
4862,261.0,j,1,2.0,3,334,0,0,0
5454,261.0,k,1,1.0,3,334,0,0,0
6125,261.0,l,1,0.0,4,424,0,0,0
6647,261.0,m,1,0.0,4,424,0,0,0
7322,261.0,n,1,0.0,4,424,0,0,0
109,262.0,a,1,0.0,1,104,0,0,0
432,262.0,b,0,0.0,1,104,0,0,0
1079,262.0,c,0,0.0,2,205,0,0,0
1574,262.0,d,1,0.0,2,205,0,0,0
2091,262.0,e,1,0.0,2,205,0,0,0
2709,262.0,f,1,0.0,3,304,0,0,0
3269,262.0,g,1,0.0,3,304,0,0,0
3774,262.0,h,1,0.0,3,304,0,0,0
4410,262.0,i,1,0.0,4,404,0,0,0
5056,262.0,j,1,0.0,4,404,0,0,0
5552,262.0,k,1,0.0,4,404,0,0,0
110,263.0,a,1,0.0,1,104,1,0,0
431,263.0,b,0,0.0,1,104,1,0,0
1076,263.0,c,1,0.0,2,205,1,0,0
1581,263.0,d,1,0.0,2,205,1,0,0
2094,263.0,e,1,0.0,2,205,1,100,1
2705,263.0,f,1,0.0,3,304,1,1100,1
3274,263.0,g,1,0.0,3,304,1,0,0
3754,263.0,h,1,0.0,3,304,1,0,0
4519,263.0,i,1,0.0,4,405,1,0,0
4983,263.0,j,0,0.0,4,405,1,0,0
5514,263.0,k,1,0.0,4,405,1,0,0
111,264.0,a,1,0.0,1,104,1,0,0
430,264.0,b,1,0.0,1,104,1,0,0
1056,264.0,c,1,0.0,2,204,1,0,0
1607,264.0,d,1,0.0,2,204,1,0,0
2033,264.0,e,1,0.0,2,204,1,0,0
112,265.0,a,1,0.0,1,104,1,0,0
429,265.0,b,1,0.0,1,104,1,0,0
1075,265.0,c,1,0.0,2,205,1,0,0
1580,265.0,d,1,0.0,2,205,1,1,1
2095,265.0,e,1,0.0,2,205,1,1,1
113,266.0,a,1,0.0,1,104,1,0,0
428,266.0,b,1,0.0,1,104,1,0,0
963,266.0,c,1,0.0,2,203,1,0,0
1598,266.0,d,1,0.0,2,203,1,0,0
2035,266.0,e,1,0.0,2,203,1,0,0
2684,266.0,f,1,0.0,3,303,1,0,0
3197,266.0,g,1,0.0,3,303,1,1,1
3770,266.0,h,1,0.0,3,303,1,0,0
4434,266.0,i,1,0.0,4,403,1,0,0
5051,266.0,j,1,0.0,4,403,1,0,0
5638,266.0,k,1,0.0,4,403,1,0,0
114,267.0,a,1,0.0,1,104,1,0,0
438,267.0,b,1,0.0,1,104,1,0,0
1035,267.0,c,1,0.0,2,202,1,0,0
1494,267.0,d,1,0.0,2,202,1,0,0
2067,267.0,e,1,0.0,2,202,1,0,0
2729,267.0,f,1,0.0,3,301,1,0,0
3323,267.0,g,1,0.0,3,301,1,0,0
3845,267.0,h,1,0.0,3,301,1,0,0
4463,267.0,i,1,0.0,4,401,1,0,0
4970,267.0,j,1,0.0,4,401,1,0,0
5533,267.0,k,1,0.0,4,401,1,0,0
115,268.0,a,1,0.0,1,104,0,0,0
451,268.0,b,1,0.0,1,104,0,0,0
1054,268.0,c,1,0.0,2,204,0,0,0
1605,268.0,d,1,0.0,2,204,0,0,0
2132,268.0,e,1,0.0,2,204,0,0,0
2682,268.0,f,1,0.0,3,303,0,0,0
3199,268.0,g,1,0.0,3,303,0,0,0
3796,268.0,h,1,0.0,3,303,0,0,0
4428,268.0,i,1,0.0,4,404,0,0,0
5071,268.0,j,1,0.0,4,404,0,0,0
5595,268.0,k,1,0.0,4,404,0,0,0
55,269.0,a,1,0.0,1,105,0,0,0
529,269.0,b,1,0.0,1,105,0,0,0
985,269.0,c,1,0.0,2,202,0,0,0
1544,269.0,d,1,0.0,2,202,0,0,0
2065,269.0,e,1,0.0,2,202,0,0,0
2751,269.0,f,1,0.0,3,302,0,0,0
3327,269.0,g,1,0.0,3,302,0,0,0
3841,269.0,h,1,0.0,3,302,0,0,0
4465,269.0,i,1,0.0,4,401,0,0,0
4973,269.0,j,1,0.0,4,401,0,0,0
5523,269.0,k,1,0.0,4,401,0,0,0
54,270.0,a,1,0.0,1,105,1,0,0
528,270.0,b,1,0.0,1,105,1,0,0
1050,270.0,c,1,0.0,2,205,1,0,0
1576,270.0,d,1,0.0,2,205,1,0,0
2135,270.0,e,1,0.0,2,205,1,0,0
2722,270.0,f,1,0.0,3,304,1,0,0
3210,270.0,g,1,0.0,3,304,1,0,0
3786,270.0,h,1,0.0,3,304,1,0,0
4432,270.0,i,1,0.0,4,404,1,0,0
5046,270.0,j,1,0.0,4,404,1,0,0
5570,270.0,k,1,0.0,4,404,1,0,0
53,271.0,a,1,0.0,1,105,0,0,0
547,271.0,b,1,0.0,1,105,0,0,0
984,271.0,c,1,0.0,2,202,0,0,0
1543,271.0,d,1,0.0,2,202,0,0,0
2066,271.0,e,1,0.0,2,202,0,0,0
2810,271.0,f,1,0.0,3,301,0,0,0
3303,271.0,g,1,0.0,3,301,0,10,1
3824,271.0,h,1,0.0,3,301,0,0,0
4466,271.0,i,1,0.0,4,401,0,0,0
4974,271.0,j,1,0.0,4,401,0,0,0
5524,271.0,k,1,0.0,4,401,0,0,0
52,272.0,a,1,0.0,1,105,0,0,0
527,272.0,b,1,0.0,1,105,0,0,0
983,272.0,c,1,0.0,2,202,0,0,0
1542,272.0,d,1,0.0,2,202,0,0,0
2080,272.0,e,1,0.0,2,202,0,0,0
2748,272.0,f,1,0.0,3,301,0,0,0
3304,272.0,g,0,0.0,3,301,0,0,0
3823,272.0,h,1,0.0,3,301,0,0,0
4494,272.0,i,1,0.0,4,402,0,0,0
4964,272.0,j,1,0.0,4,402,0,0,0
5548,272.0,k,1,0.0,4,402,0,0,0
51,273.0,a,0,0.0,1,105,0,0,0
526,273.0,b,1,0.0,1,105,0,0,0
967,273.0,c,1,0.0,2,204,0,0,0
1595,273.0,d,1,0.0,2,204,0,0,0
2082,273.0,e,1,0.0,2,204,0,1000,1
2721,273.0,f,1,0.0,3,304,0,0,0
3211,273.0,g,1,0.0,3,304,0,0,0
3785,273.0,h,0,0.0,3,304,0,0,0
4396,273.0,i,1,0.0,4,404,0,0,0
5043,273.0,j,1,0.0,4,404,0,0,0
5567,273.0,k,1,0.0,4,404,0,0,0
6133,273.0,l,0,3.0,4,404,0,0,0
6733,273.0,m,1,2.0,4,404,0,0,0
7259,273.0,n,0,1.0,4,404,0,0,0
50,274.0,a,1,0.0,1,105,1,0,0
525,274.0,b,1,0.0,1,105,1,0,0
1091,274.0,c,1,0.0,2,205,1,100,1
1562,274.0,d,1,0.0,2,205,1,100,1
2122,274.0,e,1,0.0,2,205,1,100,1
2790,274.0,f,1,0.0,3,305,1,100,1
3292,274.0,g,1,0.0,3,305,1,0,0
3725,274.0,h,0,0.0,3,305,1,0,0
4393,274.0,i,1,0.0,4,404,1,0,0
5040,274.0,j,1,0.0,4,404,1,0,0
5564,274.0,k,1,0.0,4,404,1,0,0
49,275.0,a,1,0.0,1,105,1,0,0
524,275.0,b,1,0.0,1,105,1,0,0
1090,275.0,c,1,0.0,2,205,1,0,0
1563,275.0,d,1,0.0,2,205,1,0,0
2121,275.0,e,1,0.0,2,205,1,0,0
2800,275.0,f,1,0.0,3,305,1,0,0
3293,275.0,g,1,0.0,3,305,1,0,0
3724,275.0,h,1,0.0,3,305,1,0,0
4420,275.0,i,0,0.0,4,405,1,0,0
5060,275.0,j,1,0.0,4,405,1,0,0
5584,275.0,k,1,0.0,4,405,1,0,0
48,276.0,a,1,0.0,1,105,0,0,0
523,276.0,b,1,0.0,1,105,0,0,0
992,276.0,c,1,0.0,2,219,0,0,0
1551,276.0,d,1,0.0,2,219,0,0,0
2058,276.0,e,1,0.0,2,219,0,0,0
2801,276.0,f,1,0.0,3,344,0,0,0
3281,276.0,g,1,0.0,3,344,0,0,0
3736,276.0,h,0,0.0,3,344,0,0,0
4490,276.0,i,1,0.0,4,424,0,0,0
5004,276.0,j,1,0.0,4,424,0,0,0
5605,276.0,k,1,0.0,4,424,0,0,0
47,277.0,a,1,0.0,1,105,0,0,0
522,277.0,b,1,0.0,1,105,0,0,0
1088,277.0,c,1,0.0,2,205,0,0,0
1565,277.0,d,1,0.0,2,205,0,0,0
2102,277.0,e,1,0.0,2,205,0,0,0
2679,277.0,f,0,0.0,3,334,0,0,0
3202,277.0,g,1,0.0,3,334,0,0,0
3793,277.0,h,1,0.0,3,334,0,0,0
4489,277.0,i,1,0.0,4,424,0,0,0
5003,277.0,j,1,0.0,4,424,0,0,0
5604,277.0,k,1,0.0,4,424,0,0,0
46,278.0,a,1,0.0,1,105,0,0,0
521,278.0,b,1,0.0,1,105,0,0,0
1085,278.0,c,1,0.0,2,205,0,0,0
1568,278.0,d,1,0.0,2,205,0,0,0
2085,278.0,e,1,0.0,2,205,0,0,0
2696,278.0,f,1,0.0,3,303,0,0,0
3331,278.0,g,0,0.0,3,303,0,0,0
3713,278.0,h,1,0.0,3,303,0,0,0
45,279.0,a,1,0.0,1,105,0,0,0
520,279.0,b,1,0.0,1,105,0,0,0
826,279.0,c,1,3.0,1,105,0,0,0
1473,279.0,d,1,2.0,1,105,0,0,0
1973,279.0,e,1,1.0,1,105,0,0,0
2565,279.0,f,0,0.0,2,204,0,0,0
3088,279.0,g,1,0.0,2,204,0,0,0
3704,279.0,h,1,0.0,2,204,0,0,0
44,280.0,a,1,0.0,1,105,1,0,0
519,280.0,b,1,0.0,1,105,1,0,0
1015,280.0,c,1,0.0,2,203,1,10,1
1520,280.0,d,1,0.0,2,203,1,10,1
2042,280.0,e,1,0.0,2,203,1,0,0
2694,280.0,f,1,0.0,3,303,1,0,0
3247,280.0,g,1,0.0,3,303,1,10,1
3761,280.0,h,1,0.0,3,303,1,0,0
4339,280.0,i,1,3.0,3,304,1,0,0
4845,280.0,j,1,2.0,3,304,1,0,0
5467,280.0,k,1,1.0,3,304,1,0,0
6115,280.0,l,1,0.0,4,403,1,0,0
6658,280.0,m,1,0.0,4,403,1,0,0
7311,280.0,n,0,0.0,4,403,1,0,0
43,281.0,a,1,0.0,1,105,1,0,0
518,281.0,b,1,0.0,1,105,1,0,0
1014,281.0,c,1,0.0,2,203,1,0,0
1555,281.0,d,0,0.0,2,203,1,0,0
2041,281.0,e,1,0.0,2,203,1,0,0
2693,281.0,f,1,0.0,3,303,1,0,0
3248,281.0,g,0,0.0,3,303,1,0,0
3760,281.0,h,1,0.0,3,303,1,0,0
42,282.0,a,1,0.0,1,105,1,0,0
517,282.0,b,0,0.0,1,105,1,0,0
990,282.0,c,0,0.0,2,219,1,0,0
1549,282.0,d,0,0.0,2,219,1,0,0
2060,282.0,e,1,0.0,2,219,1,0,0
2678,282.0,f,1,0.0,3,334,1,0,0
3203,282.0,g,1,0.0,3,334,1,0,0
3792,282.0,h,0,0.0,3,334,1,0,0
41,283.0,a,0,0.0,1,105,1,0,0
516,283.0,b,1,0.0,1,105,1,0,0
1002,283.0,c,1,0.0,2,202,1,0,0
1521,283.0,d,1,0.0,2,202,1,0,0
2075,283.0,e,1,0.0,2,202,1,0,0
2739,283.0,f,1,0.0,3,301,1,0,0
3320,283.0,g,1,0.0,3,301,1,0,0
3814,283.0,h,1,0.0,3,301,1,0,0
4458,283.0,i,1,0.0,4,401,1,0,0
4948,283.0,j,1,0.0,4,401,1,0,0
5542,283.0,k,1,0.0,4,401,1,0,0
40,284.0,a,1,0.0,1,105,1,0,0
515,284.0,b,1,0.0,1,105,1,0,0
1084,284.0,c,1,0.0,2,205,1,0,0
1569,284.0,d,1,0.0,2,205,1,0,0
2086,284.0,e,1,0.0,2,205,1,0,0
2788,284.0,f,1,0.0,3,305,1,0,0
3258,284.0,g,1,0.0,3,305,1,0,0
3742,284.0,h,1,0.0,3,305,1,1,1
4442,284.0,i,1,0.0,4,403,1,0,0
5025,284.0,j,1,0.0,4,403,1,0,0
5639,284.0,k,1,0.0,4,403,1,0,0
39,285.0,a,1,0.0,1,105,1,0,0
514,285.0,b,1,0.0,1,105,1,0,0
978,285.0,c,1,0.0,2,203,1,0,0
1556,285.0,d,1,0.0,2,203,1,0,0
2040,285.0,e,1,0.0,2,203,1,0,0
2802,285.0,f,1,0.0,3,305,1,0,0
3259,285.0,g,1,0.0,3,305,1,0,0
3746,285.0,h,1,0.0,3,305,1,0,0
4384,285.0,i,1,0.0,4,405,1,0,0
4990,285.0,j,1,0.0,4,405,1,0,0
5520,285.0,k,1,0.0,4,405,1,0,0
38,286.0,a,1,0.0,1,105,0,0,0
487,286.0,b,1,0.0,1,105,0,0,0
831,286.0,c,1,3.0,1,105,0,0,0
1468,286.0,d,1,2.0,1,105,0,0,0
1968,286.0,e,1,1.0,1,105,0,0,0
2618,286.0,f,1,0.0,2,204,0,0,0
3128,286.0,g,1,0.0,2,204,0,0,0
3709,286.0,h,1,0.0,2,204,0,0,0
4318,286.0,i,1,0.0,3,334,0,0,0
4860,286.0,j,1,0.0,3,334,0,0,0
5451,286.0,k,1,0.0,3,334,0,0,0
6140,286.0,l,0,0.0,4,424,0,0,0
6649,286.0,m,1,0.0,4,424,0,0,0
7323,286.0,n,1,0.0,4,424,0,0,0
61,287.0,a,1,0.0,1,105,0,0,0
541,287.0,b,1,0.0,1,105,0,0,0
1066,287.0,c,1,0.0,2,204,0,0,0
1617,287.0,d,0,0.0,2,204,0,0,0
2108,287.0,e,1,0.0,2,204,0,100,1
2691,287.0,f,1,0.0,3,303,0,0,0
3250,287.0,g,1,0.0,3,303,0,0,0
3758,287.0,h,1,0.0,3,303,0,0,0
62,288.0,a,1,0.0,1,105,0,0,0
486,288.0,b,0,0.0,1,105,0,0,0
1064,288.0,c,1,0.0,2,204,0,0,0
1615,288.0,d,1,0.0,2,204,0,0,0
2106,288.0,e,1,0.0,2,204,0,100,1
2804,288.0,f,1,0.0,3,305,0,0,0
3260,288.0,g,1,0.0,3,305,0,0,0
3743,288.0,h,1,0.0,3,305,0,0,0
4406,288.0,i,1,0.0,4,404,0,0,0
5032,288.0,j,1,0.0,4,404,0,0,0
5556,288.0,k,1,0.0,4,404,0,0,0
80,289.0,a,0,0.0,1,105,0,0,0
478,289.0,b,1,0.0,1,105,0,100,1
1078,289.0,c,1,0.0,2,205,0,0,0
1583,289.0,d,1,0.0,2,205,0,0,0
2092,289.0,e,1,0.0,2,205,0,0,0
2708,289.0,f,1,0.0,3,304,0,10,1
3254,289.0,g,1,0.0,3,304,0,0,0
3773,289.0,h,1,0.0,3,304,0,0,0
4411,289.0,i,1,0.0,4,404,0,0,0
5078,289.0,j,1,0.0,4,404,0,0,0
5573,289.0,k,1,0.0,4,404,0,0,0
63,290.0,a,1,0.0,1,105,1,0,0
449,290.0,b,1,0.0,1,105,1,0,0
964,290.0,c,1,0.0,2,203,1,0,0
1597,290.0,d,1,0.0,2,203,1,0,0
2034,290.0,e,1,0.0,2,203,1,0,0
2681,290.0,f,1,0.0,3,303,1,0,0
3200,290.0,g,1,0.0,3,303,1,0,0
3795,290.0,h,1,0.0,3,303,1,0,0
4427,290.0,i,1,0.0,4,404,1,0,0
5070,290.0,j,1,0.0,4,404,1,0,0
5594,290.0,k,1,0.0,4,404,1,0,0
21,291.0,a,0,0.0,1,106,1,0,0
496,291.0,b,1,0.0,1,106,1,0,0
1042,291.0,c,1,0.0,2,203,1,0,0
1501,291.0,d,1,0.0,2,203,1,0,0
2023,291.0,e,1,0.0,2,203,1,10,1
2797,291.0,f,1,0.0,3,305,1,0,0
3298,291.0,g,1,0.0,3,305,1,0,0
3732,291.0,h,1,0.0,3,305,1,10,1
4517,291.0,i,1,0.0,4,405,1,0,0
5069,291.0,j,1,0.0,4,405,1,0,0
5593,291.0,k,1,0.0,4,405,1,1000,1
20,292.0,a,1,0.0,1,106,1,0,0
495,292.0,b,1,0.0,1,106,1,0,0
1053,292.0,c,1,0.0,2,205,1,0,0
1587,292.0,d,1,0.0,2,205,1,0,0
2131,292.0,e,1,0.0,2,205,1,0,0
2757,292.0,f,1,0.0,3,303,1,0,0
3238,292.0,g,1,0.0,3,303,1,0,0
3801,292.0,h,1,0.0,3,303,1,0,0
4433,292.0,i,1,0.0,4,404,1,0,0
5048,292.0,j,1,0.0,4,404,1,0,0
5572,292.0,k,1,0.0,4,404,1,0,0
19,293.0,a,1,0.0,1,106,1,0,0
494,293.0,b,1,0.0,1,106,1,0,0
1043,293.0,c,1,0.0,2,203,1,0,0
1502,293.0,d,1,0.0,2,203,1,0,0
2024,293.0,e,1,0.0,2,203,1,0,0
2756,293.0,f,1,0.0,3,303,1,0,0
3251,293.0,g,1,0.0,3,303,1,0,0
3800,293.0,h,1,0.0,3,303,1,0,0
4453,293.0,i,1,0.0,4,404,1,0,0
5047,293.0,j,1,0.0,4,404,1,0,0
5571,293.0,k,1,0.0,4,404,1,0,0
18,294.0,a,1,0.0,1,106,0,0,0
493,294.0,b,1,0.0,1,106,0,0,0
1029,294.0,c,1,0.0,2,203,0,0,0
1518,294.0,d,1,0.0,2,203,0,0,0
2027,294.0,e,1,0.0,2,203,0,0,0
2701,294.0,f,1,0.0,3,344,0,0,0
3278,294.0,g,1,0.0,3,344,0,0,0
3739,294.0,h,1,0.0,3,344,0,0,0
4491,294.0,i,1,0.0,4,424,0,0,0
5005,294.0,j,0,0.0,4,424,0,0,0
5606,294.0,k,1,0.0,4,424,0,0,0
17,295.0,a,0,0.0,1,106,1,0,0
492,295.0,b,1,0.0,1,106,1,0,0
943,295.0,c,1,3.0,1,103,1,0,0
1363,295.0,d,1,2.0,1,103,1,0,0
1914,295.0,e,1,1.0,1,103,1,0,0
2592,295.0,f,1,0.0,2,203,1,0,0
3123,295.0,g,1,0.0,2,203,1,0,0
3626,295.0,h,1,0.0,2,203,1,0,0
16,296.0,a,1,0.0,1,106,0,0,0
491,296.0,b,1,0.0,1,106,0,0,0
1027,296.0,c,1,0.0,2,203,0,0,0
1516,296.0,d,1,0.0,2,203,0,0,0
2029,296.0,e,1,0.0,2,203,0,0,0
2792,296.0,f,1,0.0,3,305,0,100,1
3290,296.0,g,1,0.0,3,305,0,100,1
3740,296.0,h,1,0.0,3,305,0,100,1
4423,296.0,i,1,0.0,4,404,0,100,1
5045,296.0,j,1,0.0,4,404,0,0,0
5569,296.0,k,1,0.0,4,404,0,0,0
15,297.0,a,1,0.0,1,106,0,0,0
490,297.0,b,1,0.0,1,106,0,0,0
1068,297.0,c,1,0.0,2,205,0,0,0
1560,297.0,d,1,0.0,2,205,0,0,0
2125,297.0,e,1,0.0,2,205,0,0,0
2791,297.0,f,1,0.0,3,305,0,0,0
3291,297.0,g,1,0.0,3,305,0,0,0
3727,297.0,h,1,0.0,3,305,0,0,0
4425,297.0,i,1,0.0,4,405,0,0,0
5064,297.0,j,0,0.0,4,405,0,0,0
5599,297.0,k,1,0.0,4,405,0,0,0
14,298.0,a,1,0.0,1,106,0,0,0
489,298.0,b,1,0.0,1,106,0,0,0
968,298.0,c,1,0.0,2,204,0,0,0
1593,298.0,d,1,0.0,2,204,0,100,1
2083,298.0,e,1,0.0,2,204,0,100,1
2556,298.0,f,1,3.0,2,204,0,0,0
3080,298.0,g,1,2.0,2,204,0,0,0
3657,298.0,h,0,1.0,2,204,0,0,0
13,299.0,a,1,0.0,1,106,0,0,0
488,299.0,b,1,0.0,1,106,0,0,0
970,299.0,c,1,0.0,2,204,0,0,0
1590,299.0,d,1,0.0,2,204,0,100,1
2116,299.0,e,1,0.0,2,204,0,0,0
12,300.0,a,1,0.0,1,106,0,0,0
498,300.0,b,1,0.0,1,106,0,0,0
1038,300.0,c,1,0.0,2,229,0,0,0
1496,300.0,d,0,0.0,2,229,0,0,0
2073,300.0,e,1,0.0,2,229,0,0,0
11,301.0,a,1,0.0,1,106,0,0,0
511,301.0,b,1,0.0,1,106,0,0,0
1021,301.0,c,1,0.0,2,203,0,0,0
1510,301.0,d,1,0.0,2,203,0,0,0
2021,301.0,e,1,0.0,2,203,0,0,0
2787,301.0,f,1,0.0,3,305,0,0,0
3295,301.0,g,1,0.0,3,305,0,0,0
3722,301.0,h,1,0.0,3,305,0,0,0
4392,301.0,i,1,0.0,4,404,0,0,0
5039,301.0,j,0,0.0,4,404,0,0,0
5563,301.0,k,1,0.0,4,404,0,0,0
34,302.0,a,1,0.0,1,106,0,0,0
512,302.0,b,1,0.0,1,106,0,0,0
974,302.0,c,1,0.0,2,204,0,0,0
1603,302.0,d,1,0.0,2,204,0,0,0
2112,302.0,e,1,0.0,2,204,0,0,0
2782,302.0,f,1,0.0,3,305,0,0,0
3270,302.0,g,1,0.0,3,305,0,0,0
3717,302.0,h,1,0.0,3,305,0,0,0
4360,302.0,i,1,3.0,3,334,0,0,0
4824,302.0,j,0,2.0,3,334,0,0,0
5411,302.0,k,0,1.0,3,334,0,0,0
6155,302.0,l,1,0.0,4,424,0,0,0
6650,302.0,m,1,0.0,4,424,0,0,0
7326,302.0,n,1,0.0,4,424,0,0,0
35,303.0,a,1,0.0,1,106,0,0,0
513,303.0,b,1,0.0,1,106,0,0,0
1087,303.0,c,1,0.0,2,205,0,0,0
1566,303.0,d,1,0.0,2,205,0,0,0
2101,303.0,e,1,0.0,2,205,0,0,0
2781,303.0,f,1,0.0,3,305,0,0,0
3267,303.0,g,1,0.0,3,305,0,0,0
3716,303.0,h,1,0.0,3,305,0,0,0
4400,303.0,i,1,0.0,4,405,0,0,0
4995,303.0,j,1,0.0,4,405,0,0,0
5581,303.0,k,1,0.0,4,405,0,0,0
36,304.0,a,1,0.0,1,106,0,0,0
536,304.0,b,1,0.0,1,106,0,0,0
7369,304.0,c,0,0.0,2,204,0,0,0
7370,304.0,d,0,0.0,2,204,0,0,0
7371,304.0,e,0,0.0,2,204,0,0,0
2597,304.0,f,0,3.0,2,204,0,0,0
37,305.0,a,1,0.0,1,106,0,0,0
535,305.0,b,1,0.0,1,106,0,0,0
960,305.0,c,1,0.0,2,204,0,0,0
1604,305.0,d,1,0.0,2,204,0,0,0
2111,305.0,e,1,0.0,2,204,0,0,0
2692,305.0,f,1,0.0,3,303,0,0,0
3249,305.0,g,1,0.0,3,303,0,0,0
3759,305.0,h,1,0.0,3,303,0,0,0
4405,305.0,i,1,0.0,4,404,0,0,0
5033,305.0,j,1,0.0,4,404,0,0,0
5557,305.0,k,1,0.0,4,404,0,0,0
60,306.0,a,0,0.0,1,106,0,0,0
534,306.0,b,1,0.0,1,106,0,0,0
1067,306.0,c,1,0.0,2,204,0,0,0
1613,306.0,d,1,0.0,2,204,0,0,0
2104,306.0,e,1,0.0,2,204,0,0,0
2712,306.0,f,1,0.0,3,304,0,0,0
3222,306.0,g,1,0.0,3,304,0,0,0
3776,306.0,h,1,0.0,3,304,0,0,0
4484,306.0,i,1,0.0,4,403,0,0,0
5083,306.0,j,1,0.0,4,403,0,0,0
5633,306.0,k,1,0.0,4,403,0,0,0
59,307.0,a,1,0.0,1,106,0,0,0
533,307.0,b,1,0.0,1,106,0,0,0
1082,307.0,c,1,0.0,2,205,0,0,0
1571,307.0,d,1,0.0,2,205,0,0,0
2088,307.0,e,1,0.0,2,205,0,0,0
2689,307.0,f,1,0.0,3,303,0,0,0
3237,307.0,g,1,0.0,3,303,0,0,0
3756,307.0,h,1,0.0,3,303,0,0,0
4408,307.0,i,1,0.0,4,404,0,0,0
5054,307.0,j,1,0.0,4,404,0,0,0
5554,307.0,k,1,0.0,4,404,0,0,0
58,308.0,a,1,0.0,1,106,0,100,1
532,308.0,b,1,0.0,1,106,0,0,0
1059,308.0,c,1,0.0,2,204,0,0,0
1610,308.0,d,1,0.0,2,204,0,0,0
2127,308.0,e,1,0.0,2,204,0,0,0
2599,308.0,f,1,3.0,2,205,0,0,0
3060,308.0,g,1,2.0,2,205,0,0,0
3675,308.0,h,1,1.0,2,205,0,0,0
4254,308.0,i,1,0.0,3,305,0,0,0
4886,308.0,j,1,0.0,3,305,0,0,0
5391,308.0,k,1,0.0,3,305,0,0,0
6105,308.0,l,0,0.0,4,403,0,0,0
6668,308.0,m,1,0.0,4,403,0,0,0
7251,308.0,n,0,0.0,4,403,0,0,0
57,309.0,a,1,0.0,1,106,0,0,0
531,309.0,b,1,0.0,1,106,0,0,0
1077,309.0,c,1,0.0,2,205,0,0,0
1582,309.0,d,1,0.0,2,205,0,0,0
2093,309.0,e,1,0.0,2,205,0,0,0
2707,309.0,f,1,0.0,3,304,0,0,0
3272,309.0,g,1,0.0,3,304,0,0,0
3772,309.0,h,1,0.0,3,304,0,0,0
4388,309.0,i,1,0.0,4,405,0,0,0
4986,309.0,j,1,0.0,4,405,0,0,0
5517,309.0,k,1,0.0,4,405,0,0,0
56,310.0,a,1,0.0,1,106,1,0,0
530,310.0,b,1,0.0,1,106,1,0,0
1055,310.0,c,1,0.0,2,204,1,0,0
1606,310.0,d,1,0.0,2,204,1,0,0
2133,310.0,e,1,0.0,2,204,1,10,1
2686,310.0,f,1,0.0,3,303,1,0,0
3195,310.0,g,1,0.0,3,303,1,10,1
3768,310.0,h,1,0.0,3,303,1,0,0
4416,310.0,i,1,0.0,4,404,1,0,0
5074,310.0,j,1,0.0,4,404,1,0,0
5598,310.0,k,1,0.0,4,404,1,0,0
6,311.0,a,1,0.0,1,107,0,0,0
546,311.0,b,1,0.0,1,107,0,0,0
1030,311.0,c,1,0.0,2,203,0,0,0
1504,311.0,d,1,0.0,2,203,0,0,0
2026,311.0,e,1,0.0,2,203,0,0,0
2796,311.0,f,1,0.0,3,305,1,0,0
3286,311.0,g,1,0.0,3,305,1,0,0
3731,311.0,h,1,0.0,3,305,1,0,0
4452,311.0,i,1,0.0,4,403,1,0,0
5001,311.0,j,1,0.0,4,403,1,0,0
5624,311.0,k,1,0.0,4,403,1,0,0
5,312.0,a,0,0.0,1,107,0,0,0
545,312.0,b,1,0.0,1,107,0,0,0
1028,312.0,c,1,0.0,2,203,0,100,1
1517,312.0,d,1,0.0,2,203,0,100,1
2028,312.0,e,1,0.0,2,203,0,100,1
2795,312.0,f,1,0.0,3,305,0,100,1
3287,312.0,g,1,0.0,3,305,0,100,1
3730,312.0,h,1,0.0,3,305,0,100,1
4450,312.0,i,1,0.0,4,403,0,100,1
4999,312.0,j,1,0.0,4,403,0,100,1
5626,312.0,k,1,0.0,4,403,0,0,0
4,313.0,a,1,0.0,1,107,1,0,0
544,313.0,b,1,0.0,1,107,1,0,0
966,313.0,c,1,0.0,2,204,1,0,0
1602,313.0,d,1,0.0,2,204,1,0,0
2047,313.0,e,1,0.0,2,204,1,0,0
2699,313.0,f,1,0.0,3,304,1,0,0
3221,313.0,g,0,0.0,3,304,1,0,0
3,314.0,a,1,0.0,1,107,0,0,0
543,314.0,b,1,0.0,1,107,0,0,0
1036,314.0,c,0,0.0,2,229,0,0,0
1495,314.0,d,1,0.0,2,229,0,0,0
2049,314.0,e,1,0.0,2,229,0,0,0
2,315.0,a,1,0.0,1,107,1,0,0
542,315.0,b,1,0.0,1,107,1,0,0
1061,315.0,c,1,0.0,2,205,1,0,0
1559,315.0,d,1,0.0,2,205,1,0,0
2126,315.0,e,1,0.0,2,205,1,0,0
2753,315.0,f,1,0.0,3,303,1,0,0
3241,315.0,g,1,0.0,3,303,1,0,0
3798,315.0,h,1,0.0,3,303,1,0,0
4397,315.0,i,1,0.0,4,404,1,0,0
5044,315.0,j,1,0.0,4,404,1,0,0
5568,315.0,k,1,0.0,4,404,1,0,0
6134,315.0,l,1,3.0,4,404,1,0,0
6732,315.0,m,1,2.0,4,404,1,0,0
7334,315.0,n,1,1.0,4,404,1,0,0
1,316.0,a,1,0.0,1,107,1,0,0
540,316.0,b,1,0.0,1,107,1,0,0
975,316.0,c,1,0.0,2,204,1,0,0
1592,316.0,d,1,0.0,2,204,1,0,0
2084,316.0,e,1,0.0,2,204,1,0,0
2720,316.0,f,1,0.0,3,304,1,0,0
3212,316.0,g,1,0.0,3,304,1,0,0
3784,316.0,h,1,0.0,3,304,1,0,0
4445,316.0,i,1,0.0,4,403,1,0,0
5017,316.0,j,1,0.0,4,403,1,0,0
5647,316.0,k,1,0.0,4,403,1,0,0
7,317.0,a,1,0.0,1,107,1,0,0
539,317.0,b,1,0.0,1,107,1,0,0
851,317.0,c,1,3.0,1,104,1,100,1
1369,317.0,d,1,2.0,1,104,1,100,1
1974,317.0,e,1,1.0,1,104,1,0,0
2558,317.0,f,1,0.0,2,204,1,0,0
3082,317.0,g,1,0.0,2,204,1,0,0
3711,317.0,h,0,0.0,2,204,1,0,0
4375,317.0,i,1,0.0,3,303,1,0,0
4822,317.0,j,1,0.0,3,303,1,0,0
5402,317.0,k,1,0.0,3,303,1,0,0
6198,317.0,l,0,0.0,4,402,1,0,0
6703,317.0,m,1,0.0,4,402,1,0,0
7293,317.0,n,0,0.0,4,402,1,0,0
8,318.0,a,1,0.0,1,107,0,0,0
538,318.0,b,1,0.0,1,107,0,0,0
1023,318.0,c,0,0.0,2,203,0,0,0
1519,318.0,d,0,0.0,2,203,0,0,0
2019,318.0,e,1,0.0,2,203,0,0,0
9,319.0,a,0,0.0,1,107,1,0,0
537,319.0,b,1,0.0,1,107,1,0,0
1089,319.0,c,1,0.0,2,205,1,0,0
1564,319.0,d,1,0.0,2,205,1,0,0
2103,319.0,e,1,0.0,2,205,1,0,0
2718,319.0,f,1,0.0,3,304,1,0,0
3214,319.0,g,1,0.0,3,304,1,0,0
3782,319.0,h,1,0.0,3,304,1,0,0
4419,319.0,i,1,0.0,4,405,1,0,0
5059,319.0,j,1,0.0,4,405,1,0,0
5583,319.0,k,1,0.0,4,405,1,0,0
10,320.0,a,1,0.0,1,107,0,0,0
509,320.0,b,1,0.0,1,107,0,0,0
1022,320.0,c,1,0.0,2,203,0,0,0
1512,320.0,d,1,0.0,2,203,0,0,0
2020,320.0,e,1,0.0,2,203,0,0,0
2789,320.0,f,1,0.0,3,305,0,0,0
3294,320.0,g,1,0.0,3,305,0,0,0
3723,320.0,h,1,0.0,3,305,0,100,1
4444,320.0,i,1,0.0,4,403,0,0,0
5019,320.0,j,1,0.0,4,403,0,0,0
5645,320.0,k,1,0.0,4,403,0,0,0
33,321.0,a,0,0.0,1,107,0,0,0
508,321.0,b,1,0.0,1,107,0,0,0
1018,321.0,c,1,0.0,2,203,0,0,0
1507,321.0,d,1,0.0,2,203,0,0,0
2045,321.0,e,1,0.0,2,203,0,0,0
2716,321.0,f,1,0.0,3,304,0,0,0
3216,321.0,g,1,0.0,3,304,0,0,0
32,322.0,a,1,0.0,1,107,0,0,0
507,322.0,b,1,0.0,1,107,0,0,0
973,322.0,c,1,0.0,2,204,0,0,0
1594,322.0,d,1,0.0,2,204,0,0,0
2113,322.0,e,1,0.0,2,204,0,0,0
2783,322.0,f,1,0.0,3,305,0,0,0
3284,322.0,g,1,0.0,3,305,0,0,0
3718,322.0,h,1,0.0,3,305,0,0,0
4403,322.0,i,1,0.0,4,404,0,0,0
5035,322.0,j,1,0.0,4,404,0,0,0
5559,322.0,k,1,0.0,4,404,0,0,0
31,323.0,a,1,0.0,1,107,1,0,0
506,323.0,b,1,0.0,1,107,1,0,0
1086,323.0,c,1,0.0,2,205,1,0,0
1567,323.0,d,1,0.0,2,205,1,0,0
2100,323.0,e,1,0.0,2,205,1,0,0
2715,323.0,f,1,0.0,3,304,1,0,0
3217,323.0,g,1,0.0,3,304,1,0,0
3780,323.0,h,1,0.0,3,304,1,0,0
4481,323.0,i,1,0.0,4,403,1,0,0
5027,323.0,j,1,0.0,4,403,1,0,0
5640,323.0,k,1,0.0,4,403,1,0,0
30,324.0,a,1,0.0,1,107,1,0,0
505,324.0,b,1,0.0,1,107,1,0,0
1081,324.0,c,1,0.0,2,205,1,0,0
1572,324.0,d,1,0.0,2,205,1,0,0
2089,324.0,e,1,0.0,2,205,1,0,0
2809,324.0,f,1,0.0,3,305,1,0,0
3262,324.0,g,1,0.0,3,305,1,0,0
3750,324.0,h,1,0.0,3,305,1,0,0
4409,324.0,i,1,0.0,4,404,1,0,0
5055,324.0,j,1,0.0,4,404,1,0,0
5553,324.0,k,1,0.0,4,404,1,0,0
29,325.0,a,0,0.0,1,107,1,0,0
504,325.0,b,1,0.0,1,107,1,0,0
977,325.0,c,1,0.0,2,203,1,0,0
1601,325.0,d,1,0.0,2,203,1,0,0
2039,325.0,e,1,0.0,2,203,1,0,0
2807,325.0,f,1,0.0,3,305,1,0,0
3264,325.0,g,1,0.0,3,305,1,0,0
3748,325.0,h,1,0.0,3,305,1,0,0
4485,325.0,i,1,0.0,4,403,1,0,0
5081,325.0,j,1,0.0,4,403,1,0,0
5631,325.0,k,1,0.0,4,403,1,0,0
28,326.0,a,1,0.0,1,107,1,0,0
503,326.0,b,1,0.0,1,107,1,0,0
1039,326.0,c,1,0.0,2,229,1,0,0
1498,326.0,d,0,0.0,2,229,1,0,0
2038,326.0,e,1,0.0,2,229,1,0,0
2697,326.0,f,1,0.0,3,334,1,0,0
3206,326.0,g,1,0.0,3,334,1,0,0
3789,326.0,h,1,0.0,3,334,1,0,0
27,327.0,a,1,0.0,1,107,1,0,0
502,327.0,b,1,0.0,1,107,1,0,0
1080,327.0,c,1,0.0,2,205,1,0,0
1573,327.0,d,1,0.0,2,205,1,0,0
2090,327.0,e,1,0.0,2,205,1,0,0
2710,327.0,f,1,0.0,3,304,1,0,0
3253,327.0,g,1,0.0,3,304,1,100,1
3775,327.0,h,1,0.0,3,304,1,0,0
4486,327.0,i,1,0.0,4,403,1,0,0
5084,327.0,j,1,0.0,4,403,1,0,0
5630,327.0,k,1,0.0,4,403,1,0,0
26,328.0,a,1,0.0,1,107,1,0,0
501,328.0,b,1,0.0,1,107,1,0,0
1057,328.0,c,1,0.0,2,204,1,0,0
1608,328.0,d,1,0.0,2,204,1,0,0
2134,328.0,e,1,0.0,2,204,1,0,0
2706,328.0,f,1,0.0,3,304,1,0,0
3273,328.0,g,1,0.0,3,304,1,0,0
3771,328.0,h,1,0.0,3,304,1,0,0
4415,328.0,i,1,0.0,4,404,1,0,0
5075,328.0,j,1,0.0,4,404,1,0,0
5576,328.0,k,1,0.0,4,404,1,0,0
25,329.0,a,1,0.0,1,107,1,0,0
500,329.0,b,1,0.0,1,107,1,0,0
1074,329.0,c,1,0.0,2,205,1,0,0
1579,329.0,d,1,0.0,2,205,1,1000,1
2096,329.0,e,1,0.0,2,205,1,1100,1
2806,329.0,f,1,0.0,3,305,1,1000,1
3266,329.0,g,1,0.0,3,305,1,0,0
3744,329.0,h,1,0.0,3,305,1,0,0
4521,329.0,i,1,0.0,4,405,1,0,0
7336,329.0,j,0,0.0,4,405,1,0,0
5512,329.0,k,1,0.0,4,405,1,0,0
24,330.0,a,1,0.0,1,107,1,0,0
510,330.0,b,1,0.0,1,107,1,0,0
1040,330.0,c,1,0.0,2,229,1,0,0
1499,330.0,d,1,0.0,2,229,1,0,0
2015,330.0,e,1,0.0,2,229,1,0,0
2798,330.0,f,1,0.0,3,344,1,0,0
3285,330.0,g,1,0.0,3,344,1,0,0
3733,330.0,h,1,0.0,3,344,1,0,0
4477,330.0,i,1,0.0,4,414,1,0,0
4961,330.0,j,1,0.0,4,414,1,0,0
5528,330.0,k,1,0.0,4,414,1,0,0
6145,330.0,l,0,3.0,4,434,1,0,0
6722,330.0,m,1,2.0,4,434,1,0,0
7242,330.0,n,0,1.0,4,434,1,0,0
23,331.0,a,1,0.0,1,107,0,0,0
499,331.0,b,1,0.0,1,107,0,0,0
1072,331.0,c,1,0.0,2,205,0,0,0
1584,331.0,d,0,0.0,2,205,0,0,0
2098,331.0,e,1,0.0,2,205,0,0,0
22,332.0,a,1,0.0,1,107,0,0,0
497,332.0,b,1,0.0,1,107,0,0,0
1071,332.0,c,1,0.0,2,205,0,0,0
1577,332.0,d,1,0.0,2,205,0,0,0
2099,332.0,e,1,0.0,2,205,0,0,0
2702,332.0,f,1,0.0,3,304,0,0,0
3277,332.0,g,1,0.0,3,304,0,0,0
3741,332.0,h,1,0.0,3,304,0,0,0
4518,332.0,i,1,0.0,4,405,0,0,0
4981,332.0,j,1,0.0,4,405,0,0,0
5511,332.0,k,1,0.0,4,405,0,0,0
231,333.0,a,1,0.0,2,201,0,0,0
665,333.0,b,0,0.0,2,201,0,0,0
1154,333.0,c,1,0.0,3,301,0,0,0
1624,333.0,d,0,0.0,3,301,0,0,0
2241,333.0,e,1,0.0,3,301,0,0,0
2794,333.0,f,1,3.0,3,305,0,0,0
3288,333.0,g,0,2.0,3,305,0,0,0
3729,333.0,h,1,1.0,3,305,0,0,0
4515,333.0,i,0,0.0,4,405,0,0,0
5068,333.0,j,1,0.0,4,405,0,0,0
5591,333.0,k,1,0.0,4,405,0,0,0
230,334.0,a,1,0.0,2,201,1,0,0
664,334.0,b,1,0.0,2,201,1,0,0
1152,334.0,c,1,0.0,3,301,1,0,0
1625,334.0,d,1,0.0,3,301,1,0,0
2240,334.0,e,1,0.0,3,301,1,0,0
2831,334.0,f,1,0.0,4,401,1,0,0
3335,334.0,g,1,0.0,4,401,1,0,0
3916,334.0,h,0,0.0,4,401,1,0,0
229,335.0,a,1,0.0,2,201,1,0,0
663,335.0,b,1,0.0,2,201,1,0,0
1151,335.0,c,1,0.0,3,301,1,0,0
1646,335.0,d,1,0.0,3,301,1,0,0
2239,335.0,e,1,0.0,3,301,1,0,0
2830,335.0,f,1,0.0,4,401,1,0,0
3336,335.0,g,1,0.0,4,401,1,0,0
3917,335.0,h,1,0.0,4,401,1,0,0
228,336.0,a,1,0.0,2,201,1,1100,1
634,336.0,b,1,0.0,2,201,1,0,0
1169,336.0,c,1,0.0,3,302,1,0,0
1723,336.0,d,1,0.0,3,302,1,0,0
2228,336.0,e,1,0.0,3,302,1,0,0
2828,336.0,f,1,0.0,4,401,1,0,0
3356,336.0,g,1,0.0,4,401,1,0,0
3912,336.0,h,1,0.0,4,401,1,0,0
227,337.0,a,1,0.0,2,201,1,0,0
633,337.0,b,1,0.0,2,201,1,0,0
1164,337.0,c,1,0.0,3,302,1,0,0
1718,337.0,d,1,0.0,3,302,1,0,0
2223,337.0,e,1,0.0,3,302,1,10,1
2822,337.0,f,1,0.0,4,401,1,0,0
3362,337.0,g,1,0.0,4,401,1,0,0
3891,337.0,h,1,0.0,4,401,1,0,0
226,338.0,a,1,0.0,2,201,1,0,0
632,338.0,b,1,0.0,2,201,1,0,0
1142,338.0,c,1,0.0,3,302,1,10,1
1715,338.0,d,1,0.0,3,302,1,0,0
2244,338.0,e,1,0.0,3,302,1,0,0
2779,338.0,f,1,3.0,3,305,1,0,0
3256,338.0,g,1,2.0,3,305,1,0,0
3714,338.0,h,1,1.0,3,305,1,0,0
4480,338.0,i,1,0.0,4,403,1,0,0
5028,338.0,j,1,0.0,4,403,1,0,0
5641,338.0,k,1,0.0,4,403,1,0,0
255,339.0,a,1,0.0,2,201,0,0,0
631,339.0,b,0,0.0,2,201,0,0,0
1141,339.0,c,1,0.0,3,302,0,0,0
1725,339.0,d,1,0.0,3,302,0,0,0
2245,339.0,e,1,0.0,3,302,0,0,0
2820,339.0,f,1,0.0,4,401,0,0,0
3364,339.0,g,0,0.0,4,401,0,0,0
3893,339.0,h,1,0.0,4,401,0,0,0
256,340.0,a,1,0.0,2,201,0,0,0
630,340.0,b,1,0.0,2,201,0,0,0
1127,340.0,c,1,0.0,3,302,0,0,0
1712,340.0,d,0,0.0,3,302,0,0,0
2267,340.0,e,1,0.0,3,302,0,0,0
2741,340.0,f,1,3.0,3,301,0,0,0
3311,340.0,g,1,2.0,3,301,0,0,0
3816,340.0,h,0,1.0,3,301,0,0,0
4500,340.0,i,0,0.0,4,402,0,0,0
4979,340.0,j,0,0.0,4,402,0,0,0
5620,340.0,k,1,0.0,4,402,0,0,0
257,341.0,a,1,0.0,2,201,0,0,0
629,341.0,b,1,0.0,2,201,0,0,0
1144,341.0,c,1,0.0,3,301,0,0,0
1639,341.0,d,1,0.0,3,301,0,0,0
2285,341.0,e,1,0.0,3,301,0,0,0
2819,341.0,f,1,0.0,4,401,0,0,0
3365,341.0,g,1,0.0,4,401,0,0,0
3894,341.0,h,0,0.0,4,401,0,0,0
258,342.0,a,1,0.0,2,201,1,0,0
628,342.0,b,1,0.0,2,201,1,0,0
262,343.0,a,1,0.0,2,201,1,0,0
627,343.0,b,1,0.0,2,201,1,0,0
1182,343.0,c,1,0.0,3,301,1,0,0
1633,343.0,d,1,0.0,3,301,1,0,0
2279,343.0,e,1,0.0,3,301,1,0,0
2858,343.0,f,1,0.0,4,402,1,0,0
3442,343.0,g,1,0.0,4,402,1,0,0
3961,343.0,h,1,0.0,4,402,1,0,0
261,344.0,a,1,0.0,2,201,1,0,0
558,344.0,b,1,0.0,2,201,1,0,0
1181,344.0,c,1,0.0,3,301,1,0,0
1632,344.0,d,1,0.0,3,301,1,0,0
2278,344.0,e,1,0.0,3,301,1,0,0
2814,344.0,f,1,0.0,4,401,1,0,0
3332,344.0,g,1,0.0,4,401,1,0,0
3899,344.0,h,1,0.0,4,401,1,0,0
260,345.0,a,1,0.0,2,201,1,0,0
557,345.0,b,1,0.0,2,201,1,0,0
1108,345.0,c,1,0.0,3,302,1,0,0
1707,345.0,d,1,0.0,3,302,1,0,0
2289,345.0,e,1,0.0,3,302,1,0,0
2813,345.0,f,1,0.0,4,401,1,0,0
3420,345.0,g,1,0.0,4,401,1,0,0
3900,345.0,h,1,0.0,4,401,1,0,0
276,346.0,a,1,0.0,2,201,0,0,0
556,346.0,b,0,0.0,2,201,0,0,0
1107,346.0,c,1,0.0,3,302,0,0,0
1706,346.0,d,1,0.0,3,302,0,0,0
2262,346.0,e,1,0.0,3,302,0,0,0
275,347.0,a,1,0.0,2,201,1,0,0
555,347.0,b,1,0.0,2,201,1,0,0
1177,347.0,c,1,0.0,3,301,1,0,0
1628,347.0,d,0,0.0,3,301,1,0,0
2274,347.0,e,1,0.0,3,301,1,0,0
2834,347.0,f,1,0.0,4,401,1,0,0
3417,347.0,g,1,0.0,4,401,1,0,0
3903,347.0,h,1,0.0,4,401,1,0,0
274,348.0,a,1,0.0,2,201,1,0,0
554,348.0,b,1,0.0,2,201,1,0,0
1175,348.0,c,1,0.0,3,301,1,0,0
1626,348.0,d,1,0.0,3,301,1,0,0
2272,348.0,e,1,0.0,3,301,1,0,0
2894,348.0,f,1,0.0,4,402,1,0,0
3436,348.0,g,1,0.0,4,402,1,0,0
3967,348.0,h,1,0.0,4,402,1,0,0
273,349.0,a,1,0.0,2,201,0,0,0
553,349.0,b,1,0.0,2,201,0,0,0
1174,349.0,c,1,0.0,3,301,0,0,0
1648,349.0,d,1,0.0,3,301,0,0,0
2271,349.0,e,1,0.0,3,301,0,0,0
2855,349.0,f,1,0.0,4,401,0,0,0
3413,349.0,g,1,0.0,4,401,0,0,0
3907,349.0,h,0,0.0,4,401,0,0,0
277,350.0,a,1,0.0,2,201,1,0,0
552,350.0,b,0,0.0,2,201,1,0,0
1101,350.0,c,1,0.0,3,302,1,0,0
1738,350.0,d,1,0.0,3,302,1,0,0
2230,350.0,e,1,0.0,3,302,1,0,0
2854,350.0,f,1,0.0,4,401,1,0,0
3412,350.0,g,0,0.0,4,401,1,0,0
3908,350.0,h,1,0.0,4,401,1,0,0
250,351.0,a,1,0.0,2,202,0,0,0
684,351.0,b,0,0.0,2,202,0,0,0
1156,351.0,c,1,0.0,3,301,0,0,0
1620,351.0,d,0,0.0,3,301,0,0,0
2269,351.0,e,1,0.0,3,301,0,0,0
249,352.0,a,1,0.0,2,202,1,0,0
683,352.0,b,1,0.0,2,202,1,0,0
1155,352.0,c,1,0.0,3,301,1,0,0
1622,352.0,d,1,0.0,3,301,1,0,0
2257,352.0,e,1,0.0,3,301,1,100,1
2832,352.0,f,1,0.0,4,401,1,0,0
3334,352.0,g,1,0.0,4,401,1,0,0
3915,352.0,h,1,0.0,4,401,1,0,0
248,353.0,a,1,0.0,2,202,1,0,0
682,353.0,b,1,0.0,2,202,1,0,0
1158,353.0,c,1,0.0,3,301,1,0,0
1623,353.0,d,1,0.0,3,301,1,0,0
2242,353.0,e,1,0.0,3,301,1,0,0
2850,353.0,f,1,0.0,4,402,1,0,0
3408,353.0,g,1,0.0,4,402,1,0,0
3920,353.0,h,1,0.0,4,402,1,0,0
247,354.0,a,1,0.0,2,202,1,0,0
681,354.0,b,1,0.0,2,202,1,0,0
1150,354.0,c,1,0.0,3,301,1,0,0
1645,354.0,d,0,0.0,3,301,1,0,0
2238,354.0,e,1,0.0,3,301,1,0,0
246,355.0,a,1,0.0,2,202,1,0,0
680,355.0,b,1,0.0,2,202,1,0,0
1148,355.0,c,1,0.0,3,301,1,0,0
1643,355.0,d,1,0.0,3,301,1,0,0
2236,355.0,e,1,0.0,3,301,1,0,0
2845,355.0,f,1,0.0,4,402,1,0,0
3403,355.0,g,1,0.0,4,402,1,0,0
3950,355.0,h,1,0.0,4,402,1,10,1
245,356.0,a,1,0.0,2,202,0,0,0
679,356.0,b,1,0.0,2,202,0,0,0
1167,356.0,c,1,0.0,3,302,0,0,0
1721,356.0,d,1,0.0,3,302,0,0,0
2226,356.0,e,1,0.0,3,302,0,0,0
2763,356.0,f,1,3.0,3,302,0,0,0
3328,356.0,g,1,2.0,3,302,0,0,0
3840,356.0,h,1,1.0,3,302,0,0,0
7335,356.0,i,0,0.0,4,402,0,0,0
4967,356.0,j,1,0.0,4,402,0,0,0
5551,356.0,k,1,0.0,4,402,0,0,0
244,357.0,a,1,0.0,2,202,0,0,0
678,357.0,b,1,0.0,2,202,0,0,0
1145,357.0,c,1,0.0,3,301,0,0,0
1640,357.0,d,1,0.0,3,301,0,0,0
2286,357.0,e,1,0.0,3,301,0,0,0
2742,357.0,f,1,3.0,3,301,0,0,0
3310,357.0,g,1,2.0,3,301,0,0,0
3817,357.0,h,1,1.0,3,301,0,0,0
4498,357.0,i,1,0.0,4,402,0,0,0
4969,357.0,j,1,0.0,4,402,0,0,0
5622,357.0,k,0,0.0,4,402,0,0,0
243,358.0,a,1,0.0,2,202,0,0,0
677,358.0,b,1,0.0,2,202,0,0,0
242,359.0,a,1,0.0,2,202,1,0,0
676,359.0,b,1,0.0,2,202,1,0,0
1112,359.0,c,1,0.0,3,302,1,0,0
1711,359.0,d,1,0.0,3,302,1,0,0
2266,359.0,e,1,0.0,3,302,1,0,0
2818,359.0,f,1,0.0,4,401,1,0,0
3376,359.0,g,1,0.0,4,401,1,0,0
3895,359.0,h,1,0.0,4,401,1,0,0
241,360.0,a,1,0.0,2,202,1,0,0
675,360.0,b,1,0.0,2,202,1,0,0
1111,360.0,c,1,0.0,3,302,1,0,0
1710,360.0,d,1,0.0,3,302,1,0,0
2265,360.0,e,1,0.0,3,302,1,0,0
2817,360.0,f,1,0.0,4,401,1,0,0
3366,360.0,g,1,0.0,4,401,1,0,0
3896,360.0,h,1,0.0,4,401,1,0,0
240,361.0,a,1,0.0,2,202,0,0,0
674,361.0,b,1,0.0,2,202,0,0,0
1110,361.0,c,1,0.0,3,302,0,0,0
1709,361.0,d,1,0.0,3,302,0,0,0
2264,361.0,e,1,0.0,3,302,0,100,1
2815,361.0,f,1,0.0,4,401,0,0,0
3447,361.0,g,1,0.0,4,401,0,0,0
3898,361.0,h,1,0.0,4,401,0,0,0
239,362.0,a,1,0.0,2,202,1,0,0
673,362.0,b,1,0.0,2,202,1,0,0
1180,362.0,c,1,0.0,3,301,1,0,0
1631,362.0,d,1,0.0,3,301,1,0,0
2277,362.0,e,1,0.0,3,301,1,0,0
2861,362.0,f,1,0.0,4,402,1,0,0
3439,362.0,g,1,0.0,4,402,1,0,0
3964,362.0,h,1,0.0,4,402,1,0,0
238,363.0,a,0,0.0,2,202,1,0,0
672,363.0,b,1,0.0,2,202,1,0,0
1179,363.0,c,1,0.0,3,301,1,0,0
1630,363.0,d,1,0.0,3,301,1,0,0
2276,363.0,e,1,0.0,3,301,1,0,0
2812,363.0,f,1,0.0,4,401,1,0,0
3419,363.0,g,1,0.0,4,401,1,0,0
3901,363.0,h,1,0.0,4,401,1,0,0
237,364.0,a,1,0.0,2,202,1,0,0
671,364.0,b,1,0.0,2,202,1,0,0
1178,364.0,c,1,0.0,3,301,1,0,0
1629,364.0,d,1,0.0,3,301,1,100,1
2275,364.0,e,1,0.0,3,301,1,100,1
2833,364.0,f,1,0.0,4,401,1,0,0
3418,364.0,g,1,0.0,4,401,1,0,0
3902,364.0,h,1,0.0,4,401,1,0,0
236,365.0,a,1,0.0,2,202,1,0,0
670,365.0,b,1,0.0,2,202,1,0,0
1176,365.0,c,1,0.0,3,301,1,0,0
1627,365.0,d,1,0.0,3,301,1,100,1
2273,365.0,e,1,0.0,3,301,1,0,0
2857,365.0,f,1,0.0,4,401,1,0,0
3416,365.0,g,1,0.0,4,401,1,0,0
3904,365.0,h,1,0.0,4,401,1,0,0
235,366.0,a,1,0.0,2,202,1,0,0
669,366.0,b,1,0.0,2,202,1,0,0
1106,366.0,c,1,0.0,3,302,1,0,0
1705,366.0,d,1,0.0,3,302,1,0,0
2261,366.0,e,1,0.0,3,302,1,0,0
234,367.0,a,1,0.0,2,202,0,0,0
668,367.0,b,1,0.0,2,202,0,0,0
1105,367.0,c,1,0.0,3,302,0,0,0
1704,367.0,d,1,0.0,3,302,0,0,0
2260,367.0,e,1,0.0,3,302,0,0,0
2835,367.0,f,1,0.0,4,401,0,0,0
3415,367.0,g,1,0.0,4,401,0,0,0
3905,367.0,h,1,0.0,4,401,0,0,0
233,368.0,a,1,0.0,2,202,0,0,0
667,368.0,b,1,0.0,2,202,0,0,0
994,368.0,c,1,3.0,2,201,0,0,0
1539,368.0,d,1,2.0,2,201,0,0,0
2147,368.0,e,1,1.0,2,201,0,0,0
2731,368.0,f,1,0.0,3,301,0,0,0
3321,368.0,g,1,0.0,3,301,0,0,0
3829,368.0,h,1,0.0,3,301,0,0,0
232,369.0,a,0,0.0,2,202,0,0,0
666,369.0,b,0,0.0,2,202,0,0,0
152,370.0,a,1,0.0,2,203,1,0,0
647,370.0,b,1,0.0,2,203,1,0,0
1184,370.0,c,1,0.0,3,302,1,100,1
1649,370.0,d,1,0.0,3,302,1,0,0
2234,370.0,e,1,0.0,3,302,1,0,0
2853,370.0,f,1,0.0,4,402,1,0,0
3411,370.0,g,1,0.0,4,402,1,10,1
3913,370.0,h,1,0.0,4,402,1,0,0
153,371.0,a,1,0.0,2,203,0,0,0
645,371.0,b,1,0.0,2,203,0,0,0
1171,371.0,c,1,0.0,3,302,0,0,0
1651,371.0,d,0,0.0,3,302,0,0,0
2232,371.0,e,1,0.0,3,302,0,0,0
154,372.0,a,1,0.0,2,203,0,0,0
644,372.0,b,1,0.0,2,203,0,0,0
1170,372.0,c,1,0.0,3,302,0,0,0
1724,372.0,d,1,0.0,3,302,0,0,0
2231,372.0,e,1,0.0,3,302,0,0,0
2829,372.0,f,1,0.0,4,401,0,0,0
3355,372.0,g,1,0.0,4,401,0,0,0
3918,372.0,h,1,0.0,4,401,0,0,0
155,373.0,a,1,0.0,2,203,1,0,0
643,373.0,b,1,0.0,2,203,1,0,0
1168,373.0,c,1,0.0,3,302,1,0,0
1722,373.0,d,1,0.0,3,302,1,0,0
2227,373.0,e,1,0.0,3,302,1,0,0
2827,373.0,f,1,0.0,4,401,1,0,0
3357,373.0,g,1,0.0,4,401,1,0,0
3911,373.0,h,1,0.0,4,401,1,0,0
156,374.0,a,0,0.0,2,203,0,0,0
642,374.0,b,1,0.0,2,203,0,0,0
1149,374.0,c,1,0.0,3,301,0,0,0
1644,374.0,d,1,0.0,3,301,0,0,0
2237,374.0,e,1,0.0,3,301,0,0,0
2826,374.0,f,1,0.0,4,401,0,0,0
3358,374.0,g,1,0.0,4,401,0,0,0
3910,374.0,h,1,0.0,4,401,0,0,0
157,375.0,a,0,0.0,2,203,0,0,0
641,375.0,b,1,0.0,2,203,0,0,0
1147,375.0,c,1,0.0,3,301,0,0,0
1642,375.0,d,1,0.0,3,301,0,0,0
2235,375.0,e,1,0.0,3,301,0,0,0
2825,375.0,f,1,0.0,4,401,0,0,0
3359,375.0,g,1,0.0,4,401,0,0,0
3909,375.0,h,1,0.0,4,401,0,0,0
158,376.0,a,1,0.0,2,203,1,0,0
640,376.0,b,0,0.0,2,203,1,0,0
1146,376.0,c,1,0.0,3,301,1,0,0
1641,376.0,d,1,0.0,3,301,1,0,0
2287,376.0,e,1,0.0,3,301,1,0,0
2824,376.0,f,1,0.0,4,401,1,0,0
3360,376.0,g,1,0.0,4,401,1,0,0
3889,376.0,h,1,0.0,4,401,1,0,0
159,377.0,a,1,0.0,2,203,0,0,0
639,377.0,b,1,0.0,2,203,0,0,0
1166,377.0,c,1,0.0,3,302,0,0,0
1720,377.0,d,0,0.0,3,302,0,0,0
2225,377.0,e,1,0.0,3,302,0,0,0
160,378.0,a,1,0.0,2,203,0,0,0
638,378.0,b,1,0.0,2,203,0,0,0
1163,378.0,c,1,0.0,3,302,0,0,0
1717,378.0,d,1,0.0,3,302,0,0,0
2222,378.0,e,1,0.0,3,302,0,0,0
2821,378.0,f,1,0.0,4,401,0,0,0
3363,378.0,g,1,0.0,4,401,0,0,0
3892,378.0,h,1,0.0,4,401,0,0,0
161,379.0,a,1,0.0,2,203,0,0,0
637,379.0,b,1,0.0,2,203,0,0,0
1140,379.0,c,1,0.0,3,302,0,0,0
1714,379.0,d,1,0.0,3,302,0,0,0
2246,379.0,e,1,0.0,3,302,0,0,0
2839,379.0,f,1,0.0,4,402,0,0,0
3423,379.0,g,1,0.0,4,402,0,0,0
3957,379.0,h,1,0.0,4,402,0,0,0
162,380.0,a,1,0.0,2,203,0,0,0
636,380.0,b,1,0.0,2,203,0,0,0
1143,380.0,c,1,0.0,3,301,0,0,0
1638,380.0,d,1,0.0,3,301,0,0,0
2284,380.0,e,1,0.0,3,301,0,0,0
186,381.0,a,0,0.0,2,203,1,0,0
635,381.0,b,1,0.0,2,203,1,0,0
1160,381.0,c,1,0.0,3,301,1,0,0
1647,381.0,d,1,0.0,3,301,1,0,0
2288,381.0,e,1,0.0,3,301,1,0,0
2836,381.0,f,1,0.0,4,402,1,0,0
3444,381.0,g,1,0.0,4,402,1,0,0
3959,381.0,h,1,0.0,4,402,1,0,0
224,382.0,a,1,0.0,2,203,0,0,0
646,382.0,b,1,0.0,2,203,0,0,0
1172,382.0,c,1,0.0,3,301,0,0,0
1636,382.0,d,1,0.0,3,301,0,0,0
2282,382.0,e,1,0.0,3,301,0,0,0
2816,382.0,f,1,0.0,4,401,0,0,0
3367,382.0,g,1,0.0,4,401,0,0,0
3897,382.0,h,0,0.0,4,401,0,0,0
259,383.0,a,1,0.0,2,203,1,0,0
660,383.0,b,0,0.0,2,203,1,0,0
1161,383.0,c,1,0.0,3,301,1,0,0
1635,383.0,d,1,0.0,3,301,1,0,0
2281,383.0,e,1,0.0,3,301,1,0,0
2768,383.0,f,0,3.0,3,302,1,0,0
3226,383.0,g,0,2.0,3,302,1,0,0
3832,383.0,h,1,1.0,3,302,1,10,1
225,384.0,a,1,0.0,2,203,0,0,0
661,384.0,b,0,0.0,2,203,0,0,0
1183,384.0,c,0,0.0,3,301,0,0,0
1634,384.0,d,1,0.0,3,301,0,0,0
2280,384.0,e,1,0.0,3,301,0,0,0
2767,384.0,f,1,3.0,3,302,0,0,0
3227,384.0,g,1,2.0,3,302,0,0,0
3831,384.0,h,1,1.0,3,302,0,0,0
4513,384.0,i,1,0.0,4,402,0,0,0
5016,384.0,j,1,0.0,4,402,0,0,0
5617,384.0,k,1,0.0,4,402,0,0,0
254,385.0,a,1,0.0,2,203,0,0,0
662,385.0,b,1,0.0,2,203,0,0,0
1109,385.0,c,1,0.0,3,302,0,0,0
1708,385.0,d,1,0.0,3,302,0,0,0
2263,385.0,e,1,0.0,3,302,0,0,0
2860,385.0,f,1,0.0,4,402,0,0,0
3440,385.0,g,1,0.0,4,402,0,0,0
3963,385.0,h,1,0.0,4,402,0,0,0
253,386.0,a,1,0.0,2,203,0,0,0
687,386.0,b,1,0.0,2,203,0,1,1
1104,386.0,c,1,0.0,3,302,0,1,1
1703,386.0,d,1,0.0,3,302,0,1,1
2259,386.0,e,1,0.0,3,302,0,10,1
2687,386.0,f,1,3.0,3,303,0,0,0
3207,386.0,g,1,2.0,3,303,0,0,0
3767,386.0,h,1,1.0,3,303,0,1011,1
4487,386.0,i,1,0.0,4,403,0,0,0
5080,386.0,j,1,0.0,4,403,0,1100,1
5629,386.0,k,1,0.0,4,403,0,1,1
252,387.0,a,1,0.0,2,203,1,0,0
686,387.0,b,1,0.0,2,203,1,0,0
1103,387.0,c,1,0.0,3,302,1,10,1
1713,387.0,d,1,0.0,3,302,1,0,0
2268,387.0,e,1,0.0,3,302,1,0,0
2856,387.0,f,0,0.0,4,401,1,0,0
3414,387.0,g,0,0.0,4,401,1,0,0
3906,387.0,h,0,0.0,4,401,1,0,0
251,388.0,a,1,0.0,2,203,1,0,0
685,388.0,b,1,0.0,2,203,1,0,0
1100,388.0,c,1,0.0,3,302,1,0,0
1727,388.0,d,1,0.0,3,302,1,0,0
2229,388.0,e,1,0.0,3,302,1,0,0
2728,388.0,f,1,3.0,3,301,1,0,0
3324,388.0,g,1,2.0,3,301,1,0,0
3844,388.0,h,1,1.0,3,301,1,0,0
4512,388.0,i,1,0.0,4,402,1,0,0
5006,388.0,j,1,0.0,4,402,1,0,0
5607,388.0,k,1,0.0,4,402,1,0,0
171,389.0,a,1,0.0,2,204,1,0,0
624,389.0,b,1,0.0,2,204,1,0,0
1122,389.0,c,1,0.0,3,304,1,0,0
1670,389.0,d,1,0.0,3,304,1,0,0
2194,389.0,e,1,0.0,3,304,1,0,0
2851,389.0,f,1,0.0,4,402,1,0,0
3409,389.0,g,1,0.0,4,402,1,0,0
3956,389.0,h,1,0.0,4,402,1,0,0
4516,389.0,i,1,3.0,4,405,1,0,0
5079,389.0,j,1,2.0,4,405,1,0,0
5592,389.0,k,0,1.0,4,405,1,0,0
172,390.0,a,1,0.0,2,204,0,0,0
625,390.0,b,1,0.0,2,204,0,0,0
1099,390.0,c,1,0.0,3,303,0,0,0
1749,390.0,d,1,0.0,3,303,0,0,0
2256,390.0,e,1,0.0,3,303,0,0,0
2887,390.0,f,1,0.0,4,403,0,0,0
3430,390.0,g,1,0.0,4,403,0,0,0
3923,390.0,h,1,0.0,4,403,0,0,0
173,391.0,a,0,0.0,2,204,0,0,0
688,391.0,b,1,0.0,2,204,0,0,0
1121,391.0,c,1,0.0,3,304,0,0,0
1669,391.0,d,0,0.0,3,304,0,0,0
2216,391.0,e,1,0.0,3,304,0,0,0
2849,391.0,f,1,0.0,4,402,0,0,0
3407,391.0,g,1,0.0,4,402,0,0,0
3946,391.0,h,0,0.0,4,402,0,0,0
175,392.0,a,1,0.0,2,204,0,11,1
626,392.0,b,1,0.0,2,204,0,1,1
1190,392.0,c,1,0.0,3,305,0,1,1
1693,392.0,d,1,0.0,3,305,0,1,1
2199,392.0,e,1,0.0,3,305,0,1,1
2884,392.0,f,1,0.0,4,403,0,0,0
3427,392.0,g,1,0.0,4,403,0,1,1
3926,392.0,h,1,0.0,4,403,0,10,1
182,393.0,a,0,0.0,2,204,0,0,0
658,393.0,b,1,0.0,2,204,0,0,0
1120,393.0,c,1,0.0,3,304,0,0,0
1668,393.0,d,1,0.0,3,304,0,0,0
2215,393.0,e,1,0.0,3,304,0,0,0
2912,393.0,f,1,0.0,4,404,0,0,0
3377,393.0,g,1,0.0,4,404,0,0,0
3869,393.0,h,1,0.0,4,404,0,0,0
176,394.0,a,1,0.0,2,204,1,0,0
657,394.0,b,1,0.0,2,204,1,0,0
1197,394.0,c,1,0.0,3,305,1,0,0
1689,394.0,d,1,0.0,3,305,1,0,0
2195,394.0,e,1,0.0,3,305,1,0,0
2754,394.0,f,1,3.0,3,303,1,0,0
3240,394.0,g,1,2.0,3,303,1,0,0
3806,394.0,h,1,1.0,3,303,1,0,0
4426,394.0,i,1,0.0,4,405,1,0,0
5065,394.0,j,1,0.0,4,405,1,0,0
5589,394.0,k,1,0.0,4,405,1,0,0
6180,394.0,l,1,3.0,4,402,1,0,0
6689,394.0,m,1,2.0,4,402,1,0,0
7297,394.0,n,1,1.0,4,402,1,0,0
177,395.0,a,1,0.0,2,204,1,0,0
656,395.0,b,1,0.0,2,204,1,0,0
1231,395.0,c,1,0.0,3,305,1,0,0
1684,395.0,d,1,0.0,3,305,1,0,0
2166,395.0,e,1,0.0,3,305,1,0,0
2906,395.0,f,1,0.0,4,404,1,0,0
3347,395.0,g,1,0.0,4,404,1,0,0
3873,395.0,h,1,0.0,4,404,1,0,0
178,396.0,a,1,0.0,2,204,0,0,0
655,396.0,b,1,0.0,2,204,0,0,0
1210,396.0,c,1,0.0,3,304,0,0,0
1662,396.0,d,1,0.0,3,304,0,0,0
2209,396.0,e,1,0.0,3,304,0,0,0
2898,396.0,f,1,0.0,4,403,0,0,0
3390,396.0,g,1,0.0,4,403,0,0,0
3939,396.0,h,1,0.0,4,403,0,0,0
179,397.0,a,1,0.0,2,204,0,0,0
654,397.0,b,1,0.0,2,204,0,0,0
1222,397.0,c,1,0.0,3,305,0,0,0
1761,397.0,d,0,0.0,3,305,0,0,0
2156,397.0,e,1,0.0,3,305,0,0,0
2838,397.0,f,0,0.0,4,402,0,0,0
3424,397.0,g,1,0.0,4,402,0,0,0
3968,397.0,h,1,0.0,4,402,0,0,0
180,398.0,a,1,0.0,2,204,0,0,0
653,398.0,b,1,0.0,2,204,0,0,0
1208,398.0,c,1,0.0,3,304,0,0,0
1660,398.0,d,1,0.0,3,304,0,0,0
2207,398.0,e,1,0.0,3,304,0,0,0
2874,398.0,f,1,0.0,4,404,0,0,0
3338,398.0,g,1,0.0,4,404,0,0,0
3861,398.0,h,1,0.0,4,404,0,0,0
4383,398.0,i,1,3.0,4,405,0,0,0
4991,398.0,j,1,2.0,4,405,0,0,0
5577,398.0,k,1,1.0,4,405,0,0,0
181,399.0,a,1,0.0,2,204,1,0,0
652,399.0,b,1,0.0,2,204,1,0,0
1114,399.0,c,1,0.0,3,303,1,0,0
1740,399.0,d,1,0.0,3,303,1,0,0
2247,399.0,e,1,0.0,3,303,1,1000,1
2837,399.0,f,1,0.0,4,402,1,0,0
3445,399.0,g,1,0.0,4,402,1,1000,1
3958,399.0,h,1,0.0,4,402,1,0,0
167,400.0,a,1,0.0,2,204,1,0,0
651,400.0,b,1,0.0,2,204,1,10,1
1136,400.0,c,1,0.0,3,303,1,10,1
1735,400.0,d,1,0.0,3,303,1,0,0
2190,400.0,e,1,0.0,3,303,1,0,0
2870,400.0,f,1,0.0,4,404,1,0,0
3353,400.0,g,1,0.0,4,404,1,0,0
3848,400.0,h,1,0.0,4,404,1,0,0
166,401.0,a,1,0.0,2,204,1,0,0
650,401.0,b,1,0.0,2,204,1,0,0
1215,401.0,c,1,0.0,3,305,1,0,0
1756,401.0,d,1,0.0,3,305,1,0,0
2150,401.0,e,1,0.0,3,305,1,0,0
2869,401.0,f,1,0.0,4,404,1,0,0
3375,401.0,g,1,0.0,4,404,1,0,0
3850,401.0,h,0,0.0,4,404,1,0,0
165,402.0,a,1,0.0,2,204,1,0,0
649,402.0,b,1,0.0,2,204,1,0,0
1129,402.0,c,1,0.0,3,303,1,0,0
1728,402.0,d,1,0.0,3,303,1,0,0
2183,402.0,e,1,0.0,3,303,1,0,0
2863,402.0,f,1,0.0,4,404,1,0,0
3369,402.0,g,1,0.0,4,404,1,0,0
3856,402.0,h,0,0.0,4,404,1,0,0
4476,402.0,i,1,3.0,4,414,1,0,0
4960,402.0,j,1,2.0,4,414,1,0,0
5529,402.0,k,1,1.0,4,414,1,0,0
164,403.0,a,1,0.0,2,204,1,0,0
648,403.0,b,1,0.0,2,204,1,0,0
1196,403.0,c,0,0.0,3,304,1,0,0
1676,403.0,d,1,0.0,3,304,1,0,0
2192,403.0,e,1,0.0,3,304,1,0,0
2889,403.0,f,1,0.0,4,402,1,0,0
3432,403.0,g,1,0.0,4,402,1,0,0
3921,403.0,h,1,0.0,4,402,1,0,0
163,404.0,a,1,0.0,2,204,0,0,0
659,404.0,b,0,0.0,2,204,0,0,0
1195,404.0,c,1,0.0,3,304,0,0,0
1698,404.0,d,1,0.0,3,304,0,0,0
2193,404.0,e,1,0.0,3,304,0,0,0
142,405.0,a,1,0.0,2,209,1,0,0
593,405.0,b,1,0.0,2,209,1,0,0
1126,405.0,c,1,0.0,3,339,1,0,0
1700,405.0,d,1,0.0,3,339,1,0,0
2180,405.0,e,1,0.0,3,339,1,0,0
174,406.0,a,0,0.0,2,209,0,0,0
592,406.0,b,1,0.0,2,209,0,0,0
1125,406.0,c,0,0.0,3,339,0,0,0
1687,406.0,d,0,0.0,3,339,0,0,0
2179,406.0,e,1,0.0,3,339,0,0,0
149,407.0,a,0,0.0,2,209,0,0,0
591,407.0,b,1,0.0,2,209,0,0,0
150,408.0,a,1,0.0,2,209,0,0,0
590,408.0,b,1,0.0,2,209,0,0,0
168,409.0,a,1,0.0,2,209,1,0,0
589,409.0,b,1,0.0,2,209,1,0,0
1045,409.0,c,1,3.0,2,229,1,0,0
1497,409.0,d,1,2.0,2,229,1,0,0
2048,409.0,e,1,1.0,2,229,1,0,0
169,410.0,a,1,0.0,2,209,1,0,0
588,410.0,b,1,0.0,2,209,1,0,0
989,410.0,c,1,3.0,2,219,1,0,0
1548,410.0,d,1,2.0,2,219,1,0,0
2061,410.0,e,1,1.0,2,219,1,0,0
2799,410.0,f,1,0.0,3,344,1,0,0
3283,410.0,g,1,0.0,3,344,1,0,0
3734,410.0,h,1,0.0,3,344,1,0,0
170,411.0,a,1,0.0,2,209,1,100,1
587,411.0,b,1,0.0,2,209,1,0,0
1123,411.0,c,0,0.0,3,339,1,0,0
1671,411.0,d,1,0.0,3,339,1,0,0
2177,411.0,e,1,0.0,3,339,1,100,1
212,412.0,a,0,0.0,2,205,0,0,0
598,412.0,b,0,0.0,2,205,0,0,0
211,413.0,a,0,0.0,2,205,1,0,0
586,413.0,b,0,0.0,2,205,1,0,0
210,414.0,a,1,0.0,2,205,1,0,0
610,414.0,b,1,0.0,2,205,1,0,0
1098,414.0,c,1,0.0,3,303,1,0,0
1748,414.0,d,1,0.0,3,303,1,0,0
2255,414.0,e,1,0.0,3,303,1,0,0
2885,414.0,f,1,0.0,4,403,1,0,0
3428,414.0,g,1,0.0,4,403,1,0,0
3925,414.0,h,0,0.0,4,403,1,0,0
209,415.0,a,1,0.0,2,205,1,0,0
609,415.0,b,1,0.0,2,205,1,0,0
1188,415.0,c,1,0.0,3,305,1,0,0
1691,415.0,d,0,0.0,3,305,1,0,0
2197,415.0,e,1,0.0,3,305,1,0,0
2750,415.0,f,1,3.0,3,344,1,0,0
3279,415.0,g,1,2.0,3,344,1,0,0
3738,415.0,h,1,1.0,3,344,1,0,0
4473,415.0,i,1,0.0,4,414,1,0,0
4957,415.0,j,1,0.0,4,414,1,0,0
5532,415.0,k,1,0.0,4,414,1,0,0
208,416.0,a,1,0.0,2,205,0,0,0
608,416.0,b,1,0.0,2,205,0,0,0
1221,416.0,c,1,0.0,3,305,0,0,0
1688,416.0,d,1,0.0,3,305,0,0,0
2205,416.0,e,1,0.0,3,305,0,0,0
2846,416.0,f,1,0.0,4,402,0,0,0
3404,416.0,g,1,0.0,4,402,0,0,0
3949,416.0,h,1,0.0,4,402,0,0,0
207,417.0,a,1,0.0,2,205,1,0,0
607,417.0,b,1,0.0,2,205,1,0,0
1232,417.0,c,1,0.0,3,305,1,0,0
1685,417.0,d,0,0.0,3,305,1,0,0
2167,417.0,e,1,0.0,3,305,1,0,0
206,418.0,a,1,0.0,2,205,1,0,0
606,418.0,b,1,0.0,2,205,1,0,0
1095,418.0,c,1,0.0,3,303,1,0,0
1745,418.0,d,1,0.0,3,303,1,0,0
2252,418.0,e,1,0.0,3,303,1,0,0
2907,418.0,f,0,0.0,4,404,1,0,0
205,419.0,a,1,0.0,2,205,0,0,0
605,419.0,b,1,0.0,2,205,0,0,0
1229,419.0,c,1,0.0,3,305,0,0,0
1682,419.0,d,1,0.0,3,305,0,0,0
2164,419.0,e,1,0.0,3,305,0,0,0
2880,419.0,f,1,0.0,4,403,0,0,0
3396,419.0,g,1,0.0,4,403,0,0,0
3932,419.0,h,1,0.0,4,403,0,0,0
204,420.0,a,0,0.0,2,205,1,0,0
604,420.0,b,1,0.0,2,205,1,0,0
185,421.0,a,1,0.0,2,205,1,0,0
603,421.0,b,1,0.0,2,205,1,0,0
1192,421.0,c,1,0.0,3,349,1,0,0
1695,421.0,d,1,0.0,3,349,1,0,0
2201,421.0,e,1,0.0,3,349,1,0,0
2878,421.0,f,1,0.0,4,403,1,0,0
3394,421.0,g,1,0.0,4,403,1,1,1
3934,421.0,h,1,0.0,4,403,1,0,0
223,422.0,a,1,0.0,2,205,1,0,0
602,422.0,b,0,0.0,2,205,1,0,0
1224,422.0,c,1,0.0,3,305,1,1,1
1677,422.0,d,1,0.0,3,305,1,10,1
2159,422.0,e,1,0.0,3,305,1,1,1
2876,422.0,f,1,0.0,4,403,1,1,1
3392,422.0,g,1,0.0,4,403,1,1,1
3937,422.0,h,1,0.0,4,403,1,10,1
183,423.0,a,1,0.0,2,205,1,0,0
601,423.0,b,1,0.0,2,205,1,0,0
1092,423.0,c,1,0.0,3,303,1,0,0
1742,423.0,d,1,0.0,3,303,1,0,0
2249,423.0,e,1,0.0,3,303,1,0,0
2780,423.0,f,0,3.0,3,305,1,0,0
3255,423.0,g,1,2.0,3,305,1,0,0
3715,423.0,h,1,1.0,3,305,1,0,0
4478,423.0,i,1,0.0,4,403,1,0,0
5030,423.0,j,1,0.0,4,403,1,0,0
5643,423.0,k,1,0.0,4,403,1,1000,1
151,424.0,a,1,0.0,2,205,1,0,0
600,424.0,b,1,0.0,2,205,1,0,0
1233,424.0,c,1,0.0,3,305,1,0,0
1752,424.0,d,1,0.0,3,305,1,0,0
2157,424.0,e,1,0.0,3,305,1,0,0
2875,424.0,f,1,0.0,4,404,1,0,0
3340,424.0,g,1,0.0,4,404,1,0,0
3881,424.0,h,1,0.0,4,404,1,0,0
147,425.0,a,1,0.0,2,205,1,0,0
611,425.0,b,0,0.0,2,205,1,0,0
1113,425.0,c,1,0.0,3,303,1,0,0
1741,425.0,d,1,0.0,3,303,1,0,0
2248,425.0,e,1,0.0,3,303,1,0,0
2911,425.0,f,1,0.0,4,404,1,0,0
3339,425.0,g,1,0.0,4,404,1,0,0
3882,425.0,h,1,0.0,4,404,1,0,0
143,426.0,a,1,0.0,2,205,1,0,0
599,426.0,b,1,0.0,2,205,1,0,0
1220,426.0,c,1,0.0,3,305,1,0,0
1753,426.0,d,1,0.0,3,305,1,0,0
2155,426.0,e,1,0.0,3,305,1,0,0
2900,426.0,f,1,0.0,4,403,1,0,0
3388,426.0,g,1,0.0,4,403,1,0,0
3941,426.0,h,1,0.0,4,403,1,0,0
144,427.0,a,1,0.0,2,205,1,0,0
597,427.0,b,0,0.0,2,205,1,0,0
1218,427.0,c,1,0.0,3,305,1,0,0
1759,427.0,d,0,0.0,3,305,1,0,0
2153,427.0,e,1,0.0,3,305,1,0,0
145,428.0,a,1,0.0,2,205,1,0,0
596,428.0,b,1,0.0,2,205,1,0,0
1217,428.0,c,1,0.0,3,305,1,0,0
1758,428.0,d,1,0.0,3,305,1,0,0
2152,428.0,e,1,0.0,3,305,1,0,0
2713,428.0,f,1,3.0,3,304,1,0,0
3219,428.0,g,1,2.0,3,304,1,0,0
3778,428.0,h,0,1.0,3,304,1,0,0
148,429.0,a,0,0.0,2,205,0,0,0
595,429.0,b,1,0.0,2,205,0,0,0
1128,429.0,c,1,0.0,3,303,0,0,0
1701,429.0,d,1,0.0,3,303,0,0,0
2181,429.0,e,1,0.0,3,303,0,0,0
2891,429.0,f,1,0.0,4,402,0,0,0
3434,429.0,g,1,0.0,4,402,0,0,0
3943,429.0,h,1,0.0,4,402,0,0,0
146,430.0,a,1,0.0,2,205,1,0,0
594,430.0,b,1,0.0,2,205,1,0,0
1198,430.0,c,1,0.0,3,304,1,0,0
1675,430.0,d,1,0.0,3,304,1,0,0
2191,430.0,e,1,0.0,3,304,1,0,0
2805,430.0,f,1,3.0,3,305,1,0,0
3268,430.0,g,0,2.0,3,305,1,0,0
3745,430.0,h,0,1.0,3,305,1,0,0
200,431.0,a,1,0.0,2,206,0,0,0
575,431.0,b,1,0.0,2,206,0,0,0
1096,431.0,c,1,0.0,3,303,0,0,0
1746,431.0,d,1,0.0,3,303,0,0,0
2253,431.0,e,1,0.0,3,303,0,0,0
2883,431.0,f,1,0.0,4,403,0,0,0
3425,431.0,g,1,0.0,4,403,0,0,0
3928,431.0,h,1,0.0,4,403,0,0,0
196,432.0,a,1,0.0,2,206,0,0,0
574,432.0,b,1,0.0,2,206,0,0,0
1211,432.0,c,1,0.0,3,305,0,1000,1
1699,432.0,d,1,0.0,3,305,0,1000,1
2169,432.0,e,1,0.0,3,305,0,0,0
197,433.0,a,1,0.0,2,206,1,0,0
551,433.0,b,1,0.0,2,206,1,0,0
1212,433.0,c,1,0.0,3,305,1,0,0
1686,433.0,d,1,0.0,3,305,1,0,0
2168,433.0,e,1,0.0,3,305,1,0,0
198,434.0,a,1,0.0,2,206,1,0,0
573,434.0,b,1,0.0,2,206,1,0,0
1026,434.0,c,1,3.0,2,203,1,1,1
1515,434.0,d,1,2.0,2,203,1,0,0
2016,434.0,e,1,1.0,2,203,1,0,0
2776,434.0,f,1,0.0,3,344,1,0,0
3280,434.0,g,1,0.0,3,344,1,0,0
3737,434.0,h,1,0.0,3,344,1,0,0
4474,434.0,i,1,0.0,4,414,1,0,0
4958,434.0,j,1,0.0,4,414,1,0,0
5531,434.0,k,0,0.0,4,414,1,0,0
199,435.0,a,1,0.0,2,206,1,0,0
572,435.0,b,1,0.0,2,206,1,0,0
263,436.0,a,1,0.0,2,206,0,0,0
583,436.0,b,1,0.0,2,206,0,0,0
1117,436.0,c,1,0.0,3,304,0,0,0
1665,436.0,d,1,0.0,3,304,0,0,0
2212,436.0,e,1,0.0,3,304,0,0,0
2844,436.0,f,1,0.0,4,402,0,0,0
3402,436.0,g,1,0.0,4,402,0,0,0
3951,436.0,h,1,0.0,4,402,0,0,0
264,437.0,a,0,0.0,2,206,0,0,0
571,437.0,b,0,0.0,2,206,0,0,0
1227,437.0,c,1,0.0,3,305,0,0,0
1680,437.0,d,1,0.0,3,305,0,0,0
2162,437.0,e,1,0.0,3,305,0,0,0
2843,437.0,f,1,0.0,4,402,0,0,0
3401,437.0,g,1,0.0,4,402,0,0,0
3952,437.0,h,1,0.0,4,402,0,0,0
265,438.0,a,1,0.0,2,206,0,100,1
569,438.0,b,1,0.0,2,206,0,100,1
1094,438.0,c,1,0.0,3,303,0,100,1
1744,438.0,d,1,0.0,3,303,0,0,0
2251,438.0,e,1,0.0,3,303,0,0,0
2786,438.0,f,1,3.0,3,305,0,0,0
3296,438.0,g,1,2.0,3,305,0,0,0
3721,438.0,h,1,1.0,3,305,0,0,0
4391,438.0,i,1,0.0,4,404,0,0,0
5038,438.0,j,1,0.0,4,404,0,0,0
5562,438.0,k,1,0.0,4,404,0,0,0
266,439.0,a,1,0.0,2,206,1,0,0
568,439.0,b,1,0.0,2,206,1,0,0
1193,439.0,c,1,0.0,3,349,1,0,0
1696,439.0,d,1,0.0,3,349,1,0,0
2202,439.0,e,1,0.0,3,349,1,100,1
2777,439.0,f,1,3.0,3,344,1,0,0
3282,439.0,g,1,2.0,3,344,1,0,0
3735,439.0,h,1,1.0,3,344,1,0,0
267,440.0,a,1,0.0,2,206,1,0,0
567,440.0,b,1,0.0,2,206,1,0,0
1225,440.0,c,1,0.0,3,305,1,0,0
1678,440.0,d,1,0.0,3,305,1,1,1
2160,440.0,e,1,0.0,3,305,1,0,0
2902,440.0,f,1,0.0,4,404,1,0,0
3342,440.0,g,1,0.0,4,404,1,0,0
3879,440.0,h,1,0.0,4,404,1,0,0
268,441.0,a,1,0.0,2,206,1,0,0
566,441.0,b,1,0.0,2,206,1,0,0
1207,441.0,c,1,0.0,3,304,1,0,0
1659,441.0,d,1,0.0,3,304,1,0,0
2217,441.0,e,1,0.0,3,304,1,0,0
2677,441.0,f,1,3.0,3,334,1,0,0
3204,441.0,g,1,2.0,3,334,1,0,0
3791,441.0,h,1,1.0,3,334,1,0,0
4488,441.0,i,1,0.0,4,424,1,0,0
5002,441.0,j,1,0.0,4,424,1,0,0
5603,441.0,k,1,0.0,4,424,1,0,0
269,442.0,a,1,0.0,2,206,1,0,0
565,442.0,b,1,0.0,2,206,1,0,0
1206,442.0,c,1,0.0,3,304,1,0,0
1658,442.0,d,1,0.0,3,304,1,0,0
2206,442.0,e,1,0.0,3,304,1,0,0
2873,442.0,f,1,0.0,4,404,1,0,0
3337,442.0,g,1,0.0,4,404,1,0,0
3860,442.0,h,1,0.0,4,404,1,0,0
270,443.0,a,1,0.0,2,206,1,0,0
564,443.0,b,1,0.0,2,206,1,0,0
1116,443.0,c,1,0.0,3,303,1,0,0
1739,443.0,d,1,0.0,3,303,1,0,0
2220,443.0,e,1,0.0,3,303,1,0,0
2676,443.0,f,0,3.0,3,334,1,0,0
3205,443.0,g,1,2.0,3,334,1,0,0
3790,443.0,h,1,1.0,3,334,1,0,0
4475,443.0,i,1,0.0,4,414,1,0,0
4959,443.0,j,1,0.0,4,414,1,0,0
5530,443.0,k,1,0.0,4,414,1,0,0
271,444.0,a,1,0.0,2,206,0,0,0
563,444.0,b,1,0.0,2,206,0,0,0
1138,444.0,c,1,0.0,3,303,0,0,0
1737,444.0,d,1,0.0,3,303,0,0,0
2219,444.0,e,1,0.0,3,303,0,0,0
2872,444.0,f,1,0.0,4,404,0,0,0
3351,444.0,g,1,0.0,4,404,0,0,0
3859,444.0,h,1,0.0,4,404,0,0,0
272,445.0,a,1,0.0,2,206,0,0,0
562,445.0,b,1,0.0,2,206,0,0,0
1203,445.0,c,1,0.0,3,304,0,0,0
1655,445.0,d,1,0.0,3,304,0,0,0
2175,445.0,e,1,0.0,3,304,0,1,1
2871,445.0,f,1,0.0,4,404,0,0,0
3352,445.0,g,1,0.0,4,404,0,10,1
3858,445.0,h,0,0.0,4,404,0,0,0
278,446.0,a,1,0.0,2,206,0,0,0
561,446.0,b,1,0.0,2,206,0,100,1
279,447.0,a,1,0.0,2,206,0,0,0
560,447.0,b,1,0.0,2,206,0,10,1
1135,447.0,c,1,0.0,3,303,0,10,1
1734,447.0,d,1,0.0,3,303,0,0,0
2189,447.0,e,1,0.0,3,303,0,0,0
215,448.0,a,1,0.0,2,206,1,0,0
559,448.0,b,0,0.0,2,206,1,0,0
1202,448.0,c,1,0.0,3,304,1,0,0
1654,448.0,d,0,0.0,3,304,1,0,0
2174,448.0,e,1,0.0,3,304,1,0,0
214,449.0,a,1,0.0,2,206,1,0,0
570,449.0,b,1,0.0,2,206,1,0,0
1058,449.0,c,1,3.0,2,204,1,0,0
1609,449.0,d,1,2.0,2,204,1,0,0
2120,449.0,e,1,1.0,2,204,1,0,0
2688,449.0,f,1,0.0,3,303,1,0,0
3223,449.0,g,1,0.0,3,303,1,0,0
3755,449.0,h,1,0.0,3,303,1,0,0
4389,449.0,i,1,0.0,4,405,1,0,0
4984,449.0,j,1,0.0,4,405,1,0,0
5515,449.0,k,1,0.0,4,405,1,0,0
213,450.0,a,0,0.0,2,206,1,0,0
585,450.0,b,0,0.0,2,206,1,0,0
1209,450.0,c,1,0.0,3,304,1,0,0
1674,450.0,d,1,0.0,3,304,1,0,0
2170,450.0,e,1,0.0,3,304,1,0,0
2892,450.0,f,1,0.0,4,402,1,0,0
3435,450.0,g,1,0.0,4,402,1,0,0
3944,450.0,h,0,0.0,4,402,1,0,0
216,451.0,a,1,0.0,2,207,1,0,0
623,451.0,b,1,0.0,2,207,1,0,0
1097,451.0,c,1,0.0,3,303,1,0,0
1747,451.0,d,1,0.0,3,303,1,0,0
2254,451.0,e,1,0.0,3,303,1,0,0
2923,451.0,f,1,0.0,4,404,1,0,0
3378,451.0,g,1,0.0,4,404,1,0,0
3868,451.0,h,1,0.0,4,404,1,0,0
217,452.0,a,1,0.0,2,207,0,0,0
622,452.0,b,1,0.0,2,207,0,0,0
1119,452.0,c,1,0.0,3,304,0,0,0
1667,452.0,d,1,0.0,3,304,0,10,1
2214,452.0,e,1,0.0,3,304,0,0,0
2910,452.0,f,0,0.0,4,404,0,0,0
3350,452.0,g,0,0.0,4,404,0,0,0
3870,452.0,h,0,0.0,4,404,0,0,0
218,453.0,a,1,0.0,2,207,1,0,0
621,453.0,b,1,0.0,2,207,1,0,0
1187,453.0,c,1,0.0,3,305,1,0,0
1690,453.0,d,1,0.0,3,305,1,0,0
2196,453.0,e,1,0.0,3,305,1,0,0
2882,453.0,f,1,0.0,4,403,1,0,0
3399,453.0,g,1,0.0,4,403,1,0,0
3929,453.0,h,0,0.0,4,403,1,0,0
219,454.0,a,1,0.0,2,207,0,0,0
620,454.0,b,0,0.0,2,207,0,0,0
1230,454.0,c,1,0.0,3,305,0,0,0
1683,454.0,d,1,0.0,3,305,0,0,0
2165,454.0,e,1,0.0,3,305,0,0,0
2905,454.0,f,1,0.0,4,404,0,0,0
3345,454.0,g,1,0.0,4,404,0,0,0
3875,454.0,h,0,0.0,4,404,0,0,0
220,455.0,a,1,0.0,2,207,1,0,0
619,455.0,b,1,0.0,2,207,1,0,0
1194,455.0,c,1,0.0,3,349,1,0,0
1697,455.0,d,1,0.0,3,349,1,0,0
2203,455.0,e,1,0.0,3,349,1,0,0
2881,455.0,f,1,0.0,4,403,1,0,0
3397,455.0,g,1,0.0,4,403,1,0,0
3931,455.0,h,1,0.0,4,403,1,0,0
221,456.0,a,1,0.0,2,207,0,0,0
618,456.0,b,1,0.0,2,207,0,0,0
1093,456.0,c,1,0.0,3,303,0,0,0
1743,456.0,d,1,0.0,3,303,0,0,0
2250,456.0,e,1,0.0,3,303,0,0,0
2842,456.0,f,1,0.0,4,402,0,0,0
3400,456.0,g,1,0.0,4,402,0,0,0
3953,456.0,h,1,0.0,4,402,0,0,0
222,457.0,a,1,0.0,2,207,1,0,0
617,457.0,b,1,0.0,2,207,1,0,0
1226,457.0,c,1,0.0,3,305,1,0,0
1679,457.0,d,1,0.0,3,305,1,0,0
2161,457.0,e,1,0.0,3,305,1,0,0
2841,457.0,f,1,0.0,4,402,1,0,0
3421,457.0,g,1,0.0,4,402,1,0,0
3954,457.0,h,0,0.0,4,402,1,0,0
203,458.0,a,1,0.0,2,207,0,0,0
616,458.0,b,1,0.0,2,207,0,0,0
1185,458.0,c,1,0.0,3,304,0,0,0
1663,458.0,d,1,0.0,3,304,0,0,0
2210,458.0,e,1,0.0,3,304,0,0,0
2901,458.0,f,1,0.0,4,404,0,0,0
3341,458.0,g,0,0.0,4,404,0,0,0
3880,458.0,h,1,0.0,4,404,0,1000,1
4482,458.0,i,1,3.0,4,403,0,0,0
5026,458.0,j,1,2.0,4,403,0,0,0
5650,458.0,k,1,1.0,4,403,0,0,0
202,459.0,a,1,0.0,2,207,0,0,0
615,459.0,b,1,0.0,2,207,0,0,0
1186,459.0,c,1,0.0,3,304,0,0,0
1661,459.0,d,1,0.0,3,304,0,0,0
2208,459.0,e,1,0.0,3,304,0,0,0
2899,459.0,f,1,0.0,4,403,0,0,0
3389,459.0,g,1,0.0,4,403,0,0,0
3940,459.0,h,1,0.0,4,403,0,0,0
4390,459.0,i,1,3.0,4,405,0,0,0
4992,459.0,j,1,2.0,4,405,0,0,0
5578,459.0,k,1,1.0,4,405,0,0,0
201,460.0,a,0,0.0,2,207,1,0,0
614,460.0,b,1,0.0,2,207,1,0,0
1115,460.0,c,1,0.0,3,303,1,0,0
1750,460.0,d,1,0.0,3,303,1,0,0
2221,460.0,e,1,0.0,3,303,1,0,0
2683,460.0,f,1,3.0,3,303,1,0,0
3198,460.0,g,1,2.0,3,303,1,0,0
3797,460.0,h,1,1.0,3,303,1,0,0
4438,460.0,i,1,0.0,4,403,1,0,0
5049,460.0,j,1,0.0,4,403,1,0,0
5587,460.0,k,1,0.0,4,403,1,0,0
194,461.0,a,0,0.0,2,207,1,0,0
613,461.0,b,1,0.0,2,207,1,0,0
1205,461.0,c,0,0.0,3,304,1,0,0
1657,461.0,d,1,0.0,3,304,1,0,0
2204,461.0,e,1,0.0,3,304,1,0,0
2921,461.0,f,1,0.0,4,403,1,0,0
3386,461.0,g,1,0.0,4,403,1,0,0
3886,461.0,h,0,0.0,4,403,1,0,0
184,462.0,a,1,0.0,2,207,1,0,0
612,462.0,b,1,0.0,2,207,1,0,0
1137,462.0,c,1,0.0,3,303,1,0,0
1736,462.0,d,1,0.0,3,303,1,0,0
2218,462.0,e,1,0.0,3,303,1,0,0
2920,462.0,f,0,0.0,4,403,1,0,0
3385,462.0,g,1,0.0,4,403,1,0,0
3885,462.0,h,1,0.0,4,403,1,0,0
187,463.0,a,1,0.0,2,207,0,0,0
584,463.0,b,1,0.0,2,207,0,0,0
1216,463.0,c,1,0.0,3,305,0,0,0
1757,463.0,d,1,0.0,3,305,0,0,0
2151,463.0,e,1,0.0,3,305,0,0,0
2895,463.0,f,1,0.0,4,402,0,0,0
3437,463.0,g,1,0.0,4,402,0,0,0
3966,463.0,h,1,0.0,4,402,0,0,0
188,464.0,a,1,0.0,2,207,1,0,0
582,464.0,b,1,0.0,2,207,1,100,1
1124,464.0,c,1,0.0,3,339,1,0,0
1672,464.0,d,1,0.0,3,339,1,0,0
2178,464.0,e,1,0.0,3,339,1,100,1
189,465.0,a,1,0.0,2,207,1,10,1
581,465.0,b,1,0.0,2,207,1,0,0
1131,465.0,c,1,0.0,3,303,1,0,0
1730,465.0,d,1,0.0,3,303,1,0,0
2185,465.0,e,1,0.0,3,303,1,0,0
2867,465.0,f,1,0.0,4,404,1,0,0
3373,465.0,g,1,0.0,4,404,1,0,0
3852,465.0,h,1,0.0,4,404,1,0,0
4412,465.0,i,1,3.0,4,404,1,0,0
5077,465.0,j,1,2.0,4,404,1,0,0
5574,465.0,k,1,1.0,4,404,1,0,0
190,466.0,a,1,0.0,2,207,0,0,0
580,466.0,b,1,0.0,2,207,0,0,0
1201,466.0,c,1,0.0,3,304,0,0,0
1653,466.0,d,1,0.0,3,304,0,0,0
2173,466.0,e,1,0.0,3,304,0,0,0
2866,466.0,f,1,0.0,4,404,0,0,0
3372,466.0,g,1,0.0,4,404,0,0,0
3853,466.0,h,1,0.0,4,404,0,0,0
191,467.0,a,1,0.0,2,207,0,0,0
579,467.0,b,1,0.0,2,207,0,0,0
1130,467.0,c,1,0.0,3,303,0,0,0
1729,467.0,d,1,0.0,3,303,0,0,0
2184,467.0,e,1,0.0,3,303,0,0,0
2865,467.0,f,1,0.0,4,404,0,0,0
3371,467.0,g,1,0.0,4,404,0,0,0
3854,467.0,h,1,0.0,4,404,0,0,0
192,468.0,a,1,0.0,2,207,1,0,0
578,468.0,b,1,0.0,2,207,1,0,0
1200,468.0,c,1,0.0,3,304,1,0,0
1652,468.0,d,1,0.0,3,304,1,0,0
2172,468.0,e,1,0.0,3,304,1,0,0
2864,468.0,f,1,0.0,4,404,1,0,0
3370,468.0,g,1,0.0,4,404,1,0,0
3855,468.0,h,1,0.0,4,404,1,0,0
193,469.0,a,1,0.0,2,207,0,0,0
577,469.0,b,1,0.0,2,207,0,0,0
1139,469.0,c,1,0.0,3,303,0,0,0
1702,469.0,d,1,0.0,3,303,0,0,0
2182,469.0,e,1,0.0,3,303,0,0,0
2893,469.0,f,1,0.0,4,402,0,0,0
3446,469.0,g,1,0.0,4,402,0,0,0
3945,469.0,h,0,0.0,4,402,0,0,0
195,470.0,a,1,0.0,2,207,0,0,0
576,470.0,b,1,0.0,2,207,0,0,0
1199,470.0,c,1,0.0,3,304,0,0,0
1673,470.0,d,0,0.0,3,304,0,0,0
2171,470.0,e,1,0.0,3,304,0,0,0
2914,470.0,f,1,0.0,4,403,0,0,0
3380,470.0,g,1,0.0,4,403,0,0,0
3866,470.0,h,1,0.0,4,403,0,0,0
310,471.0,a,1,0.0,3,301,0,0,0
739,471.0,b,1,0.0,3,301,0,0,0
1298,471.0,c,1,0.0,4,401,0,0,0
1871,471.0,d,1,0.0,4,401,0,0,0
2345,471.0,e,1,0.0,4,401,0,0,0
331,472.0,a,1,0.0,3,301,1,0,0
738,472.0,b,1,0.0,3,301,1,0,0
1173,472.0,c,1,3.0,3,302,1,0,0
1650,472.0,d,1,2.0,3,302,1,0,0
2233,472.0,e,1,1.0,3,302,1,10,1
2888,472.0,f,1,0.0,4,403,1,0,0
3431,472.0,g,1,0.0,4,403,1,0,0
3922,472.0,h,1,0.0,4,403,1,0,0
332,473.0,a,1,0.0,3,301,0,0,0
712,473.0,b,1,0.0,3,301,0,0,0
1245,473.0,c,1,0.0,4,402,0,0,0
1820,473.0,d,1,0.0,4,402,0,0,0
2373,473.0,e,1,0.0,4,402,0,0,0
333,474.0,a,1,0.0,3,301,0,10,1
748,474.0,b,1,0.0,3,301,0,0,0
1295,474.0,c,1,0.0,4,401,0,0,0
1869,474.0,d,1,0.0,4,401,0,0,0
2343,474.0,e,1,0.0,4,401,0,0,0
334,475.0,a,1,0.0,3,301,0,0,0
711,475.0,b,1,0.0,3,301,0,0,0
1244,475.0,c,1,0.0,4,402,0,0,0
1819,475.0,d,1,0.0,4,402,0,0,0
2362,475.0,e,1,0.0,4,402,0,0,0
356,476.0,a,1,0.0,3,301,1,0,0
710,476.0,b,1,0.0,3,301,1,0,0
1242,476.0,c,1,0.0,4,402,1,0,0
1817,476.0,d,1,0.0,4,402,1,0,0
2359,476.0,e,1,0.0,4,402,1,0,0
355,477.0,a,1,0.0,3,301,0,0,0
709,477.0,b,0,0.0,3,301,0,0,0
1292,477.0,c,1,0.0,4,401,0,0,0
1866,477.0,d,1,0.0,4,401,0,0,0
2398,477.0,e,1,0.0,4,401,0,0,0
354,478.0,a,1,0.0,3,301,0,0,0
708,478.0,b,1,0.0,3,301,0,0,0
1240,478.0,c,1,0.0,4,402,0,0,0
1815,478.0,d,1,0.0,4,402,0,0,0
2357,478.0,e,1,0.0,4,402,0,0,0
353,479.0,a,1,0.0,3,301,0,0,0
707,479.0,b,1,0.0,3,301,0,0,0
1291,479.0,c,1,0.0,4,401,0,0,0
1865,479.0,d,1,0.0,4,401,0,0,0
2397,479.0,e,1,0.0,4,401,0,0,0
352,480.0,a,1,0.0,3,301,1,0,0
706,480.0,b,1,0.0,3,301,1,0,0
1162,480.0,c,1,3.0,3,302,1,0,0
1716,480.0,d,1,2.0,3,302,1,0,0
2243,480.0,e,1,1.0,3,302,1,0,0
2877,480.0,f,1,0.0,4,403,1,0,0
3393,480.0,g,1,0.0,4,403,1,0,0
3936,480.0,h,1,0.0,4,403,1,0,0
351,481.0,a,1,0.0,3,301,1,0,0
705,481.0,b,1,0.0,3,301,1,0,0
1290,481.0,c,1,0.0,4,401,1,0,0
1872,481.0,d,1,0.0,4,401,1,0,0
2396,481.0,e,1,0.0,4,401,1,0,0
350,482.0,a,1,0.0,3,301,0,0,0
704,482.0,b,1,0.0,3,301,0,0,0
1289,482.0,c,1,0.0,4,401,0,0,0
1864,482.0,d,1,0.0,4,401,0,0,0
2401,482.0,e,1,0.0,4,401,0,0,0
349,483.0,a,1,0.0,3,301,0,0,0
703,483.0,b,1,0.0,3,301,0,0,0
1286,483.0,c,1,0.0,4,401,0,0,0
1860,483.0,d,1,0.0,4,401,0,0,0
2342,483.0,e,1,0.0,4,401,0,0,0
348,484.0,a,1,0.0,3,301,0,0,0
702,484.0,b,1,0.0,3,301,0,0,0
1236,484.0,c,1,0.0,4,402,0,0,0
1811,484.0,d,1,0.0,4,402,0,0,0
2353,484.0,e,1,0.0,4,402,0,0,0
347,485.0,a,1,0.0,3,301,1,0,0
701,485.0,b,1,0.0,3,301,1,0,0
1235,485.0,c,1,0.0,4,402,1,0,0
1810,485.0,d,1,0.0,4,402,1,0,0
2352,485.0,e,1,0.0,4,402,1,0,0
357,486.0,a,1,0.0,3,301,0,0,0
700,486.0,b,1,0.0,3,301,0,0,0
1256,486.0,c,1,0.0,4,402,0,0,0
1809,486.0,d,1,0.0,4,402,0,0,0
2351,486.0,e,1,0.0,4,402,0,0,0
346,487.0,a,1,0.0,3,301,0,0,0
699,487.0,b,1,0.0,3,301,0,0,0
1257,487.0,c,1,0.0,4,402,0,0,0
1808,487.0,d,1,0.0,4,402,0,0,0
2339,487.0,e,1,0.0,4,402,0,0,0
344,488.0,a,1,0.0,3,301,0,0,0
698,488.0,b,1,0.0,3,301,0,0,0
1259,488.0,c,1,0.0,4,402,0,0,0
1806,488.0,d,1,0.0,4,402,0,0,0
2366,488.0,e,1,0.0,4,402,0,0,0
343,489.0,a,1,0.0,3,301,1,0,0
697,489.0,b,1,0.0,3,301,1,0,0
1296,489.0,c,1,0.0,4,401,1,0,0
1858,489.0,d,1,0.0,4,401,1,0,0
2340,489.0,e,1,0.0,4,401,1,0,0
342,490.0,a,1,0.0,3,301,0,0,0
696,490.0,b,1,0.0,3,301,0,0,0
1284,490.0,c,1,0.0,4,401,0,0,0
1857,490.0,d,1,0.0,4,401,0,0,0
2347,490.0,e,1,0.0,4,401,0,0,0
341,491.0,a,1,0.0,3,301,1,0,0
695,491.0,b,1,0.0,3,301,1,0,0
1270,491.0,c,1,0.0,4,401,1,0,0
1856,491.0,d,1,0.0,4,401,1,0,0
2348,491.0,e,1,0.0,4,401,1,0,0
340,492.0,a,1,0.0,3,301,0,0,0
694,492.0,b,1,0.0,3,301,0,0,0
1253,492.0,c,1,0.0,4,401,0,0,0
1853,492.0,d,1,0.0,4,401,0,0,0
2372,492.0,e,1,0.0,4,401,0,0,0
339,493.0,a,1,0.0,3,301,0,0,0
693,493.0,b,1,0.0,3,301,0,0,0
1250,493.0,c,1,0.0,4,401,0,0,0
1851,493.0,d,1,0.0,4,401,0,0,0
2369,493.0,e,1,0.0,4,401,0,0,0
338,494.0,a,1,0.0,3,301,1,0,0
692,494.0,b,1,0.0,3,301,1,0,0
1278,494.0,c,1,0.0,4,402,1,0,0
1824,494.0,d,1,0.0,4,402,1,0,0
2310,494.0,e,1,0.0,4,402,1,0,0
337,495.0,a,1,0.0,3,301,0,0,0
691,495.0,b,1,0.0,3,301,0,0,0
1248,495.0,c,1,0.0,4,401,0,0,0
1823,495.0,d,1,0.0,4,401,0,0,0
2367,495.0,e,1,0.0,4,401,0,0,0
336,496.0,a,1,0.0,3,301,0,0,0
690,496.0,b,1,0.0,3,301,0,0,0
1274,496.0,c,1,0.0,4,402,0,0,0
1849,496.0,d,1,0.0,4,402,0,0,0
2306,496.0,e,1,0.0,4,402,0,0,0
335,497.0,a,1,0.0,3,301,0,0,0
689,497.0,b,1,0.0,3,301,0,0,0
1282,497.0,c,1,0.0,4,402,0,0,0
1846,497.0,d,1,0.0,4,402,0,0,0
2303,497.0,e,1,0.0,4,402,0,0,0
389,498.0,a,1,0.0,3,302,0,0,0
716,498.0,b,1,0.0,3,302,0,0,0
1247,498.0,c,1,0.0,4,402,0,0,0
1822,498.0,d,1,0.0,4,402,0,0,0
2364,498.0,e,1,0.0,4,402,0,0,0
388,499.0,a,1,0.0,3,302,1,0,0
715,499.0,b,1,0.0,3,302,1,0,0
1157,499.0,c,1,3.0,3,301,1,0,0
1621,499.0,d,0,2.0,3,301,1,0,0
2270,499.0,e,1,1.0,3,301,1,0,0
2852,499.0,f,1,0.0,4,402,1,0,0
3410,499.0,g,1,0.0,4,402,1,0,0
3919,499.0,h,1,0.0,4,402,1,0,0
387,500.0,a,1,0.0,3,302,1,0,0
714,500.0,b,1,0.0,3,302,1,0,0
1246,500.0,c,1,0.0,4,402,1,0,0
1821,500.0,d,1,0.0,4,402,1,0,0
2363,500.0,e,1,0.0,4,402,1,0,0
386,501.0,a,1,0.0,3,302,0,0,0
713,501.0,b,1,0.0,3,302,0,0,0
1294,501.0,c,1,0.0,4,401,0,0,0
1868,501.0,d,1,0.0,4,401,0,0,0
2400,501.0,e,1,0.0,4,401,0,0,0
360,502.0,a,0,0.0,3,302,0,0,0
734,502.0,b,1,0.0,3,302,0,0,0
1293,502.0,c,1,0.0,4,401,0,0,0
1867,502.0,d,1,0.0,4,401,0,0,0
2399,502.0,e,1,0.0,4,401,0,0,0
359,503.0,a,1,0.0,3,302,0,0,0
735,503.0,b,1,0.0,3,302,0,0,0
1241,503.0,c,1,0.0,4,402,0,0,0
1816,503.0,d,1,0.0,4,402,0,0,0
2358,503.0,e,1,0.0,4,402,0,0,0
358,504.0,a,0,0.0,3,302,0,0,0
736,504.0,b,0,0.0,3,302,0,0,0
1239,504.0,c,1,0.0,4,402,0,0,0
1814,504.0,d,1,0.0,4,402,0,0,0
2356,504.0,e,1,0.0,4,402,0,0,0
345,505.0,a,1,0.0,3,302,0,0,0
737,505.0,b,1,0.0,3,302,0,0,0
1165,505.0,c,1,3.0,3,302,0,0,0
1719,505.0,d,0,2.0,3,302,0,0,0
2224,505.0,e,1,1.0,3,302,0,0,0
2823,505.0,f,1,0.0,4,401,0,0,0
3361,505.0,g,1,0.0,4,401,0,0,0
3890,505.0,h,1,0.0,4,401,0,0,0
330,506.0,a,1,0.0,3,302,0,0,0
759,506.0,b,1,0.0,3,302,0,0,0
329,507.0,a,1,0.0,3,302,0,0,0
758,507.0,b,1,0.0,3,302,0,0,0
1288,507.0,c,1,0.0,4,401,0,0,0
1862,507.0,d,1,0.0,4,401,0,0,0
2395,507.0,e,1,0.0,4,401,0,0,0
328,508.0,a,1,0.0,3,302,0,0,0
757,508.0,b,1,0.0,3,302,0,0,0
1238,508.0,c,1,0.0,4,402,0,0,0
1813,508.0,d,1,0.0,4,402,0,0,0
2355,508.0,e,1,0.0,4,402,0,0,0
327,509.0,a,1,0.0,3,302,1,0,0
756,509.0,b,1,0.0,3,302,1,0,0
1287,509.0,c,1,0.0,4,401,1,0,0
1861,509.0,d,1,0.0,4,401,1,0,0
2346,509.0,e,1,0.0,4,401,1,0,0
326,510.0,a,1,0.0,3,302,1,0,0
755,510.0,b,1,0.0,3,302,1,0,0
1237,510.0,c,1,0.0,4,402,1,0,0
1812,510.0,d,1,0.0,4,402,1,0,0
2354,510.0,e,1,0.0,4,402,1,0,0
325,511.0,a,1,0.0,3,302,1,0,0
754,511.0,b,1,0.0,3,302,1,0,0
1285,511.0,c,1,0.0,4,401,1,0,0
1859,511.0,d,1,0.0,4,401,1,0,0
2341,511.0,e,1,0.0,4,401,1,0,0
324,512.0,a,0,0.0,3,302,1,0,0
753,512.0,b,0,0.0,3,302,1,0,0
323,513.0,a,1,0.0,3,302,1,0,0
752,513.0,b,1,0.0,3,302,1,0,0
1255,513.0,c,0,0.0,4,401,1,0,0
1855,513.0,d,0,0.0,4,401,1,0,0
2349,513.0,e,1,0.0,4,401,1,0,0
322,514.0,a,1,0.0,3,302,1,0,0
751,514.0,b,0,0.0,3,302,1,0,0
1153,514.0,c,0,3.0,3,301,1,0,0
1637,514.0,d,1,2.0,3,301,1,0,0
2283,514.0,e,1,1.0,3,301,1,0,0
321,515.0,a,1,0.0,3,302,1,0,0
750,515.0,b,1,0.0,3,302,1,0,0
1254,515.0,c,1,0.0,4,401,1,0,0
1854,515.0,d,1,0.0,4,401,1,0,0
2350,515.0,e,1,0.0,4,401,1,0,0
320,516.0,a,1,0.0,3,302,0,0,0
760,516.0,b,1,0.0,3,302,0,0,0
1280,516.0,c,1,0.0,4,402,0,0,0
1804,516.0,d,1,0.0,4,402,0,0,0
2337,516.0,e,1,0.0,4,402,0,0,0
319,517.0,a,0,0.0,3,302,1,0,0
749,517.0,b,1,0.0,3,302,1,0,0
1252,517.0,c,1,0.0,4,401,1,0,0
1852,517.0,d,1,0.0,4,401,1,0,0
2371,517.0,e,1,0.0,4,401,1,0,0
318,518.0,a,0,0.0,3,302,0,0,0
747,518.0,b,0,0.0,3,302,0,0,0
317,519.0,a,1,0.0,3,302,0,0,0
746,519.0,b,0,0.0,3,302,0,0,0
316,520.0,a,1,0.0,3,302,0,100,1
745,520.0,b,1,0.0,3,302,0,0,0
1251,520.0,c,1,0.0,4,401,0,0,0
1863,520.0,d,1,0.0,4,401,0,0,0
2370,520.0,e,1,0.0,4,401,0,0,0
315,521.0,a,0,0.0,3,302,0,0,0
744,521.0,b,0,0.0,3,302,0,0,0
1102,521.0,c,0,3.0,3,302,0,0,0
1726,521.0,d,0,2.0,3,302,0,0,0
2258,521.0,e,1,1.0,3,302,0,0,0
2913,521.0,f,0,0.0,4,403,0,0,0
3379,521.0,g,0,0.0,4,403,0,0,0
3867,521.0,h,0,0.0,4,403,0,0,0
4520,521.0,i,0,3.0,4,405,0,0,0
4982,521.0,j,1,2.0,4,405,0,0,0
5513,521.0,k,1,1.0,4,405,0,0,0
314,522.0,a,1,0.0,3,302,0,0,0
743,522.0,b,1,0.0,3,302,0,0,0
1276,522.0,c,1,0.0,4,402,0,0,0
1826,522.0,d,1,0.0,4,402,0,0,0
2308,522.0,e,1,0.0,4,402,0,0,0
313,523.0,a,1,0.0,3,302,0,0,0
742,523.0,b,1,0.0,3,302,0,0,0
1275,523.0,c,1,0.0,4,402,0,0,0
1827,523.0,d,1,0.0,4,402,0,0,0
2307,523.0,e,1,0.0,4,402,0,0,0
312,524.0,a,1,0.0,3,302,0,10,1
741,524.0,b,1,0.0,3,302,0,10,1
1273,524.0,c,1,0.0,4,402,0,0,0
1848,524.0,d,1,0.0,4,402,0,0,0
2305,524.0,e,1,0.0,4,402,0,0,0
311,525.0,a,1,0.0,3,302,0,0,0
740,525.0,b,1,0.0,3,302,0,0,0
1272,525.0,c,1,0.0,4,402,0,0,0
1847,525.0,d,1,0.0,4,402,0,0,0
2304,525.0,e,1,0.0,4,402,0,0,0
404,526.0,a,1,0.0,3,303,1,0,0
731,526.0,b,1,0.0,3,303,1,0,0
1305,526.0,c,1,0.0,4,404,1,0,0
1792,526.0,d,1,0.0,4,404,1,0,0
2321,526.0,e,1,0.0,4,404,1,0,0
403,527.0,a,1,0.0,3,303,1,0,0
730,527.0,b,1,0.0,3,303,1,0,0
1271,527.0,c,1,0.0,4,403,1,0,0
1845,527.0,d,1,0.0,4,403,1,0,0
2302,527.0,e,1,0.0,4,403,1,0,0
402,528.0,a,1,0.0,3,303,1,0,0
729,528.0,b,1,0.0,3,303,1,0,0
1266,528.0,c,1,0.0,4,403,1,0,0
1841,528.0,d,1,0.0,4,403,1,0,0
2298,528.0,e,1,0.0,4,403,1,0,0
401,529.0,a,1,0.0,3,303,0,0,0
728,529.0,b,1,0.0,3,303,0,0,0
1325,529.0,c,1,0.0,4,404,0,0,0
1797,529.0,d,0,0.0,4,404,0,0,0
2315,529.0,e,1,0.0,4,404,0,0,0
400,530.0,a,1,0.0,3,303,0,0,0
727,530.0,b,1,0.0,3,303,0,0,0
1263,530.0,c,1,0.0,4,403,0,0,0
1839,530.0,d,1,0.0,4,403,0,0,0
2295,530.0,e,1,0.0,4,403,0,0,0
399,531.0,a,1,0.0,3,303,0,0,0
726,531.0,b,1,0.0,3,303,0,0,0
1283,531.0,c,1,0.0,4,403,0,0,0
1834,531.0,d,1,0.0,4,403,0,0,0
2291,531.0,e,1,0.0,4,403,0,0,0
398,532.0,a,1,0.0,3,303,1,0,0
725,532.0,b,1,0.0,3,303,1,0,0
1341,532.0,c,1,0.0,4,404,1,0,0
1778,532.0,d,1,0.0,4,404,1,0,0
2393,532.0,e,1,0.0,4,404,1,0,0
408,533.0,a,1,0.0,3,303,0,0,0
724,533.0,b,1,0.0,3,303,0,0,0
1339,533.0,c,1,0.0,4,404,0,0,0
1777,533.0,d,1,0.0,4,404,0,0,0
2391,533.0,e,1,0.0,4,404,0,0,0
397,534.0,a,0,0.0,3,303,1,0,0
723,534.0,b,1,0.0,3,303,1,0,0
395,535.0,a,0,0.0,3,303,0,0,0
722,535.0,b,1,0.0,3,303,0,0,0
1334,535.0,c,1,0.0,4,404,0,0,0
1772,535.0,d,1,0.0,4,404,0,0,0
2385,535.0,e,1,0.0,4,404,0,0,0
394,536.0,a,1,0.0,3,303,1,0,0
721,536.0,b,1,0.0,3,303,1,0,0
1191,536.0,c,1,3.0,3,349,1,0,0
1694,536.0,d,1,2.0,3,349,1,0,0
2200,536.0,e,1,1.0,3,349,1,0,0
2917,536.0,f,1,0.0,4,403,1,0,0
3383,536.0,g,1,0.0,4,403,1,0,0
3863,536.0,h,1,0.0,4,403,1,0,0
393,537.0,a,1,0.0,3,303,0,0,0
720,537.0,b,1,0.0,3,303,0,0,0
392,538.0,a,1,0.0,3,303,1,0,0
719,538.0,b,1,0.0,3,303,1,0,0
1132,538.0,c,1,3.0,3,303,1,0,0
1731,538.0,d,1,2.0,3,303,1,0,0
2186,538.0,e,1,1.0,3,303,1,0,0
2868,538.0,f,1,0.0,4,404,1,0,0
3374,538.0,g,1,0.0,4,404,1,0,0
3851,538.0,h,1,0.0,4,404,1,0,0
391,539.0,a,1,0.0,3,303,1,0,0
718,539.0,b,1,0.0,3,303,1,0,0
1330,539.0,c,1,0.0,4,404,1,0,0
1768,539.0,d,1,0.0,4,404,1,0,0
2381,539.0,e,1,0.0,4,404,1,0,0
390,540.0,a,1,0.0,3,303,1,0,0
717,540.0,b,1,0.0,3,303,1,0,0
1307,540.0,c,1,0.0,4,403,1,0,0
1790,540.0,d,1,0.0,4,403,1,0,0
2322,540.0,e,1,0.0,4,403,1,0,0
363,541.0,a,1,0.0,3,309,0,0,0
793,541.0,b,1,0.0,3,309,0,0,0
1268,541.0,c,1,0.0,4,403,0,0,0
1843,541.0,d,1,0.0,4,403,0,0,0
2300,541.0,e,1,0.0,4,403,0,0,0
362,542.0,a,1,0.0,3,309,0,0,0
792,542.0,b,1,0.0,3,309,0,0,0
361,543.0,a,1,0.0,3,309,1,0,0
791,543.0,b,1,0.0,3,309,1,0,0
371,544.0,a,1,0.0,3,309,0,0,0
790,544.0,b,1,0.0,3,309,0,0,0
384,545.0,a,1,0.0,3,309,1,0,0
764,545.0,b,1,0.0,3,309,1,0,0
396,546.0,a,1,0.0,3,309,0,0,0
763,546.0,b,1,0.0,3,309,0,0,0
1262,546.0,c,1,0.0,4,403,0,0,0
1837,546.0,d,1,0.0,4,403,0,0,0
2294,546.0,e,1,0.0,4,403,0,0,0
385,547.0,a,1,0.0,3,309,1,0,0
762,547.0,b,1,0.0,3,309,1,0,0
1319,547.0,c,1,0.0,4,403,1,0,0
1802,547.0,d,1,0.0,4,403,1,0,0
2334,547.0,e,1,0.0,4,403,1,0,0
407,548.0,a,1,0.0,3,309,1,0,0
761,548.0,b,1,0.0,3,309,1,0,0
406,549.0,a,1,0.0,3,309,0,0,0
733,549.0,b,0,0.0,3,309,0,0,0
405,550.0,a,1,0.0,3,309,1,0,0
732,550.0,b,1,0.0,3,309,1,0,0
286,551.0,a,1,0.0,3,304,1,0,0
768,551.0,b,1,0.0,3,304,1,0,0
1269,551.0,c,1,0.0,4,403,1,0,0
1844,551.0,d,1,0.0,4,403,1,0,0
2301,551.0,e,1,0.0,4,403,1,0,0
2886,551.0,f,1,3.0,4,403,1,0,0
3429,551.0,g,1,2.0,4,403,1,0,0
3924,551.0,h,0,1.0,4,403,1,0,0
285,552.0,a,1,0.0,3,304,0,0,0
767,552.0,b,1,0.0,3,304,0,0,0
1267,552.0,c,1,0.0,4,403,0,0,0
1842,552.0,d,0,0.0,4,403,0,0,0
2299,552.0,e,1,0.0,4,403,0,0,0
284,553.0,a,1,0.0,3,304,1,0,0
766,553.0,b,0,0.0,3,304,1,0,0
1189,553.0,c,1,3.0,3,305,1,0,0
1692,553.0,d,1,2.0,3,305,1,0,0
2198,553.0,e,1,1.0,3,305,1,0,0
2848,553.0,f,1,0.0,4,402,1,0,0
3406,553.0,g,1,0.0,4,402,1,0,0
3947,553.0,h,1,0.0,4,402,1,0,0
306,554.0,a,1,0.0,3,304,1,0,0
765,554.0,b,1,0.0,3,304,1,0,0
1302,554.0,c,0,0.0,4,404,1,0,0
1794,554.0,d,0,0.0,4,404,1,0,0
2318,554.0,e,1,0.0,4,404,1,0,0
2847,554.0,f,1,3.0,4,402,1,0,0
3405,554.0,g,0,2.0,4,402,1,0,0
3948,554.0,h,0,1.0,4,402,1,0,0
307,555.0,a,1,0.0,3,304,1,0,0
786,555.0,b,1,0.0,3,304,1,0,0
1265,555.0,c,1,0.0,4,403,1,0,0
1840,555.0,d,1,0.0,4,403,1,0,0
2297,555.0,e,1,0.0,4,403,1,0,0
2909,555.0,f,1,3.0,4,404,1,0,0
3349,555.0,g,1,2.0,4,404,1,0,0
3871,555.0,h,1,1.0,4,404,1,0,0
308,556.0,a,1,0.0,3,304,1,0,0
787,556.0,b,1,0.0,3,304,1,0,0
1324,556.0,c,1,0.0,4,404,1,0,0
1796,556.0,d,1,0.0,4,404,1,0,0
2316,556.0,e,1,0.0,4,404,1,0,0
309,557.0,a,1,0.0,3,304,1,0,0
788,557.0,b,1,0.0,3,304,1,0,0
1264,557.0,c,1,0.0,4,403,1,0,0
1850,557.0,d,1,0.0,4,403,1,0,0
2296,557.0,e,1,0.0,4,403,1,0,0
382,558.0,a,1,0.0,3,304,0,10,1
789,558.0,b,1,0.0,3,304,0,0,0
1159,558.0,c,1,3.0,3,304,0,0,0
1664,558.0,d,1,2.0,3,304,0,0,0
2211,558.0,e,1,1.0,3,304,0,0,0
2903,558.0,f,1,0.0,4,404,0,0,0
3343,558.0,g,1,0.0,4,404,0,0,0
3877,558.0,h,0,0.0,4,404,0,0,0
381,559.0,a,1,0.0,3,304,1,0,0
811,559.0,b,1,0.0,3,304,1,0,0
380,560.0,a,1,0.0,3,304,1,0,0
810,560.0,b,0,0.0,3,304,1,0,0
1261,560.0,c,1,0.0,4,403,1,0,0
1836,560.0,d,1,0.0,4,403,1,0,0
2293,560.0,e,1,0.0,4,403,1,0,0
379,561.0,a,1,0.0,3,304,1,0,0
809,561.0,b,1,0.0,3,304,1,0,0
1223,561.0,c,1,3.0,3,305,1,0,0
1751,561.0,d,1,2.0,3,305,1,0,0
2158,561.0,e,1,1.0,3,305,1,0,0
2840,561.0,f,0,0.0,4,402,1,0,0
3422,561.0,g,1,0.0,4,402,1,0,0
3955,561.0,h,1,0.0,4,402,1,0,0
378,562.0,a,1,0.0,3,304,0,0,0
808,562.0,b,1,0.0,3,304,0,0,0
1260,562.0,c,1,0.0,4,403,0,0,0
1835,562.0,d,1,0.0,4,403,0,0,0
2292,562.0,e,1,0.0,4,403,0,0,0
377,563.0,a,1,0.0,3,304,1,0,0
807,563.0,b,1,0.0,3,304,1,0,0
1343,563.0,c,1,0.0,4,404,1,0,0
1784,563.0,d,0,0.0,4,404,1,0,0
2375,563.0,e,1,0.0,4,404,1,0,0
376,564.0,a,1,0.0,3,304,1,0,0
806,564.0,b,1,0.0,3,304,1,0,0
1342,564.0,c,1,0.0,4,404,1,0,0
1783,564.0,d,1,0.0,4,404,1,0,0
2376,564.0,e,1,0.0,4,404,1,0,0
2897,564.0,f,1,3.0,4,403,1,0,0
3391,564.0,g,1,2.0,4,403,1,0,0
3938,564.0,h,0,1.0,4,403,1,0,0
375,565.0,a,1,0.0,3,304,0,0,0
805,565.0,b,1,0.0,3,304,0,0,0
1234,565.0,c,1,0.0,4,404,0,0,0
1779,565.0,d,1,0.0,4,404,0,0,0
2394,565.0,e,1,0.0,4,404,0,0,0
374,566.0,a,1,0.0,3,304,0,0,0
804,566.0,b,1,0.0,3,304,0,0,0
1337,566.0,c,1,0.0,4,404,0,0,0
1775,566.0,d,1,0.0,4,404,0,0,0
2389,566.0,e,1,0.0,4,404,0,0,0
373,567.0,a,1,0.0,3,304,0,0,0
803,567.0,b,1,0.0,3,304,0,0,0
1336,567.0,c,1,0.0,4,404,0,0,0
1774,567.0,d,1,0.0,4,404,0,0,0
2388,567.0,e,1,0.0,4,404,0,0,0
383,568.0,a,1,0.0,3,304,1,0,0
802,568.0,b,1,0.0,3,304,1,0,0
1320,568.0,c,1,0.0,4,403,1,0,0
1828,568.0,d,0,0.0,4,403,1,0,0
2335,568.0,e,1,0.0,4,403,1,0,0
2919,568.0,f,1,3.0,4,403,1,0,0
3384,568.0,g,1,2.0,4,403,1,0,0
3862,568.0,h,0,1.0,4,403,1,0,0
372,569.0,a,1,0.0,3,304,0,0,0
812,569.0,b,1,0.0,3,304,0,0,0
1134,569.0,c,1,3.0,3,303,0,0,0
1733,569.0,d,1,2.0,3,303,0,0,0
2188,569.0,e,1,1.0,3,303,0,0,0
2918,569.0,f,1,0.0,4,403,0,0,0
3354,569.0,g,1,0.0,4,404,0,0,0
3849,569.0,h,1,0.0,4,404,0,0,0
370,570.0,a,1,0.0,3,304,1,0,0
801,570.0,b,1,0.0,3,304,1,0,0
1133,570.0,c,0,3.0,3,303,1,0,0
1732,570.0,d,0,2.0,3,303,1,0,0
2187,570.0,e,1,1.0,3,303,1,0,0
2916,570.0,f,0,0.0,4,403,1,0,0
3382,570.0,g,1,0.0,4,403,1,0,0
3864,570.0,h,0,0.0,4,403,1,0,0
369,571.0,a,1,0.0,3,304,0,0,0
799,571.0,b,1,0.0,3,304,0,0,0
1317,571.0,c,1,0.0,4,403,0,0,0
1801,571.0,d,1,0.0,4,403,0,0,0
2332,571.0,e,1,0.0,4,403,0,0,0
368,572.0,a,1,0.0,3,304,1,0,0
798,572.0,b,1,0.0,3,304,1,0,0
367,573.0,a,1,0.0,3,304,0,0,0
797,573.0,b,1,0.0,3,304,0,0,0
1314,573.0,c,1,0.0,4,403,0,0,0
1763,573.0,d,1,0.0,4,403,0,0,0
2329,573.0,e,1,0.0,4,403,0,0,0
366,574.0,a,1,0.0,3,304,1,0,0
796,574.0,b,1,0.0,3,304,1,0,0
1213,574.0,c,1,3.0,3,305,1,0,0
1754,574.0,d,1,2.0,3,305,1,0,0
2148,574.0,e,1,1.0,3,305,1,0,0
2890,574.0,f,1,0.0,4,402,1,0,0
3433,574.0,g,1,0.0,4,402,1,0,0
3942,574.0,h,1,0.0,4,402,1,0,0
4437,574.0,i,0,3.0,4,403,1,0,0
5050,574.0,j,1,2.0,4,403,1,0,0
5601,574.0,k,1,1.0,4,403,1,0,0
365,575.0,a,1,0.0,3,304,0,0,0
795,575.0,b,1,0.0,3,304,0,0,0
1310,575.0,c,1,0.0,4,403,0,0,0
1787,575.0,d,1,0.0,4,403,0,0,0
2325,575.0,e,1,0.0,4,403,0,0,0
364,576.0,a,1,0.0,3,304,0,0,0
794,576.0,b,1,0.0,3,304,0,0,0
1327,576.0,c,1,0.0,4,404,0,0,0
1765,576.0,d,1,0.0,4,404,0,0,0
2378,576.0,e,1,0.0,4,404,0,0,0
280,577.0,a,1,0.0,3,305,1,0,0
817,577.0,b,1,0.0,3,305,1,0,0
1306,577.0,c,1,0.0,4,404,1,0,0
1791,577.0,d,1,0.0,4,404,1,0,0
2377,577.0,e,1,0.0,4,404,1,0,0
281,578.0,a,1,0.0,3,305,0,100,1
816,578.0,b,1,0.0,3,305,0,100,1
1304,578.0,c,1,0.0,4,404,0,100,1
1799,578.0,d,1,0.0,4,404,0,0,0
2320,578.0,e,1,0.0,4,404,0,100,1
282,579.0,a,1,0.0,3,305,0,0,0
815,579.0,b,1,0.0,3,305,0,0,0
1303,579.0,c,1,0.0,4,404,0,0,0
1793,579.0,d,1,0.0,4,404,0,0,0
2319,579.0,e,1,0.0,4,404,0,0,0
283,580.0,a,1,0.0,3,305,0,0,0
814,580.0,b,1,0.0,3,305,0,0,0
1323,580.0,c,1,0.0,4,404,0,0,0
1795,580.0,d,1,0.0,4,404,0,0,0
2317,580.0,e,1,0.0,4,404,0,0,0
304,581.0,a,1,0.0,3,305,1,0,0
813,581.0,b,1,0.0,3,305,1,0,0
303,582.0,a,0,0.0,3,305,0,0,0
800,582.0,b,1,0.0,3,305,0,0,0
1326,582.0,c,1,0.0,4,404,0,0,0
1798,582.0,d,1,0.0,4,404,0,0,0
2361,582.0,e,1,0.0,4,404,0,0,0
302,583.0,a,1,0.0,3,305,1,0,0
785,583.0,b,1,0.0,3,305,1,0,0
1344,583.0,c,1,0.0,4,404,1,0,0
1785,583.0,d,1,0.0,4,404,1,0,0
2374,583.0,e,1,0.0,4,404,1,0,0
301,584.0,a,1,0.0,3,305,1,0,0
784,584.0,b,1,0.0,3,305,1,0,0
1340,584.0,c,1,0.0,4,404,1,0,0
1764,584.0,d,0,0.0,4,404,1,0,0
2392,584.0,e,1,0.0,4,404,1,0,0
300,585.0,a,1,0.0,3,305,0,0,0
783,585.0,b,1,0.0,3,305,0,0,0
1338,585.0,c,1,0.0,4,404,0,0,0
1776,585.0,d,1,0.0,4,404,0,0,0
2390,585.0,e,1,0.0,4,404,0,0,0
299,586.0,a,0,0.0,3,305,1,0,0
782,586.0,b,0,0.0,3,305,1,0,0
298,587.0,a,0,0.0,3,305,1,0,0
781,587.0,b,1,0.0,3,305,1,0,0
297,588.0,a,1,0.0,3,305,1,0,0
780,588.0,b,1,0.0,3,305,1,0,0
1335,588.0,c,1,0.0,4,404,1,0,0
1780,588.0,d,1,0.0,4,404,1,0,0
2386,588.0,e,1,0.0,4,404,1,0,0
296,589.0,a,1,0.0,3,305,1,0,0
779,589.0,b,1,0.0,3,305,1,0,0
1321,589.0,c,1,0.0,4,403,1,0,0
1829,589.0,d,1,0.0,4,403,1,0,0
2314,589.0,e,1,0.0,4,403,1,0,0
2859,589.0,f,1,3.0,4,402,1,0,0
3441,589.0,g,1,2.0,4,402,1,0,0
3962,589.0,h,0,1.0,4,402,1,0,0
295,590.0,a,1,0.0,3,305,1,0,0
778,590.0,b,0,0.0,3,305,1,0,0
305,591.0,a,1,0.0,3,305,0,0,0
777,591.0,b,1,0.0,3,305,0,0,0
1333,591.0,c,1,0.0,4,404,0,0,0
1771,591.0,d,1,0.0,4,404,0,0,0
2384,591.0,e,1,0.0,4,404,0,0,0
294,592.0,a,1,0.0,3,305,1,0,0
776,592.0,b,1,0.0,3,305,1,0,0
1204,592.0,c,1,3.0,3,304,1,0,0
1656,592.0,d,1,2.0,3,304,1,0,0
2176,592.0,e,1,1.0,3,304,1,0,0
293,593.0,a,1,0.0,3,305,0,0,0
775,593.0,b,1,0.0,3,305,0,0,0
1332,593.0,c,1,0.0,4,404,0,0,0
1770,593.0,d,1,0.0,4,404,0,0,0
2383,593.0,e,1,0.0,4,404,0,0,0
292,594.0,a,1,0.0,3,305,0,0,0
774,594.0,b,1,0.0,3,305,0,0,0
1331,594.0,c,1,0.0,4,404,0,0,0
1769,594.0,d,1,0.0,4,404,0,0,0
2382,594.0,e,1,0.0,4,404,0,0,0
2896,594.0,f,1,3.0,4,402,0,0,0
3438,594.0,g,1,2.0,4,402,0,0,0
3965,594.0,h,1,1.0,4,402,0,0,0
291,595.0,a,1,0.0,3,305,0,0,0
773,595.0,b,1,0.0,3,305,0,0,0
1214,595.0,c,1,3.0,3,305,0,0,0
1755,595.0,d,1,2.0,3,305,0,0,0
2149,595.0,e,1,1.0,3,305,0,0,0
2915,595.0,f,1,0.0,4,403,0,0,0
3381,595.0,g,1,0.0,4,403,0,0,0
3865,595.0,h,1,0.0,4,403,0,0,0
290,596.0,a,1,0.0,3,305,1,0,0
772,596.0,b,1,0.0,3,305,1,0,0
1316,596.0,c,1,0.0,4,403,1,0,0
1800,596.0,d,1,0.0,4,403,1,0,0
2331,596.0,e,1,0.0,4,403,1,10,1
289,597.0,a,1,0.0,3,305,0,0,0
771,597.0,b,1,0.0,3,305,0,0,0
1315,597.0,c,1,0.0,4,403,0,0,0
1762,597.0,d,1,0.0,4,403,0,0,0
2330,597.0,e,1,0.0,4,403,0,0,0
288,598.0,a,1,0.0,3,305,1,0,0
770,598.0,b,1,0.0,3,305,1,0,0
1328,598.0,c,1,0.0,4,404,1,0,0
1766,598.0,d,1,0.0,4,404,1,0,0
2379,598.0,e,1,0.0,4,404,1,0,0
287,599.0,a,1,0.0,3,305,1,0,0
769,599.0,b,1,0.0,3,305,1,0,0
1311,599.0,c,1,0.0,4,403,1,0,0
1786,599.0,d,1,0.0,4,403,1,0,0
2326,599.0,e,1,0.0,4,403,1,101,1
883,1832.0,c,1,0.0,1,101,1,0,0
1486,1832.0,d,1,0.0,1,101,1,0,0
1929,1832.0,e,1,0.0,1,101,1,0,0
2664,1832.0,f,1,0.0,2,202,1,0,0
3189,1832.0,g,1,0.0,2,202,1,0,0
3630,1832.0,h,1,0.0,2,202,1,0,0
4301,1832.0,i,1,0.0,3,302,1,0,0
4936,1832.0,j,1,0.0,3,302,1,0,0
5479,1832.0,k,1,0.0,3,302,1,0,0
6101,1832.0,l,1,0.0,4,401,1,0,0
6751,1832.0,m,1,0.0,4,401,1,0,0
7205,1832.0,n,0,0.0,4,401,1,0,0
884,1833.0,c,1,0.0,1,101,0,0,0
1485,1833.0,d,1,0.0,1,101,0,0,0
1928,1833.0,e,1,0.0,1,101,0,0,0
2665,1833.0,f,1,0.0,2,202,0,0,0
3190,1833.0,g,0,0.0,2,202,0,0,0
3629,1833.0,h,0,0.0,2,202,0,0,0
4302,1833.0,i,1,0.0,3,302,0,0,0
4935,1833.0,j,1,0.0,3,302,0,0,0
5480,1833.0,k,1,0.0,3,302,0,0,0
885,1834.0,c,1,0.0,1,101,1,0,0
1484,1834.0,d,1,0.0,1,101,1,0,0
1927,1834.0,e,1,0.0,1,101,1,0,0
2666,1834.0,f,1,0.0,2,202,1,0,0
3165,1834.0,g,1,0.0,2,202,1,0,0
3601,1834.0,h,1,0.0,2,202,1,0,0
4325,1834.0,i,1,0.0,3,302,1,0,0
4934,1834.0,j,1,0.0,3,302,1,0,0
5481,1834.0,k,1,0.0,3,302,1,0,0
6177,1834.0,l,1,0.0,4,402,1,0,0
6686,1834.0,m,1,0.0,4,402,1,0,0
7300,1834.0,n,1,0.0,4,402,1,0,0
886,1835.0,c,1,0.0,1,101,1,0,0
1483,1835.0,d,1,0.0,1,101,1,0,0
1930,1835.0,e,1,0.0,1,101,1,0,0
2667,1835.0,f,1,0.0,2,202,1,0,0
3166,1835.0,g,1,0.0,2,202,1,0,0
3599,1835.0,h,1,0.0,2,202,1,0,0
4297,1835.0,i,1,0.0,3,301,1,0,0
4926,1835.0,j,1,0.0,3,301,1,0,0
5473,1835.0,k,1,0.0,3,301,1,0,0
6100,1835.0,l,1,0.0,4,401,1,0,0
6752,1835.0,m,1,0.0,4,401,1,0,0
7206,1835.0,n,0,0.0,4,401,1,0,0
887,1836.0,c,1,0.0,1,101,0,0,0
1482,1836.0,d,1,0.0,1,101,0,0,0
1926,1836.0,e,1,0.0,1,101,0,0,0
2673,1836.0,f,1,0.0,2,201,0,0,0
3194,1836.0,g,1,0.0,2,201,0,0,0
3656,1836.0,h,1,0.0,2,201,0,0,0
4296,1836.0,i,1,0.0,3,301,0,0,0
4925,1836.0,j,1,0.0,3,301,0,0,0
5491,1836.0,k,1,0.0,3,301,0,0,0
6099,1836.0,l,1,0.0,4,401,0,0,0
6753,1836.0,m,1,0.0,4,401,0,0,0
7207,1836.0,n,1,0.0,4,401,0,0,0
904,1837.0,c,1,0.0,1,101,0,0,0
1481,1837.0,d,0,0.0,1,101,0,0,0
1924,1837.0,e,1,0.0,1,101,0,0,0
2672,1837.0,f,1,0.0,2,201,0,0,0
3193,1837.0,g,1,0.0,2,201,0,0,0
3655,1837.0,h,1,0.0,2,201,0,0,0
4295,1837.0,i,1,0.0,3,301,0,0,0
4924,1837.0,j,1,0.0,3,301,0,0,0
5474,1837.0,k,1,0.0,3,301,0,0,0
6098,1837.0,l,1,0.0,4,401,0,0,0
6754,1837.0,m,0,0.0,4,401,0,0,0
7230,1837.0,n,1,0.0,4,401,0,0,0
903,1838.0,c,1,0.0,1,101,1,0,0
1480,1838.0,d,1,0.0,1,101,1,0,0
1923,1838.0,e,1,0.0,1,101,1,0,0
2668,1838.0,f,1,0.0,2,202,1,0,0
3164,1838.0,g,1,0.0,2,202,1,0,0
3598,1838.0,h,1,0.0,2,202,1,0,0
4251,1838.0,i,1,0.0,3,301,1,0,0
4922,1838.0,j,1,0.0,3,301,1,0,0
5495,1838.0,k,1,0.0,3,301,1,0,0
6097,1838.0,l,0,0.0,4,401,1,0,0
6755,1838.0,m,1,0.0,4,401,1,0,0
7208,1838.0,n,1,0.0,4,401,1,0,0
902,1839.0,c,1,0.0,1,101,1,0,0
1479,1839.0,d,1,0.0,1,101,1,0,0
1922,1839.0,e,1,0.0,1,101,1,0,0
2642,1839.0,f,1,0.0,2,202,1,0,0
3157,1839.0,g,1,0.0,2,202,1,0,0
3597,1839.0,h,1,0.0,2,202,1,0,0
4279,1839.0,i,1,0.0,3,301,1,0,0
4921,1839.0,j,1,0.0,3,301,1,0,0
5496,1839.0,k,1,0.0,3,301,1,0,0
6096,1839.0,l,1,0.0,4,401,1,0,0
6770,1839.0,m,1,0.0,4,401,1,0,0
7229,1839.0,n,1,0.0,4,401,1,0,0
901,1840.0,c,1,0.0,1,101,1,0,0
1478,1840.0,d,1,0.0,1,101,1,0,0
1921,1840.0,e,1,0.0,1,101,1,0,0
2670,1840.0,f,1,0.0,2,201,1,0,0
3178,1840.0,g,1,0.0,2,201,1,0,0
3653,1840.0,h,1,0.0,2,201,1,0,0
4278,1840.0,i,1,0.0,3,301,1,0,0
4920,1840.0,j,1,0.0,3,301,1,0,0
5497,1840.0,k,1,0.0,3,301,1,0,0
6095,1840.0,l,1,0.0,4,401,1,0,0
6756,1840.0,m,1,0.0,4,401,1,0,0
7228,1840.0,n,1,0.0,4,401,1,0,0
900,1841.0,c,1,0.0,1,101,0,0,0
1476,1841.0,d,1,0.0,1,101,0,0,0
1948,1841.0,e,1,0.0,1,101,0,0,0
2646,1841.0,f,1,0.0,2,201,0,0,0
3171,1841.0,g,1,0.0,2,201,0,0,0
3648,1841.0,h,1,0.0,2,201,0,0,0
899,1842.0,c,1,0.0,1,101,0,0,0
1477,1842.0,d,1,0.0,1,101,0,0,0
1947,1842.0,e,1,0.0,1,101,0,0,0
2641,1842.0,f,1,0.0,2,202,0,0,0
3096,1842.0,g,1,0.0,2,202,0,0,0
3595,1842.0,h,0,0.0,2,202,0,0,0
4359,1842.0,i,1,0.0,3,302,0,0,0
4932,1842.0,j,1,0.0,3,302,0,0,0
5484,1842.0,k,1,0.0,3,302,0,0,0
6197,1842.0,l,0,0.0,4,402,0,0,0
6702,1842.0,m,1,0.0,4,402,0,0,0
7292,1842.0,n,1,0.0,4,402,0,0,0
898,1843.0,c,1,0.0,1,101,0,0,0
1475,1843.0,d,1,0.0,1,101,0,0,0
1946,1843.0,e,1,0.0,1,101,0,0,0
897,1844.0,c,1,0.0,1,101,1,0,0
1431,1844.0,d,1,0.0,1,101,1,0,0
1945,1844.0,e,1,0.0,1,101,1,0,0
2647,1844.0,f,1,0.0,2,201,1,0,0
3172,1844.0,g,1,0.0,2,201,1,0,0
3647,1844.0,h,1,0.0,2,201,1,0,0
4273,1844.0,i,1,0.0,3,301,1,0,0
4915,1844.0,j,1,0.0,3,301,1,0,0
5502,1844.0,k,1,0.0,3,301,1,0,0
6153,1844.0,l,1,0.0,4,401,1,0,0
6762,1844.0,m,1,0.0,4,401,1,0,0
7222,1844.0,n,1,0.0,4,401,1,0,0
896,1845.0,c,1,0.0,1,101,0,0,0
1407,1845.0,d,1,0.0,1,101,0,0,0
1944,1845.0,e,1,0.0,1,101,0,0,0
2649,1845.0,f,1,0.0,2,201,0,0,0
3174,1845.0,g,1,0.0,2,201,0,0,0
3645,1845.0,h,1,0.0,2,201,0,0,0
4281,1845.0,i,1,0.0,3,301,0,0,0
4913,1845.0,j,0,0.0,3,301,0,0,0
5504,1845.0,k,1,0.0,3,301,0,0,0
6118,1845.0,l,1,0.0,4,403,0,0,0
6654,1845.0,m,1,0.0,4,403,0,0,0
7314,1845.0,n,0,0.0,4,403,0,0,0
895,1846.0,c,1,0.0,1,101,0,0,0
1406,1846.0,d,1,0.0,1,101,0,0,0
1952,1846.0,e,1,0.0,1,101,0,0,0
2650,1846.0,f,0,0.0,2,201,0,0,0
3175,1846.0,g,1,0.0,2,201,0,100,1
3644,1846.0,h,1,0.0,2,201,0,100,1
4282,1846.0,i,1,0.0,3,301,0,0,0
4928,1846.0,j,1,0.0,3,301,0,0,0
5506,1846.0,k,1,0.0,3,301,0,0,0
6175,1846.0,l,1,0.0,4,401,0,0,0
6765,1846.0,m,0,0.0,4,401,0,0,0
7219,1846.0,n,1,0.0,4,401,0,0,0
894,1847.0,c,1,0.0,1,101,1,0,0
1405,1847.0,d,1,0.0,1,101,1,0,0
1920,1847.0,e,1,0.0,1,101,1,0,0
2493,1847.0,f,1,3.0,1,101,1,0,0
3010,1847.0,g,1,2.0,1,101,1,0,0
3532,1847.0,h,1,1.0,1,101,1,0,0
4188,1847.0,i,1,0.0,2,202,1,0,0
4705,1847.0,j,1,0.0,2,202,1,0,0
5337,1847.0,k,1,0.0,2,202,1,0,0
5961,1847.0,l,1,0.0,3,302,1,0,0
6603,1847.0,m,1,0.0,3,302,1,0,0
7080,1847.0,n,1,0.0,3,302,1,0,0
893,1848.0,c,1,0.0,1,101,0,0,0
1404,1848.0,d,1,0.0,1,101,0,10,1
1919,1848.0,e,1,0.0,1,101,0,10,1
2651,1848.0,f,1,0.0,2,201,0,0,0
3176,1848.0,g,1,0.0,2,201,0,0,0
3643,1848.0,h,1,0.0,2,201,0,0,0
4354,1848.0,i,1,0.0,3,302,0,0,0
4909,1848.0,j,1,0.0,3,302,0,10,1
5471,1848.0,k,1,0.0,3,302,0,0,0
6174,1848.0,l,1,0.0,4,401,0,0,0
6766,1848.0,m,1,0.0,4,401,0,0,0
7218,1848.0,n,1,0.0,4,401,0,0,0
892,1849.0,c,1,0.0,1,101,0,0,0
1403,1849.0,d,1,0.0,1,101,0,0,0
1918,1849.0,e,1,0.0,1,101,0,0,0
2574,1849.0,f,1,0.0,2,202,0,100,1
3105,1849.0,g,1,0.0,2,202,0,10,1
3586,1849.0,h,1,0.0,2,202,0,0,0
4351,1849.0,i,1,0.0,3,302,0,0,0
4899,1849.0,j,1,0.0,3,302,0,0,0
5416,1849.0,k,1,0.0,3,302,0,0,0
6171,1849.0,l,1,0.0,4,401,0,0,0
6769,1849.0,m,1,0.0,4,401,0,0,0
7215,1849.0,n,1,0.0,4,401,0,0,0
891,1850.0,c,1,0.0,1,101,1,0,0
1402,1850.0,d,1,0.0,1,101,1,0,0
1917,1850.0,e,1,0.0,1,101,1,0,0
2575,1850.0,f,1,0.0,2,202,1,0,0
3106,1850.0,g,1,0.0,2,202,1,0,0
890,1851.0,c,1,0.0,1,101,0,0,0
1401,1851.0,d,1,0.0,1,101,0,0,0
1925,1851.0,e,1,0.0,1,101,0,0,0
2576,1851.0,f,1,0.0,2,202,0,0,0
3107,1851.0,g,1,0.0,2,202,0,0,0
3585,1851.0,h,1,0.0,2,202,0,0,0
4292,1851.0,i,1,0.0,3,301,0,0,0
4943,1851.0,j,1,0.0,3,301,0,0,0
5509,1851.0,k,1,0.0,3,301,0,0,0
6169,1851.0,l,1,0.0,4,401,0,0,0
6750,1851.0,m,0,0.0,4,401,0,0,0
7213,1851.0,n,1,0.0,4,401,0,0,0
889,1852.0,c,1,0.0,1,101,0,0,0
1400,1852.0,d,1,0.0,1,101,0,0,0
1932,1852.0,e,1,0.0,1,101,0,0,0
2657,1852.0,f,1,0.0,2,201,0,0,0
3182,1852.0,g,1,0.0,2,201,0,0,0
3637,1852.0,h,1,0.0,2,201,0,0,0
4348,1852.0,i,1,0.0,3,302,0,0,0
4896,1852.0,j,1,0.0,3,302,0,0,0
5419,1852.0,k,1,0.0,3,302,0,0,0
6168,1852.0,l,1,0.0,4,401,0,0,0
6748,1852.0,m,1,0.0,4,401,0,0,0
7212,1852.0,n,0,0.0,4,401,0,0,0
888,1853.0,c,1,0.0,1,101,0,0,0
1408,1853.0,d,1,0.0,1,101,0,0,0
1942,1853.0,e,1,0.0,1,101,0,0,0
2578,1853.0,f,1,0.0,2,202,0,0,0
3109,1853.0,g,1,0.0,2,202,0,0,0
3583,1853.0,h,1,0.0,2,202,0,0,0
4347,1853.0,i,1,0.0,3,302,0,0,0
4895,1853.0,j,1,0.0,3,302,0,0,0
5420,1853.0,k,1,0.0,3,302,0,0,0
6126,1853.0,l,1,0.0,4,403,0,0,0
6669,1853.0,m,1,0.0,4,403,0,0,0
7250,1853.0,n,1,0.0,4,403,0,0,0
882,1854.0,c,1,0.0,1,101,1,0,0
1399,1854.0,d,1,0.0,1,101,1,0,0
1933,1854.0,e,1,0.0,1,101,1,0,0
2579,1854.0,f,1,0.0,2,202,1,0,0
3110,1854.0,g,1,0.0,2,202,1,0,0
3582,1854.0,h,1,0.0,2,202,1,0,0
4345,1854.0,i,1,0.0,3,302,1,0,0
4893,1854.0,j,1,0.0,3,302,1,0,0
5422,1854.0,k,1,0.0,3,302,1,0,0
6166,1854.0,l,1,0.0,4,401,1,0,0
6677,1854.0,m,1,0.0,4,401,1,0,0
7210,1854.0,n,1,0.0,4,401,1,0,0
881,1855.0,c,0,0.0,1,101,1,0,0
1397,1855.0,d,1,0.0,1,101,1,0,0
1951,1855.0,e,1,0.0,1,101,1,0,0
2661,1855.0,f,1,0.0,2,201,1,0,0
3186,1855.0,g,1,0.0,2,201,1,0,0
3633,1855.0,h,1,0.0,2,201,1,0,0
4284,1855.0,i,1,0.0,3,302,1,0,0
4891,1855.0,j,1,0.0,3,302,1,0,0
5424,1855.0,k,1,0.0,3,302,1,0,0
6163,1855.0,l,1,0.0,4,401,1,0,0
6676,1855.0,m,1,0.0,4,401,1,0,0
7232,1855.0,n,1,0.0,4,401,1,0,0
880,1856.0,c,1,0.0,1,101,0,0,0
1396,1856.0,d,1,0.0,1,101,0,0,0
1950,1856.0,e,1,0.0,1,101,0,0,0
2662,1856.0,f,1,0.0,2,201,0,0,0
3187,1856.0,g,1,0.0,2,201,0,0,0
3632,1856.0,h,1,0.0,2,201,0,0,0
4289,1856.0,i,1,0.0,3,301,0,0,0
4940,1856.0,j,1,0.0,3,301,0,0,0
5475,1856.0,k,1,0.0,3,301,0,0,0
6162,1856.0,l,1,0.0,4,401,0,0,0
6679,1856.0,m,1,0.0,4,401,0,0,0
7233,1856.0,n,1,0.0,4,401,0,0,0
879,1857.0,c,1,0.0,1,101,1,0,0
1395,1857.0,d,1,0.0,1,101,1,0,0
1949,1857.0,e,1,0.0,1,101,1,0,0
2594,1857.0,f,1,0.0,2,202,1,0,0
3112,1857.0,g,1,0.0,2,202,1,0,0
3580,1857.0,h,1,0.0,2,202,1,0,0
4288,1857.0,i,1,0.0,3,301,1,0,0
4939,1857.0,j,1,0.0,3,301,1,0,0
5476,1857.0,k,1,0.0,3,301,1,0,0
6160,1857.0,l,1,0.0,4,401,1,0,0
6681,1857.0,m,1,0.0,4,401,1,0,0
7305,1857.0,n,1,0.0,4,401,1,0,0
877,1858.0,c,1,0.0,1,102,1,0,0
1394,1858.0,d,1,0.0,1,102,1,0,0
1943,1858.0,e,1,0.0,1,102,1,0,0
2671,1858.0,f,1,0.0,2,201,1,0,0
3192,1858.0,g,1,0.0,2,201,1,0,0
3654,1858.0,h,1,0.0,2,201,1,0,0
4252,1858.0,i,1,0.0,3,301,1,0,0
4923,1858.0,j,1,0.0,3,301,1,0,0
5494,1858.0,k,1,0.0,3,301,1,0,0
6179,1858.0,l,1,0.0,4,402,1,0,0
6688,1858.0,m,1,0.0,4,402,1,0,0
7298,1858.0,n,1,0.0,4,402,1,0,0
876,1859.0,c,1,0.0,1,102,0,0,0
1393,1859.0,d,1,0.0,1,102,0,0,0
1941,1859.0,e,1,0.0,1,102,0,100,1
2643,1859.0,f,1,0.0,2,201,0,0,0
3168,1859.0,g,1,0.0,2,201,0,0,0
3651,1859.0,h,1,0.0,2,201,0,0,0
4276,1859.0,i,1,0.0,3,301,0,0,0
4918,1859.0,j,1,0.0,3,301,0,0,0
5499,1859.0,k,1,0.0,3,301,0,0,0
6093,1859.0,l,0,0.0,4,401,0,0,0
6758,1859.0,m,0,0.0,4,401,0,0,0
7226,1859.0,n,1,0.0,4,401,0,0,0
875,1860.0,c,1,0.0,1,102,1,0,0
1392,1860.0,d,1,0.0,1,102,1,0,0
1940,1860.0,e,1,0.0,1,102,1,0,0
2644,1860.0,f,1,0.0,2,201,1,0,0
3169,1860.0,g,1,0.0,2,201,1,0,0
3650,1860.0,h,1,0.0,2,201,1,0,0
4303,1860.0,i,1,0.0,3,302,1,0,0
4933,1860.0,j,1,0.0,3,302,1,0,0
5483,1860.0,k,0,0.0,3,302,1,0,0
6092,1860.0,l,1,0.0,4,401,1,0,0
6759,1860.0,m,1,0.0,4,401,1,0,0
7225,1860.0,n,1,0.0,4,401,1,0,0
874,1861.0,c,1,0.0,1,102,0,0,0
1391,1861.0,d,1,0.0,1,102,0,0,0
1939,1861.0,e,1,0.0,1,102,0,0,0
2645,1861.0,f,1,0.0,2,201,0,0,0
3170,1861.0,g,1,0.0,2,201,0,0,0
3649,1861.0,h,1,0.0,2,201,0,0,0
4275,1861.0,i,1,0.0,3,301,0,0,0
4917,1861.0,j,1,0.0,3,301,0,0,0
5500,1861.0,k,1,0.0,3,301,0,0,0
6102,1861.0,l,1,0.0,4,401,0,0,0
6760,1861.0,m,1,0.0,4,401,0,0,0
7224,1861.0,n,1,0.0,4,401,0,0,0
944,1862.0,c,1,0.0,1,102,1,0,0
1390,1862.0,d,1,0.0,1,102,1,0,0
1938,1862.0,e,1,0.0,1,102,1,100,1
2674,1862.0,f,1,0.0,2,202,1,0,0
3095,1862.0,g,1,0.0,2,202,1,0,0
3596,1862.0,h,1,0.0,2,202,1,0,0
4274,1862.0,i,0,0.0,3,301,1,0,0
4916,1862.0,j,1,0.0,3,301,1,0,0
5501,1862.0,k,0,0.0,3,301,1,0,0
6103,1862.0,l,1,0.0,4,401,1,0,0
6761,1862.0,m,0,0.0,4,401,1,0,0
7223,1862.0,n,1,0.0,4,401,1,0,0
955,1863.0,c,1,0.0,1,102,1,0,0
1398,1863.0,d,1,0.0,1,102,1,0,0
1937,1863.0,e,1,0.0,1,102,1,0,0
2640,1863.0,f,1,0.0,2,202,1,0,0
3097,1863.0,g,1,0.0,2,202,1,0,0
3594,1863.0,h,1,0.0,2,202,1,0,0
4361,1863.0,i,1,0.0,3,302,1,0,0
4931,1863.0,j,1,0.0,3,302,1,0,0
5485,1863.0,k,1,0.0,3,302,1,0,0
6104,1863.0,l,1,0.0,4,401,1,0,0
6763,1863.0,m,1,0.0,4,401,1,0,0
7221,1863.0,n,1,0.0,4,401,1,0,0
956,1864.0,c,1,0.0,1,102,0,0,0
1410,1864.0,d,1,0.0,1,102,0,0,0
1936,1864.0,e,1,0.0,1,102,0,0,0
2563,1864.0,f,1,0.0,2,204,0,0,0
3087,1864.0,g,1,0.0,2,204,0,0,0
3705,1864.0,h,1,0.0,2,204,0,0,0
4340,1864.0,i,1,0.0,3,304,0,0,0
4846,1864.0,j,1,0.0,3,304,0,0,0
5466,1864.0,k,1,0.0,3,304,0,0,0
6117,1864.0,l,1,0.0,4,403,0,0,0
6656,1864.0,m,1,0.0,4,403,0,0,0
7313,1864.0,n,1,0.0,4,403,0,0,0
957,1865.0,c,1,0.0,1,102,0,0,0
1420,1865.0,d,1,0.0,1,102,0,0,0
1935,1865.0,e,1,0.0,1,102,0,0,0
2568,1865.0,f,1,0.0,2,202,0,0,0
3098,1865.0,g,1,0.0,2,202,0,10,1
3593,1865.0,h,1,0.0,2,202,0,10,1
4358,1865.0,i,1,0.0,3,302,0,0,0
4930,1865.0,j,0,0.0,3,302,0,0,0
5486,1865.0,k,1,0.0,3,302,0,0,0
6203,1865.0,l,1,0.0,4,402,0,0,0
6698,1865.0,m,1,0.0,4,402,0,0,0
7287,1865.0,n,1,0.0,4,402,0,0,0
958,1866.0,c,1,0.0,1,102,0,0,0
1411,1866.0,d,1,0.0,1,102,0,0,0
1934,1866.0,e,1,0.0,1,102,0,0,0
2569,1866.0,f,1,0.0,2,202,0,0,0
3099,1866.0,g,0,0.0,2,202,0,0,0
3592,1866.0,h,1,0.0,2,202,0,0,0
4357,1866.0,i,1,0.0,3,302,0,0,0
4911,1866.0,j,1,0.0,3,302,0,0,0
5487,1866.0,k,1,0.0,3,302,0,0,0
6116,1866.0,l,0,0.0,4,403,0,0,0
6657,1866.0,m,1,0.0,4,403,0,0,0
7312,1866.0,n,1,0.0,4,403,0,0,0
914,1867.0,c,1,0.0,1,102,1,0,0
1429,1867.0,d,1,0.0,1,102,1,0,0
1916,1867.0,e,1,0.0,1,102,1,0,0
2543,1867.0,f,1,0.0,2,203,1,0,0
3067,1867.0,g,1,0.0,2,203,1,0,0
3628,1867.0,h,1,0.0,2,203,1,0,0
4264,1867.0,i,1,0.0,3,305,1,0,0
4882,1867.0,j,1,0.0,3,305,1,0,0
5381,1867.0,k,1,0.0,3,305,1,0,0
6192,1867.0,l,1,0.0,4,402,1,0,0
6696,1867.0,m,1,0.0,4,402,1,0,0
7286,1867.0,n,1,0.0,4,402,1,0,0
907,1868.0,c,1,0.0,1,102,1,0,0
1428,1868.0,d,1,0.0,1,102,1,0,0
1931,1868.0,e,1,0.0,1,102,1,0,0
2570,1868.0,f,1,0.0,2,202,1,0,0
3100,1868.0,g,1,0.0,2,202,1,0,0
3591,1868.0,h,1,0.0,2,202,1,0,0
4290,1868.0,i,1,0.0,3,301,1,0,0
4927,1868.0,j,1,0.0,3,301,1,0,0
5505,1868.0,k,1,0.0,3,301,1,0,0
6176,1868.0,l,1,0.0,4,401,1,0,0
6764,1868.0,m,1,0.0,4,401,1,0,0
7220,1868.0,n,1,0.0,4,401,1,0,0
906,1869.0,c,1,0.0,1,102,1,0,0
1427,1869.0,d,1,0.0,1,102,1,0,0
1915,1869.0,e,1,0.0,1,102,1,0,0
2571,1869.0,f,0,0.0,2,202,1,0,0
3101,1869.0,g,1,0.0,2,202,1,0,0
3590,1869.0,h,1,0.0,2,202,1,0,0
4356,1869.0,i,1,0.0,3,302,1,0,0
4912,1869.0,j,1,0.0,3,302,1,0,0
5488,1869.0,k,1,0.0,3,302,1,0,0
6114,1869.0,l,1,0.0,4,403,1,0,0
6659,1869.0,m,1,0.0,4,403,1,0,0
7310,1869.0,n,1,0.0,4,403,1,0,0
905,1870.0,c,1,0.0,1,102,0,0,0
1426,1870.0,d,1,0.0,1,102,0,0,0
1893,1870.0,e,1,0.0,1,102,0,0,0
2572,1870.0,f,1,0.0,2,202,0,0,0
3102,1870.0,g,1,0.0,2,202,0,0,0
3589,1870.0,h,1,0.0,2,202,0,0,0
4355,1870.0,i,1,0.0,3,302,0,0,0
4910,1870.0,j,1,0.0,3,302,0,0,0
5489,1870.0,k,1,0.0,3,302,0,0,0
6112,1870.0,l,1,0.0,4,403,0,0,0
6661,1870.0,m,1,0.0,4,403,0,0,0
7320,1870.0,n,1,0.0,4,403,0,0,0
938,1871.0,c,1,0.0,1,102,0,0,0
1425,1871.0,d,1,0.0,1,102,0,0,0
1891,1871.0,e,1,0.0,1,102,0,0,0
2652,1871.0,f,1,0.0,2,201,0,10,1
3177,1871.0,g,1,0.0,2,201,0,10,1
3642,1871.0,h,1,0.0,2,201,0,0,0
4239,1871.0,i,1,3.0,2,201,0,0,0
4685,1871.0,j,1,2.0,2,201,0,0,0
5362,1871.0,k,1,1.0,2,201,0,0,0
5962,1871.0,l,1,0.0,3,302,0,0,0
6595,1871.0,m,1,0.0,3,302,0,0,0
7079,1871.0,n,1,0.0,3,302,0,0,0
922,1872.0,c,1,0.0,1,102,0,0,0
1424,1872.0,d,1,0.0,1,102,0,0,0
1890,1872.0,e,1,0.0,1,102,0,0,0
2654,1872.0,f,1,0.0,2,201,0,0,0
3191,1872.0,g,1,0.0,2,201,0,0,0
3640,1872.0,h,1,0.0,2,201,0,0,0
4364,1872.0,i,1,0.0,3,302,0,0,0
4901,1872.0,j,1,0.0,3,302,0,0,0
5470,1872.0,k,1,0.0,3,302,0,0,0
6172,1872.0,l,1,0.0,4,401,0,0,0
6768,1872.0,m,1,0.0,4,401,0,0,0
7216,1872.0,n,1,0.0,4,401,0,0,0
937,1873.0,c,1,0.0,1,102,1,0,0
1423,1873.0,d,1,0.0,1,102,1,0,0
1889,1873.0,e,1,0.0,1,102,1,0,0
2573,1873.0,f,1,0.0,2,202,1,0,0
3104,1873.0,g,1,0.0,2,202,1,0,0
3588,1873.0,h,1,0.0,2,202,1,0,0
4352,1873.0,i,0,0.0,3,302,1,0,0
4900,1873.0,j,1,0.0,3,302,1,0,0
5432,1873.0,k,1,0.0,3,302,1,0,0
6189,1873.0,l,1,0.0,4,402,1,0,0
6694,1873.0,m,1,0.0,4,402,1,0,0
7306,1873.0,n,1,0.0,4,402,1,0,0
936,1874.0,c,1,0.0,1,102,0,0,0
1422,1874.0,d,1,0.0,1,102,0,0,0
1888,1874.0,e,1,0.0,1,102,0,0,0
2656,1874.0,f,1,0.0,2,201,0,0,0
3180,1874.0,g,0,0.0,2,201,0,0,0
3639,1874.0,h,1,0.0,2,201,0,0,0
4293,1874.0,i,1,0.0,3,301,0,0,0
4944,1874.0,j,1,0.0,3,301,0,0,0
5493,1874.0,k,1,0.0,3,301,0,0,0
6170,1874.0,l,1,0.0,4,401,0,0,0
6749,1874.0,m,1,0.0,4,401,0,0,0
7214,1874.0,n,1,0.0,4,401,0,0,0
935,1875.0,c,1,0.0,1,102,0,0,0
1430,1875.0,d,1,0.0,1,102,0,0,0
1887,1875.0,e,1,0.0,1,102,0,0,0
2669,1875.0,f,1,0.0,2,201,0,0,0
3181,1875.0,g,1,0.0,2,201,0,0,0
3638,1875.0,h,1,0.0,2,201,0,0,0
4350,1875.0,i,1,0.0,3,302,0,0,0
4898,1875.0,j,1,0.0,3,302,0,0,0
5417,1875.0,k,1,0.0,3,302,0,0,0
6106,1875.0,l,1,0.0,4,403,0,0,0
6667,1875.0,m,1,0.0,4,403,0,0,0
7252,1875.0,n,1,0.0,4,403,0,0,0
934,1876.0,c,1,0.0,1,102,0,0,0
1421,1876.0,d,1,0.0,1,102,0,0,0
1886,1876.0,e,1,0.0,1,102,0,0,0
2577,1876.0,f,1,0.0,2,202,0,0,0
3108,1876.0,g,1,0.0,2,202,0,0,0
3584,1876.0,h,1,0.0,2,202,0,0,0
4349,1876.0,i,1,0.0,3,302,0,0,0
4897,1876.0,j,1,0.0,3,302,0,0,0
5418,1876.0,k,1,0.0,3,302,0,0,0
933,1877.0,c,1,0.0,1,102,0,0,0
1419,1877.0,d,1,0.0,1,102,0,0,0
1885,1877.0,e,1,0.0,1,102,0,0,0
2659,1877.0,f,1,0.0,2,201,0,0,0
3184,1877.0,g,0,0.0,2,201,0,0,0
3635,1877.0,h,1,0.0,2,201,0,0,0
4299,1877.0,i,1,0.0,3,301,0,0,0
4942,1877.0,j,1,0.0,3,301,0,0,0
5492,1877.0,k,1,0.0,3,301,0,0,0
6186,1877.0,l,1,0.0,4,402,0,0,0
6691,1877.0,m,1,0.0,4,402,0,0,0
7309,1877.0,n,1,0.0,4,402,0,0,0
932,1878.0,c,1,0.0,1,102,1,0,0
1418,1878.0,d,1,0.0,1,102,1,0,0
1884,1878.0,e,1,0.0,1,102,1,100,1
2660,1878.0,f,1,0.0,2,201,1,0,0
3185,1878.0,g,1,0.0,2,201,1,100,1
3634,1878.0,h,1,0.0,2,201,1,0,0
4291,1878.0,i,1,0.0,3,301,1,100,1
4941,1878.0,j,1,0.0,3,301,1,0,0
5490,1878.0,k,0,0.0,3,301,1,0,0
6165,1878.0,l,0,0.0,4,401,1,0,0
6674,1878.0,m,1,0.0,4,401,1,0,0
7209,1878.0,n,0,0.0,4,401,1,0,0
931,1879.0,c,1,0.0,1,102,0,0,0
1417,1879.0,d,1,0.0,1,102,0,0,0
1892,1879.0,e,1,0.0,1,102,0,100,1
2581,1879.0,f,1,0.0,2,202,0,0,0
3111,1879.0,g,1,0.0,2,202,0,0,0
3581,1879.0,h,1,0.0,2,202,0,0,0
4285,1879.0,i,1,0.0,3,302,0,0,0
4892,1879.0,j,1,0.0,3,302,0,0,0
5423,1879.0,k,1,0.0,3,302,0,0,0
6164,1879.0,l,1,0.0,4,401,0,0,0
6675,1879.0,m,1,0.0,4,401,0,0,0
7231,1879.0,n,0,0.0,4,401,0,0,0
930,1880.0,c,1,0.0,1,102,1,0,0
1416,1880.0,d,1,0.0,1,102,1,0,0
1883,1880.0,e,1,0.0,1,102,1,0,0
2663,1880.0,f,1,0.0,2,201,1,0,0
3188,1880.0,g,1,0.0,2,201,1,0,0
3631,1880.0,h,1,0.0,2,201,1,0,0
4283,1880.0,i,1,0.0,3,302,1,0,0
4890,1880.0,j,1,0.0,3,302,1,0,0
5425,1880.0,k,1,0.0,3,302,1,0,0
6161,1880.0,l,1,0.0,4,401,1,0,0
6680,1880.0,m,1,0.0,4,401,1,0,0
7234,1880.0,n,0,0.0,4,401,1,0,0
929,1881.0,c,1,0.0,1,102,1,0,0
1415,1881.0,d,1,0.0,1,102,1,0,0
1881,1881.0,e,1,0.0,1,102,1,0,0
2582,1881.0,f,1,0.0,2,202,1,0,0
3113,1881.0,g,1,0.0,2,202,1,0,0
3579,1881.0,h,1,0.0,2,202,1,0,0
4287,1881.0,i,1,0.0,3,301,1,0,0
4938,1881.0,j,1,0.0,3,301,1,0,0
5477,1881.0,k,0,0.0,3,301,1,0,0
6159,1881.0,l,1,0.0,4,401,1,0,0
6682,1881.0,m,0,0.0,4,401,1,0,0
7304,1881.0,n,1,0.0,4,401,1,0,0
928,1882.0,c,1,0.0,1,102,0,0,0
1414,1882.0,d,1,0.0,1,102,0,0,0
1880,1882.0,e,1,0.0,1,102,0,0,0
2583,1882.0,f,1,0.0,2,202,0,0,0
3114,1882.0,g,1,0.0,2,202,0,0,0
3578,1882.0,h,1,0.0,2,202,0,0,0
4286,1882.0,i,1,0.0,3,301,0,0,0
4937,1882.0,j,1,0.0,3,301,0,0,0
5478,1882.0,k,1,0.0,3,301,0,0,0
6158,1882.0,l,1,0.0,4,401,0,0,0
6683,1882.0,m,1,0.0,4,401,0,0,0
7303,1882.0,n,1,0.0,4,401,0,0,0
927,1883.0,c,1,0.0,1,103,0,0,0
1413,1883.0,d,1,0.0,1,103,0,0,0
1911,1883.0,e,1,0.0,1,103,0,0,0
2586,1883.0,f,1,0.0,2,203,0,10,1
3117,1883.0,g,1,0.0,2,203,0,10,1
3587,1883.0,h,1,0.0,2,203,0,0,0
4366,1883.0,i,0,0.0,3,303,0,0,0
4903,1883.0,j,1,0.0,3,303,0,0,0
5428,1883.0,k,1,0.0,3,303,0,0,0
6142,1883.0,l,1,0.0,4,404,0,0,0
926,1884.0,c,1,0.0,1,103,1,0,0
1412,1884.0,d,1,0.0,1,103,1,0,0
1910,1884.0,e,1,0.0,1,103,1,0,0
2588,1884.0,f,1,0.0,2,203,1,0,0
3119,1884.0,g,1,0.0,2,203,1,0,0
3602,1884.0,h,1,0.0,2,203,1,0,0
4234,1884.0,i,1,3.0,2,203,1,0,0
4734,1884.0,j,1,2.0,2,203,1,0,0
5264,1884.0,k,1,1.0,2,203,1,0,0
6037,1884.0,l,1,0.0,3,304,1,0,0
6531,1884.0,m,1,0.0,3,304,1,0,0
7167,1884.0,n,1,0.0,3,304,1,0,0
925,1885.0,c,1,0.0,1,103,0,0,0
1389,1885.0,d,1,0.0,1,103,0,0,0
1909,1885.0,e,1,0.0,1,103,0,0,0
2589,1885.0,f,1,0.0,2,203,0,0,0
3120,1885.0,g,1,0.0,2,203,0,1100,1
3615,1885.0,h,1,0.0,2,203,0,0,0
4119,1885.0,i,1,3.0,2,205,0,0,0
4667,1885.0,j,1,2.0,2,205,0,0,0
5304,1885.0,k,1,1.0,2,205,0,0,0
924,1886.0,c,1,0.0,1,103,1,0,0
1409,1886.0,d,1,0.0,1,103,1,0,0
1908,1886.0,e,1,0.0,1,103,1,0,0
2675,1886.0,f,1,0.0,2,205,1,0,0
3143,1886.0,g,1,0.0,2,205,1,0,0
3662,1886.0,h,1,0.0,2,205,1,0,0
4381,1886.0,i,1,0.0,3,303,1,0,0
4905,1886.0,j,1,0.0,3,303,1,0,0
5415,1886.0,k,1,0.0,3,303,1,0,0
6141,1886.0,l,1,0.0,4,404,1,0,0
6726,1886.0,m,1,0.0,4,404,1,0,0
7237,1886.0,n,1,0.0,4,404,1,0,0
923,1887.0,c,1,0.0,1,103,0,0,0
1388,1887.0,d,1,0.0,1,103,0,0,0
1907,1887.0,e,1,0.0,1,103,0,0,0
2633,1887.0,f,1,0.0,2,205,0,0,0
3144,1887.0,g,1,0.0,2,205,0,0,0
3663,1887.0,h,1,0.0,2,205,0,0,0
4379,1887.0,i,1,0.0,3,303,0,0,0
4907,1887.0,j,1,0.0,3,303,0,0,0
5431,1887.0,k,1,0.0,3,303,0,0,0
5966,1887.0,l,1,3.0,3,314,0,0,0
6638,1887.0,m,1,2.0,3,314,0,0,0
7116,1887.0,n,0,1.0,3,314,0,0,0
942,1888.0,c,1,0.0,1,103,1,0,0
1365,1888.0,d,1,0.0,1,103,1,0,0
1906,1888.0,e,1,0.0,1,103,1,0,0
2591,1888.0,f,1,0.0,2,203,0,0,0
3122,1888.0,g,1,0.0,2,203,0,0,0
3627,1888.0,h,1,0.0,2,203,0,0,0
4163,1888.0,i,1,3.0,2,201,0,0,0
4729,1888.0,j,1,2.0,2,201,0,0,0
5323,1888.0,k,1,1.0,2,201,0,0,0
6033,1888.0,l,1,0.0,3,303,0,0,0
6597,1888.0,m,1,0.0,3,303,0,0,0
921,1889.0,c,1,0.0,1,103,1,0,0
1362,1889.0,d,1,0.0,1,103,1,0,0
1905,1889.0,e,1,0.0,1,103,1,0,0
2593,1889.0,f,1,0.0,2,203,1,0,0
3094,1889.0,g,1,0.0,2,203,1,0,0
3625,1889.0,h,1,0.0,2,203,1,0,0
4326,1889.0,i,1,0.0,3,305,1,0,0
4856,1889.0,j,1,0.0,3,305,1,0,0
5396,1889.0,k,1,0.0,3,305,1,0,0
6136,1889.0,l,0,0.0,4,404,1,0,0
6730,1889.0,m,1,0.0,4,404,1,0,0
7257,1889.0,n,1,0.0,4,404,1,0,0
908,1890.0,c,1,0.0,1,103,0,0,0
1361,1890.0,d,1,0.0,1,103,0,0,0
1903,1890.0,e,1,0.0,1,103,0,0,0
2567,1890.0,f,1,0.0,2,203,0,0,0
3124,1890.0,g,1,0.0,2,203,0,0,0
3624,1890.0,h,1,0.0,2,203,0,0,0
4232,1890.0,i,1,3.0,2,203,0,0,0
4736,1890.0,j,1,2.0,2,203,0,0,0
5266,1890.0,k,1,1.0,2,203,0,0,0
6034,1890.0,l,1,0.0,3,303,0,0,0
6601,1890.0,m,1,0.0,3,303,0,0,0
7098,1890.0,n,1,0.0,3,303,0,0,0
909,1891.0,c,1,0.0,1,103,1,0,0
1360,1891.0,d,1,0.0,1,103,1,0,0
1902,1891.0,e,1,0.0,1,103,1,0,0
910,1892.0,c,1,0.0,1,103,1,0,0
1359,1892.0,d,1,0.0,1,103,1,0,0
1879,1892.0,e,1,0.0,1,103,1,0,0
2580,1892.0,f,1,0.0,2,203,1,0,0
3093,1892.0,g,1,0.0,2,203,1,0,0
3623,1892.0,h,1,0.0,2,203,1,0,0
4374,1892.0,i,1,0.0,3,303,1,0,0
4818,1892.0,j,1,0.0,3,303,1,0,0
5399,1892.0,k,1,0.0,3,303,1,0,0
6201,1892.0,l,1,0.0,4,402,1,0,0
6690,1892.0,m,1,0.0,4,402,1,0,0
7295,1892.0,n,1,0.0,4,402,1,0,0
911,1893.0,c,1,0.0,1,103,0,0,0
1358,1893.0,d,1,0.0,1,103,0,0,0
1878,1893.0,e,1,0.0,1,103,0,0,0
2557,1893.0,f,1,0.0,2,204,0,0,0
3081,1893.0,g,1,0.0,2,204,0,0,0
3658,1893.0,h,1,0.0,2,204,0,0,0
4113,1893.0,i,1,3.0,2,205,0,0,0
4673,1893.0,j,1,2.0,2,205,0,0,0
5310,1893.0,k,1,1.0,2,205,0,0,0
6019,1893.0,l,1,0.0,3,303,0,0,0
6600,1893.0,m,1,0.0,3,303,0,0,0
7097,1893.0,n,1,0.0,3,303,0,0,0
912,1894.0,c,1,0.0,1,103,0,0,0
1357,1894.0,d,1,0.0,1,103,0,0,0
1877,1894.0,e,1,0.0,1,103,0,0,0
2551,1894.0,f,1,0.0,2,203,0,100,1
3062,1894.0,g,1,0.0,2,203,0,0,0
3621,1894.0,h,1,0.0,2,203,0,0,0
4306,1894.0,i,1,0.0,3,304,0,0,0
4855,1894.0,j,1,0.0,3,304,0,0,0
5457,1894.0,k,1,0.0,3,304,0,0,0
6121,1894.0,l,1,0.0,4,403,0,0,0
6642,1894.0,m,1,0.0,4,403,0,0,0
7317,1894.0,n,0,0.0,4,403,0,0,0
913,1895.0,c,1,0.0,1,103,0,0,0
1356,1895.0,d,1,0.0,1,103,0,0,0
1876,1895.0,e,1,0.0,1,103,0,0,0
2606,1895.0,f,1,0.0,2,259,0,0,0
3159,1895.0,g,1,0.0,2,259,0,0,0
3681,1895.0,h,0,0.0,2,259,0,0,0
915,1896.0,c,1,0.0,1,103,0,0,0
1364,1896.0,d,1,0.0,1,103,0,0,0
1875,1896.0,e,1,0.0,1,103,0,0,0
2539,1896.0,f,1,0.0,2,203,0,0,0
3063,1896.0,g,1,0.0,2,203,0,0,0
3620,1896.0,h,1,0.0,2,203,0,0,0
4321,1896.0,i,1,0.0,3,304,0,0,0
4849,1896.0,j,0,0.0,3,304,0,0,0
5463,1896.0,k,1,0.0,3,304,0,0,0
6090,1896.0,l,1,0.0,4,404,0,0,0
6743,1896.0,m,0,0.0,4,404,0,0,0
7277,1896.0,n,0,0.0,4,404,0,0,0
916,1897.0,c,0,0.0,1,103,1,0,0
1355,1897.0,d,0,0.0,1,103,1,0,0
1874,1897.0,e,1,0.0,1,103,1,0,0
2540,1897.0,f,0,0.0,2,203,1,0,0
3064,1897.0,g,0,0.0,2,203,1,0,0
3619,1897.0,h,0,0.0,2,203,1,0,0
4322,1897.0,i,1,0.0,3,304,1,0,0
4848,1897.0,j,1,0.0,3,304,1,0,0
5464,1897.0,k,1,0.0,3,304,1,0,0
6195,1897.0,l,1,0.0,4,402,1,0,0
6700,1897.0,m,1,0.0,4,402,1,1000,1
7290,1897.0,n,1,0.0,4,402,1,0,0
917,1898.0,c,1,0.0,1,103,0,0,0
1353,1898.0,d,1,0.0,1,103,0,0,0
1882,1898.0,e,1,0.0,1,103,0,0,0
2544,1898.0,f,1,0.0,2,203,0,0,0
3068,1898.0,g,1,0.0,2,203,0,0,0
3616,1898.0,h,1,0.0,2,203,0,0,0
4337,1898.0,i,1,0.0,3,304,0,0,0
4843,1898.0,j,1,0.0,3,304,0,0,0
5453,1898.0,k,1,0.0,3,304,0,0,0
6085,1898.0,l,1,0.0,4,404,0,0,0
6738,1898.0,m,1,0.0,4,404,0,0,0
7272,1898.0,n,1,0.0,4,404,0,0,0
918,1899.0,c,1,0.0,1,103,0,0,0
1352,1899.0,d,1,0.0,1,103,0,0,0
1894,1899.0,e,1,0.0,1,103,0,0,0
2545,1899.0,f,1,0.0,2,203,0,0,0
3069,1899.0,g,1,0.0,2,203,0,0,0
3614,1899.0,h,1,0.0,2,203,0,0,0
4333,1899.0,i,1,0.0,3,344,0,0,0
4831,1899.0,j,1,0.0,3,344,0,0,0
5443,1899.0,k,1,0.0,3,344,0,0,0
6154,1899.0,l,1,0.0,4,424,0,0,0
6652,1899.0,m,0,0.0,4,424,0,0,0
7324,1899.0,n,1,0.0,4,424,0,0,0
939,1900.0,c,1,0.0,1,103,0,0,0
1349,1900.0,d,1,0.0,1,103,0,0,0
1913,1900.0,e,1,0.0,1,103,0,0,0
2546,1900.0,f,1,0.0,2,203,0,0,0
3070,1900.0,g,1,0.0,2,203,0,0,0
3613,1900.0,h,1,0.0,2,203,0,0,0
4257,1900.0,i,1,0.0,3,305,0,0,0
4875,1900.0,j,1,0.0,3,305,0,0,0
5388,1900.0,k,1,0.0,3,305,0,0,0
6081,1900.0,l,1,0.0,4,404,0,0,0
6717,1900.0,m,1,0.0,4,404,0,0,0
7268,1900.0,n,1,0.0,4,404,0,1,1
940,1901.0,c,1,0.0,1,103,0,0,0
1348,1901.0,d,1,0.0,1,103,0,0,0
1912,1901.0,e,1,0.0,1,103,0,0,0
2547,1901.0,f,1,0.0,2,203,0,0,0
3071,1901.0,g,1,0.0,2,203,0,0,0
3612,1901.0,h,1,0.0,2,203,0,0,0
4313,1901.0,i,1,0.0,3,304,0,0,0
4840,1901.0,j,1,0.0,3,304,0,0,0
5435,1901.0,k,1,0.0,3,304,0,0,0
6079,1901.0,l,1,0.0,4,404,0,0,0
6715,1901.0,m,1,0.0,4,404,0,0,0
7266,1901.0,n,1,0.0,4,404,0,0,0
941,1902.0,c,1,0.0,1,103,1,0,0
1347,1902.0,d,1,0.0,1,103,1,0,0
1901,1902.0,e,1,0.0,1,103,1,0,0
2548,1902.0,f,1,0.0,2,203,1,0,0
3072,1902.0,g,1,0.0,2,203,1,0,0
3611,1902.0,h,1,0.0,2,203,1,0,0
4320,1902.0,i,1,0.0,3,304,1,100,1
4838,1902.0,j,1,0.0,3,304,1,0,0
5436,1902.0,k,1,0.0,3,304,1,0,0
6188,1902.0,l,0,0.0,4,402,1,0,0
6693,1902.0,m,1,0.0,4,402,1,0,0
7307,1902.0,n,1,0.0,4,402,1,0,0
945,1903.0,c,1,0.0,1,103,0,0,0
1346,1903.0,d,1,0.0,1,103,0,0,0
1900,1903.0,e,1,0.0,1,103,0,0,0
2413,1903.0,f,1,3.0,1,104,0,0,0
2954,1903.0,g,1,2.0,1,104,0,0,0
3457,1903.0,h,0,1.0,1,104,0,0,0
4135,1903.0,i,1,0.0,2,205,0,0,0
4803,1903.0,j,1,0.0,2,205,0,0,0
5283,1903.0,k,1,0.0,2,205,0,0,0
947,1904.0,c,1,0.0,1,103,1,0,0
1354,1904.0,d,1,0.0,1,103,1,0,0
1899,1904.0,e,1,0.0,1,103,1,1,1
2549,1904.0,f,1,0.0,2,203,1,0,0
3073,1904.0,g,1,0.0,2,203,1,1,1
3610,1904.0,h,1,0.0,2,203,1,0,0
4255,1904.0,i,1,0.0,3,305,1,1,1
4873,1904.0,j,1,0.0,3,305,1,1,1
5390,1904.0,k,1,0.0,3,305,1,1,1
6187,1904.0,l,1,0.0,4,402,1,1,1
6692,1904.0,m,1,0.0,4,402,1,1,1
7308,1904.0,n,1,0.0,4,402,1,1,1
948,1905.0,c,1,0.0,1,103,1,0,0
1366,1905.0,d,1,0.0,1,103,1,0,0
1898,1905.0,e,1,0.0,1,103,1,0,0
2550,1905.0,f,1,0.0,2,203,1,0,0
3074,1905.0,g,1,0.0,2,203,1,0,0
3609,1905.0,h,1,0.0,2,203,1,0,0
4132,1905.0,i,1,3.0,2,205,1,0,0
4799,1905.0,j,1,2.0,2,205,1,0,0
5286,1905.0,k,1,1.0,2,205,1,0,0
6011,1905.0,l,0,0.0,3,303,1,0,0
6501,1905.0,m,0,0.0,3,303,1,0,0
7173,1905.0,n,1,0.0,3,303,1,0,0
949,1906.0,c,1,0.0,1,103,0,0,0
1376,1906.0,d,1,0.0,1,103,0,0,0
1897,1906.0,e,1,0.0,1,103,0,0,0
950,1907.0,c,1,0.0,1,103,0,0,0
1367,1907.0,d,1,0.0,1,103,0,0,0
1896,1907.0,e,1,0.0,1,103,0,0,0
2552,1907.0,f,1,0.0,2,203,0,0,0
3075,1907.0,g,1,0.0,2,203,0,0,0
3608,1907.0,h,1,0.0,2,203,0,0,0
4248,1907.0,i,1,3.0,2,201,0,0,0
4694,1907.0,j,1,2.0,2,201,0,0,0
5371,1907.0,k,1,1.0,2,201,0,0,0
5994,1907.0,l,1,0.0,3,305,0,0,0
6540,1907.0,m,1,0.0,3,305,0,0,0
7149,1907.0,n,1,0.0,3,305,0,0,0
953,1908.0,c,1,0.0,1,103,1,0,0
1385,1908.0,d,1,0.0,1,103,1,0,0
1953,1908.0,e,1,0.0,1,103,1,0,0
2538,1908.0,f,1,0.0,2,203,1,0,0
3077,1908.0,g,1,0.0,2,203,1,0,0
3606,1908.0,h,1,0.0,2,203,1,0,0
4309,1908.0,i,1,0.0,3,304,1,0,0
4835,1908.0,j,1,0.0,3,304,1,0,0
5439,1908.0,k,1,0.0,3,304,1,0,0
6182,1908.0,l,1,0.0,4,402,1,0,0
6665,1908.0,m,0,0.0,4,402,1,0,0
7328,1908.0,n,1,0.0,4,402,1,0,0
952,1909.0,c,1,0.0,1,103,0,0,0
1384,1909.0,d,0,0.0,1,103,0,0,0
1954,1909.0,e,1,0.0,1,103,0,0,0
2605,1909.0,f,1,0.0,2,205,0,0,0
3158,1909.0,g,1,0.0,2,205,0,0,0
3680,1909.0,h,0,0.0,2,205,0,0,0
4331,1909.0,i,1,0.0,3,344,0,0,0
4829,1909.0,j,1,0.0,3,344,0,0,0
5446,1909.0,k,1,0.0,3,344,0,0,0
6144,1909.0,l,1,0.0,4,434,0,0,0
6723,1909.0,m,1,0.0,4,434,0,0,0
7241,1909.0,n,1,0.0,4,434,0,0,0
951,1910.0,c,0,0.0,1,104,1,0,0
1383,1910.0,d,1,0.0,1,104,1,0,0
1987,1910.0,e,1,0.0,1,104,1,0,0
2584,1910.0,f,1,0.0,2,203,1,0,0
3115,1910.0,g,1,0.0,2,203,1,0,0
3577,1910.0,h,1,0.0,2,203,1,0,0
4330,1910.0,i,1,0.0,3,305,1,0,0
4887,1910.0,j,1,0.0,3,305,1,0,0
5447,1910.0,k,1,0.0,3,305,1,1,1
6156,1910.0,l,1,0.0,4,402,1,1,1
6685,1910.0,m,1,0.0,4,402,1,1,1
7301,1910.0,n,1,0.0,4,402,1,0,0
946,1911.0,c,0,0.0,1,104,0,0,0
1382,1911.0,d,0,0.0,1,104,0,0,0
1986,1911.0,e,1,0.0,1,104,0,0,0
954,1912.0,c,1,0.0,1,104,0,0,0
1381,1912.0,d,1,0.0,1,104,0,0,0
1985,1912.0,e,1,0.0,1,104,0,0,0
2630,1912.0,f,1,0.0,2,205,0,0,0
3141,1912.0,g,1,0.0,2,205,0,0,0
3696,1912.0,h,1,0.0,2,205,0,0,0
4365,1912.0,i,1,0.0,3,303,0,0,0
4904,1912.0,j,1,0.0,3,303,0,0,0
5429,1912.0,k,1,0.0,3,303,0,0,0
6124,1912.0,l,1,0.0,4,403,0,0,0
6653,1912.0,m,1,0.0,4,403,0,0,0
7332,1912.0,n,1,0.0,4,403,0,0,0
873,1913.0,c,0,0.0,1,104,0,0,0
1380,1913.0,d,1,0.0,1,104,0,0,0
1984,1913.0,e,1,0.0,1,104,0,0,0
2631,1913.0,f,1,0.0,2,205,0,0,0
3142,1913.0,g,1,0.0,2,205,0,0,0
3710,1913.0,h,1,0.0,2,205,0,0,0
4382,1913.0,i,1,0.0,3,303,0,0,0
4908,1913.0,j,1,0.0,3,303,0,0,0
5430,1913.0,k,1,0.0,3,303,0,0,0
6123,1913.0,l,1,0.0,4,403,0,0,0
6645,1913.0,m,1,0.0,4,403,0,0,0
7321,1913.0,n,1,0.0,4,403,0,0,0
878,1914.0,c,1,0.0,1,104,0,0,0
1379,1914.0,d,1,0.0,1,104,0,0,0
1983,1914.0,e,1,0.0,1,104,0,0,0
872,1915.0,c,1,0.0,1,104,1,0,0
1378,1915.0,d,1,0.0,1,104,1,100,1
1991,1915.0,e,1,0.0,1,104,1,0,0
2590,1915.0,f,1,0.0,2,203,1,0,0
3121,1915.0,g,1,0.0,2,203,1,0,0
3603,1915.0,h,1,0.0,2,203,1,0,0
4307,1915.0,i,1,0.0,3,304,1,0,0
4864,1915.0,j,0,0.0,3,304,1,0,0
5456,1915.0,k,1,0.0,3,304,1,0,0
6139,1915.0,l,0,0.0,4,404,1,0,0
6727,1915.0,m,1,0.0,4,404,1,0,0
7236,1915.0,n,1,0.0,4,404,1,0,0
871,1916.0,c,1,0.0,1,104,0,0,0
1386,1916.0,d,1,0.0,1,104,0,0,0
1982,1916.0,e,1,0.0,1,104,0,0,0
2634,1916.0,f,1,0.0,2,205,0,0,0
3145,1916.0,g,1,0.0,2,205,0,0,0
3664,1916.0,h,1,0.0,2,205,0,0,0
4378,1916.0,i,1,0.0,3,303,0,0,0
4906,1916.0,j,1,0.0,3,303,0,0,0
5414,1916.0,k,1,0.0,3,303,0,0,0
6138,1916.0,l,1,0.0,4,404,0,0,0
6728,1916.0,m,1,0.0,4,404,0,0,0
7235,1916.0,n,1,0.0,4,404,0,0,0
844,1917.0,c,1,0.0,1,104,1,100,1
1377,1917.0,d,1,0.0,1,104,1,0,0
2014,1917.0,e,1,0.0,1,104,1,0,0
2625,1917.0,f,1,0.0,2,249,1,0,0
3136,1917.0,g,1,0.0,2,249,1,0,0
3689,1917.0,h,1,0.0,2,249,1,0,0
4335,1917.0,i,1,0.0,3,344,1,0,0
4834,1917.0,j,1,0.0,3,344,1,0,0
5440,1917.0,k,0,0.0,3,344,1,0,0
845,1918.0,c,1,0.0,1,104,1,0,0
1375,1918.0,d,1,0.0,1,104,1,0,0
1980,1918.0,e,1,0.0,1,104,1,0,0
2636,1918.0,f,1,0.0,2,205,1,0,0
3147,1918.0,g,1,0.0,2,205,1,0,0
3666,1918.0,h,1,0.0,2,205,1,0,0
4324,1918.0,i,1,0.0,3,305,1,0,0
4871,1918.0,j,1,0.0,3,305,1,0,0
5395,1918.0,k,1,0.0,3,305,1,0,0
6135,1918.0,l,1,0.0,4,404,1,0,0
6731,1918.0,m,1,0.0,4,404,1,0,0
7258,1918.0,n,1,0.0,4,404,1,0,0
846,1919.0,c,1,0.0,1,104,1,0,0
1374,1919.0,d,1,0.0,1,104,1,0,0
1979,1919.0,e,1,0.0,1,104,1,0,0
2637,1919.0,f,1,0.0,2,205,1,0,0
3148,1919.0,g,1,0.0,2,205,1,0,0
3667,1919.0,h,1,0.0,2,205,1,0,0
4377,1919.0,i,1,0.0,3,303,1,0,0
4820,1919.0,j,1,0.0,3,303,1,0,0
5413,1919.0,k,1,0.0,3,303,1,0,0
6132,1919.0,l,1,0.0,4,404,1,0,0
6734,1919.0,m,1,0.0,4,404,1,0,0
7281,1919.0,n,1,0.0,4,404,1,0,0
847,1920.0,c,1,0.0,1,104,1,0,0
1373,1920.0,d,1,0.0,1,104,1,0,0
1978,1920.0,e,1,0.0,1,104,1,0,0
2638,1920.0,f,1,0.0,2,205,1,0,0
3149,1920.0,g,1,0.0,2,205,1,0,0
3668,1920.0,h,1,0.0,2,205,1,0,0
4376,1920.0,i,1,0.0,3,303,1,0,0
4819,1920.0,j,1,0.0,3,303,1,0,0
5398,1920.0,k,1,0.0,3,303,1,0,0
6202,1920.0,l,1,0.0,4,402,1,0,0
6672,1920.0,m,1,0.0,4,402,1,0,0
7296,1920.0,n,1,0.0,4,402,1,0,0
848,1921.0,c,0,0.0,1,104,1,0,0
1372,1921.0,d,1,0.0,1,104,1,0,0
1977,1921.0,e,1,0.0,1,104,1,0,0
2463,1921.0,f,1,3.0,1,105,1,0,0
2936,1921.0,g,1,2.0,1,105,1,0,0
3495,1921.0,h,1,1.0,1,105,1,0,0
4115,1921.0,i,1,0.0,2,205,1,0,0
4671,1921.0,j,1,0.0,2,205,1,0,0
5308,1921.0,k,1,0.0,2,205,1,0,0
5930,1921.0,l,1,3.0,2,206,1,0,0
6436,1921.0,m,1,2.0,2,206,1,0,0
6968,1921.0,n,0,1.0,2,206,1,0,0
850,1922.0,c,0,0.0,1,104,1,0,0
1370,1922.0,d,1,0.0,1,104,1,0,0
1975,1922.0,e,1,0.0,1,104,1,0,0
2639,1922.0,f,1,0.0,2,205,1,0,0
3150,1922.0,g,1,0.0,2,205,1,0,0
3669,1922.0,h,1,0.0,2,205,1,0,0
4372,1922.0,i,1,0.0,3,303,1,0,0
4816,1922.0,j,1,0.0,3,303,1,0,0
5401,1922.0,k,1,0.0,3,303,1,0,0
6199,1922.0,l,1,0.0,4,402,1,0,0
6643,1922.0,m,1,0.0,4,403,1,0,0
7318,1922.0,n,1,0.0,4,403,1,0,0
852,1923.0,c,1,0.0,1,104,0,0,0
1368,1923.0,d,1,0.0,1,104,0,0,0
1981,1923.0,e,1,0.0,1,104,0,10,1
853,1924.0,c,1,0.0,1,104,1,0,0
1387,1924.0,d,1,0.0,1,104,1,1,1
1993,1924.0,e,1,0.0,1,104,1,0,0
2613,1924.0,f,1,0.0,2,205,1,0,0
3151,1924.0,g,0,0.0,2,205,1,0,0
3670,1924.0,h,1,0.0,2,205,1,0,0
4305,1924.0,i,1,0.0,3,304,1,0,0
4815,1924.0,j,1,0.0,3,304,1,0,0
5458,1924.0,k,1,0.0,3,304,1,1,1
6130,1924.0,l,1,0.0,4,404,1,0,0
6745,1924.0,m,1,0.0,4,404,1,0,0
7279,1924.0,n,1,0.0,4,404,1,0,0
854,1925.0,c,1,0.0,1,104,1,0,0
1432,1925.0,d,1,0.0,1,104,1,0,0
2003,1925.0,e,1,0.0,1,104,1,0,0
2607,1925.0,f,1,0.0,2,259,1,0,0
3160,1925.0,g,0,0.0,2,259,1,0,0
3682,1925.0,h,1,0.0,2,259,1,0,0
4343,1925.0,i,1,0.0,3,344,1,0,0
4833,1925.0,j,1,0.0,3,344,1,0,0
5441,1925.0,k,1,0.0,3,344,1,0,0
6151,1925.0,l,1,0.0,4,434,1,0,0
6741,1925.0,m,1,0.0,4,434,1,0,0
7247,1925.0,n,1,0.0,4,434,1,0,0
855,1926.0,c,1,0.0,1,104,1,0,0
1434,1926.0,d,1,0.0,1,104,1,0,0
1994,1926.0,e,1,0.0,1,104,1,0,0
2472,1926.0,f,1,3.0,1,105,1,0,0
2967,1926.0,g,1,2.0,1,105,1,0,0
3512,1926.0,h,1,1.0,1,105,1,0,0
856,1927.0,c,1,0.0,1,104,1,0,0
1433,1927.0,d,1,0.0,1,104,1,100,1
2012,1927.0,e,1,0.0,1,104,1,0,0
2612,1927.0,f,1,0.0,2,205,1,0,0
3153,1927.0,g,1,0.0,2,205,1,0,0
3672,1927.0,h,1,0.0,2,205,1,0,0
4263,1927.0,i,1,0.0,3,305,1,0,0
4881,1927.0,j,1,0.0,3,305,1,0,0
5382,1927.0,k,1,0.0,3,305,1,0,0
6089,1927.0,l,1,0.0,4,404,1,0,0
6747,1927.0,m,1,0.0,4,404,1,1,1
7276,1927.0,n,0,0.0,4,404,1,0,0
857,1928.0,c,1,0.0,1,104,1,0,0
1452,1928.0,d,1,0.0,1,104,1,0,0
2011,1928.0,e,1,0.0,1,104,1,0,0
2595,1928.0,f,1,0.0,2,204,1,0,0
3089,1928.0,g,1,0.0,2,204,1,0,0
3703,1928.0,h,1,0.0,2,204,1,0,0
4262,1928.0,i,1,0.0,3,305,1,0,0
4880,1928.0,j,1,0.0,3,305,1,0,0
5383,1928.0,k,1,0.0,3,305,1,0,0
6088,1928.0,l,1,0.0,4,404,1,0,0
6742,1928.0,m,1,0.0,4,404,1,0,0
7275,1928.0,n,1,0.0,4,404,1,0,0
858,1929.0,c,1,0.0,1,104,0,0,0
1451,1929.0,d,1,0.0,1,104,0,0,0
2010,1929.0,e,1,0.0,1,104,0,0,0
2627,1929.0,f,1,0.0,2,249,0,0,0
3138,1929.0,g,1,0.0,2,249,0,0,0
3687,1929.0,h,1,0.0,2,249,0,0,0
4334,1929.0,i,1,0.0,3,344,0,0,0
4832,1929.0,j,1,0.0,3,344,0,0,0
5442,1929.0,k,1,0.0,3,344,0,0,0
6191,1929.0,l,1,0.0,4,424,0,0,0
6648,1929.0,m,1,0.0,4,424,0,0,0
7325,1929.0,n,1,0.0,4,424,0,0,0
859,1930.0,c,1,0.0,1,104,0,0,0
1450,1930.0,d,1,0.0,1,104,0,0,0
2009,1930.0,e,1,0.0,1,104,0,0,0
2596,1930.0,f,1,0.0,2,204,0,0,0
3090,1930.0,g,1,0.0,2,204,0,0,0
3702,1930.0,h,1,0.0,2,204,0,0,0
4260,1930.0,i,1,0.0,3,305,0,0,0
4878,1930.0,j,1,0.0,3,305,0,0,0
5385,1930.0,k,1,0.0,3,305,0,0,0
6086,1930.0,l,1,0.0,4,404,0,0,0
6739,1930.0,m,1,0.0,4,404,0,0,0
7273,1930.0,n,1,0.0,4,404,0,0,0
860,1931.0,c,1,0.0,1,104,0,0,0
1449,1931.0,d,1,0.0,1,104,0,0,0
2008,1931.0,e,1,0.0,1,104,0,0,0
2614,1931.0,f,1,0.0,2,204,0,0,0
3092,1931.0,g,1,0.0,2,204,0,0,0
3701,1931.0,h,1,0.0,2,204,0,0,0
4336,1931.0,i,1,0.0,3,304,0,0,0
4842,1931.0,j,1,0.0,3,304,0,0,0
5469,1931.0,k,1,0.0,3,304,0,0,0
6084,1931.0,l,1,0.0,4,404,0,0,0
6737,1931.0,m,1,0.0,4,404,0,0,0
7282,1931.0,n,1,0.0,4,404,0,0,0
861,1932.0,c,0,0.0,1,104,0,0,0
1448,1932.0,d,1,0.0,1,104,0,0,0
2007,1932.0,e,1,0.0,1,104,0,0,0
2619,1932.0,f,1,0.0,2,204,0,0,0
3129,1932.0,g,1,0.0,2,204,0,0,0
3697,1932.0,h,1,0.0,2,204,0,0,0
4315,1932.0,i,1,0.0,3,304,0,0,0
4841,1932.0,j,1,0.0,3,304,0,0,0
5452,1932.0,k,1,0.0,3,304,0,0,0
6110,1932.0,l,1,0.0,4,403,0,0,0
6662,1932.0,m,1,0.0,4,403,0,0,0
7270,1932.0,n,1,0.0,4,403,0,0,0
862,1933.0,c,1,0.0,1,104,0,0,0
1447,1933.0,d,1,0.0,1,104,0,0,0
1956,1933.0,e,1,0.0,1,104,0,0,0
2598,1933.0,f,1,0.0,2,205,0,0,0
3059,1933.0,g,1,0.0,2,205,0,0,0
3674,1933.0,h,1,0.0,2,205,0,0,0
4369,1933.0,i,1,0.0,3,303,0,0,0
4813,1933.0,j,1,0.0,3,303,0,0,0
5405,1933.0,k,1,0.0,3,303,0,0,0
6109,1933.0,l,1,0.0,4,403,0,0,0
6663,1933.0,m,1,0.0,4,403,0,0,0
7255,1933.0,n,1,0.0,4,403,0,0,0
863,1934.0,c,1,0.0,1,104,0,0,0
1446,1934.0,d,1,0.0,1,104,0,0,0
1955,1934.0,e,1,0.0,1,104,0,0,0
2621,1934.0,f,1,0.0,2,204,0,0,0
3131,1934.0,g,1,0.0,2,204,0,100,1
3694,1934.0,h,1,0.0,2,204,0,1100,1
4367,1934.0,i,1,0.0,3,303,0,100,1
4811,1934.0,j,1,0.0,3,303,0,0,0
5407,1934.0,k,1,0.0,3,303,0,0,0
6080,1934.0,l,1,0.0,4,404,0,0,0
6716,1934.0,m,1,0.0,4,404,0,0,0
7267,1934.0,n,1,0.0,4,404,0,0,0
864,1935.0,c,1,0.0,1,104,0,0,0
1445,1935.0,d,1,0.0,1,104,0,0,0
1990,1935.0,e,1,0.0,1,104,0,0,0
2658,1935.0,f,1,0.0,2,201,0,0,0
3183,1935.0,g,1,0.0,2,201,0,0,0
3636,1935.0,h,1,0.0,2,201,0,0,0
4346,1935.0,i,1,0.0,3,302,0,0,0
4894,1935.0,j,1,0.0,3,302,0,0,0
5421,1935.0,k,1,0.0,3,302,0,0,0
6167,1935.0,l,1,0.0,4,401,0,0,0
6714,1935.0,m,0,0.0,4,401,0,0,0
7211,1935.0,n,1,0.0,4,401,0,0,0
865,1936.0,c,1,0.0,1,104,0,0,0
1453,1936.0,d,1,0.0,1,104,0,0,0
1989,1936.0,e,1,0.0,1,104,0,0,0
2624,1936.0,f,1,0.0,2,204,0,0,0
3134,1936.0,g,1,0.0,2,204,0,0,0
3691,1936.0,h,1,0.0,2,204,0,0,0
4267,1936.0,i,1,0.0,3,305,0,0,0
4867,1936.0,j,1,0.0,3,305,0,0,0
5375,1936.0,k,1,0.0,3,305,0,0,0
6183,1936.0,l,1,0.0,4,402,0,0,0
6671,1936.0,m,1,0.0,4,402,0,0,0
7329,1936.0,n,1,0.0,4,402,0,0,0
866,1937.0,c,1,0.0,1,104,1,0,0
1444,1937.0,d,1,0.0,1,104,1,0,0
1988,1937.0,e,1,0.0,1,104,1,0,0
2603,1937.0,f,0,0.0,2,205,1,0,0
3135,1937.0,g,1,0.0,2,204,1,0,0
3690,1937.0,h,1,0.0,2,204,1,0,0
4269,1937.0,i,1,0.0,3,305,1,0,0
4866,1937.0,j,1,0.0,3,305,1,0,0
5373,1937.0,k,1,0.0,3,305,1,0,0
6074,1937.0,l,1,0.0,4,404,1,0,0
6712,1937.0,m,1,0.0,4,404,1,0,0
7260,1937.0,n,1,0.0,4,404,1,0,0
843,1938.0,c,1,0.0,1,105,1,1,1
1442,1938.0,d,1,0.0,1,105,1,0,0
2006,1938.0,e,1,0.0,1,105,1,1,1
2585,1938.0,f,1,0.0,2,203,1,1,1
3116,1938.0,g,1,0.0,2,203,1,11,1
3576,1938.0,h,1,0.0,2,203,1,1,1
4363,1938.0,i,1,0.0,3,303,1,1,1
4888,1938.0,j,1,0.0,3,303,1,10,1
5427,1938.0,k,1,0.0,3,303,1,0,0
6143,1938.0,l,0,0.0,4,404,1,0,0
6724,1938.0,m,1,0.0,4,404,1,0,0
7238,1938.0,n,1,0.0,4,404,1,0,0
842,1939.0,c,1,0.0,1,105,1,0,0
1441,1939.0,d,1,0.0,1,105,1,0,0
2005,1939.0,e,1,0.0,1,105,1,0,0
2554,1939.0,f,1,0.0,2,204,1,0,0
3078,1939.0,g,1,0.0,2,204,1,0,0
3605,1939.0,h,1,0.0,2,204,1,0,0
4329,1939.0,i,1,0.0,3,305,1,0,0
4827,1939.0,j,1,0.0,3,305,1,0,0
5448,1939.0,k,1,0.0,3,305,1,0,0
6152,1939.0,l,1,0.0,4,404,1,0,0
6725,1939.0,m,1,0.0,4,404,1,0,0
7333,1939.0,n,1,0.0,4,404,1,0,0
841,1940.0,c,1,0.0,1,105,1,0,0
1440,1940.0,d,1,0.0,1,105,1,0,0
2013,1940.0,e,1,0.0,1,105,1,0,0
2632,1940.0,f,1,0.0,2,205,1,0,0
3154,1940.0,g,1,0.0,2,205,1,0,0
3661,1940.0,h,1,0.0,2,205,1,0,0
4308,1940.0,i,1,0.0,3,304,1,0,0
4863,1940.0,j,1,0.0,3,304,1,0,0
5455,1940.0,k,1,0.0,3,304,1,0,0
6178,1940.0,l,0,0.0,4,402,1,0,0
6687,1940.0,m,1,0.0,4,402,1,0,0
7299,1940.0,n,1,0.0,4,402,1,0,0
828,1941.0,c,1,0.0,1,105,1,0,0
1439,1941.0,d,1,0.0,1,105,1,0,0
2004,1941.0,e,1,0.0,1,105,1,0,0
2655,1941.0,f,1,0.0,2,201,1,0,0
3167,1941.0,g,1,0.0,2,201,1,0,0
3652,1941.0,h,0,0.0,2,201,1,0,0
4277,1941.0,i,1,0.0,3,301,1,0,0
4919,1941.0,j,1,0.0,3,301,1,0,0
5498,1941.0,k,1,0.0,3,301,1,0,0
6094,1941.0,l,1,0.0,4,401,1,0,0
6757,1941.0,m,1,0.0,4,401,1,0,0
7227,1941.0,n,1,0.0,4,401,1,0,0
818,1942.0,c,1,0.0,1,105,0,0,0
1438,1942.0,d,1,0.0,1,105,0,0,0
2002,1942.0,e,1,0.0,1,105,0,0,0
2555,1942.0,f,1,0.0,2,204,0,0,0
3079,1942.0,g,1,0.0,2,204,0,0,0
3604,1942.0,h,1,0.0,2,204,0,0,0
4373,1942.0,i,0,0.0,3,303,0,0,0
4817,1942.0,j,0,0.0,3,303,0,0,0
5400,1942.0,k,0,0.0,3,303,0,0,0
819,1943.0,c,1,0.0,1,105,0,0,0
1437,1943.0,d,1,0.0,1,105,0,0,0
2001,1943.0,e,1,0.0,1,105,0,0,0
2432,1943.0,f,0,3.0,1,104,0,0,0
2951,1943.0,g,1,2.0,1,104,0,0,0
3469,1943.0,h,1,1.0,1,104,0,0,0
4160,1943.0,i,0,0.0,2,204,0,0,0
4768,1943.0,j,1,0.0,2,204,0,0,0
5245,1943.0,k,1,0.0,2,204,0,0,0
6059,1943.0,l,1,0.0,3,304,0,0,0
6527,1943.0,m,1,0.0,3,304,0,0,0
7185,1943.0,n,1,0.0,3,304,0,0,0
820,1944.0,c,1,0.0,1,105,1,0,0
1436,1944.0,d,1,0.0,1,105,1,0,0
2000,1944.0,e,1,0.0,1,105,1,0,0
2559,1944.0,f,0,0.0,2,204,1,0,0
3083,1944.0,g,1,0.0,2,204,1,0,0
3659,1944.0,h,0,0.0,2,204,1,0,0
4157,1944.0,i,1,3.0,2,204,1,0,0
4771,1944.0,j,1,2.0,2,204,1,0,0
5248,1944.0,k,1,1.0,2,204,1,0,0
6048,1944.0,l,0,0.0,3,305,1,0,0
6561,1944.0,m,1,0.0,3,305,1,0,0
7133,1944.0,n,1,0.0,3,305,1,0,0
821,1945.0,c,1,0.0,1,105,0,0,0
1435,1945.0,d,1,0.0,1,105,0,0,0
1999,1945.0,e,1,0.0,1,105,0,0,0
2560,1945.0,f,1,0.0,2,204,0,0,0
3084,1945.0,g,1,0.0,2,204,0,0,0
3708,1945.0,h,1,0.0,2,204,0,0,0
822,1946.0,c,0,0.0,1,105,0,0,0
1443,1946.0,d,1,0.0,1,105,0,0,0
1998,1946.0,e,1,0.0,1,105,0,0,0
2402,1946.0,f,1,3.0,1,104,0,0,0
2955,1946.0,g,0,2.0,1,104,0,0,0
3478,1946.0,h,1,1.0,1,104,0,0,0
823,1947.0,c,1,0.0,1,105,0,0,0
1454,1947.0,d,1,0.0,1,105,0,0,0
1997,1947.0,e,1,0.0,1,105,0,0,0
824,1948.0,c,1,0.0,1,105,1,0,0
1464,1948.0,d,1,0.0,1,105,1,0,0
1996,1948.0,e,1,0.0,1,105,1,0,0
2562,1948.0,f,1,0.0,2,204,1,0,0
3086,1948.0,g,0,0.0,2,204,1,0,0
3706,1948.0,h,1,0.0,2,204,1,0,0
4311,1948.0,i,1,0.0,3,304,1,0,0
4851,1948.0,j,1,0.0,3,304,1,0,0
5461,1948.0,k,1,0.0,3,304,1,0,0
6091,1948.0,l,1,0.0,4,404,1,0,0
6744,1948.0,m,1,0.0,4,404,1,0,0
7278,1948.0,n,1,0.0,4,404,1,0,0
825,1949.0,c,0,0.0,1,105,1,0,0
1455,1949.0,d,1,0.0,1,105,1,0,0
1995,1949.0,e,1,0.0,1,105,1,0,0
2541,1949.0,f,1,0.0,2,203,1,0,0
3065,1949.0,g,1,0.0,2,203,1,0,0
3618,1949.0,h,1,0.0,2,203,1,0,0
4323,1949.0,i,1,0.0,3,304,1,0,0
4847,1949.0,j,1,0.0,3,304,1,0,0
5465,1949.0,k,1,0.0,3,304,1,0,0
6194,1949.0,l,1,0.0,4,402,1,0,0
6699,1949.0,m,1,0.0,4,402,1,0,0
7289,1949.0,n,1,0.0,4,402,1,0,0
827,1950.0,c,1,0.0,1,105,1,0,0
1472,1950.0,d,1,0.0,1,105,1,0,0
1992,1950.0,e,1,0.0,1,105,1,0,0
2611,1950.0,f,1,0.0,2,205,1,0,0
3057,1950.0,g,1,0.0,2,205,1,0,0
3684,1950.0,h,1,0.0,2,205,1,0,0
4338,1950.0,i,1,0.0,3,304,1,0,0
4844,1950.0,j,1,0.0,3,304,1,0,0
5468,1950.0,k,1,0.0,3,304,1,0,0
6087,1950.0,l,1,0.0,4,404,1,0,0
6740,1950.0,m,1,0.0,4,404,1,0,0
7274,1950.0,n,1,0.0,4,404,1,0,0
829,1951.0,c,1,0.0,1,105,0,0,0
1471,1951.0,d,1,0.0,1,105,0,0,0
1972,1951.0,e,1,0.0,1,105,0,0,0
2616,1951.0,f,1,0.0,2,204,0,0,0
3126,1951.0,g,1,0.0,2,204,0,0,0
3699,1951.0,h,1,0.0,2,204,0,0,0
4258,1951.0,i,1,0.0,3,305,0,0,0
4876,1951.0,j,1,0.0,3,305,0,0,0
5387,1951.0,k,1,0.0,3,305,0,0,0
6083,1951.0,l,1,0.0,4,404,0,0,0
6736,1951.0,m,1,0.0,4,404,0,0,0
7271,1951.0,n,1,0.0,4,404,0,0,0
840,1952.0,c,1,0.0,1,105,1,0,0
1470,1952.0,d,1,0.0,1,105,1,0,0
1971,1952.0,e,1,0.0,1,105,1,0,0
2425,1952.0,f,1,3.0,1,103,1,0,0
3022,1952.0,g,1,2.0,1,103,1,0,0
3516,1952.0,h,1,1.0,1,103,1,0,0
4219,1952.0,i,1,0.0,2,203,1,0,0
4748,1952.0,j,1,0.0,2,203,1,0,0
5258,1952.0,k,1,0.0,2,203,1,0,0
830,1953.0,c,1,0.0,1,105,0,0,0
1469,1953.0,d,1,0.0,1,105,0,0,0
1969,1953.0,e,1,0.0,1,105,0,0,0
2653,1953.0,f,1,0.0,2,201,0,0,0
3179,1953.0,g,1,0.0,2,201,0,0,0
3641,1953.0,h,1,0.0,2,201,0,0,0
4298,1953.0,i,1,0.0,3,301,0,0,0
4945,1953.0,j,1,0.0,3,301,0,0,0
5507,1953.0,k,1,0.0,3,301,0,0,0
6173,1953.0,l,1,0.0,4,401,0,0,0
6767,1953.0,m,0,0.0,4,401,0,0,0
7217,1953.0,n,1,0.0,4,401,0,0,0
832,1954.0,c,0,0.0,1,105,0,0,0
1467,1954.0,d,1,0.0,1,105,0,0,0
1967,1954.0,e,1,0.0,1,105,0,0,0
2608,1954.0,f,0,0.0,2,259,0,0,0
3161,1954.0,g,1,0.0,2,259,0,0,0
3683,1954.0,h,0,0.0,2,259,0,0,0
834,1955.0,c,1,0.0,1,105,0,0,0
1474,1955.0,d,1,0.0,1,105,0,0,0
1965,1955.0,e,1,0.0,1,105,0,0,0
2620,1955.0,f,1,0.0,2,204,0,0,0
3130,1955.0,g,1,0.0,2,204,0,0,0
3695,1955.0,h,1,0.0,2,204,0,0,0
4314,1955.0,i,1,0.0,3,304,0,0,0
4854,1955.0,j,1,0.0,3,304,0,0,0
5450,1955.0,k,1,0.0,3,304,0,0,0
6082,1955.0,l,1,0.0,4,404,0,0,0
6735,1955.0,m,1,0.0,4,404,0,0,0
7269,1955.0,n,1,0.0,4,404,0,0,0
835,1956.0,c,1,0.0,1,105,0,0,0
1465,1956.0,d,0,0.0,1,105,0,0,0
1964,1956.0,e,1,0.0,1,105,0,0,0
836,1957.0,c,1,0.0,1,105,0,0,0
1463,1957.0,d,1,0.0,1,105,0,0,0
1963,1957.0,e,1,0.0,1,105,0,0,0
2622,1957.0,f,1,0.0,2,204,0,0,0
3132,1957.0,g,1,0.0,2,204,0,0,0
3693,1957.0,h,1,0.0,2,204,0,0,0
4256,1957.0,i,1,0.0,3,305,0,0,0
4874,1957.0,j,1,0.0,3,305,0,0,0
5389,1957.0,k,1,0.0,3,305,0,0,0
6078,1957.0,l,1,0.0,4,404,0,0,0
6713,1957.0,m,1,0.0,4,404,0,0,0
7265,1957.0,n,1,0.0,4,404,0,0,0
837,1958.0,c,1,0.0,1,105,0,0,0
1462,1958.0,d,1,0.0,1,105,0,0,0
1962,1958.0,e,1,0.0,1,105,0,0,0
2600,1958.0,f,1,0.0,2,205,0,0,0
3139,1958.0,g,1,0.0,2,205,0,0,0
3676,1958.0,h,1,0.0,2,205,0,0,0
4312,1958.0,i,1,0.0,3,304,0,0,0
4837,1958.0,j,1,0.0,3,304,0,0,0
5437,1958.0,k,1,0.0,3,304,0,0,0
6127,1958.0,l,0,0.0,4,403,0,0,0
6670,1958.0,m,1,0.0,4,403,0,0,0
7249,1958.0,n,0,0.0,4,403,0,0,0
838,1959.0,c,1,0.0,1,105,0,0,0
1461,1959.0,d,1,0.0,1,105,0,0,0
1970,1959.0,e,1,0.0,1,105,0,0,0
2601,1959.0,f,1,0.0,2,205,0,0,0
3155,1959.0,g,1,0.0,2,205,0,0,0
3677,1959.0,h,1,0.0,2,205,0,0,0
4380,1959.0,i,1,0.0,3,303,0,0,0
4809,1959.0,j,1,0.0,3,303,0,0,0
5408,1959.0,k,1,0.0,3,303,0,0,0
6077,1959.0,l,1,0.0,4,404,0,0,0
6709,1959.0,m,1,0.0,4,404,0,0,0
7264,1959.0,n,1,0.0,4,404,0,0,0
839,1960.0,c,1,0.0,1,105,0,0,0
1460,1960.0,d,1,0.0,1,105,0,0,0
1961,1960.0,e,1,0.0,1,105,0,0,0
2623,1960.0,f,1,0.0,2,204,0,0,0
3133,1960.0,g,1,0.0,2,204,0,100,1
3692,1960.0,h,1,0.0,2,204,0,1100,1
4344,1960.0,i,1,0.0,3,303,0,0,0
4821,1960.0,j,0,0.0,3,303,0,0,0
5409,1960.0,k,1,0.0,3,303,0,0,0
6128,1960.0,l,1,0.0,4,403,0,0,0
6678,1960.0,m,1,0.0,4,403,0,0,0
7248,1960.0,n,0,0.0,4,403,0,0,0
867,1961.0,c,1,0.0,1,105,1,0,0
1459,1961.0,d,1,0.0,1,105,1,0,0
1960,1961.0,e,1,0.0,1,105,1,0,0
2609,1961.0,f,1,0.0,2,259,1,0,0
3162,1961.0,g,1,0.0,2,259,1,0,0
3660,1961.0,h,1,0.0,2,259,1,0,0
4332,1961.0,i,1,0.0,3,344,1,0,0
4830,1961.0,j,1,0.0,3,344,1,100,1
5445,1961.0,k,1,0.0,3,344,1,0,0
6146,1961.0,l,1,0.0,4,434,1,0,0
6721,1961.0,m,1,0.0,4,434,1,0,0
7243,1961.0,n,1,0.0,4,434,1,0,0
868,1962.0,c,1,0.0,1,105,0,0,0
1458,1962.0,d,1,0.0,1,105,0,0,0
1959,1962.0,e,1,0.0,1,105,0,0,0
2602,1962.0,f,1,0.0,2,205,0,0,0
3163,1962.0,g,1,0.0,2,205,0,0,0
3678,1962.0,h,1,0.0,2,205,0,0,0
4310,1962.0,i,1,0.0,3,304,0,0,0
4836,1962.0,j,1,0.0,3,304,0,0,0
5438,1962.0,k,1,0.0,3,304,0,0,0
6075,1962.0,l,1,0.0,4,404,0,0,0
6711,1962.0,m,1,0.0,4,404,0,0,0
7261,1962.0,n,1,0.0,4,404,0,0,0
869,1963.0,c,1,0.0,1,105,1,0,0
1457,1963.0,d,1,0.0,1,105,1,0,0
1958,1963.0,e,1,0.0,1,105,1,0,0
2564,1963.0,f,1,0.0,2,203,1,0,0
3076,1963.0,g,1,0.0,2,203,1,0,0
3607,1963.0,h,1,0.0,2,203,1,0,0
4268,1963.0,i,1,0.0,3,305,1,0,0
4868,1963.0,j,1,0.0,3,305,1,0,0
5376,1963.0,k,1,0.0,3,305,1,0,0
6184,1963.0,l,1,0.0,4,402,1,0,0
6697,1963.0,m,1,0.0,4,402,1,0,0
7330,1963.0,n,1,0.0,4,402,1,1000,1
870,1964.0,c,1,0.0,1,105,1,0,0
1456,1964.0,d,1,0.0,1,105,1,1,1
1957,1964.0,e,1,0.0,1,105,1,0,0
2604,1964.0,f,1,0.0,2,205,1,0,0
3156,1964.0,g,1,0.0,2,205,1,0,0
3679,1964.0,h,1,0.0,2,205,1,0,0
1025,1965.0,c,1,0.0,2,203,0,0,0
1514,1965.0,d,1,0.0,2,203,0,0,0
2017,1965.0,e,1,0.0,2,203,0,0,0
2726,1965.0,f,1,0.0,3,303,0,0,0
3242,1965.0,g,1,0.0,3,303,0,0,0
3766,1965.0,h,1,0.0,3,303,0,0,0
4431,1965.0,i,1,0.0,4,405,0,0,0
5063,1965.0,j,1,0.0,4,405,0,0,0
5588,1965.0,k,1,0.0,4,405,0,0,0
1118,1966.0,c,1,0.0,3,304,1,0,0
1666,1966.0,d,1,0.0,3,304,1,0,0
2213,1966.0,e,1,0.0,3,304,1,0,0
2908,1966.0,f,1,0.0,4,404,1,0,0
3348,1966.0,g,1,0.0,4,404,1,0,0
3883,1966.0,h,1,0.0,4,404,1,0,0
4395,1966.0,i,1,3.0,4,404,1,0,0
5042,1966.0,j,1,2.0,4,404,1,0,0
5566,1966.0,k,1,1.0,4,404,1,0,0
1228,1967.0,c,1,0.0,3,305,1,0,0
1681,1967.0,d,1,0.0,3,305,1,0,0
2163,1967.0,e,1,0.0,3,305,1,0,0
2879,1967.0,f,1,0.0,4,403,1,0,0
3395,1967.0,g,1,0.0,4,403,1,0,0
3933,1967.0,h,1,0.0,4,403,1,0,0
1219,1968.0,c,1,0.0,3,305,0,0,0
1760,1968.0,d,0,0.0,3,305,0,0,0
2154,1968.0,e,1,0.0,3,305,0,0,0
1297,1969.0,c,1,0.0,4,401,1,0,0
1870,1969.0,d,1,0.0,4,401,1,0,0
2344,1969.0,e,1,0.0,4,401,1,0,0
7337,1969.0,f,0,3.0,4,401,1,0,0
3333,1969.0,g,1,2.0,4,401,1,0,0
3914,1969.0,h,1,1.0,4,401,1,0,0
1249,1970.0,c,1,0.0,4,401,1,0,0
1838,1970.0,d,1,0.0,4,401,1,0,0
2368,1970.0,e,1,0.0,4,401,1,0,0
1243,1971.0,c,1,0.0,4,402,0,0,0
1818,1971.0,d,1,0.0,4,402,0,0,0
2360,1971.0,e,1,0.0,4,402,0,0,0
1258,1972.0,c,1,0.0,4,402,0,0,0
1807,1972.0,d,1,0.0,4,402,0,0,0
2338,1972.0,e,1,0.0,4,402,0,0,0
1281,1973.0,c,1,0.0,4,402,0,0,0
1805,1973.0,d,1,0.0,4,402,0,0,0
2365,1973.0,e,1,0.0,4,402,0,0,0
1279,1974.0,c,0,0.0,4,402,0,0,0
1803,1974.0,d,0,0.0,4,402,0,0,0
2312,1974.0,e,1,0.0,4,402,0,0,0
1277,1975.0,c,1,0.0,4,402,0,0,0
1825,1975.0,d,1,0.0,4,402,0,0,0
2309,1975.0,e,1,0.0,4,402,0,0,0
1299,1976.0,c,1,0.0,4,403,1,0,0
1833,1976.0,d,0,0.0,4,403,1,0,0
2290,1976.0,e,1,0.0,4,403,1,0,0
1301,1977.0,c,1,0.0,4,403,0,0,0
1832,1977.0,d,0,0.0,4,403,0,0,0
2311,1977.0,e,1,0.0,4,403,0,0,0
1300,1978.0,c,1,0.0,4,403,1,0,0
1831,1978.0,d,1,0.0,4,403,1,0,0
2313,1978.0,e,1,0.0,4,403,1,0,0
1322,1979.0,c,1,0.0,4,403,1,0,0
1830,1979.0,d,1,0.0,4,403,1,0,0
2336,1979.0,e,1,0.0,4,403,1,0,0
2922,1979.0,f,1,3.0,4,403,1,0,0
3387,1979.0,g,1,2.0,4,403,1,0,0
3887,1979.0,h,1,1.0,4,403,1,0,0
1318,1980.0,c,1,0.0,4,403,0,0,0
1873,1980.0,d,1,0.0,4,403,0,0,0
2333,1980.0,e,1,0.0,4,403,0,0,0
1313,1981.0,c,1,0.0,4,403,1,0,0
1781,1981.0,d,1,0.0,4,403,1,0,0
2328,1981.0,e,1,0.0,4,403,1,0,0
2862,1981.0,f,1,3.0,4,404,1,0,0
3368,1981.0,g,0,2.0,4,404,1,0,0
3857,1981.0,h,0,1.0,4,404,1,0,0
1312,1982.0,c,0,0.0,4,403,0,0,0
1782,1982.0,d,0,0.0,4,403,0,0,0
2327,1982.0,e,1,0.0,4,403,0,0,0
1309,1983.0,c,1,0.0,4,403,0,0,0
1788,1983.0,d,0,0.0,4,403,0,0,0
2324,1983.0,e,1,0.0,4,403,0,0,0
1308,1984.0,c,1,0.0,4,403,0,0,0
1789,1984.0,d,1,0.0,4,403,0,0,0
2323,1984.0,e,1,0.0,4,403,0,0,0
1345,1985.0,c,1,0.0,4,404,0,0,0
1773,1985.0,d,1,0.0,4,404,0,0,0
2387,1985.0,e,1,0.0,4,404,0,0,0
1329,1986.0,c,1,0.0,4,404,0,0,0
1767,1986.0,d,0,0.0,4,404,0,0,0
2380,1986.0,e,1,0.0,4,404,0,0,0
2477,11546.0,f,1,0.0,1,101,1,0,0
2983,11546.0,g,1,0.0,1,101,1,0,0
3517,11546.0,h,0,0.0,1,101,1,0,0
4015,11546.0,i,1,3.0,1,104,1,1,1
4522,11546.0,j,0,2.0,1,104,1,0,0
5165,11546.0,k,1,1.0,1,104,1,0,0
5935,11546.0,l,1,0.0,2,206,1,10,1
6432,11546.0,m,1,0.0,2,206,1,0,0
6972,11546.0,n,0,0.0,2,206,1,0,0
2478,11547.0,f,1,0.0,1,101,1,0,0
7338,11547.0,g,0,0.0,1,101,1,0,0
7339,11547.0,h,0,0.0,1,101,1,0,0
4203,11547.0,i,1,0.0,2,202,1,0,0
4789,11547.0,j,1,0.0,2,202,1,0,0
5347,11547.0,k,0,0.0,2,202,1,0,0
5944,11547.0,l,1,0.0,3,301,1,0,0
6500,11547.0,m,1,0.0,3,301,1,0,0
7074,11547.0,n,1,0.0,3,301,1,0,0
2479,11548.0,f,1,0.0,1,101,1,1,1
2984,11548.0,g,1,0.0,1,101,1,0,0
3518,11548.0,h,1,0.0,1,101,1,0,0
4141,11548.0,i,1,0.0,2,204,1,1,1
4763,11548.0,j,1,0.0,2,204,1,1,1
5241,11548.0,k,1,0.0,2,204,1,0,0
2480,11549.0,f,1,0.0,1,101,0,1,1
2985,11549.0,g,1,0.0,1,101,0,1,1
3519,11549.0,h,1,0.0,1,101,0,0,0
4122,11549.0,i,1,0.0,2,205,0,0,0
4677,11549.0,j,1,0.0,2,205,0,0,0
5302,11549.0,k,1,0.0,2,205,0,0,0
6043,11549.0,l,1,0.0,3,305,0,0,0
6547,11549.0,m,1,0.0,3,305,0,0,0
7138,11549.0,n,1,0.0,3,305,0,0,0
2481,11550.0,f,1,0.0,1,101,0,0,0
2986,11550.0,g,1,0.0,1,101,0,0,0
3520,11550.0,h,1,0.0,1,101,0,0,0
4178,11550.0,i,1,0.0,2,201,0,0,0
4725,11550.0,j,1,0.0,2,201,0,0,0
5321,11550.0,k,1,0.0,2,201,0,0,0
5946,11550.0,l,1,0.0,3,301,0,0,0
6619,11550.0,m,1,0.0,3,301,0,0,0
7072,11550.0,n,1,0.0,3,301,0,0,0
2482,11551.0,f,1,0.0,1,101,0,0,0
2987,11551.0,g,1,0.0,1,101,0,0,0
3521,11551.0,h,1,0.0,1,101,0,0,0
4164,11551.0,i,1,0.0,2,201,0,0,0
4722,11551.0,j,1,0.0,2,201,0,0,0
5348,11551.0,k,1,0.0,2,201,0,0,0
5947,11551.0,l,1,0.0,3,301,0,0,0
6618,11551.0,m,1,0.0,3,301,0,0,0
7071,11551.0,n,1,0.0,3,301,0,0,0
2483,11552.0,f,1,0.0,1,101,0,0,0
2989,11552.0,g,1,0.0,1,101,0,0,0
3522,11552.0,h,0,0.0,1,101,0,0,0
4094,11552.0,i,1,3.0,1,105,0,0,0
4660,11552.0,j,1,2.0,1,105,0,0,0
5182,11552.0,k,0,1.0,1,105,0,0,0
5859,11552.0,l,0,0.0,2,204,0,0,0
6376,11552.0,m,1,0.0,2,204,0,0,0
7024,11552.0,n,0,0.0,2,204,0,0,0
2492,11553.0,f,1,0.0,1,101,0,0,0
2991,11553.0,g,1,0.0,1,101,0,0,0
3531,11553.0,h,1,0.0,1,101,0,0,0
4165,11553.0,i,1,0.0,2,201,0,0,0
4719,11553.0,j,1,0.0,2,201,0,1011,1
5350,11553.0,k,0,0.0,2,201,0,0,0
5953,11553.0,l,0,0.0,3,302,0,0,0
6630,11553.0,m,0,0.0,3,302,0,0,0
7089,11553.0,n,1,0.0,3,302,0,0,0
2484,11554.0,f,1,0.0,1,101,1,0,0
3002,11554.0,g,1,0.0,1,101,1,0,0
3523,11554.0,h,1,0.0,1,101,1,0,0
4166,11554.0,i,1,0.0,2,201,1,0,0
4718,11554.0,j,1,0.0,2,201,1,0,0
5351,11554.0,k,1,0.0,2,201,1,0,0
5954,11554.0,l,1,0.0,3,302,1,0,0
6629,11554.0,m,1,0.0,3,302,1,0,0
7088,11554.0,n,1,0.0,3,302,1,0,0
2485,11555.0,f,1,0.0,1,101,1,0,0
2990,11555.0,g,1,0.0,1,101,1,0,0
3524,11555.0,h,1,0.0,1,101,1,0,0
4169,11555.0,i,1,0.0,2,201,1,0,0
4715,11555.0,j,1,0.0,2,201,1,0,0
5354,11555.0,k,1,0.0,2,201,1,0,0
5956,11555.0,l,1,0.0,3,302,1,0,0
6627,11555.0,m,1,0.0,3,302,1,0,0
7086,11555.0,n,1,0.0,3,302,1,0,0
2486,11556.0,f,1,0.0,1,101,1,0,0
2982,11556.0,g,1,0.0,1,101,1,0,0
3525,11556.0,h,1,0.0,1,101,1,0,0
4159,11556.0,i,1,0.0,2,204,1,0,0
4769,11556.0,j,0,0.0,2,204,1,0,0
5246,11556.0,k,1,0.0,2,204,1,0,0
5801,11556.0,l,1,3.0,2,206,1,0,0
6437,11556.0,m,1,2.0,2,206,1,0,0
6967,11556.0,n,1,1.0,2,206,1,0,0
2487,11557.0,f,1,0.0,1,101,0,0,0
2988,11557.0,g,1,0.0,1,101,0,0,0
3526,11557.0,h,1,0.0,1,101,0,0,0
4230,11557.0,i,1,0.0,2,203,0,1,1
4798,11557.0,j,1,0.0,2,203,0,1,1
5268,11557.0,k,1,0.0,2,203,0,0,0
6035,11557.0,l,1,0.0,3,303,0,0,0
6599,11557.0,m,1,0.0,3,303,0,0,0
7096,11557.0,n,0,0.0,3,303,0,0,0
2488,11558.0,f,1,0.0,1,101,1,0,0
3000,11558.0,g,1,0.0,1,101,1,0,0
3527,11558.0,h,1,0.0,1,101,1,10,1
4011,11558.0,i,1,3.0,1,103,1,100,1
4602,11558.0,j,1,2.0,1,103,1,0,0
5229,11558.0,k,1,1.0,1,103,1,0,0
2489,11559.0,f,1,0.0,1,101,1,0,0
2992,11559.0,g,1,0.0,1,101,1,0,0
3528,11559.0,h,1,0.0,1,101,1,0,0
4194,11559.0,i,1,0.0,2,202,1,0,0
4699,11559.0,j,1,0.0,2,202,1,0,0
5330,11559.0,k,1,0.0,2,202,1,0,0
6003,11559.0,l,1,0.0,3,303,1,0,0
6510,11559.0,m,1,0.0,3,303,1,0,0
7164,11559.0,n,1,0.0,3,303,1,0,0
2490,11560.0,f,1,0.0,1,101,0,0,0
2993,11560.0,g,1,0.0,1,101,0,0,0
3529,11560.0,h,1,0.0,1,101,0,0,0
4205,11560.0,i,1,0.0,2,202,0,0,0
4700,11560.0,j,1,0.0,2,202,0,0,0
5331,11560.0,k,1,0.0,2,202,0,0,0
5958,11560.0,l,1,0.0,3,302,0,0,0
6624,11560.0,m,1,0.0,3,302,0,0,0
7083,11560.0,n,1,0.0,3,302,0,0,0
2491,11561.0,f,1,0.0,1,101,0,0,0
2994,11561.0,g,1,0.0,1,101,0,0,0
3530,11561.0,h,1,0.0,1,101,0,0,0
4191,11561.0,i,1,0.0,2,202,0,0,0
4702,11561.0,j,1,0.0,2,202,0,0,0
5333,11561.0,k,1,0.0,2,202,0,0,0
5973,11561.0,l,1,0.0,3,301,0,0,0
6610,11561.0,m,1,0.0,3,301,0,0,0
7126,11561.0,n,1,0.0,3,301,0,0,0
2495,11562.0,f,1,0.0,1,101,1,0,0
3011,11562.0,g,1,0.0,1,101,1,0,0
3533,11562.0,h,1,0.0,1,101,1,0,0
4187,11562.0,i,1,0.0,2,202,1,1,1
4706,11562.0,j,1,0.0,2,202,1,1,1
5345,11562.0,k,1,0.0,2,202,1,1,1
5831,11562.0,l,1,3.0,2,201,1,1,1
6392,11562.0,m,1,2.0,2,201,1,1,1
7053,11562.0,n,1,1.0,2,201,1,1,1
2516,11563.0,f,1,0.0,1,101,1,0,0
3012,11563.0,g,1,0.0,1,101,1,0,0
3554,11563.0,h,1,0.0,1,101,1,0,0
4138,11563.0,i,1,0.0,2,205,1,0,0
4806,11563.0,j,1,0.0,2,205,1,0,0
5319,11563.0,k,1,0.0,2,205,1,0,0
6070,11563.0,l,1,0.0,3,304,1,1,1
6535,11563.0,m,1,0.0,3,304,1,1,1
7189,11563.0,n,1,0.0,3,304,1,1,1
2496,11564.0,f,1,0.0,1,101,0,0,0
3004,11564.0,g,1,0.0,1,101,0,0,0
3534,11564.0,h,1,0.0,1,101,0,0,0
4184,11564.0,i,1,0.0,2,202,0,0,0
4709,11564.0,j,1,0.0,2,202,0,0,0
5340,11564.0,k,0,0.0,2,202,0,0,0
5977,11564.0,l,1,0.0,3,301,0,0,0
6606,11564.0,m,1,0.0,3,301,0,0,0
7122,11564.0,n,1,0.0,3,301,0,0,0
2519,11565.0,f,1,0.0,1,101,1,0,0
3005,11565.0,g,1,0.0,1,101,1,0,0
3557,11565.0,h,1,0.0,1,101,1,0,0
4216,11565.0,i,1,0.0,2,203,1,0,0
4751,11565.0,j,1,0.0,2,203,1,0,0
5231,11565.0,k,1,0.0,2,203,1,0,0
6071,11565.0,l,1,0.0,3,304,1,0,0
6536,11565.0,m,1,0.0,3,304,1,1000,1
7188,11565.0,n,1,0.0,3,304,1,0,0
2520,11566.0,f,1,0.0,1,101,1,0,0
3006,11566.0,g,1,0.0,1,101,1,0,0
3558,11566.0,h,1,0.0,1,101,1,0,0
4243,11566.0,i,1,0.0,2,201,1,0,0
4689,11566.0,j,1,0.0,2,201,1,0,0
5366,11566.0,k,1,0.0,2,201,1,0,0
5899,11566.0,l,1,3.0,2,202,1,0,0
6407,11566.0,m,1,2.0,2,202,1,0,0
6995,11566.0,n,0,1.0,2,202,1,0,0
2521,11567.0,f,1,0.0,1,101,0,0,0
3008,11567.0,g,1,0.0,1,101,0,0,0
3560,11567.0,h,1,0.0,1,101,0,0,0
4207,11567.0,i,1,0.0,2,202,0,0,0
4714,11567.0,j,1,0.0,2,202,0,0,0
5259,11567.0,k,1,0.0,2,202,0,0,0
6021,11567.0,l,1,0.0,3,302,0,0,0
6587,11567.0,m,1,0.0,3,302,0,0,0
7109,11567.0,n,1,0.0,3,302,0,0,0
2522,11568.0,f,1,0.0,1,101,1,0,0
3009,11568.0,g,1,0.0,1,101,1,0,0
3561,11568.0,h,1,0.0,1,101,1,0,0
4246,11568.0,i,0,0.0,2,201,1,0,0
4692,11568.0,j,1,0.0,2,201,1,0,0
5369,11568.0,k,1,0.0,2,201,1,0,0
5883,11568.0,l,1,3.0,2,201,1,0,0
6399,11568.0,m,1,2.0,2,201,1,0,0
7046,11568.0,n,1,1.0,2,201,1,0,0
2523,11569.0,f,1,0.0,1,101,0,0,0
7344,11569.0,g,0,0.0,1,101,0,0,0
7345,11569.0,h,0,0.0,1,101,0,0,0
4208,11569.0,i,0,0.0,2,202,0,0,0
4728,11569.0,j,1,0.0,2,202,0,0,0
5260,11569.0,k,1,0.0,2,202,0,0,0
5980,11569.0,l,1,0.0,3,301,0,0,0
6639,11569.0,m,1,0.0,3,301,0,0,0
7117,11569.0,n,1,0.0,3,301,0,0,0
2524,11570.0,f,1,0.0,1,101,0,0,0
3003,11570.0,g,1,0.0,1,101,0,0,0
3562,11570.0,h,1,0.0,1,101,0,0,0
4180,11570.0,i,1,0.0,2,202,0,0,0
4727,11570.0,j,1,0.0,2,202,0,0,0
5261,11570.0,k,1,0.0,2,202,0,0,0
5981,11570.0,l,1,0.0,3,301,0,0,0
6623,11570.0,m,1,0.0,3,301,0,0,0
7118,11570.0,n,1,0.0,3,301,0,0,0
2525,11571.0,f,1,0.0,1,101,0,0,0
7342,11571.0,g,0,0.0,1,101,0,0,0
7343,11571.0,h,0,0.0,1,101,0,0,0
4128,11571.0,i,1,0.0,2,205,0,0,0
4760,11571.0,j,1,0.0,2,205,0,0,0
5290,11571.0,k,1,0.0,2,205,0,0,0
5997,11571.0,l,1,0.0,3,305,0,0,0
6537,11571.0,m,0,0.0,3,305,0,0,0
7202,11571.0,n,0,0.0,3,305,0,0,0
2526,11572.0,f,1,0.0,1,102,0,0,0
2995,11572.0,g,1,0.0,1,102,0,0,0
3563,11572.0,h,1,0.0,1,102,0,0,0
4179,11572.0,i,1,0.0,2,201,0,1000,1
4726,11572.0,j,1,0.0,2,201,0,1000,1
5320,11572.0,k,1,0.0,2,201,0,0,0
5945,11572.0,l,1,0.0,3,301,0,0,0
6640,11572.0,m,1,0.0,3,301,0,0,0
7073,11572.0,n,1,0.0,3,301,0,0,0
2528,11573.0,f,1,0.0,1,102,0,0,0
2996,11573.0,g,1,0.0,1,102,0,0,0
3564,11573.0,h,1,0.0,1,102,0,0,0
4173,11573.0,i,1,0.0,2,201,0,0,0
4724,11573.0,j,1,0.0,2,201,0,0,0
5322,11573.0,k,1,0.0,2,201,0,0,0
2537,11574.0,f,1,0.0,1,102,0,0,0
2997,11574.0,g,1,0.0,1,102,0,0,0
3566,11574.0,h,1,0.0,1,102,0,0,0
4118,11574.0,i,1,0.0,2,205,0,0,0
4668,11574.0,j,1,0.0,2,205,0,0,0
5305,11574.0,k,1,0.0,2,205,0,0,0
6030,11574.0,l,1,0.0,3,303,0,0,0
6594,11574.0,m,1,0.0,3,303,0,0,0
7101,11574.0,n,1,0.0,3,303,0,0,0
2529,11575.0,f,1,0.0,1,102,1,0,0
2998,11575.0,g,0,0.0,1,102,1,0,0
3575,11575.0,h,1,0.0,1,102,1,0,0
4116,11575.0,i,1,0.0,2,205,1,0,0
4670,11575.0,j,1,0.0,2,205,1,0,0
5307,11575.0,k,1,0.0,2,205,1,0,0
5889,11575.0,l,0,3.0,2,203,1,0,0
6360,11575.0,m,1,2.0,2,203,1,0,0
6986,11575.0,n,0,1.0,2,203,1,0,0
2530,11576.0,f,1,0.0,1,102,0,0,0
7357,11576.0,g,0,0.0,1,102,0,0,0
7358,11576.0,h,0,0.0,1,102,0,0,0
4167,11576.0,i,1,0.0,2,201,0,0,0
4717,11576.0,j,1,0.0,2,201,0,0,0
5352,11576.0,k,1,0.0,2,201,0,0,0
5948,11576.0,l,1,0.0,3,301,0,0,0
6617,11576.0,m,0,0.0,3,301,0,0,0
7070,11576.0,n,1,0.0,3,301,0,0,0
2531,11577.0,f,1,0.0,1,102,0,0,0
2999,11577.0,g,1,0.0,1,102,0,0,0
3567,11577.0,h,1,0.0,1,102,0,0,0
4168,11577.0,i,1,0.0,2,201,0,0,0
4716,11577.0,j,1,0.0,2,201,0,0,0
5353,11577.0,k,1,0.0,2,201,0,0,0
5967,11577.0,l,0,0.0,3,301,0,0,0
6616,11577.0,m,1,0.0,3,301,0,0,0
7069,11577.0,n,1,0.0,3,301,0,0,0
2532,11578.0,f,1,0.0,1,102,0,0,0
3001,11578.0,g,0,0.0,1,102,0,0,0
3568,11578.0,h,1,0.0,1,102,0,0,0
4170,11578.0,i,1,0.0,2,201,0,0,0
4697,11578.0,j,1,0.0,2,201,0,0,0
5355,11578.0,k,1,0.0,2,201,0,0,0
5957,11578.0,l,1,0.0,3,302,0,0,0
6626,11578.0,m,1,0.0,3,302,0,0,0
7085,11578.0,n,0,0.0,3,302,0,0,0
2533,11579.0,f,1,0.0,1,102,0,0,0
7359,11579.0,g,0,0.0,1,102,0,0,0
7360,11579.0,h,0,0.0,1,102,0,0,0
4012,11579.0,i,1,3.0,1,103,0,0,0
4604,11579.0,j,1,2.0,1,103,0,0,0
5220,11579.0,k,1,1.0,1,103,0,0,0
5852,11579.0,l,1,0.0,2,204,0,0,0
6375,11579.0,m,1,0.0,2,204,0,0,0
7023,11579.0,n,1,0.0,2,204,0,0,0
2534,11580.0,f,1,0.0,1,102,0,0,0
3014,11580.0,g,1,0.0,1,102,0,0,0
3569,11580.0,h,1,0.0,1,102,0,0,0
4112,11580.0,i,1,0.0,2,205,0,0,0
4674,11580.0,j,0,0.0,2,205,0,0,0
5311,11580.0,k,1,0.0,2,205,0,0,0
5865,11580.0,l,1,3.0,2,204,0,0,0
6373,11580.0,m,1,2.0,2,204,0,0,0
7022,11580.0,n,1,1.0,2,204,0,0,0
2535,11581.0,f,1,0.0,1,102,1,0,0
3035,11581.0,g,1,0.0,1,102,1,0,0
3570,11581.0,h,1,0.0,1,102,1,0,0
4171,11581.0,i,0,0.0,2,201,1,0,0
4721,11581.0,j,1,0.0,2,201,1,0,0
5356,11581.0,k,1,0.0,2,201,1,0,0
5969,11581.0,l,1,0.0,3,301,1,0,0
6614,11581.0,m,1,0.0,3,301,1,0,0
7067,11581.0,n,1,0.0,3,301,1,0,0
2536,11582.0,f,1,0.0,1,102,0,0,0
3015,11582.0,g,1,0.0,1,102,0,0,0
3571,11582.0,h,1,0.0,1,102,0,0,0
4155,11582.0,i,1,0.0,2,204,0,0,0
4786,11582.0,j,1,0.0,2,204,0,0,0
5250,11582.0,k,1,0.0,2,204,0,0,0
6001,11582.0,l,0,0.0,3,303,0,0,0
6512,11582.0,m,1,0.0,3,303,0,0,0
7110,11582.0,n,1,0.0,3,303,0,0,0
2518,11583.0,f,1,0.0,1,102,1,0,0
3038,11583.0,g,1,0.0,1,102,1,1000,1
3572,11583.0,h,1,0.0,1,102,1,1000,1
4177,11583.0,i,1,0.0,2,201,1,1000,1
4695,11583.0,j,1,0.0,2,201,1,1000,1
5358,11583.0,k,1,0.0,2,201,1,1000,1
5823,11583.0,l,1,3.0,2,201,1,0,0
6493,11583.0,m,1,2.0,2,201,1,0,0
7058,11583.0,n,1,1.0,2,201,1,1000,1
2527,11584.0,f,1,0.0,1,102,0,0,0
7340,11584.0,g,0,0.0,1,102,0,0,0
7341,11584.0,h,0,0.0,1,102,0,0,0
4121,11584.0,i,1,0.0,2,205,0,0,0
4678,11584.0,j,1,0.0,2,205,0,0,0
5314,11584.0,k,1,0.0,2,205,0,0,0
6000,11584.0,l,1,0.0,3,305,0,0,0
6574,11584.0,m,1,0.0,3,305,0,0,0
7146,11584.0,n,1,0.0,3,305,0,0,0
2517,11585.0,f,1,0.0,1,102,1,0,0
3039,11585.0,g,1,0.0,1,102,1,0,0
3573,11585.0,h,1,0.0,1,102,1,0,0
4196,11585.0,i,0,0.0,2,202,1,0,0
4730,11585.0,j,1,0.0,2,202,1,0,0
5328,11585.0,k,1,0.0,2,202,1,0,0
5970,11585.0,l,1,0.0,3,301,1,0,0
6613,11585.0,m,1,0.0,3,301,1,0,0
7066,11585.0,n,1,0.0,3,301,1,0,0
2505,11586.0,f,1,0.0,1,102,0,0,0
3040,11586.0,g,1,0.0,1,102,0,0,0
3574,11586.0,h,1,0.0,1,102,0,0,0
4195,11586.0,i,1,0.0,2,202,0,0,0
4698,11586.0,j,1,0.0,2,202,0,0,0
5329,11586.0,k,0,0.0,2,202,0,0,0
5971,11586.0,l,1,0.0,3,301,0,0,0
6612,11586.0,m,1,0.0,3,301,0,0,0
7204,11586.0,n,1,0.0,3,301,0,0,0
2497,11587.0,f,1,0.0,1,102,1,0,0
3041,11587.0,g,1,0.0,1,102,1,0,0
3556,11587.0,h,1,0.0,1,102,1,0,0
4174,11587.0,i,1,0.0,2,201,1,0,0
4682,11587.0,j,1,0.0,2,201,1,0,0
5360,11587.0,k,1,0.0,2,201,1,0,0
5972,11587.0,l,1,0.0,3,301,1,1000,1
6611,11587.0,m,1,0.0,3,301,1,0,0
7203,11587.0,n,0,0.0,3,301,1,0,0
2498,11588.0,f,1,0.0,1,102,0,0,0
3042,11588.0,g,1,0.0,1,102,0,0,0
3565,11588.0,h,1,0.0,1,102,0,0,0
4193,11588.0,i,1,0.0,2,202,0,1000,1
4701,11588.0,j,1,0.0,2,202,0,1010,1
5332,11588.0,k,1,0.0,2,202,0,0,0
5959,11588.0,l,1,0.0,3,302,0,10,1
6604,11588.0,m,1,0.0,3,302,0,1010,1
7082,11588.0,n,1,0.0,3,302,0,0,0
2499,11589.0,f,1,0.0,1,102,0,0,0
3044,11589.0,g,1,0.0,1,102,0,0,0
3555,11589.0,h,1,0.0,1,102,0,0,0
4151,11589.0,i,1,0.0,2,204,0,0,0
4777,11589.0,j,0,0.0,2,204,0,0,0
5254,11589.0,k,1,0.0,2,204,0,0,0
6065,11589.0,l,1,0.0,3,304,0,0,0
6520,11589.0,m,0,0.0,3,304,0,0,0
7194,11589.0,n,1,0.0,3,304,0,0,0
2500,11590.0,f,1,0.0,1,102,0,0,0
3045,11590.0,g,1,0.0,1,102,0,0,0
3543,11590.0,h,1,0.0,1,102,0,0,0
4190,11590.0,i,1,0.0,2,202,0,0,0
4703,11590.0,j,1,0.0,2,202,0,0,0
5334,11590.0,k,1,0.0,2,202,0,0,0
5960,11590.0,l,1,0.0,3,302,0,0,0
6621,11590.0,m,1,0.0,3,302,0,0,0
7081,11590.0,n,1,0.0,3,302,0,0,0
2501,11591.0,f,1,0.0,1,102,1,0,0
3047,11591.0,g,1,0.0,1,102,1,0,0
3535,11591.0,h,1,0.0,1,102,1,0,0
4189,11591.0,i,1,0.0,2,202,1,0,0
4704,11591.0,j,1,0.0,2,202,1,0,0
5335,11591.0,k,1,0.0,2,202,1,0,0
5974,11591.0,l,1,0.0,3,301,1,0,0
6609,11591.0,m,1,0.0,3,301,1,0,0
7125,11591.0,n,1,0.0,3,301,1,0,0
2502,11592.0,f,1,0.0,1,102,1,0,0
3056,11592.0,g,1,0.0,1,102,1,0,0
3536,11592.0,h,1,0.0,1,102,1,0,0
4176,11592.0,i,1,0.0,2,201,1,0,0
4684,11592.0,j,1,0.0,2,201,1,0,0
5361,11592.0,k,1,0.0,2,201,1,0,0
5975,11592.0,l,0,0.0,3,301,1,0,0
6608,11592.0,m,1,0.0,3,301,1,0,0
7124,11592.0,n,1,0.0,3,301,1,0,0
2503,11593.0,f,1,0.0,1,102,1,0,0
7347,11593.0,g,0,0.0,1,102,1,0,0
7348,11593.0,h,0,0.0,1,102,1,0,0
4137,11593.0,i,1,0.0,2,205,1,0,0
4805,11593.0,j,1,0.0,2,205,1,0,0
5292,11593.0,k,1,0.0,2,205,1,0,0
6006,11593.0,l,1,0.0,3,303,1,0,0
6508,11593.0,m,1,0.0,3,303,1,0,0
7179,11593.0,n,1,0.0,3,303,1,0,0
2504,11594.0,f,1,0.0,1,102,0,0,0
3048,11594.0,g,1,0.0,1,102,0,1000,1
7346,11594.0,h,0,0.0,1,102,0,0,0
4136,11594.0,i,1,0.0,2,205,0,0,0
4804,11594.0,j,1,0.0,2,205,0,1000,1
5291,11594.0,k,0,0.0,2,205,0,0,0
5988,11594.0,l,1,0.0,3,305,0,1100,1
6567,11594.0,m,1,0.0,3,305,0,1100,1
7158,11594.0,n,0,0.0,3,305,0,0,0
2506,11595.0,f,1,0.0,1,102,0,0,0
3049,11595.0,g,1,0.0,1,102,0,0,0
3537,11595.0,h,1,0.0,1,102,0,0,0
4244,11595.0,i,1,0.0,2,201,0,0,0
4690,11595.0,j,1,0.0,2,201,0,0,0
5367,11595.0,k,1,0.0,2,201,0,0,0
5978,11595.0,l,1,0.0,3,301,0,0,0
6605,11595.0,m,1,0.0,3,301,0,0,0
7121,11595.0,n,1,0.0,3,301,0,0,0
2515,11596.0,f,1,0.0,1,102,0,0,0
3051,11596.0,g,1,0.0,1,102,0,0,0
3539,11596.0,h,1,0.0,1,102,0,0,0
4245,11596.0,i,1,0.0,2,201,0,0,0
4691,11596.0,j,1,0.0,2,201,0,0,0
5368,11596.0,k,1,0.0,2,201,0,0,0
6020,11596.0,l,1,0.0,3,302,0,0,0
6588,11596.0,m,1,0.0,3,302,0,0,0
7092,11596.0,n,1,0.0,3,302,0,0,0
2507,11597.0,f,1,0.0,1,102,0,0,0
3052,11597.0,g,1,0.0,1,102,0,0,0
3540,11597.0,h,1,0.0,1,102,0,0,0
4181,11597.0,i,1,0.0,2,202,0,0,0
4712,11597.0,j,1,0.0,2,202,0,0,0
5343,11597.0,k,1,0.0,2,202,0,0,0
5979,11597.0,l,1,0.0,3,301,0,0,0
6620,11597.0,m,1,0.0,3,301,0,0,0
7120,11597.0,n,1,0.0,3,301,0,0,0
2508,11598.0,f,1,0.0,1,103,1,0,0
3053,11598.0,g,1,0.0,1,103,1,0,0
3541,11598.0,h,1,0.0,1,103,1,0,0
4127,11598.0,i,0,0.0,2,204,1,0,0
4761,11598.0,j,1,0.0,2,204,1,0,0
5239,11598.0,k,1,0.0,2,204,1,0,0
6042,11598.0,l,1,0.0,3,305,1,0,0
6548,11598.0,m,1,0.0,3,305,1,0,0
7139,11598.0,n,1,0.0,3,305,1,0,0
2509,11599.0,f,1,0.0,1,103,1,0,0
3054,11599.0,g,1,0.0,1,103,1,0,0
3542,11599.0,h,1,0.0,1,103,1,0,0
4142,11599.0,i,1,0.0,2,204,1,0,0
4764,11599.0,j,1,0.0,2,204,1,0,0
5242,11599.0,k,1,0.0,2,204,1,0,0
2510,11600.0,f,1,0.0,1,103,0,0,0
3055,11600.0,g,1,0.0,1,103,0,0,0
3544,11600.0,h,1,0.0,1,103,0,0,0
4233,11600.0,i,1,0.0,2,203,0,0,0
4735,11600.0,j,1,0.0,2,203,0,0,0
5265,11600.0,k,1,0.0,2,203,0,0,0
6032,11600.0,l,1,0.0,3,303,0,0,0
6602,11600.0,m,1,0.0,3,303,0,0,0
7099,11600.0,n,1,0.0,3,303,0,0,0
2511,11601.0,f,1,0.0,1,103,1,0,0
3037,11601.0,g,1,0.0,1,103,1,0,0
3553,11601.0,h,1,0.0,1,103,1,0,0
4199,11601.0,i,1,0.0,2,202,1,0,0
4793,11601.0,j,1,0.0,2,202,1,0,0
5325,11601.0,k,1,0.0,2,202,1,10,1
6046,11601.0,l,1,0.0,3,305,1,0,0
6544,11601.0,m,1,0.0,3,305,1,0,0
7135,11601.0,n,1,0.0,3,305,1,0,0
2512,11602.0,f,1,0.0,1,103,0,0,0
3046,11602.0,g,1,0.0,1,103,0,0,0
3545,11602.0,h,1,0.0,1,103,0,0,0
4144,11602.0,i,1,0.0,2,204,0,0,0
4766,11602.0,j,0,0.0,2,204,0,0,0
5255,11602.0,k,0,0.0,2,204,0,0,0
5911,11602.0,l,1,3.0,2,205,0,0,0
6488,11602.0,m,0,2.0,2,205,0,0,0
6938,11602.0,n,1,1.0,2,205,0,0,0
2513,11603.0,f,1,0.0,1,103,1,0,0
3036,11603.0,g,1,0.0,1,103,1,0,0
3546,11603.0,h,1,0.0,1,103,1,0,0
4049,11603.0,i,1,3.0,1,104,1,0,0
4585,11603.0,j,1,2.0,1,104,1,0,0
5155,11603.0,k,1,1.0,1,104,1,0,0
5850,11603.0,l,1,0.0,2,203,1,0,0
6364,11603.0,m,1,0.0,2,203,1,0,0
6982,11603.0,n,1,0.0,2,203,1,1000,1
2514,11604.0,f,1,0.0,1,103,1,0,0
3024,11604.0,g,1,0.0,1,103,1,0,0
3547,11604.0,h,1,0.0,1,103,1,0,0
4227,11604.0,i,1,0.0,2,203,1,0,0
4740,11604.0,j,1,0.0,2,203,1,0,0
5271,11604.0,k,1,0.0,2,203,1,0,0
6050,11604.0,l,1,0.0,3,305,1,0,0
6562,11604.0,m,1,0.0,3,305,1,0,0
7131,11604.0,n,1,0.0,3,305,1,0,0
2476,11605.0,f,1,0.0,1,103,0,0,0
3017,11605.0,g,1,0.0,1,103,0,0,0
3549,11605.0,h,1,0.0,1,103,0,0,0
4223,11605.0,i,1,0.0,2,203,0,0,0
4744,11605.0,j,1,0.0,2,203,0,0,0
5275,11605.0,k,1,0.0,2,203,0,0,0
6002,11605.0,l,1,0.0,3,303,0,0,0
6511,11605.0,m,1,0.0,3,303,0,0,0
7127,11605.0,n,1,0.0,3,303,0,0,0
2494,11606.0,f,1,0.0,1,103,1,0,0
3018,11606.0,g,1,0.0,1,103,1,0,0
3550,11606.0,h,1,0.0,1,103,1,0,0
4221,11606.0,i,1,0.0,2,203,1,0,0
4746,11606.0,j,1,0.0,2,203,1,0,0
5277,11606.0,k,1,0.0,2,203,1,0,0
6036,11606.0,l,1,0.0,3,305,1,0,0
6572,11606.0,m,1,0.0,3,305,1,0,0
7147,11606.0,n,1,0.0,3,305,1,0,0
2475,11607.0,f,1,0.0,1,103,0,0,0
3019,11607.0,g,1,0.0,1,103,0,0,0
3551,11607.0,h,1,0.0,1,103,0,0,0
4123,11607.0,i,1,0.0,2,205,0,0,0
4679,11607.0,j,1,0.0,2,205,0,0,0
5315,11607.0,k,1,0.0,2,205,0,0,0
5998,11607.0,l,1,0.0,3,305,0,0,0
6570,11607.0,m,1,0.0,3,305,0,0,0
7161,11607.0,n,1,0.0,3,305,0,0,0
2443,11608.0,f,1,0.0,1,103,1,0,0
3020,11608.0,g,1,0.0,1,103,1,0,0
3552,11608.0,h,1,0.0,1,103,1,0,0
4124,11608.0,i,1,0.0,2,205,1,0,0
4681,11608.0,j,1,0.0,2,205,1,0,0
5316,11608.0,k,1,0.0,2,205,1,0,0
5987,11608.0,l,1,0.0,3,305,1,0,0
6569,11608.0,m,1,0.0,3,305,1,0,0
7160,11608.0,n,1,0.0,3,305,1,0,0
2424,11609.0,f,1,0.0,1,103,1,0,0
3021,11609.0,g,1,0.0,1,103,1,1,1
3515,11609.0,h,1,0.0,1,103,1,1,1
4140,11609.0,i,1,0.0,2,205,1,0,0
4808,11609.0,j,1,0.0,2,205,1,1,1
5318,11609.0,k,1,0.0,2,205,1,1,1
6068,11609.0,l,1,0.0,3,304,1,1,1
6533,11609.0,m,1,0.0,3,304,1,1,1
7191,11609.0,n,1,0.0,3,304,1,1,1
2426,11610.0,f,1,0.0,1,103,0,0,0
3025,11610.0,g,1,0.0,1,103,0,0,0
3513,11610.0,h,1,0.0,1,103,0,0,0
4241,11610.0,i,1,0.0,2,201,0,0,0
4687,11610.0,j,1,0.0,2,201,0,0,0
5364,11610.0,k,1,0.0,2,201,0,0,0
5963,11610.0,l,1,0.0,3,302,0,0,0
6593,11610.0,m,0,0.0,3,302,0,0,0
7078,11610.0,n,1,0.0,3,302,0,0,0
2427,11611.0,f,1,0.0,1,103,1,0,0
3026,11611.0,g,1,0.0,1,103,1,0,0
3471,11611.0,h,1,0.0,1,103,1,0,0
4215,11611.0,i,1,0.0,2,203,1,0,0
4752,11611.0,j,1,0.0,2,203,1,0,0
5232,11611.0,k,1,0.0,2,203,1,0,0
5989,11611.0,l,1,0.0,3,305,1,1,1
6566,11611.0,m,1,0.0,3,305,1,10,1
7157,11611.0,n,1,0.0,3,305,1,0,0
2428,11612.0,f,1,0.0,1,103,1,0,0
3028,11612.0,g,1,0.0,1,103,1,0,0
3473,11612.0,h,1,0.0,1,103,1,0,0
4134,11612.0,i,1,0.0,2,205,1,0,0
4802,11612.0,j,1,0.0,2,205,1,0,0
5284,11612.0,k,0,0.0,2,205,1,0,0
5925,11612.0,l,1,3.0,2,204,1,0,0
6468,11612.0,m,1,2.0,2,204,1,0,0
6977,11612.0,n,1,1.0,2,204,1,0,0
2429,11613.0,f,1,0.0,1,103,0,0,0
3029,11613.0,g,1,0.0,1,103,0,0,0
3474,11613.0,h,1,0.0,1,103,0,0,0
4250,11613.0,i,1,0.0,2,204,0,0,0
4784,11613.0,j,1,0.0,2,204,0,0,0
5295,11613.0,k,1,0.0,2,204,0,0,0
5922,11613.0,l,1,3.0,2,204,0,0,0
6471,11613.0,m,1,2.0,2,204,0,0,0
6975,11613.0,n,1,1.0,2,204,0,0,0
2430,11614.0,f,1,0.0,1,103,0,0,0
3030,11614.0,g,1,0.0,1,103,0,0,0
3475,11614.0,h,1,0.0,1,103,0,0,0
4210,11614.0,i,1,0.0,2,203,0,0,0
4755,11614.0,j,1,0.0,2,203,0,0,0
5235,11614.0,k,1,0.0,2,203,0,0,0
5950,11614.0,l,1,0.0,3,314,0,0,0
6633,11614.0,m,0,0.0,3,314,0,0,0
7113,11614.0,n,1,0.0,3,314,0,0,0
2431,11615.0,f,1,0.0,1,103,1,0,0
3031,11615.0,g,1,0.0,1,103,1,0,0
3476,11615.0,h,0,0.0,1,103,1,0,0
4249,11615.0,i,1,0.0,2,204,1,0,0
4785,11615.0,j,1,0.0,2,204,1,0,0
5296,11615.0,k,1,0.0,2,204,1,0,0
6054,11615.0,l,1,0.0,3,304,1,0,0
6554,11615.0,m,0,0.0,3,304,1,0,0
7165,11615.0,n,1,0.0,3,304,1,0,0
2433,11616.0,f,0,0.0,1,103,0,0,0
3032,11616.0,g,0,0.0,1,103,0,0,0
3477,11616.0,h,1,0.0,1,103,0,0,0
4247,11616.0,i,1,0.0,2,201,0,0,0
4693,11616.0,j,1,0.0,2,201,0,0,0
5370,11616.0,k,1,0.0,2,201,0,0,0
6023,11616.0,l,1,0.0,3,302,0,0,0
6585,11616.0,m,1,0.0,3,302,0,0,0
7108,11616.0,n,1,0.0,3,302,0,0,0
2442,11617.0,f,1,0.0,1,103,1,0,0
3033,11617.0,g,1,0.0,1,103,1,0,0
3479,11617.0,h,1,0.0,1,103,1,1,1
4131,11617.0,i,0,0.0,2,205,1,0,0
4800,11617.0,j,1,0.0,2,205,1,0,0
5287,11617.0,k,1,0.0,2,205,1,0,0
6039,11617.0,l,1,0.0,3,304,1,0,0
6553,11617.0,m,1,0.0,3,304,1,1,1
7145,11617.0,n,1,0.0,3,304,1,0,0
2434,11618.0,f,1,0.0,1,103,1,0,0
2981,11618.0,g,1,0.0,1,103,1,0,0
3488,11618.0,h,1,0.0,1,103,1,0,0
4238,11618.0,i,1,0.0,2,204,1,0,0
4758,11618.0,j,1,0.0,2,204,1,0,0
5299,11618.0,k,1,0.0,2,204,1,0,0
6014,11618.0,l,0,0.0,3,303,1,0,0
6516,11618.0,m,1,0.0,3,303,1,0,0
7170,11618.0,n,1,0.0,3,303,1,0,0
2435,11619.0,f,1,0.0,1,103,1,0,0
3013,11619.0,g,0,0.0,1,103,1,0,0
3480,11619.0,h,1,0.0,1,103,1,0,0
2436,11620.0,f,1,0.0,1,103,0,0,0
2980,11620.0,g,1,0.0,1,103,0,0,0
3481,11620.0,h,1,0.0,1,103,0,0,0
4237,11620.0,i,1,0.0,2,204,0,0,0
4742,11620.0,j,1,0.0,2,204,0,0,0
5300,11620.0,k,1,0.0,2,204,0,0,0
5995,11620.0,l,1,0.0,3,305,0,0,0
6539,11620.0,m,1,0.0,3,305,0,0,0
7148,11620.0,n,1,0.0,3,305,0,0,0
2437,11621.0,f,1,0.0,1,103,1,0,0
7355,11621.0,g,0,0.0,1,103,1,0,0
7356,11621.0,h,0,0.0,1,103,1,0,0
4129,11621.0,i,1,0.0,2,205,1,0,0
4796,11621.0,j,0,0.0,2,205,1,0,0
5289,11621.0,k,1,0.0,2,205,1,1,1
5996,11621.0,l,1,0.0,3,305,1,0,0
6538,11621.0,m,1,0.0,3,305,1,0,0
7065,11621.0,n,1,0.0,3,305,1,0,0
2438,11622.0,f,1,0.0,1,103,1,0,0
2965,11622.0,g,1,0.0,1,103,1,0,0
3482,11622.0,h,1,0.0,1,103,1,0,0
4204,11622.0,i,1,0.0,2,203,1,0,0
4788,11622.0,j,1,0.0,2,203,1,0,0
5238,11622.0,k,1,0.0,2,203,1,0,0
6041,11622.0,l,1,0.0,3,304,1,0,0
6549,11622.0,m,1,0.0,3,304,1,0,0
7140,11622.0,n,1,0.0,3,304,1,0,0
2439,11623.0,f,1,0.0,1,104,1,0,0
2946,11623.0,g,1,0.0,1,104,1,0,0
3483,11623.0,h,1,0.0,1,104,1,1,1
4236,11623.0,i,1,0.0,2,203,1,0,0
4732,11623.0,j,1,0.0,2,203,1,0,0
5262,11623.0,k,1,0.0,2,203,1,10,1
6028,11623.0,l,1,0.0,3,303,1,0,0
6580,11623.0,m,0,0.0,3,303,1,0,0
7103,11623.0,n,1,0.0,3,303,1,0,0
2440,11624.0,f,0,0.0,1,104,1,0,0
2947,11624.0,g,1,0.0,1,104,1,0,0
3484,11624.0,h,1,0.0,1,104,1,0,0
4143,11624.0,i,1,0.0,2,204,1,0,0
4765,11624.0,j,1,0.0,2,204,1,0,0
5243,11624.0,k,1,0.0,2,204,1,1,1
6031,11624.0,l,0,0.0,3,303,1,0,0
6596,11624.0,m,0,0.0,3,303,1,0,0
7100,11624.0,n,1,0.0,3,303,1,0,0
2441,11625.0,f,1,0.0,1,104,0,0,0
2948,11625.0,g,1,0.0,1,104,0,0,0
3485,11625.0,h,1,0.0,1,104,0,0,0
4198,11625.0,i,1,0.0,2,202,0,0,0
4794,11625.0,j,1,0.0,2,202,0,0,0
5326,11625.0,k,1,0.0,2,202,0,0,0
6055,11625.0,l,1,0.0,3,304,0,0,0
6530,11625.0,m,1,0.0,3,304,0,0,0
7182,11625.0,n,1,0.0,3,304,0,0,0
2423,11626.0,f,1,0.0,1,104,1,0,0
2949,11626.0,g,1,0.0,1,104,1,0,0
3486,11626.0,h,1,0.0,1,104,1,0,0
4231,11626.0,i,1,0.0,2,203,1,0,0
4737,11626.0,j,1,0.0,2,203,1,0,0
5267,11626.0,k,1,0.0,2,203,1,0,0
6058,11626.0,l,1,0.0,3,304,1,0,0
6528,11626.0,m,1,0.0,3,304,1,0,0
7201,11626.0,n,1,0.0,3,304,1,0,0
2422,11627.0,f,1,0.0,1,104,1,0,0
2952,11627.0,g,1,0.0,1,104,1,0,0
7350,11627.0,h,0,0.0,1,104,1,0,0
4114,11627.0,i,1,0.0,2,205,1,0,0
4672,11627.0,j,1,0.0,2,205,1,0,0
5309,11627.0,k,1,0.0,2,205,1,0,0
6060,11627.0,l,1,0.0,3,304,1,0,0
6526,11627.0,m,1,0.0,3,304,1,0,0
7200,11627.0,n,1,0.0,3,304,1,0,0
2410,11628.0,f,1,0.0,1,104,0,0,0
2953,11628.0,g,0,0.0,1,104,0,0,0
2403,11629.0,f,1,0.0,1,104,0,0,0
2964,11629.0,g,1,0.0,1,104,0,100,1
3468,11629.0,h,1,0.0,1,104,0,0,0
4228,11629.0,i,1,0.0,2,203,0,0,0
4739,11629.0,j,1,0.0,2,203,0,0,0
5270,11629.0,k,1,0.0,2,203,0,0,0
6016,11629.0,l,1,0.0,3,303,0,0,0
6513,11629.0,m,1,0.0,3,303,0,0,0
7094,11629.0,n,1,0.0,3,303,0,0,0
2404,11630.0,f,1,0.0,1,104,1,0,0
2956,11630.0,g,1,0.0,1,104,1,0,0
3456,11630.0,h,0,0.0,1,104,1,0,0
4110,11630.0,i,1,0.0,2,205,1,0,0
4676,11630.0,j,1,0.0,2,205,1,0,0
5313,11630.0,k,1,0.0,2,205,1,0,0
6063,11630.0,l,0,0.0,3,304,1,0,0
6522,11630.0,m,1,0.0,3,304,1,0,0
7196,11630.0,n,1,0.0,3,304,1,0,0
2405,11631.0,f,1,0.0,1,104,1,0,0
2957,11631.0,g,1,0.0,1,104,1,0,0
3448,11631.0,h,0,0.0,1,104,1,0,0
4153,11631.0,i,0,0.0,2,204,1,0,0
4775,11631.0,j,1,0.0,2,204,1,0,0
5252,11631.0,k,0,0.0,2,204,1,0,0
6052,11631.0,l,1,0.0,3,305,1,0,0
6576,11631.0,m,1,0.0,3,305,1,0,0
7129,11631.0,n,1,0.0,3,305,1,0,0
2406,11632.0,f,1,0.0,1,104,1,0,0
2958,11632.0,g,1,0.0,1,104,1,0,0
3449,11632.0,h,1,0.0,1,104,1,1001,1
4222,11632.0,i,1,0.0,2,203,1,0,0
4745,11632.0,j,0,0.0,2,203,1,0,0
5276,11632.0,k,1,0.0,2,203,1,0,0
6064,11632.0,l,1,0.0,3,304,1,0,0
6521,11632.0,m,1,0.0,3,304,1,0,0
7195,11632.0,n,1,0.0,3,304,1,0,0
2407,11633.0,f,1,0.0,1,104,0,0,0
2959,11633.0,g,1,0.0,1,104,0,1,1
3450,11633.0,h,1,0.0,1,104,0,1,1
2408,11634.0,f,1,0.0,1,104,1,0,0
2960,11634.0,g,1,0.0,1,104,1,0,0
3451,11634.0,h,1,0.0,1,104,1,0,0
4125,11634.0,i,1,0.0,2,205,1,0,0
4680,11634.0,j,1,0.0,2,205,1,0,0
5317,11634.0,k,1,0.0,2,205,1,0,0
6005,11634.0,l,1,0.0,3,303,1,0,0
6514,11634.0,m,1,0.0,3,303,1,0,0
7180,11634.0,n,1,0.0,3,303,1,0,0
2409,11635.0,f,1,0.0,1,104,1,0,0
2961,11635.0,g,1,0.0,1,104,1,0,0
3452,11635.0,h,1,0.0,1,104,1,0,0
4220,11635.0,i,1,0.0,2,203,1,0,0
4747,11635.0,j,1,0.0,2,203,1,0,0
5278,11635.0,k,1,0.0,2,203,1,0,0
6066,11635.0,l,1,0.0,3,304,1,0,0
6519,11635.0,m,1,0.0,3,304,1,0,0
7193,11635.0,n,1,0.0,3,304,1,0,0
2411,11636.0,f,1,0.0,1,104,1,0,0
2962,11636.0,g,1,0.0,1,104,1,0,0
3453,11636.0,h,1,0.0,1,104,1,0,0
4240,11636.0,i,1,0.0,2,201,1,0,0
4686,11636.0,j,0,0.0,2,201,1,0,0
5363,11636.0,k,0,0.0,2,201,1,0,0
5816,11636.0,l,1,3.0,2,206,1,0,0
6453,11636.0,m,1,2.0,2,206,1,0,0
6961,11636.0,n,1,1.0,2,206,1,0,0
2420,11637.0,f,1,0.0,1,104,1,0,0
2963,11637.0,g,1,0.0,1,104,1,0,0
3454,11637.0,h,1,0.0,1,104,1,0,0
4149,11637.0,i,1,0.0,2,204,1,0,0
4779,11637.0,j,1,0.0,2,204,1,1,1
5279,11637.0,k,1,0.0,2,204,1,0,0
5942,11637.0,l,1,3.0,2,205,1,1,1
6448,11637.0,m,1,2.0,2,205,1,11,1
6922,11637.0,n,0,1.0,2,205,1,0,0
2412,11638.0,f,1,0.0,1,104,1,0,0
2945,11638.0,g,1,0.0,1,104,1,0,0
3455,11638.0,h,1,0.0,1,104,1,0,0
4218,11638.0,i,1,0.0,2,203,1,0,0
4749,11638.0,j,1,0.0,2,203,1,0,0
5257,11638.0,k,1,0.0,2,203,1,0,0
6025,11638.0,l,1,0.0,3,324,1,0,0
6583,11638.0,m,1,0.0,3,324,1,0,0
7106,11638.0,n,1,0.0,3,324,1,0,0
2414,11639.0,f,1,0.0,1,104,1,0,0
2944,11639.0,g,1,0.0,1,104,1,0,0
3466,11639.0,h,1,0.0,1,104,1,0,0
4146,11639.0,i,1,0.0,2,204,1,10,1
4782,11639.0,j,1,0.0,2,204,1,10,1
5282,11639.0,k,1,0.0,2,204,1,10,1
5949,11639.0,l,1,0.0,3,314,1,0,0
6634,11639.0,m,1,0.0,3,314,1,0,0
7112,11639.0,n,1,0.0,3,314,1,0,0
2415,11640.0,f,1,0.0,1,104,0,0,0
2932,11640.0,g,1,0.0,1,104,0,0,0
3458,11640.0,h,1,0.0,1,104,0,0,0
4214,11640.0,i,1,0.0,2,203,0,0,0
4753,11640.0,j,1,0.0,2,203,0,0,0
5233,11640.0,k,1,0.0,2,203,0,0,0
6072,11640.0,l,0,0.0,3,304,0,0,0
6558,11640.0,m,1,0.0,3,304,0,0,0
7187,11640.0,n,1,0.0,3,304,0,0,0
2416,11641.0,f,1,0.0,1,104,0,0,0
2924,11641.0,g,1,0.0,1,104,0,0,0
3459,11641.0,h,1,0.0,1,104,0,0,0
4192,11641.0,i,1,0.0,2,202,0,0,0
4713,11641.0,j,1,0.0,2,202,0,0,0
5344,11641.0,k,1,0.0,2,202,0,0,0
5990,11641.0,l,1,0.0,3,305,0,0,0
6564,11641.0,m,1,0.0,3,305,0,0,0
7155,11641.0,n,1,0.0,3,305,0,0,0
2417,11642.0,f,1,0.0,1,104,0,0,0
2925,11642.0,g,1,0.0,1,104,0,0,0
3460,11642.0,h,1,0.0,1,104,0,0,0
4211,11642.0,i,0,0.0,2,203,0,0,0
4754,11642.0,j,1,0.0,2,203,0,0,0
5234,11642.0,k,1,0.0,2,203,0,0,0
5991,11642.0,l,1,0.0,3,305,0,0,0
6563,11642.0,m,1,0.0,3,305,0,0,0
7154,11642.0,n,1,0.0,3,305,0,0,0
2418,11643.0,f,1,0.0,1,104,1,0,0
2926,11643.0,g,1,0.0,1,104,1,0,0
3461,11643.0,h,1,0.0,1,104,1,0,0
4213,11643.0,i,1,0.0,2,204,1,0,0
4772,11643.0,j,1,0.0,2,204,1,0,0
5298,11643.0,k,1,0.0,2,204,1,0,0
6013,11643.0,l,1,0.0,3,303,1,0,0
6515,11643.0,m,1,0.0,3,303,1,0,0
7171,11643.0,n,1,0.0,3,303,1,0,0
2419,11644.0,f,0,0.0,1,104,0,0,0
2927,11644.0,g,1,0.0,1,104,0,0,0
3462,11644.0,h,1,0.0,1,104,0,0,0
2421,11645.0,f,0,0.0,1,104,1,0,0
2928,11645.0,g,1,0.0,1,104,1,0,0
3463,11645.0,h,1,0.0,1,104,1,1000,1
4038,11645.0,i,0,3.0,1,104,1,0,0
4597,11645.0,j,1,2.0,1,104,1,11,1
5167,11645.0,k,1,1.0,1,104,1,10,1
5938,11645.0,l,1,0.0,2,205,1,0,0
6428,11645.0,m,1,0.0,2,205,1,10,1
6949,11645.0,n,1,0.0,2,205,1,10,1
2444,11646.0,f,1,0.0,1,104,1,0,0
2929,11646.0,g,1,0.0,1,104,1,1,1
3464,11646.0,h,0,0.0,1,104,1,0,0
3969,11646.0,i,1,3.0,1,103,1,0,0
4539,11646.0,j,1,2.0,1,103,1,0,0
5209,11646.0,k,1,1.0,1,103,1,0,0
5937,11646.0,l,0,0.0,2,205,1,0,0
6429,11646.0,m,1,0.0,2,205,1,0,0
6974,11646.0,n,0,0.0,2,205,1,0,0
2453,11647.0,f,0,0.0,1,104,0,0,0
2930,11647.0,g,1,0.0,1,104,0,0,0
3465,11647.0,h,1,0.0,1,104,0,0,0
4206,11647.0,i,1,0.0,2,203,0,0,0
4787,11647.0,j,1,0.0,2,203,0,0,0
5237,11647.0,k,1,0.0,2,203,0,0,0
6040,11647.0,l,0,0.0,3,304,0,0,0
6550,11647.0,m,1,0.0,3,304,0,0,0
7141,11647.0,n,1,0.0,3,304,0,0,0
2445,11648.0,f,1,0.0,1,105,1,0,0
2931,11648.0,g,1,0.0,1,105,1,0,0
3467,11648.0,h,1,0.0,1,105,1,0,0
4126,11648.0,i,1,0.0,2,204,1,0,0
4762,11648.0,j,1,0.0,2,204,1,0,0
5240,11648.0,k,1,0.0,2,204,1,0,0
5914,11648.0,l,1,3.0,2,205,1,0,0
6476,11648.0,m,1,2.0,2,205,1,0,0
6941,11648.0,n,1,1.0,2,205,1,0,0
2456,11649.0,f,1,0.0,1,105,0,0,0
2933,11649.0,g,1,0.0,1,105,0,0,0
3489,11649.0,h,1,0.0,1,105,0,0,0
4202,11649.0,i,1,0.0,2,202,0,0,0
4790,11649.0,j,1,0.0,2,202,0,0,0
5359,11649.0,k,1,0.0,2,202,0,0,0
5951,11649.0,l,1,0.0,3,302,0,0,0
6632,11649.0,m,1,0.0,3,302,0,0,0
7111,11649.0,n,1,0.0,3,302,0,0,0
2457,11650.0,f,1,0.0,1,105,1,0,0
2942,11650.0,g,1,0.0,1,105,1,0,0
3491,11650.0,h,1,0.0,1,105,1,0,0
4201,11650.0,i,1,0.0,2,202,1,0,0
4791,11650.0,j,1,0.0,2,202,1,0,0
5346,11650.0,k,1,0.0,2,202,1,0,0
5934,11650.0,l,0,3.0,2,206,1,0,0
6433,11650.0,m,1,2.0,2,206,1,0,0
6971,11650.0,n,0,1.0,2,206,1,0,0
2458,11651.0,f,1,0.0,1,105,1,0,0
7353,11651.0,g,0,0.0,1,105,1,0,0
7354,11651.0,h,0,0.0,1,105,1,0,0
4200,11651.0,i,1,0.0,2,202,1,101,1
4792,11651.0,j,1,0.0,2,202,1,1,1
5336,11651.0,k,1,0.0,2,202,1,11,1
6045,11651.0,l,1,0.0,3,305,1,0,0
6545,11651.0,m,1,0.0,3,305,1,1,1
7136,11651.0,n,1,0.0,3,305,1,0,0
2459,11652.0,f,1,0.0,1,105,1,0,0
2934,11652.0,g,1,0.0,1,105,1,0,0
3490,11652.0,h,1,0.0,1,105,1,0,0
4120,11652.0,i,1,0.0,2,205,1,0,0
4666,11652.0,j,1,0.0,2,205,1,0,0
5303,11652.0,k,1,0.0,2,205,1,0,0
6029,11652.0,l,1,0.0,3,303,1,0,0
6579,11652.0,m,0,0.0,3,303,1,0,0
7102,11652.0,n,1,0.0,3,303,1,0,0
2460,11653.0,f,1,0.0,1,105,0,0,0
7351,11653.0,g,0,0.0,1,105,0,0,0
7352,11653.0,h,0,0.0,1,105,0,0,0
4096,11653.0,i,1,3.0,1,105,0,0,0
4658,11653.0,j,1,2.0,1,105,0,0,0
5184,11653.0,k,1,1.0,1,105,0,11,1
5891,11653.0,l,1,0.0,2,203,0,0,0
6358,11653.0,m,1,0.0,2,203,0,0,0
6988,11653.0,n,1,0.0,2,203,0,0,0
2461,11654.0,f,0,0.0,1,105,0,0,0
2462,11655.0,f,1,0.0,1,105,1,1000,1
2935,11655.0,g,1,0.0,1,105,1,1000,1
3494,11655.0,h,1,0.0,1,105,1,1001,1
4117,11655.0,i,1,0.0,2,205,1,0,0
4669,11655.0,j,1,0.0,2,205,1,1000,1
5306,11655.0,k,1,0.0,2,205,1,0,0
6038,11655.0,l,1,0.0,3,304,1,1000,1
6529,11655.0,m,1,0.0,3,304,1,0,0
7184,11655.0,n,1,0.0,3,304,1,0,0
2465,11656.0,f,1,0.0,1,105,0,0,0
2937,11656.0,g,1,0.0,1,105,0,0,0
7349,11656.0,h,0,0.0,1,105,0,0,0
4158,11656.0,i,1,0.0,2,204,0,0,0
4770,11656.0,j,1,0.0,2,204,0,0,0
5247,11656.0,k,1,0.0,2,204,0,0,0
6061,11656.0,l,1,0.0,3,304,0,0,0
6525,11656.0,m,1,0.0,3,304,0,0,0
7199,11656.0,n,1,0.0,3,304,0,0,0
2474,11657.0,f,1,0.0,1,105,1,1,1
2938,11657.0,g,1,0.0,1,105,1,0,0
3496,11657.0,h,1,0.0,1,105,1,10,1
4092,11657.0,i,1,3.0,1,105,1,0,0
4661,11657.0,j,1,2.0,1,105,1,10,1
5181,11657.0,k,0,1.0,1,105,1,0,0
2466,11658.0,f,0,0.0,1,105,1,0,0
2939,11658.0,g,1,0.0,1,105,1,0,0
3497,11658.0,h,1,0.0,1,105,1,0,0
4156,11658.0,i,1,0.0,2,204,1,0,0
4773,11658.0,j,1,0.0,2,204,1,0,0
5249,11658.0,k,0,0.0,2,204,1,0,0
5982,11658.0,l,1,0.0,3,314,1,0,0
6637,11658.0,m,1,0.0,3,314,1,0,0
7115,11658.0,n,1,0.0,3,314,1,0,0
2467,11659.0,f,1,0.0,1,105,1,0,0
2940,11659.0,g,1,0.0,1,105,1,0,0
3498,11659.0,h,1,0.0,1,105,1,0,0
4225,11659.0,i,1,0.0,2,203,1,0,0
4743,11659.0,j,1,0.0,2,203,1,0,0
5273,11659.0,k,1,0.0,2,203,1,0,0
5863,11659.0,l,0,3.0,2,204,1,0,0
6387,11659.0,m,1,2.0,2,204,1,0,0
7019,11659.0,n,1,1.0,2,204,1,0,0
2468,11660.0,f,1,0.0,1,105,1,0,0
2941,11660.0,g,1,0.0,1,105,1,0,0
3499,11660.0,h,1,0.0,1,105,1,0,0
4224,11660.0,i,1,0.0,2,203,1,0,0
4756,11660.0,j,1,0.0,2,203,1,0,0
5274,11660.0,k,1,0.0,2,203,1,0,0
6062,11660.0,l,1,0.0,3,304,1,0,0
6523,11660.0,m,1,0.0,3,304,1,0,0
7197,11660.0,n,1,0.0,3,304,1,0,0
2469,11661.0,f,1,0.0,1,105,1,0,0
2943,11661.0,g,1,0.0,1,105,1,0,0
3500,11661.0,h,1,0.0,1,105,1,1,1
4154,11661.0,i,1,0.0,2,204,1,1,1
4774,11661.0,j,1,0.0,2,204,1,0,0
5251,11661.0,k,1,0.0,2,204,1,0,0
6051,11661.0,l,1,0.0,3,305,1,0,0
6577,11661.0,m,1,0.0,3,305,1,0,0
7130,11661.0,n,1,0.0,3,305,1,0,0
2470,11662.0,f,1,0.0,1,105,1,0,0
2966,11662.0,g,1,0.0,1,105,1,0,0
3501,11662.0,h,1,0.0,1,105,1,0,0
4172,11662.0,i,1,0.0,2,201,1,0,0
4696,11662.0,j,1,0.0,2,201,1,0,0
5357,11662.0,k,1,0.0,2,201,1,0,0
5927,11662.0,l,1,3.0,2,205,1,0,0
6479,11662.0,m,1,2.0,2,205,1,0,0
6928,11662.0,n,1,1.0,2,205,1,0,0
2471,11663.0,f,1,0.0,1,105,0,0,0
2968,11663.0,g,1,0.0,1,105,0,0,0
3503,11663.0,h,1,0.0,1,105,0,0,0
4152,11663.0,i,0,0.0,2,204,0,0,0
4776,11663.0,j,1,0.0,2,204,0,0,0
5253,11663.0,k,1,0.0,2,204,0,0,0
6053,11663.0,l,1,0.0,3,305,0,0,0
6575,11663.0,m,1,0.0,3,305,0,0,0
7144,11663.0,n,1,0.0,3,305,0,0,0
2473,11664.0,f,1,0.0,1,105,1,0,0
2969,11664.0,g,1,0.0,1,105,1,0,0
3504,11664.0,h,1,0.0,1,105,1,0,0
4186,11664.0,i,1,0.0,2,202,1,0,0
4707,11664.0,j,1,0.0,2,202,1,0,0
5338,11664.0,k,1,0.0,2,202,1,0,0
5976,11664.0,l,1,0.0,3,301,1,0,0
6607,11664.0,m,1,0.0,3,301,1,0,0
7123,11664.0,n,1,0.0,3,301,1,0,0
2455,11665.0,f,1,0.0,1,105,0,0,0
2970,11665.0,g,1,0.0,1,105,0,0,0
3505,11665.0,h,1,0.0,1,105,0,0,0
4185,11665.0,i,1,0.0,2,202,0,0,0
4708,11665.0,j,1,0.0,2,202,0,0,0
5339,11665.0,k,1,0.0,2,202,0,0,0
5983,11665.0,l,1,0.0,3,302,0,0,0
6592,11665.0,m,1,0.0,3,302,0,0,0
7077,11665.0,n,0,0.0,3,302,0,0,0
2464,11666.0,f,1,0.0,1,105,1,0,0
2971,11666.0,g,1,0.0,1,105,1,0,0
3506,11666.0,h,1,0.0,1,105,1,0,0
4183,11666.0,i,1,0.0,2,202,1,0,0
4710,11666.0,j,1,0.0,2,202,1,0,0
5341,11666.0,k,1,0.0,2,202,1,0,0
5985,11666.0,l,1,0.0,3,302,1,0,0
6590,11666.0,m,1,0.0,3,302,1,0,0
7075,11666.0,n,1,0.0,3,302,1,0,0
2454,11667.0,f,1,0.0,1,105,0,0,0
2972,11667.0,g,1,0.0,1,105,0,0,0
3507,11667.0,h,1,0.0,1,105,0,0,0
4182,11667.0,i,1,0.0,2,202,0,0,0
4711,11667.0,j,1,0.0,2,202,0,0,0
5342,11667.0,k,1,0.0,2,202,0,0,0
5986,11667.0,l,1,0.0,3,302,0,0,0
6589,11667.0,m,1,0.0,3,302,0,0,0
7090,11667.0,n,1,0.0,3,302,0,0,0
2452,11668.0,f,1,0.0,1,105,0,0,0
2973,11668.0,g,1,0.0,1,105,0,0,0
3508,11668.0,h,1,0.0,1,105,0,0,0
4148,11668.0,i,1,0.0,2,204,0,0,0
4780,11668.0,j,1,0.0,2,204,0,0,0
5280,11668.0,k,1,0.0,2,204,0,0,0
6008,11668.0,l,1,0.0,3,303,0,0,0
6505,11668.0,m,0,0.0,3,303,0,0,0
7177,11668.0,n,1,0.0,3,303,0,0,0
2446,11669.0,f,1,0.0,1,105,0,0,0
2974,11669.0,g,1,0.0,1,105,0,0,0
3509,11669.0,h,0,0.0,1,105,0,0,0
2447,11670.0,f,1,0.0,1,105,0,0,0
2975,11670.0,g,1,0.0,1,105,0,0,0
3510,11670.0,h,1,0.0,1,105,0,0,0
4147,11670.0,i,1,0.0,2,204,0,0,0
4781,11670.0,j,1,0.0,2,204,0,0,0
5281,11670.0,k,1,0.0,2,204,0,0,0
5964,11670.0,l,1,0.0,3,314,0,0,0
6635,11670.0,m,1,0.0,3,314,0,0,0
7114,11670.0,n,1,0.0,3,314,0,0,0
2448,11671.0,f,1,0.0,1,105,0,0,0
2976,11671.0,g,1,0.0,1,105,0,0,0
3511,11671.0,h,1,0.0,1,105,0,0,0
4133,11671.0,i,1,0.0,2,205,0,0,0
4801,11671.0,j,1,0.0,2,205,0,1000,1
5285,11671.0,k,1,0.0,2,205,0,1000,1
6057,11671.0,l,1,0.0,3,304,0,0,0
6557,11671.0,m,1,0.0,3,304,0,1000,1
7186,11671.0,n,1,0.0,3,304,0,0,0
2449,11672.0,f,1,0.0,1,105,1,0,0
2977,11672.0,g,0,0.0,1,105,1,0,0
3493,11672.0,h,1,0.0,1,105,1,0,0
4145,11672.0,i,1,0.0,2,204,1,0,0
4783,11672.0,j,1,0.0,2,204,1,0,0
5294,11672.0,k,1,0.0,2,204,1,0,0
6056,11672.0,l,1,0.0,3,304,1,0,0
6555,11672.0,m,1,0.0,3,304,1,0,0
7183,11672.0,n,0,0.0,3,304,1,0,0
2450,11673.0,f,1,0.0,1,105,1,0,0
2979,11673.0,g,0,0.0,1,105,1,0,0
3502,11673.0,h,1,0.0,1,105,1,0,0
4130,11673.0,i,1,0.0,2,205,1,0,0
4797,11673.0,j,1,0.0,2,205,1,0,0
5288,11673.0,k,1,0.0,2,205,1,0,0
6015,11673.0,l,0,0.0,3,303,1,0,0
6517,11673.0,m,1,0.0,3,303,1,0,0
7169,11673.0,n,1,0.0,3,303,1,0,0
2451,11674.0,f,1,0.0,1,105,0,0,0
2978,11674.0,g,1,0.0,1,105,0,0,0
3492,11674.0,h,1,0.0,1,105,0,0,0
2542,11675.0,f,1,0.0,2,203,1,0,0
3066,11675.0,g,1,0.0,2,203,1,0,0
3617,11675.0,h,1,0.0,2,203,1,0,0
4270,11675.0,i,1,0.0,3,305,1,0,0
4883,11675.0,j,1,0.0,3,305,1,0,0
5380,11675.0,k,1,0.0,3,305,1,0,0
6193,11675.0,l,1,0.0,4,402,1,0,0
6705,11675.0,m,1,0.0,4,402,1,0,0
7288,11675.0,n,1,0.0,4,402,1,0,0
2553,11676.0,f,0,0.0,2,203,0,0,0
2635,11677.0,f,1,0.0,2,205,1,0,0
3146,11677.0,g,1,0.0,2,205,1,0,0
3665,11677.0,h,1,0.0,2,205,1,0,0
4327,11677.0,i,0,0.0,3,305,1,0,0
4839,11677.0,j,1,0.0,3,305,1,0,0
5397,11677.0,k,1,0.0,3,305,1,0,0
6137,11677.0,l,1,0.0,4,404,1,0,0
6729,11677.0,m,1,0.0,4,404,1,0,0
7256,11677.0,n,1,0.0,4,404,1,0,0
2749,11678.0,f,1,0.0,3,301,0,0,0
3313,11678.0,g,1,0.0,3,301,0,0,0
3813,11678.0,h,1,0.0,3,301,0,0,0
4501,11678.0,i,1,0.0,4,402,0,0,0
5031,11678.0,j,1,0.0,4,402,0,0,0
5619,11678.0,k,1,0.0,4,402,0,0,0
2803,11679.0,f,1,0.0,3,305,1,0,0
3261,11679.0,g,1,0.0,3,305,1,0,0
3751,11679.0,h,1,0.0,3,305,1,0,0
4385,11679.0,i,1,0.0,4,405,1,0,0
4989,11679.0,j,1,0.0,4,405,1,0,0
5600,11679.0,k,1,0.0,4,405,1,0,0
2904,11680.0,f,1,0.0,4,404,1,0,0
3344,11680.0,g,0,0.0,4,404,1,0,0
3876,11680.0,h,1,0.0,4,404,1,0,0
3007,12661.0,g,1,0.0,1,101,1,0,0
3559,12661.0,h,1,0.0,1,101,1,0,0
4018,12661.0,i,1,3.0,1,105,1,0,0
4635,12661.0,j,1,2.0,1,105,1,0,0
5102,12661.0,k,1,1.0,1,105,1,0,0
5799,12661.0,l,1,0.0,2,206,1,0,0
6443,12661.0,m,1,0.0,2,206,1,0,0
6952,12661.0,n,1,0.0,2,206,1,0,0
3043,12662.0,g,1,0.0,1,102,0,0,0
7361,12662.0,h,0,0.0,1,102,0,0,0
4175,12662.0,i,1,0.0,2,201,0,0,0
4683,12662.0,j,1,0.0,2,201,0,0,0
5372,12662.0,k,1,0.0,2,201,0,0,0
5999,12662.0,l,1,0.0,3,305,0,0,0
6571,12662.0,m,1,0.0,3,305,0,0,0
7162,12662.0,n,1,0.0,3,305,0,0,0
3050,12663.0,g,1,0.0,1,102,1,0,0
3538,12663.0,h,0,0.0,1,102,1,0,0
3016,12664.0,g,1,0.0,1,103,1,1,1
3548,12664.0,h,1,0.0,1,103,1,0,0
4226,12664.0,i,1,0.0,2,203,1,1,1
4741,12664.0,j,1,0.0,2,203,1,1,1
5272,12664.0,k,1,0.0,2,203,1,1,1
3023,12665.0,g,1,0.0,1,103,0,0,0
3514,12665.0,h,1,0.0,1,103,0,0,0
4139,12665.0,i,1,0.0,2,205,0,0,0
4807,12665.0,j,1,0.0,2,205,0,0,0
5293,12665.0,k,1,0.0,2,205,0,0,0
6069,12665.0,l,1,0.0,3,304,0,0,0
6534,12665.0,m,1,0.0,3,304,0,0,0
7190,12665.0,n,1,0.0,3,304,0,0,0
3034,12666.0,g,1,0.0,1,103,1,0,0
3470,12666.0,h,1,0.0,1,103,1,0,0
4217,12666.0,i,1,0.0,2,203,1,0,0
4750,12666.0,j,1,0.0,2,203,1,0,0
5256,12666.0,k,1,0.0,2,203,1,0,0
6007,12666.0,l,1,0.0,3,303,1,0,0
6506,12666.0,m,1,0.0,3,303,1,0,0
7178,12666.0,n,1,0.0,3,303,1,0,0
3027,12667.0,g,1,0.0,1,103,0,0,0
3472,12667.0,h,1,0.0,1,103,0,0,0
4024,12667.0,i,1,3.0,1,105,0,0,0
4629,12667.0,j,1,2.0,1,105,0,0,0
5169,12667.0,k,1,1.0,1,105,0,10,1
5904,12667.0,l,0,0.0,2,204,0,0,0
6467,12667.0,m,1,0.0,2,204,0,0,0
7009,12667.0,n,1,0.0,2,204,0,1011,1
2950,12669.0,g,1,0.0,1,104,0,0,0
3487,12669.0,h,1,0.0,1,104,0,0,0
4081,12669.0,i,1,3.0,1,106,0,0,0
4615,12669.0,j,1,2.0,1,106,0,0,0
5094,12669.0,k,1,1.0,1,106,0,0,0
5908,12669.0,l,1,0.0,2,205,0,0,0
6431,12669.0,m,1,0.0,2,205,0,0,0
6946,12669.0,n,1,0.0,2,205,0,0,0
3103,12670.0,g,1,0.0,2,202,0,0,0
3600,12670.0,h,1,0.0,2,202,0,0,0
4294,12670.0,i,1,0.0,3,301,0,0,0
4929,12670.0,j,1,0.0,3,301,0,0,0
5508,12670.0,k,1,0.0,3,301,0,0,0
6108,12670.0,l,1,0.0,4,403,0,1,1
6664,12670.0,m,1,0.0,4,403,0,0,0
7254,12670.0,n,0,0.0,4,403,0,0,0
3152,12671.0,g,1,0.0,2,205,0,0,0
3671,12671.0,h,1,0.0,2,205,0,0,0
4304,12671.0,i,1,0.0,3,304,0,0,0
4852,12671.0,j,1,0.0,3,304,0,0,0
5460,12671.0,k,0,0.0,3,304,0,0,0
6119,12671.0,l,0,0.0,4,403,0,0,0
6651,12671.0,m,1,0.0,4,403,0,0,0
7315,12671.0,n,1,0.0,4,403,0,0,0
3265,12672.0,g,0,0.0,3,305,1,0,0
3747,12672.0,h,1,0.0,3,305,1,0,0
4436,12672.0,i,1,0.0,4,403,1,0,0
5067,12672.0,j,1,0.0,4,403,1,0,0
5628,12672.0,k,1,0.0,4,403,1,0,0
3443,12673.0,g,1,0.0,4,402,0,0,0
3960,12673.0,h,1,0.0,4,402,0,0,0
3426,12674.0,g,1,0.0,4,403,1,0,0
3927,12674.0,h,1,0.0,4,403,1,0,0
4514,12674.0,i,1,3.0,4,405,1,0,0
5066,12674.0,j,1,2.0,4,405,1,0,0
5590,12674.0,k,1,1.0,4,405,1,0,0
3398,12675.0,g,0,0.0,4,403,1,0,0
3930,12675.0,h,1,0.0,4,403,1,0,0
4446,12675.0,i,1,3.0,4,403,1,0,0
3346,12676.0,g,1,0.0,4,404,1,0,0
3874,12676.0,h,1,0.0,4,404,1,0,0
4424,12676.0,i,1,3.0,4,405,1,0,0
5062,12676.0,j,1,2.0,4,405,1,0,0
5586,12676.0,k,1,1.0,4,405,1,0,0
4025,17335.0,i,1,0.0,1,105,0,0,0
4628,17335.0,j,0,0.0,1,105,0,0,0
5170,17335.0,k,1,0.0,1,105,0,0,0
5854,17335.0,l,0,0.0,2,204,0,0,0
6465,17335.0,m,1,0.0,2,204,0,0,0
7011,17335.0,n,1,0.0,2,204,0,0,0
4023,17336.0,i,1,0.0,1,105,1,0,0
4630,17336.0,j,1,0.0,1,105,1,0,0
5168,17336.0,k,1,0.0,1,105,1,0,0
5941,17336.0,l,0,0.0,2,205,1,0,0
6425,17336.0,m,1,0.0,2,205,1,0,0
6933,17336.0,n,1,0.0,2,205,1,0,0
4019,17337.0,i,1,0.0,1,105,0,0,0
4634,17337.0,j,1,0.0,1,105,0,0,0
5114,17337.0,k,0,0.0,1,105,0,0,0
5800,17337.0,l,1,0.0,2,206,0,0,0
6444,17337.0,m,1,0.0,2,206,0,0,0
6953,17337.0,n,1,0.0,2,206,0,0,0
4209,17338.0,i,1,0.0,2,203,1,0,0
4757,17338.0,j,1,0.0,2,203,1,0,0
5236,17338.0,k,1,0.0,2,203,1,0,0
5992,17338.0,l,1,0.0,3,305,1,0,0
6543,17338.0,m,1,0.0,3,305,1,0,0
7153,17338.0,n,1,0.0,3,305,1,0,0
3979,17340.0,i,1,0.0,1,103,0,0,0
4593,17340.0,j,1,0.0,1,103,0,0,0
5221,17340.0,k,1,0.0,1,103,0,0,0
5929,17340.0,l,0,0.0,2,205,0,0,0
6458,17340.0,m,1,0.0,2,205,0,0,0
6923,17340.0,n,0,0.0,2,205,0,0,0
3804,17341.0,h,1,0.0,3,302,1,0,0
4510,17341.0,i,1,0.0,4,402,1,0,0
5008,17341.0,j,1,0.0,4,402,1,0,0
5609,17341.0,k,1,0.0,4,402,1,0,0
3888,17342.0,h,1,0.0,4,401,1,0,0
3935,17343.0,h,0,0.0,4,403,1,0,0
4417,17343.0,i,0,3.0,4,405,1,0,0
5057,17343.0,j,1,2.0,4,405,1,0,0
3884,17344.0,h,1,0.0,4,403,0,0,0
4440,17344.0,i,1,3.0,4,403,0,0,0
5023,17344.0,j,1,2.0,4,403,0,0,0
5636,17344.0,k,1,1.0,4,403,0,1000,1
6148,17344.0,l,1,3.0,4,434,0,0,0
6719,17344.0,m,1,2.0,4,434,0,0,0
7245,17344.0,n,1,1.0,4,434,0,0,0
3872,17345.0,h,1,0.0,4,404,0,0,0
3878,17346.0,h,1,0.0,4,404,0,0,0
4055,18239.0,i,1,0.0,1,101,0,0,0
4558,18239.0,j,1,0.0,1,101,0,0,0
5119,18239.0,k,1,0.0,1,101,0,0,0
5830,18239.0,l,1,0.0,2,201,0,0,0
6499,18239.0,m,1,0.0,2,201,0,0,0
7064,18239.0,n,1,0.0,2,201,0,0,0
4057,18240.0,i,1,0.0,1,101,0,0,0
4557,18240.0,j,1,0.0,1,101,0,0,0
5118,18240.0,k,1,0.0,1,101,0,0,0
5818,18240.0,l,1,0.0,2,201,0,0,0
4056,18241.0,i,1,0.0,1,101,1,0,0
4556,18241.0,j,1,0.0,1,101,1,0,0
5117,18241.0,k,1,0.0,1,101,1,0,0
5878,18241.0,l,1,0.0,2,202,1,0,0
6405,18241.0,m,1,0.0,2,202,1,1100,1
7040,18241.0,n,1,0.0,2,202,1,1000,1
4075,18242.0,i,1,0.0,1,101,1,0,0
4555,18242.0,j,1,0.0,1,101,1,0,0
5120,18242.0,k,1,0.0,1,101,1,0,0
5817,18242.0,l,1,0.0,2,201,1,0,0
6498,18242.0,m,1,0.0,2,201,1,0,0
7063,18242.0,n,1,0.0,2,201,1,0,0
4074,18243.0,i,1,0.0,1,101,1,0,0
4563,18243.0,j,1,0.0,1,101,1,0,0
5121,18243.0,k,1,0.0,1,101,1,0,0
5875,18243.0,l,1,0.0,2,202,1,0,0
6420,18243.0,m,1,0.0,2,202,1,0,0
7038,18243.0,n,1,0.0,2,202,1,0,0
4073,18244.0,i,1,0.0,1,101,1,0,0
4554,18244.0,j,1,0.0,1,101,1,0,0
5131,18244.0,k,1,0.0,1,101,1,1,1
5794,18244.0,l,1,3.0,1,101,1,1,1
6263,18244.0,m,1,2.0,1,101,1,0,0
6906,18244.0,n,1,1.0,1,101,1,0,0
4072,18245.0,i,1,0.0,1,101,0,0,0
4552,18245.0,j,1,0.0,1,101,0,0,0
5122,18245.0,k,1,0.0,1,101,0,0,0
5874,18245.0,l,1,0.0,2,202,0,0,0
6419,18245.0,m,1,0.0,2,202,0,0,0
7037,18245.0,n,1,0.0,2,202,0,1100,1
4071,18246.0,i,1,0.0,1,101,1,0,0
4551,18246.0,j,1,0.0,1,101,1,0,0
5140,18246.0,k,1,0.0,1,101,1,0,0
5873,18246.0,l,1,0.0,2,202,1,0,0
6418,18246.0,m,1,0.0,2,202,1,0,0
7036,18246.0,n,1,0.0,2,202,1,1,1
4070,18247.0,i,1,0.0,1,101,1,0,0
4550,18247.0,j,1,0.0,1,101,1,0,0
5139,18247.0,k,1,0.0,1,101,1,0,0
5872,18247.0,l,1,0.0,2,202,1,0,0
6417,18247.0,m,1,0.0,2,202,1,0,0
7006,18247.0,n,0,0.0,2,202,1,0,0
4069,18248.0,i,1,0.0,1,101,0,0,0
4549,18248.0,j,1,0.0,1,101,0,0,0
5138,18248.0,k,1,0.0,1,101,0,0,0
5871,18248.0,l,1,0.0,2,202,0,0,0
6416,18248.0,m,1,0.0,2,202,0,0,0
7004,18248.0,n,1,0.0,2,202,0,1100,1
4068,18249.0,i,1,0.0,1,101,0,0,0
4548,18249.0,j,0,0.0,1,101,0,0,0
5137,18249.0,k,1,0.0,1,101,0,0,0
5760,18249.0,l,0,3.0,1,102,0,0,0
6275,18249.0,m,1,2.0,1,102,0,0,0
6882,18249.0,n,1,1.0,1,102,0,0,0
4076,18250.0,i,1,0.0,1,101,1,0,0
4546,18250.0,j,1,0.0,1,101,1,0,0
5135,18250.0,k,1,0.0,1,101,1,0,0
5886,18250.0,l,1,0.0,2,202,1,0,0
6421,18250.0,m,1,0.0,2,202,1,0,0
7002,18250.0,n,1,0.0,2,202,1,0,0
4067,18251.0,i,1,0.0,1,101,1,0,0
4545,18251.0,j,1,0.0,1,101,1,0,0
5134,18251.0,k,1,0.0,1,101,1,0,0
5826,18251.0,l,1,0.0,2,201,1,0,0
6492,18251.0,m,1,0.0,2,201,1,0,0
7057,18251.0,n,1,0.0,2,201,1,0,0
4065,18252.0,i,1,0.0,1,101,1,0,0
4564,18252.0,j,1,0.0,1,101,1,0,0
5133,18252.0,k,1,0.0,1,101,1,0,0
4064,18253.0,i,1,0.0,1,101,0,0,0
4608,18253.0,j,1,0.0,1,101,0,0,0
5141,18253.0,k,1,0.0,1,101,0,0,0
5903,18253.0,l,0,0.0,2,202,0,0,0
6411,18253.0,m,1,0.0,2,202,0,0,0
6999,18253.0,n,1,0.0,2,202,0,1000,1
4063,18254.0,i,1,0.0,1,101,1,0,0
4621,18254.0,j,1,0.0,1,101,1,0,0
5132,18254.0,k,1,0.0,1,101,1,0,0
5900,18254.0,l,1,0.0,2,202,1,0,0
6408,18254.0,m,1,0.0,2,202,1,0,0
6996,18254.0,n,1,0.0,2,202,1,0,0
4062,18255.0,i,1,0.0,1,101,0,0,0
4609,18255.0,j,1,0.0,1,101,0,0,0
5130,18255.0,k,1,0.0,1,101,0,0,0
5898,18255.0,l,1,0.0,2,202,0,0,0
6389,18255.0,m,1,0.0,2,202,0,0,0
6994,18255.0,n,1,0.0,2,202,0,0,0
4061,18256.0,i,1,0.0,1,101,1,0,0
4641,18256.0,j,1,0.0,1,101,1,0,0
5129,18256.0,k,1,0.0,1,101,1,0,0
5940,18256.0,l,1,0.0,2,205,1,0,0
6426,18256.0,m,1,0.0,2,205,1,0,0
6947,18256.0,n,1,0.0,2,205,1,0,0
4060,18257.0,i,1,0.0,1,101,0,0,0
4640,18257.0,j,1,0.0,1,101,0,0,0
5128,18257.0,k,1,0.0,1,101,0,0,0
5884,18257.0,l,1,0.0,2,201,0,0,0
6398,18257.0,m,1,0.0,2,201,0,0,0
7047,18257.0,n,1,0.0,2,201,0,0,0
4059,18258.0,i,1,0.0,1,101,1,0,0
4639,18258.0,j,1,0.0,1,101,1,0,0
5127,18258.0,k,1,0.0,1,101,1,0,0
5896,18258.0,l,1,0.0,2,202,1,0,0
6388,18258.0,m,1,0.0,2,202,1,0,0
7005,18258.0,n,1,0.0,2,202,1,0,0
4058,18259.0,i,1,0.0,1,101,0,0,0
4638,18259.0,j,1,0.0,1,101,0,0,0
5126,18259.0,k,1,0.0,1,101,0,0,0
5882,18259.0,l,1,0.0,2,201,0,0,0
6400,18259.0,m,0,0.0,2,201,0,0,0
7045,18259.0,n,1,0.0,2,201,0,0,0
4066,18260.0,i,1,0.0,1,101,1,0,0
4637,18260.0,j,1,0.0,1,101,1,0,0
5125,18260.0,k,1,0.0,1,101,1,0,0
5881,18260.0,l,1,0.0,2,201,1,0,0
6401,18260.0,m,1,0.0,2,201,1,0,0
7044,18260.0,n,1,0.0,2,201,1,0,0
3989,18261.0,i,1,0.0,1,102,1,0,0
4537,18261.0,j,0,0.0,1,102,1,0,0
5124,18261.0,k,1,0.0,1,102,1,0,0
5879,18261.0,l,1,0.0,2,202,1,0,0
6403,18261.0,m,1,0.0,2,202,1,0,0
7042,18261.0,n,1,0.0,2,202,1,0,0
3999,18262.0,i,1,0.0,1,102,0,0,0
4536,18262.0,j,1,0.0,1,102,0,0,0
5123,18262.0,k,1,0.0,1,102,0,0,0
5885,18262.0,l,1,0.0,2,202,0,0,0
6404,18262.0,m,1,0.0,2,202,0,0,0
7041,18262.0,n,1,0.0,2,202,0,1100,1
3990,18263.0,i,1,0.0,1,102,1,0,0
4535,18263.0,j,1,0.0,1,102,1,0,0
5142,18263.0,k,1,0.0,1,102,1,0,0
5876,18263.0,l,1,0.0,2,202,1,0,0
6406,18263.0,m,1,0.0,2,202,1,0,0
7039,18263.0,n,1,0.0,2,202,1,0,0
4008,18264.0,i,1,0.0,1,102,1,0,0
4534,18264.0,j,1,0.0,1,102,1,0,0
5187,18264.0,k,1,0.0,1,102,1,0,0
5819,18264.0,l,1,0.0,2,201,1,0,0
6497,18264.0,m,1,0.0,2,201,1,0,0
7062,18264.0,n,1,0.0,2,201,1,0,0
4007,18265.0,i,1,0.0,1,102,0,0,0
4533,18265.0,j,1,0.0,1,102,0,0,0
5145,18265.0,k,1,0.0,1,102,0,0,0
5761,18265.0,l,1,3.0,1,102,0,0,0
6274,18265.0,m,1,2.0,1,102,0,0,0
6881,18265.0,n,1,1.0,1,102,0,0,0
4006,18266.0,i,1,0.0,1,102,1,0,0
4532,18266.0,j,1,0.0,1,102,1,0,0
5207,18266.0,k,0,0.0,1,102,1,0,0
5822,18266.0,l,1,0.0,2,201,1,0,0
6494,18266.0,m,1,0.0,2,201,1,0,0
7059,18266.0,n,1,0.0,2,201,1,0,0
4005,18267.0,i,1,0.0,1,102,1,0,0
4530,18267.0,j,1,0.0,1,102,1,1000,1
5206,18267.0,k,1,0.0,1,102,1,0,0
5887,18267.0,l,1,0.0,2,202,1,0,0
6414,18267.0,m,1,0.0,2,202,1,0,0
7001,18267.0,n,1,0.0,2,202,1,0,0
4004,18268.0,i,1,0.0,1,102,0,0,0
4529,18268.0,j,1,0.0,1,102,0,0,0
5205,18268.0,k,1,0.0,1,102,0,0,0
5785,18268.0,l,1,3.0,1,101,0,0,0
6265,18268.0,m,1,2.0,1,101,0,0,0
6915,18268.0,n,1,1.0,1,101,0,0,0
4003,18269.0,i,0,0.0,1,102,0,0,0
4528,18269.0,j,1,0.0,1,102,0,0,0
5204,18269.0,k,1,0.0,1,102,0,1,1
5888,18269.0,l,1,0.0,2,202,0,1,1
6412,18269.0,m,1,0.0,2,202,0,1001,1
7000,18269.0,n,1,0.0,2,202,0,10,1
4002,18270.0,i,1,0.0,1,102,0,0,0
4527,18270.0,j,1,0.0,1,102,0,0,0
5203,18270.0,k,1,0.0,1,102,0,0,0
5828,18270.0,l,1,0.0,2,201,0,0,0
6390,18270.0,m,1,0.0,2,201,0,0,0
7055,18270.0,n,1,0.0,2,201,0,0,0
4001,18271.0,i,1,0.0,1,102,1,0,0
4526,18271.0,j,0,0.0,1,102,1,0,0
5202,18271.0,k,1,0.0,1,102,1,0,0
5829,18271.0,l,1,0.0,2,201,1,0,0
6391,18271.0,m,1,0.0,2,201,1,0,0
7054,18271.0,n,1,0.0,2,201,1,0,0
4009,18272.0,i,1,0.0,1,102,1,0,0
4525,18272.0,j,1,0.0,1,102,1,0,0
5201,18272.0,k,1,0.0,1,102,1,0,0
5901,18272.0,l,1,0.0,2,202,1,0,0
6409,18272.0,m,1,0.0,2,202,1,0,0
6997,18272.0,n,0,0.0,2,202,1,0,0
4000,18273.0,i,1,0.0,1,102,0,0,0
4524,18273.0,j,1,0.0,1,102,0,0,0
5200,18273.0,k,1,0.0,1,102,0,0,0
5832,18273.0,l,1,0.0,2,201,0,0,0
6393,18273.0,m,1,0.0,2,201,0,0,0
7052,18273.0,n,1,0.0,2,201,0,0,0
3998,18274.0,i,1,0.0,1,102,0,0,0
4523,18274.0,j,1,0.0,1,102,0,0,0
5208,18274.0,k,1,0.0,1,102,0,0,0
5824,18274.0,l,0,0.0,2,201,0,0,0
6394,18274.0,m,1,0.0,2,201,0,0,0
7051,18274.0,n,0,0.0,2,201,0,0,0
3997,18275.0,i,1,0.0,1,102,0,0,0
4531,18275.0,j,1,0.0,1,102,0,0,0
5199,18275.0,k,1,0.0,1,102,0,0,0
5825,18275.0,l,1,0.0,2,201,0,0,0
6395,18275.0,m,1,0.0,2,201,0,0,0
7050,18275.0,n,1,0.0,2,201,0,0,0
3996,18276.0,i,1,0.0,1,102,1,0,0
4543,18276.0,j,1,0.0,1,102,1,0,0
5197,18276.0,k,1,0.0,1,102,1,0,0
5834,18276.0,l,1,0.0,2,201,1,0,0
6396,18276.0,m,1,0.0,2,201,1,0,0
7049,18276.0,n,1,0.0,2,201,1,0,0
3995,18277.0,i,1,0.0,1,102,0,0,0
4553,18277.0,j,1,0.0,1,102,0,0,0
5196,18277.0,k,1,0.0,1,102,0,0,0
5897,18277.0,l,1,0.0,2,202,0,0,0
6413,18277.0,m,1,0.0,2,202,0,0,0
6993,18277.0,n,1,0.0,2,202,0,0,0
3994,18278.0,i,1,0.0,1,102,0,0,0
4544,18278.0,j,1,0.0,1,102,0,0,0
5195,18278.0,k,1,0.0,1,102,0,0,0
5833,18278.0,l,0,0.0,2,201,0,0,0
6397,18278.0,m,1,0.0,2,201,0,0,0
7048,18278.0,n,1,0.0,2,201,0,0,0
3993,18279.0,i,1,0.0,1,102,0,0,0
4562,18279.0,j,1,0.0,1,102,0,1,1
5194,18279.0,k,1,0.0,1,102,0,1,1
5775,18279.0,l,1,3.0,1,102,0,0,0
6321,18279.0,m,1,2.0,1,102,0,0,0
6894,18279.0,n,1,1.0,1,102,0,0,0
3992,18280.0,i,1,0.0,1,102,1,0,0
4561,18280.0,j,1,0.0,1,102,1,0,0
5193,18280.0,k,0,0.0,1,102,1,0,0
5895,18280.0,l,1,0.0,2,202,1,0,0
6378,18280.0,m,1,0.0,2,202,1,0,0
6992,18280.0,n,1,0.0,2,202,1,0,0
3991,18281.0,i,1,0.0,1,102,0,0,0
4560,18281.0,j,1,0.0,1,102,0,0,0
5192,18281.0,k,1,0.0,1,102,0,0,0
5880,18281.0,l,1,0.0,2,201,0,0,0
6402,18281.0,m,1,0.0,2,201,0,0,0
7043,18281.0,n,1,0.0,2,201,0,0,0
4010,18282.0,i,1,0.0,1,102,1,0,0
4559,18282.0,j,1,0.0,1,102,1,0,0
5191,18282.0,k,1,0.0,1,102,1,0,0
5894,18282.0,l,1,0.0,2,202,1,0,0
6355,18282.0,m,1,0.0,2,202,1,0,0
6990,18282.0,n,1,0.0,2,202,1,0,0
4037,18283.0,i,1,0.0,1,103,0,0,0
4588,18283.0,j,1,0.0,1,103,0,0,0
5190,18283.0,k,1,0.0,1,103,0,0,0
5913,18283.0,l,1,0.0,2,205,0,0,0
6490,18283.0,m,1,0.0,2,205,0,0,0
6940,18283.0,n,1,0.0,2,205,0,0,0
4036,18284.0,i,0,0.0,1,103,0,0,0
4606,18284.0,j,1,0.0,1,103,0,0,0
5198,18284.0,k,1,0.0,1,103,0,0,0
4035,18285.0,i,1,0.0,1,103,0,0,0
4605,18285.0,j,1,0.0,1,103,0,0,0
5210,18285.0,k,1,0.0,1,103,0,0,0
5869,18285.0,l,1,0.0,2,203,0,0,0
6362,18285.0,m,1,0.0,2,203,0,0,0
6984,18285.0,n,1,0.0,2,203,0,0,0
4032,18286.0,i,1,0.0,1,103,1,0,0
4603,18286.0,j,1,0.0,1,103,1,0,0
5211,18286.0,k,0,0.0,1,103,1,0,0
5802,18286.0,l,1,0.0,2,206,1,0,0
6438,18286.0,m,1,0.0,2,206,1,0,0
6966,18286.0,n,1,0.0,2,206,1,0,0
3988,18287.0,i,1,0.0,1,103,1,0,0
4601,18287.0,j,1,0.0,1,103,1,0,0
5228,18287.0,k,1,0.0,1,103,1,0,0
5877,18287.0,l,1,0.0,2,202,1,0,0
6415,18287.0,m,1,0.0,2,202,1,0,0
7003,18287.0,n,1,0.0,2,202,1,0,0
3986,18288.0,i,1,0.0,1,103,0,0,0
4600,18288.0,j,1,0.0,1,103,0,0,0
5227,18288.0,k,1,0.0,1,103,0,0,0
5861,18288.0,l,1,0.0,2,204,0,0,0
6457,18288.0,m,1,0.0,2,204,0,0,0
7017,18288.0,n,1,0.0,2,204,0,0,0
3985,18289.0,i,0,0.0,1,103,1,0,0
4599,18289.0,j,0,0.0,1,103,1,0,0
5226,18289.0,k,0,0.0,1,103,1,0,0
5846,18289.0,l,0,0.0,2,203,1,0,0
6367,18289.0,m,0,0.0,2,203,1,0,0
6979,18289.0,n,0,0.0,2,203,1,0,0
3984,18290.0,i,1,0.0,1,103,0,0,0
4607,18290.0,j,1,0.0,1,103,0,1000,1
5225,18290.0,k,1,0.0,1,103,0,0,0
5695,18290.0,l,1,3.0,1,104,0,0,0
6290,18290.0,m,1,2.0,1,104,0,0,0
6773,18290.0,n,1,1.0,1,104,0,1,1
3983,18291.0,i,1,0.0,1,103,1,0,0
4598,18291.0,j,1,0.0,1,103,1,0,0
5224,18291.0,k,1,0.0,1,103,1,0,0
5725,18291.0,l,1,3.0,1,104,1,0,0
6287,18291.0,m,1,2.0,1,104,1,0,0
6776,18291.0,n,1,1.0,1,104,1,0,0
3982,18292.0,i,1,0.0,1,103,0,0,0
4596,18292.0,j,1,0.0,1,103,0,0,0
5223,18292.0,k,1,0.0,1,103,0,0,0
5716,18292.0,l,1,3.0,1,104,0,0,0
6295,18292.0,m,1,2.0,1,104,0,0,0
6777,18292.0,n,1,1.0,1,104,0,0,0
3981,18293.0,i,1,0.0,1,103,0,0,0
4595,18293.0,j,1,0.0,1,103,0,0,0
5222,18293.0,k,1,0.0,1,103,0,0,0
5931,18293.0,l,0,0.0,2,205,0,0,0
6483,18293.0,m,1,0.0,2,205,0,0,0
6924,18293.0,n,0,0.0,2,205,0,0,0
3980,18294.0,i,1,0.0,1,103,0,0,0
4594,18294.0,j,1,0.0,1,103,0,0,0
5230,18294.0,k,1,0.0,1,103,0,0,0
5808,18294.0,l,1,0.0,2,206,0,0,0
6451,18294.0,m,1,0.0,2,206,0,0,0
6959,18294.0,n,1,0.0,2,206,0,0,0
3987,18295.0,i,1,0.0,1,103,1,0,0
4592,18295.0,j,1,0.0,1,103,1,0,0
5219,18295.0,k,1,0.0,1,103,1,0,0
3978,18296.0,i,1,0.0,1,103,0,0,0
4591,18296.0,j,1,0.0,1,103,0,0,0
5218,18296.0,k,1,0.0,1,103,0,0,0
3976,18297.0,i,1,0.0,1,103,0,0,0
4590,18297.0,j,1,0.0,1,103,0,0,0
5217,18297.0,k,1,0.0,1,103,0,0,0
5839,18297.0,l,1,0.0,2,203,0,0,0
6383,18297.0,m,1,0.0,2,203,0,100,1
7032,18297.0,n,1,0.0,2,203,0,0,0
3975,18298.0,i,1,0.0,1,103,1,0,0
4589,18298.0,j,1,0.0,1,103,1,0,0
5216,18298.0,k,1,0.0,1,103,1,0,0
5746,18298.0,l,1,3.0,1,103,1,0,0
6338,18298.0,m,1,2.0,1,103,1,0,0
6807,18298.0,n,1,1.0,1,103,1,0,0
3974,18299.0,i,1,0.0,1,103,0,0,0
4566,18299.0,j,1,0.0,1,103,0,0,0
5215,18299.0,k,1,0.0,1,103,0,0,0
5692,18299.0,l,1,3.0,1,106,0,0,0
6233,18299.0,m,1,2.0,1,106,0,0,0
6846,18299.0,n,1,1.0,1,106,0,0,0
3973,18300.0,i,1,0.0,1,103,1,0,0
4586,18300.0,j,1,0.0,1,103,1,0,0
5214,18300.0,k,1,0.0,1,103,1,0,0
5924,18300.0,l,1,0.0,2,204,1,0,0
6469,18300.0,m,1,0.0,2,204,1,0,0
6978,18300.0,n,1,0.0,2,204,1,0,0
3972,18301.0,i,1,0.0,1,103,1,0,0
4565,18301.0,j,1,0.0,1,103,1,0,0
5213,18301.0,k,1,0.0,1,103,1,0,0
5798,18301.0,l,1,0.0,2,206,1,0,0
6442,18301.0,m,1,0.0,2,206,1,0,0
6951,18301.0,n,1,0.0,2,206,1,0,0
3971,18302.0,i,1,0.0,1,103,0,0,0
4542,18302.0,j,1,0.0,1,103,0,0,0
5212,18302.0,k,0,0.0,1,103,0,0,0
5939,18302.0,l,0,0.0,2,205,0,0,0
6427,18302.0,m,1,0.0,2,205,0,0,0
6948,18302.0,n,1,0.0,2,205,0,0,0
3970,18303.0,i,1,0.0,1,103,1,0,0
4540,18303.0,j,1,0.0,1,103,1,0,0
5189,18303.0,k,1,0.0,1,103,1,100,1
5921,18303.0,l,1,0.0,2,204,1,0,0
6472,18303.0,m,1,0.0,2,204,1,0,0
6945,18303.0,n,1,0.0,2,204,1,0,0
3977,18304.0,i,1,0.0,1,103,1,0,0
4538,18304.0,j,1,0.0,1,103,1,0,0
5188,18304.0,k,1,0.0,1,103,1,0,0
5936,18304.0,l,1,0.0,2,205,1,0,0
6430,18304.0,m,1,0.0,2,205,1,0,0
6973,18304.0,n,1,0.0,2,205,1,0,0
4014,18305.0,i,0,0.0,1,104,1,0,0
7362,18305.0,j,0,0.0,1,104,1,0,0
5163,18305.0,k,1,0.0,1,104,1,0,0
5943,18305.0,l,1,0.0,2,206,1,0,0
4013,18306.0,i,1,0.0,1,104,1,0,0
4584,18306.0,j,1,0.0,1,104,1,0,0
5162,18306.0,k,1,0.0,1,104,1,0,0
4021,18307.0,i,0,0.0,1,104,1,0,0
4583,18307.0,j,0,0.0,1,104,1,0,0
5161,18307.0,k,1,0.0,1,104,1,1000,1
5685,18307.0,l,1,3.0,1,106,1,1000,1
6212,18307.0,m,0,2.0,1,106,1,0,0
6847,18307.0,n,0,1.0,1,106,1,0,0
4033,18308.0,i,1,0.0,1,104,1,0,0
4582,18308.0,j,1,0.0,1,104,1,0,0
5160,18308.0,k,1,0.0,1,104,1,0,0
5906,18308.0,l,1,0.0,2,205,1,0,0
6484,18308.0,m,1,0.0,2,205,1,0,0
6932,18308.0,n,1,0.0,2,205,1,0,0
4043,18309.0,i,1,0.0,1,104,0,0,0
4581,18309.0,j,1,0.0,1,104,0,0,0
5159,18309.0,k,1,0.0,1,104,0,0,0
5815,18309.0,l,1,0.0,2,206,0,0,0
4034,18310.0,i,1,0.0,1,104,1,0,0
4580,18310.0,j,1,0.0,1,104,1,0,0
5158,18310.0,k,1,0.0,1,104,1,0,0
5814,18310.0,l,1,0.0,2,206,1,0,0
6439,18310.0,m,1,0.0,2,206,1,0,0
6965,18310.0,n,1,0.0,2,206,1,0,0
4052,18311.0,i,1,0.0,1,104,1,0,0
4579,18311.0,j,1,0.0,1,104,1,0,0
5157,18311.0,k,1,0.0,1,104,1,0,0
5868,18311.0,l,1,0.0,2,203,1,0,0
6363,18311.0,m,1,0.0,2,203,1,0,0
6983,18311.0,n,0,0.0,2,203,1,0,0
4051,18312.0,i,1,0.0,1,104,1,0,0
4578,18312.0,j,1,0.0,1,104,1,0,0
5156,18312.0,k,1,0.0,1,104,1,0,0
5864,18312.0,l,1,0.0,2,204,1,0,0
6372,18312.0,m,1,0.0,2,204,1,0,0
7020,18312.0,n,1,0.0,2,204,1,0,0
4050,18313.0,i,1,0.0,1,104,0,0,0
4577,18313.0,j,0,0.0,1,104,0,0,0
5164,18313.0,k,1,0.0,1,104,0,1,1
5820,18313.0,l,1,0.0,2,201,0,1,1
6496,18313.0,m,1,0.0,2,201,0,10,1
7061,18313.0,n,1,0.0,2,201,0,11,1
4048,18314.0,i,1,0.0,1,104,1,0,0
4576,18314.0,j,1,0.0,1,104,1,0,0
5153,18314.0,k,1,0.0,1,104,1,0,0
5848,18314.0,l,1,0.0,2,203,1,0,0
6365,18314.0,m,1,0.0,2,203,1,0,0
6981,18314.0,n,1,0.0,2,203,1,0,0
4047,18315.0,i,1,0.0,1,104,1,0,0
4574,18315.0,j,1,0.0,1,104,1,0,0
5152,18315.0,k,1,0.0,1,104,1,0,0
5847,18315.0,l,1,0.0,2,203,1,0,0
6366,18315.0,m,1,0.0,2,203,1,0,0
6980,18315.0,n,1,0.0,2,203,1,0,0
4046,18316.0,i,1,0.0,1,104,0,0,0
4573,18316.0,j,1,0.0,1,104,0,0,0
5151,18316.0,k,1,0.0,1,104,0,0,0
5812,18316.0,l,1,0.0,2,206,0,0,0
6441,18316.0,m,1,0.0,2,206,0,0,0
6964,18316.0,n,1,0.0,2,206,0,0,0
4045,18317.0,i,1,0.0,1,104,1,0,0
4572,18317.0,j,1,0.0,1,104,1,0,0
5150,18317.0,k,1,0.0,1,104,1,0,0
5845,18317.0,l,1,0.0,2,203,1,0,0
6368,18317.0,m,1,0.0,2,203,1,0,0
6991,18317.0,n,1,0.0,2,203,1,0,0
4053,18318.0,i,1,0.0,1,104,0,0,0
4571,18318.0,j,1,0.0,1,104,0,0,0
5149,18318.0,k,1,0.0,1,104,0,0,0
5860,18318.0,l,1,0.0,2,204,0,0,0
6460,18318.0,m,1,0.0,2,204,0,0,0
7016,18318.0,n,1,0.0,2,204,0,0,0
4044,18319.0,i,1,0.0,1,104,0,0,0
4570,18319.0,j,1,0.0,1,104,0,0,0
5148,18319.0,k,1,0.0,1,104,0,0,0
5811,18319.0,l,1,0.0,2,206,0,0,0
6455,18319.0,m,1,0.0,2,206,0,1,1
6963,18319.0,n,1,0.0,2,206,0,0,0
4042,18320.0,i,1,0.0,1,104,0,0,0
4569,18320.0,j,1,0.0,1,104,0,0,0
5147,18320.0,k,1,0.0,1,104,0,0,0
5810,18320.0,l,1,0.0,2,206,0,0,0
6454,18320.0,m,1,0.0,2,206,0,0,0
6962,18320.0,n,1,0.0,2,206,0,0,0
4041,18321.0,i,1,0.0,1,104,0,0,0
4567,18321.0,j,1,0.0,1,104,0,0,0
5154,18321.0,k,1,0.0,1,104,0,0,0
5807,18321.0,l,1,0.0,2,206,0,0,0
6450,18321.0,m,1,0.0,2,206,0,0,0
6958,18321.0,n,1,0.0,2,206,0,0,0
4040,18322.0,i,1,0.0,1,104,0,0,0
4575,18322.0,j,1,0.0,1,104,0,0,0
5166,18322.0,k,1,0.0,1,104,0,0,0
5805,18322.0,l,1,0.0,2,206,0,0,0
6447,18322.0,m,1,0.0,2,206,0,0,0
6950,18322.0,n,1,0.0,2,206,0,0,0
4039,18323.0,i,1,0.0,1,104,0,0,0
4587,18323.0,j,1,0.0,1,104,0,0,0
5176,18323.0,k,1,0.0,1,104,0,0,0
5803,18323.0,l,1,0.0,2,206,0,0,0
6445,18323.0,m,1,0.0,2,206,0,0,0
6954,18323.0,n,1,0.0,2,206,0,0,0
4097,18324.0,i,1,0.0,1,105,1,0,0
4657,18324.0,j,0,0.0,1,105,1,0,0
5185,18324.0,k,1,0.0,1,105,1,0,0
5893,18324.0,l,1,0.0,2,203,1,0,0
6356,18324.0,m,1,0.0,2,203,1,0,0
6989,18324.0,n,1,0.0,2,203,1,0,0
4095,18325.0,i,1,0.0,1,105,0,0,0
4659,18325.0,j,0,0.0,1,105,0,0,0
5183,18325.0,k,1,0.0,1,105,0,0,0
5912,18325.0,l,0,0.0,2,205,0,0,0
6489,18325.0,m,1,0.0,2,205,0,0,0
6939,18325.0,n,1,0.0,2,205,0,0,0
4093,18326.0,i,0,0.0,1,105,0,0,0
4617,18326.0,j,0,0.0,1,106,0,0,0
5091,18326.0,k,1,0.0,1,106,0,0,0
5866,18326.0,l,1,0.0,2,204,0,0,0
6374,18326.0,m,1,0.0,2,204,0,0,0
7035,18326.0,n,1,0.0,2,204,0,0,0
4091,18327.0,i,1,0.0,1,105,1,0,0
4662,18327.0,j,1,0.0,1,105,1,0,0
5180,18327.0,k,1,0.0,1,105,1,0,0
5707,18327.0,l,1,3.0,1,103,1,0,0
6346,18327.0,m,1,2.0,1,103,1,1000,1
6799,18327.0,n,1,1.0,1,103,1,0,0
4078,18328.0,i,1,0.0,1,105,1,0,0
4663,18328.0,j,1,0.0,1,105,1,0,0
5179,18328.0,k,1,0.0,1,105,1,0,0
5678,18328.0,l,1,3.0,1,106,1,1000,1
6239,18328.0,m,1,2.0,1,106,1,0,0
6829,18328.0,n,1,1.0,1,106,1,0,0
4079,18329.0,i,1,0.0,1,105,0,0,0
4645,18329.0,j,1,0.0,1,105,0,10,1
5178,18329.0,k,1,0.0,1,105,0,0,0
5843,18329.0,l,1,0.0,2,203,0,0,0
6370,18329.0,m,1,0.0,2,203,0,0,0
7021,18329.0,n,1,0.0,2,203,0,0,0
4077,18330.0,i,1,0.0,1,105,1,0,0
4654,18330.0,j,1,0.0,1,105,1,0,0
5186,18330.0,k,1,0.0,1,105,1,0,0
5849,18330.0,l,1,0.0,2,203,1,0,0
6371,18330.0,m,1,0.0,2,203,1,0,0
7008,18330.0,n,1,0.0,2,203,1,0,0
4054,18331.0,i,1,0.0,1,105,1,0,0
4644,18331.0,j,1,0.0,1,105,1,0,0
5177,18331.0,k,1,0.0,1,105,1,0,0
5916,18331.0,l,1,0.0,2,205,1,0,0
6459,18331.0,m,0,0.0,2,205,1,0,0
6925,18331.0,n,1,0.0,2,205,1,0,0
4030,18332.0,i,1,0.0,1,105,1,0,0
4632,18332.0,j,1,0.0,1,105,1,0,0
5175,18332.0,k,1,0.0,1,105,1,0,0
5728,18332.0,l,1,3.0,1,104,1,0,0
6282,18332.0,m,1,2.0,1,104,1,1,1
6780,18332.0,n,1,1.0,1,104,1,0,0
4029,18333.0,i,1,0.0,1,105,0,0,0
4624,18333.0,j,1,0.0,1,105,0,0,0
5174,18333.0,k,1,0.0,1,105,0,0,0
5809,18333.0,l,1,0.0,2,206,0,0,0
6452,18333.0,m,1,0.0,2,206,0,0,0
6960,18333.0,n,1,0.0,2,206,0,0,0
4028,18334.0,i,1,0.0,1,105,0,0,0
4625,18334.0,j,1,0.0,1,105,0,0,0
5173,18334.0,k,0,0.0,1,105,0,0,0
5806,18334.0,l,0,0.0,2,206,0,0,0
6456,18334.0,m,1,0.0,2,206,0,0,0
6957,18334.0,n,1,0.0,2,206,0,1000,1
4027,18335.0,i,1,0.0,1,105,0,0,0
4626,18335.0,j,1,0.0,1,105,0,0,0
5172,18335.0,k,1,0.0,1,105,0,0,0
5842,18335.0,l,1,0.0,2,203,0,0,0
6385,18335.0,m,0,0.0,2,203,0,0,0
7034,18335.0,n,0,0.0,2,203,0,0,0
4026,18336.0,i,1,0.0,1,105,0,0,0
4627,18336.0,j,1,0.0,1,105,0,0,0
5171,18336.0,k,1,0.0,1,105,0,0,0
5840,18336.0,l,1,0.0,2,203,0,0,0
6384,18336.0,m,1,0.0,2,203,0,0,0
7033,18336.0,n,0,0.0,2,203,0,0,0
4031,18337.0,i,1,0.0,1,105,1,0,0
4631,18337.0,j,1,0.0,1,105,1,0,0
5116,18337.0,k,1,0.0,1,105,1,0,0
5759,18337.0,l,1,3.0,1,103,1,0,0
6337,18337.0,m,1,2.0,1,103,1,0,0
6808,18337.0,n,0,1.0,1,103,1,0,0
4022,18338.0,i,1,0.0,1,105,1,0,0
4633,18338.0,j,1,0.0,1,105,1,0,0
5143,18338.0,k,1,0.0,1,105,1,0,0
5837,18338.0,l,1,0.0,2,203,1,0,0
6381,18338.0,m,1,0.0,2,203,1,0,0
7030,18338.0,n,1,0.0,2,203,1,0,0
4020,18339.0,i,1,0.0,1,105,1,0,0
4642,18339.0,j,1,0.0,1,105,1,0,0
5115,18339.0,k,0,0.0,1,105,1,0,0
5923,18339.0,l,1,0.0,2,204,1,0,0
6470,18339.0,m,1,0.0,2,204,1,0,0
6976,18339.0,n,1,0.0,2,204,1,0,0
4017,18340.0,i,1,0.0,1,105,1,0,0
4636,18340.0,j,1,0.0,1,105,1,0,0
5101,18340.0,k,1,0.0,1,105,1,0,0
5851,18340.0,l,1,0.0,2,203,1,0,0
6377,18340.0,m,1,0.0,2,203,1,0,0
7026,18340.0,n,1,0.0,2,203,1,0,0
4016,18341.0,i,1,0.0,1,105,1,0,0
4665,18341.0,j,1,0.0,1,105,1,0,0
5100,18341.0,k,1,0.0,1,105,1,0,0
5918,18341.0,l,0,0.0,2,204,1,0,0
6475,18341.0,m,1,0.0,2,204,1,0,0
6942,18341.0,n,1,0.0,2,204,1,0,0
4087,18342.0,i,1,0.0,1,106,0,0,0
4610,18342.0,j,1,0.0,1,106,0,0,0
5099,18342.0,k,1,0.0,1,106,0,0,0
5890,18342.0,l,1,0.0,2,203,0,0,0
6359,18342.0,m,1,0.0,2,203,0,0,0
6987,18342.0,n,0,0.0,2,203,0,0,0
4086,18343.0,i,1,0.0,1,106,0,0,0
4619,18343.0,j,1,0.0,1,106,0,0,0
5098,18343.0,k,1,0.0,1,106,0,0,0
5910,18343.0,l,1,0.0,2,205,0,0,0
6487,18343.0,m,1,0.0,2,205,0,0,0
6937,18343.0,n,1,0.0,2,205,0,0,0
4085,18344.0,i,1,0.0,1,106,0,0,0
4611,18344.0,j,1,0.0,1,106,0,0,0
5097,18344.0,k,1,0.0,1,106,0,0,0
5909,18344.0,l,1,0.0,2,205,0,0,0
6486,18344.0,m,1,0.0,2,205,0,0,0
6936,18344.0,n,1,0.0,2,205,0,0,0
4084,18345.0,i,1,0.0,1,106,0,0,0
4612,18345.0,j,0,0.0,1,106,0,0,0
5096,18345.0,k,1,0.0,1,106,0,0,0
5933,18345.0,l,1,0.0,2,206,0,0,0
6435,18345.0,m,1,0.0,2,206,0,0,0
6969,18345.0,n,1,0.0,2,206,0,0,0
4083,18346.0,i,1,0.0,1,106,0,0,0
4613,18346.0,j,1,0.0,1,106,0,0,0
5095,18346.0,k,0,0.0,1,106,0,0,0
4082,18347.0,i,1,0.0,1,106,0,0,0
4614,18347.0,j,1,0.0,1,106,0,0,0
5103,18347.0,k,1,0.0,1,106,0,0,0
5905,18347.0,l,1,0.0,2,205,0,0,0
6485,18347.0,m,1,0.0,2,205,0,0,0
6935,18347.0,n,1,0.0,2,205,0,0,0
4080,18348.0,i,1,0.0,1,106,0,0,0
4616,18348.0,j,1,0.0,1,106,0,0,0
5092,18348.0,k,1,0.0,1,106,0,0,0
5907,18348.0,l,1,0.0,2,205,0,0,0
6491,18348.0,m,1,0.0,2,205,0,0,0
6934,18348.0,n,1,0.0,2,205,0,0,0
4088,18349.0,i,1,0.0,1,106,0,0,0
4618,18349.0,j,1,0.0,1,106,0,0,0
5090,18349.0,k,1,0.0,1,106,0,0,0
5915,18349.0,l,1,0.0,2,205,0,0,0
6480,18349.0,m,1,0.0,2,205,0,0,0
6929,18349.0,n,1,0.0,2,205,0,1000,1
4089,18350.0,i,1,0.0,1,106,1,0,0
4620,18350.0,j,1,0.0,1,106,1,0,0
5089,18350.0,k,1,0.0,1,106,1,0,0
5813,18350.0,l,1,0.0,2,206,1,0,0
6440,18350.0,m,0,0.0,2,206,1,0,0
4099,18351.0,i,1,0.0,1,106,0,0,0
4622,18351.0,j,1,0.0,1,106,0,0,0
5088,18351.0,k,1,0.0,1,106,0,0,0
5862,18351.0,l,0,0.0,2,204,0,0,0
6423,18351.0,m,1,0.0,2,204,0,0,0
7018,18351.0,n,1,0.0,2,204,0,0,0
4090,18352.0,i,1,0.0,1,106,1,0,0
4643,18352.0,j,1,0.0,1,106,1,0,0
5087,18352.0,k,1,0.0,1,106,1,0,0
5844,18352.0,l,1,0.0,2,203,1,0,0
6369,18352.0,m,1,0.0,2,203,1,0,0
7007,18352.0,n,1,0.0,2,203,1,0,0
4108,18353.0,i,1,0.0,1,106,0,0,0
4623,18353.0,j,1,0.0,1,106,0,0,0
5086,18353.0,k,1,0.0,1,106,0,0,0
5917,18353.0,l,1,0.0,2,205,0,0,0
6478,18353.0,m,1,0.0,2,205,0,0,0
6927,18353.0,n,1,0.0,2,205,0,1100,1
4107,18354.0,i,1,0.0,1,106,1,0,0
4646,18354.0,j,1,0.0,1,106,1,0,0
5085,18354.0,k,1,0.0,1,106,1,0,0
5858,18354.0,l,1,0.0,2,204,1,0,0
6461,18354.0,m,1,0.0,2,204,1,0,0
7015,18354.0,n,1,0.0,2,204,1,0,0
4647,18355.0,j,1,0.0,1,106,0,0,0
5093,18355.0,k,1,0.0,1,106,0,0,0
4106,18356.0,i,1,0.0,1,106,0,0,0
4648,18356.0,j,1,0.0,1,106,0,0,0
5106,18356.0,k,1,0.0,1,106,0,0,0
4105,18357.0,i,1,0.0,1,106,0,0,0
4649,18357.0,j,1,0.0,1,106,0,0,0
5105,18357.0,k,1,0.0,1,106,0,0,0
5855,18357.0,l,1,0.0,2,204,0,0,0
6464,18357.0,m,0,0.0,2,204,0,0,0
7012,18357.0,n,1,0.0,2,204,0,0,0
4104,18358.0,i,1,0.0,1,106,1,0,0
4650,18358.0,j,1,0.0,1,106,1,0,0
5113,18358.0,k,1,0.0,1,106,1,0,0
5853,18358.0,l,1,0.0,2,204,1,0,0
6466,18358.0,m,1,0.0,2,204,1,0,0
7010,18358.0,n,1,0.0,2,204,1,0,0
4103,18359.0,i,1,0.0,1,106,1,0,0
4651,18359.0,j,1,0.0,1,106,1,0,0
5112,18359.0,k,1,0.0,1,106,1,0,0
5836,18359.0,l,1,0.0,2,203,1,0,0
6380,18359.0,m,0,0.0,2,203,1,0,0
7029,18359.0,n,1,0.0,2,203,1,0,0
4102,18360.0,i,1,0.0,1,106,0,0,0
4652,18360.0,j,1,0.0,1,106,0,0,0
5111,18360.0,k,1,0.0,1,106,0,0,0
5835,18360.0,l,1,0.0,2,203,0,0,0
6386,18360.0,m,1,0.0,2,203,0,0,0
7028,18360.0,n,1,0.0,2,203,0,0,0
4101,18361.0,i,1,0.0,1,106,0,0,0
4653,18361.0,j,1,0.0,1,106,0,0,0
5110,18361.0,k,0,0.0,1,106,0,0,0
5841,18361.0,l,1,0.0,2,203,0,0,0
6379,18361.0,m,1,0.0,2,203,0,0,0
7027,18361.0,n,1,0.0,2,203,0,0,0
4109,18362.0,i,1,0.0,1,106,0,0,0
4655,18362.0,j,1,0.0,1,106,0,0,0
5109,18362.0,k,1,0.0,1,106,0,0,0
4100,18363.0,i,1,0.0,1,106,1,0,0
4664,18363.0,j,1,0.0,1,106,1,0,0
5108,18363.0,k,1,0.0,1,106,1,0,0
5920,18363.0,l,1,0.0,2,204,1,0,0
6473,18363.0,m,0,0.0,2,204,1,0,0
6944,18363.0,n,1,0.0,2,204,1,0,0
4098,18364.0,i,1,0.0,1,106,1,0,0
4656,18364.0,j,1,0.0,1,106,1,0,0
5107,18364.0,k,1,0.0,1,106,1,0,0
5919,18364.0,l,1,0.0,2,204,1,0,0
6474,18364.0,m,1,0.0,2,204,1,0,0
6943,18364.0,n,1,0.0,2,204,1,0,0
4162,18365.0,i,1,0.0,2,201,0,0,0
4723,18365.0,j,1,0.0,2,201,0,0,0
5324,18365.0,k,0,0.0,2,201,0,0,0
5952,18365.0,l,1,0.0,3,302,0,0,0
6631,18365.0,m,0,0.0,3,302,0,0,0
7091,18365.0,n,1,0.0,3,302,0,0,0
4242,18366.0,i,1,0.0,2,201,0,0,0
4688,18366.0,j,1,0.0,2,201,0,0,0
5365,18366.0,k,1,0.0,2,201,0,0,0
5984,18366.0,l,1,0.0,3,302,0,0,0
6591,18366.0,m,1,0.0,3,302,0,0,0
7076,18366.0,n,1,0.0,3,302,0,0,0
4197,18367.0,i,1,0.0,2,202,0,0,0
4795,18367.0,j,1,0.0,2,202,0,0,0
5327,18367.0,k,1,0.0,2,202,0,0,0
5968,18367.0,l,1,0.0,3,301,0,0,0
6615,18367.0,m,1,0.0,3,301,0,0,0
7068,18367.0,n,1,0.0,3,301,0,0,0
4235,18368.0,i,1,0.0,2,203,1,0,0
4733,18368.0,j,1,0.0,2,203,1,0,0
5263,18368.0,k,1,0.0,2,203,1,0,0
6044,18368.0,l,1,0.0,3,305,1,0,0
6546,18368.0,m,0,0.0,3,305,1,0,0
7137,18368.0,n,1,0.0,3,305,1,0,0
4229,18369.0,i,1,0.0,2,203,0,0,0
4738,18369.0,j,1,0.0,2,203,0,0,0
5269,18369.0,k,1,0.0,2,203,0,0,0
6049,18369.0,l,1,0.0,3,305,0,0,0
6578,18369.0,m,1,0.0,3,305,0,0,0
7132,18369.0,n,1,0.0,3,305,0,0,0
4161,18370.0,i,0,0.0,2,204,1,0,0
4767,18370.0,j,1,0.0,2,204,1,0,0
5244,18370.0,k,0,0.0,2,204,1,0,0
5870,18370.0,l,1,3.0,2,203,1,1,1
6361,18370.0,m,1,2.0,2,203,1,0,0
6985,18370.0,n,1,1.0,2,203,1,0,0
4150,18371.0,i,1,0.0,2,204,0,0,0
4778,18371.0,j,1,0.0,2,204,0,0,0
4212,18372.0,i,1,0.0,2,204,1,0,0
4759,18372.0,j,1,0.0,2,204,1,0,0
5297,18372.0,k,1,0.0,2,204,1,0,0
6012,18372.0,l,1,0.0,3,303,1,0,0
6507,18372.0,m,1,0.0,3,303,1,0,0
7172,18372.0,n,1,0.0,3,303,1,0,0
4111,18373.0,i,1,0.0,2,205,0,0,0
4675,18373.0,j,1,0.0,2,205,0,0,0
5312,18373.0,k,1,0.0,2,205,0,0,0
5965,18373.0,l,1,0.0,3,314,0,0,0
6636,18373.0,m,1,0.0,3,314,0,0,0
4371,18374.0,i,1,0.0,3,303,1,0,0
4814,18374.0,j,1,0.0,3,303,1,0,0
5403,18374.0,k,1,0.0,3,303,1,0,0
6196,18374.0,l,1,0.0,4,402,1,0,0
6701,18374.0,m,0,0.0,4,402,1,0,0
7291,18374.0,n,0,0.0,4,402,1,0,0
4368,18375.0,i,1,0.0,3,303,0,0,0
4812,18375.0,j,1,0.0,3,303,0,0,0
5406,18375.0,k,1,0.0,3,303,0,0,0
6026,18375.0,l,1,3.0,3,324,0,0,0
6582,18375.0,m,1,2.0,3,324,0,0,0
7105,18375.0,n,1,1.0,3,324,0,0,0
4328,18376.0,i,1,0.0,3,305,0,0,0
4826,18376.0,j,1,0.0,3,305,0,0,0
5449,18376.0,k,1,0.0,3,305,0,0,0
6122,18376.0,l,1,0.0,4,403,0,0,0
6644,18376.0,m,1,0.0,4,403,0,0,0
7319,18376.0,n,1,0.0,4,403,0,0,0
4271,18377.0,i,1,0.0,3,305,1,0,0
4884,18377.0,j,1,0.0,3,305,1,0,0
5379,18377.0,k,1,0.0,3,305,1,0,0
4261,18378.0,i,1,0.0,3,305,0,0,0
4879,18378.0,j,1,0.0,3,305,0,0,0
5384,18378.0,k,0,0.0,3,305,0,0,0
4259,18379.0,i,1,0.0,3,305,1,0,0
4877,18379.0,j,1,0.0,3,305,1,0,0
5386,18379.0,k,1,0.0,3,305,1,0,0
6113,18379.0,l,1,0.0,4,403,1,0,0
6660,18379.0,m,1,0.0,4,403,1,0,0
7284,18379.0,n,1,0.0,4,403,1,0,0
4253,18380.0,i,1,0.0,3,305,0,0,0
4872,18380.0,j,1,0.0,3,305,0,0,0
5392,18380.0,k,1,0.0,3,305,0,0,0
6076,18380.0,l,1,0.0,4,404,0,0,0
6707,18380.0,m,1,0.0,4,404,0,0,0
7263,18380.0,n,1,0.0,4,404,0,0,0
4265,18381.0,i,1,0.0,3,305,0,0,0
4869,18381.0,j,1,0.0,3,305,0,0,0
5393,18381.0,k,1,0.0,3,305,0,0,0
6185,18381.0,l,1,0.0,4,402,0,0,0
6673,18381.0,m,1,0.0,4,402,0,0,0
7331,18381.0,n,1,0.0,4,402,0,0,0
4266,18382.0,i,1,0.0,3,305,1,0,0
4865,18382.0,j,1,0.0,3,305,1,0,0
5374,18382.0,k,1,0.0,3,305,1,0,0
6181,18382.0,l,1,0.0,4,402,1,0,0
6646,18382.0,m,0,0.0,4,402,1,0,0
7327,18382.0,n,0,0.0,4,402,1,0,0
4443,18383.0,i,1,0.0,4,403,1,0,0
5020,18383.0,j,1,0.0,4,403,1,0,0
5644,18383.0,k,1,0.0,4,403,1,0,0
6129,18383.0,l,1,3.0,4,434,1,0,0
6706,18383.0,m,1,2.0,4,434,1,0,0
7240,18383.0,n,1,1.0,4,434,1,0,0
4407,18384.0,i,0,0.0,4,404,0,0,0
5053,18384.0,j,1,0.0,4,404,0,0,0
5555,18384.0,k,1,0.0,4,404,0,0,0
4413,18385.0,i,1,0.0,4,404,1,0,0
4985,18385.0,j,1,0.0,4,405,1,0,0
5516,18385.0,k,1,0.0,4,405,1,0,0
4414,18386.0,i,1,0.0,4,404,0,0,0
5076,18386.0,j,1,0.0,4,404,0,0,0
5575,18386.0,k,1,0.0,4,404,0,0,0
4398,18387.0,i,1,0.0,4,405,1,0,0
4993,18387.0,j,1,0.0,4,405,1,0,0
5579,18387.0,k,1,0.0,4,405,1,0,0
4386,18388.0,i,1,0.0,4,405,1,0,0
4988,18388.0,j,1,0.0,4,405,1,0,0
5519,18388.0,k,1,0.0,4,405,1,0,0
4387,18389.0,i,1,0.0,4,405,0,0,0
4987,18389.0,j,1,0.0,4,405,0,0,0
5518,18389.0,k,1,0.0,4,405,0,0,0
4547,18478.0,j,1,0.0,1,101,0,0,0
5136,18478.0,k,0,0.0,1,101,0,0,0
4541,18479.0,j,0,0.0,1,102,1,0,0
4568,18480.0,j,1,0.0,1,104,1,0,0
5146,18480.0,k,0,0.0,1,104,1,0,0
5856,18480.0,l,0,0.0,2,204,1,0,0
6463,18480.0,m,0,0.0,2,204,1,0,0
7013,18480.0,n,1,0.0,2,204,1,1001,1
4720,18481.0,j,1,0.0,2,201,1,0,0
5349,18481.0,k,1,0.0,2,201,1,0,0
4731,18482.0,j,1,0.0,2,204,1,0,0
5301,18482.0,k,1,0.0,2,204,1,0,0
6027,18482.0,l,1,0.0,3,324,1,0,0
6581,18482.0,m,1,0.0,3,324,1,0,0
7104,18482.0,n,1,0.0,3,324,1,0,0
4823,18483.0,j,0,0.0,3,303,0,0,0
5410,18483.0,k,0,0.0,3,303,0,0,0
4828,18484.0,j,1,0.0,3,304,0,0,0
4853,18485.0,j,0,0.0,3,304,1,0,0
5459,18485.0,k,1,0.0,3,304,1,0,0
4850,18486.0,j,0,0.0,3,304,1,0,0
5462,18486.0,k,1,0.0,3,304,1,0,0
6024,18486.0,l,1,3.0,3,324,1,0,0
6584,18486.0,m,1,2.0,3,324,1,0,0
7107,18486.0,n,1,1.0,3,324,1,0,0
4870,18487.0,j,1,0.0,3,305,0,0,0
5377,18487.0,k,1,0.0,3,305,0,0,0
6009,18487.0,l,1,3.0,3,303,0,0,0
6503,18487.0,m,1,2.0,3,303,0,0,0
7175,18487.0,n,1,1.0,3,303,0,0,0
5018,18488.0,j,1,0.0,4,403,1,0,0
5646,18488.0,k,0,0.0,4,403,1,0,0
5082,18489.0,j,1,0.0,4,403,0,0,0
5632,18489.0,k,1,0.0,4,403,0,0,0
6017,1874000.0,l,1,0.0,3,304,1,1,1
6532,1874000.0,m,1,0.0,3,304,1,1,1
7168,1874000.0,n,1,0.0,3,304,1,1,1
5892,1926000.0,l,1,0.0,2,203,1,0,0
6357,1926000.0,m,0,0.0,2,203,1,0,0
7025,1926000.0,n,1,0.0,2,204,1,0,0
5614,2160000.0,k,0,0.0,4,402,0,0,0
5827,3794000.0,l,1,0.0,2,201,1,0,0
6422,3794000.0,m,1,0.0,2,201,1,0,0
7056,3794000.0,n,1,0.0,2,201,1,0,0
5668,3826000.0,l,1,0.0,1,105,0,0,0
6303,3826000.0,m,1,0.0,1,105,0,0,0
6873,3826000.0,n,1,0.0,1,105,0,0,0
5687,3848000.0,l,1,0.0,1,106,1,0,0
6204,3848000.0,m,0,0.0,1,106,1,0,0
6848,3848000.0,n,1,0.0,1,106,1,0,0
6120,3920000.0,l,1,0.0,4,403,1,0,0
6641,3920000.0,m,1,0.0,4,403,1,0,0
7316,3920000.0,n,1,0.0,4,403,1,0,0
6047,4175000.0,l,1,0.0,3,305,1,0,0
6559,4175000.0,m,1,0.0,3,305,1,0,0
7134,4175000.0,n,1,0.0,3,305,1,0,0
5144,4264000.0,k,0,0.0,1,102,0,0,0
5792,4264000.0,l,1,3.0,1,101,0,0,0
6272,4264000.0,m,1,2.0,1,101,0,0,0
6908,4264000.0,n,1,1.0,1,101,0,0,0
5104,4265000.0,k,0,0.0,1,106,0,0,0
5482,4266000.0,k,1,0.0,3,302,0,0,0
5955,4266000.0,l,1,3.0,3,302,0,0,0
6628,4266000.0,m,0,2.0,3,302,0,0,0
7087,4266000.0,n,1,1.0,3,302,0,0,0
5404,4267000.0,k,1,0.0,3,303,0,0,0
6067,4267000.0,l,1,3.0,3,304,0,0,0
6518,4267000.0,m,1,2.0,3,304,0,0,0
7192,4267000.0,n,1,1.0,3,304,0,0,0
5444,4268000.0,k,0,0.0,3,344,1,0,0
6147,4268000.0,l,0,0.0,4,434,1,0,0
6720,4268000.0,m,1,0.0,4,434,1,0,0
7244,4268000.0,n,1,0.0,4,434,1,0,0
5521,4269000.0,k,1,0.0,4,401,0,0,0
5797,4399000.0,l,1,0.0,1,101,0,0,0
6248,4399000.0,m,1,0.0,1,101,0,0,0
6903,4399000.0,n,1,0.0,1,101,0,0,0
5796,4400000.0,l,1,0.0,1,101,0,0,0
6252,4400000.0,m,1,0.0,1,101,0,0,0
6904,4400000.0,n,1,0.0,1,101,0,0,0
5795,4401000.0,l,1,0.0,1,101,1,0,0
6253,4401000.0,m,1,0.0,1,101,1,0,0
6905,4401000.0,n,1,0.0,1,101,1,0,0
5793,4402000.0,l,1,0.0,1,101,1,0,0
6254,4402000.0,m,1,0.0,1,101,1,0,0
6907,4402000.0,n,1,0.0,1,101,1,1000,1
5791,4403000.0,l,1,0.0,1,101,1,0,0
6271,4403000.0,m,1,0.0,1,101,1,0,0
6909,4403000.0,n,1,0.0,1,101,1,0,0
5790,4404000.0,l,1,0.0,1,101,0,0,0
6270,4404000.0,m,1,0.0,1,101,0,0,0
6910,4404000.0,n,1,0.0,1,101,0,0,0
5789,4405000.0,l,1,0.0,1,101,1,0,0
6269,4405000.0,m,1,0.0,1,101,1,0,0
6911,4405000.0,n,1,0.0,1,101,1,0,0
5788,4406000.0,l,1,0.0,1,101,1,0,0
6268,4406000.0,m,1,0.0,1,101,1,0,0
6912,4406000.0,n,1,0.0,1,101,1,0,0
5786,4407000.0,l,1,0.0,1,101,0,0,0
6267,4407000.0,m,1,0.0,1,101,0,0,0
6913,4407000.0,n,1,0.0,1,101,0,0,0
5787,4408000.0,l,1,0.0,1,101,0,0,0
6266,4408000.0,m,1,0.0,1,101,0,0,0
6914,4408000.0,n,1,0.0,1,101,0,0,0
5784,4409000.0,l,1,0.0,1,101,0,0,0
6273,4409000.0,m,1,0.0,1,101,0,0,0
6916,4409000.0,n,1,0.0,1,101,0,0,0
5757,4410000.0,l,1,0.0,1,101,0,0,0
6264,4410000.0,m,1,0.0,1,101,0,0,0
6917,4410000.0,n,1,0.0,1,101,0,0,0
5756,4411000.0,l,1,0.0,1,101,0,0,0
6262,4411000.0,m,1,0.0,1,101,0,0,0
6918,4411000.0,n,1,0.0,1,101,0,0,0
5755,4412000.0,l,1,0.0,1,101,1,0,0
6261,4412000.0,m,0,0.0,1,101,1,0,0
6919,4412000.0,n,1,0.0,1,101,1,0,0
5754,4413000.0,l,1,0.0,1,101,1,0,0
6260,4413000.0,m,1,0.0,1,101,1,0,0
6920,4413000.0,n,1,0.0,1,101,1,0,0
5753,4414000.0,l,1,0.0,1,101,1,0,0
6259,4414000.0,m,1,0.0,1,101,1,0,0
6902,4414000.0,n,1,0.0,1,101,1,0,0
5752,4415000.0,l,1,0.0,1,101,1,0,0
6251,4415000.0,m,1,0.0,1,101,1,0,0
6921,4415000.0,n,1,0.0,1,101,1,0,0
5751,4416000.0,l,0,0.0,1,101,1,0,0
6250,4416000.0,m,0,0.0,1,101,1,0,0
6901,4416000.0,n,1,0.0,1,101,1,0,0
5750,4417000.0,l,0,0.0,1,101,1,0,0
6249,4417000.0,m,0,0.0,1,101,1,0,0
6900,4417000.0,n,1,0.0,1,101,1,0,0
5758,4418000.0,l,1,0.0,1,102,1,0,0
6258,4418000.0,m,1,0.0,1,102,1,1,1
6877,4418000.0,n,1,0.0,1,102,1,1,1
5749,4419000.0,l,1,0.0,1,102,0,0,0
6257,4419000.0,m,1,0.0,1,102,0,0,0
6878,4419000.0,n,1,0.0,1,102,0,0,0
5748,4420000.0,l,1,0.0,1,102,1,0,0
6256,4420000.0,m,1,0.0,1,102,1,0,0
6879,4420000.0,n,1,0.0,1,102,1,0,0
5747,4421000.0,l,1,0.0,1,102,1,0,0
6255,4421000.0,m,1,0.0,1,102,1,0,0
6880,4421000.0,n,1,0.0,1,102,1,0,0
5762,4422000.0,l,1,0.0,1,102,1,0,0
6309,4422000.0,m,1,0.0,1,102,1,0,0
6883,4422000.0,n,1,0.0,1,102,1,0,0
5763,4423000.0,l,1,0.0,1,102,1,0,0
6276,4423000.0,m,1,0.0,1,102,1,0,0
6884,4423000.0,n,1,0.0,1,102,1,0,0
5773,4424000.0,l,1,0.0,1,102,1,0,0
6329,4424000.0,m,1,0.0,1,102,1,0,0
6885,4424000.0,n,1,0.0,1,102,1,0,0
5764,4425000.0,l,0,0.0,1,102,1,0,0
6328,4425000.0,m,1,0.0,1,102,1,0,0
6886,4425000.0,n,1,0.0,1,102,1,0,0
5782,4426000.0,l,1,0.0,1,102,1,0,0
6327,4426000.0,m,1,0.0,1,102,1,0,0
6887,4426000.0,n,1,0.0,1,102,1,0,0
5781,4427000.0,l,1,0.0,1,102,1,0,0
6326,4427000.0,m,1,0.0,1,102,1,0,0
6888,4427000.0,n,1,0.0,1,102,1,0,0
5780,4428000.0,l,1,0.0,1,102,1,0,0
6325,4428000.0,m,1,0.0,1,102,1,0,0
6889,4428000.0,n,1,0.0,1,102,1,0,0
5779,4429000.0,l,1,0.0,1,102,0,0,0
6324,4429000.0,m,1,0.0,1,102,0,0,0
6890,4429000.0,n,1,0.0,1,102,0,0,0
5778,4430000.0,l,1,0.0,1,102,0,0,0
6323,4430000.0,m,1,0.0,1,102,0,0,0
6891,4430000.0,n,0,0.0,1,102,0,0,0
5777,4431000.0,l,1,0.0,1,102,0,0,0
6322,4431000.0,m,1,0.0,1,102,0,0,0
6892,4431000.0,n,1,0.0,1,102,0,0,0
5776,4432000.0,l,1,0.0,1,102,1,0,0
6330,4432000.0,m,1,0.0,1,102,1,0,0
6893,4432000.0,n,0,0.0,1,102,1,0,0
5783,4433000.0,l,1,0.0,1,102,1,0,0
6319,4433000.0,m,1,0.0,1,102,1,0,0
6895,4433000.0,n,1,0.0,1,102,1,0,0
5774,4434000.0,l,1,0.0,1,102,0,0,0
6318,4434000.0,m,1,0.0,1,102,0,0,0
6896,4434000.0,n,1,0.0,1,102,0,0,0
5772,4435000.0,l,1,0.0,1,103,1,0,0
6320,4435000.0,m,1,0.0,1,103,1,0,0
6897,4435000.0,n,0,0.0,1,103,1,0,0
5771,4436000.0,l,1,0.0,1,103,1,0,0
6332,4436000.0,m,1,0.0,1,103,1,1,1
6898,4436000.0,n,1,0.0,1,103,1,0,0
5770,4437000.0,l,1,0.0,1,103,1,0,0
6342,4437000.0,m,1,0.0,1,103,1,0,0
6899,4437000.0,n,1,0.0,1,103,1,0,0
5769,4438000.0,l,1,0.0,1,103,1,0,0
6333,4438000.0,m,1,0.0,1,103,1,0,0
6876,4438000.0,n,1,0.0,1,103,1,0,0
5768,4439000.0,l,1,0.0,1,103,1,0,0
6351,4439000.0,m,1,0.0,1,103,1,0,0
6875,4439000.0,n,0,0.0,1,103,1,0,0
5711,4440000.0,l,1,0.0,1,103,0,0,0
6350,4440000.0,m,1,0.0,1,103,0,0,0
6874,4440000.0,n,1,0.0,1,103,0,0,0
5710,4441000.0,l,1,0.0,1,103,0,0,0
6349,4441000.0,m,1,0.0,1,103,0,0,0
6821,4441000.0,n,1,0.0,1,103,0,0,0
5709,4442000.0,l,1,0.0,1,103,1,0,0
6348,4442000.0,m,1,0.0,1,103,1,0,0
6797,4442000.0,n,1,0.0,1,103,1,0,0
5708,4443000.0,l,1,0.0,1,103,1,0,0
6347,4443000.0,m,1,0.0,1,103,1,1000,1
6798,4443000.0,n,0,0.0,1,103,1,0,0
5706,4444000.0,l,1,0.0,1,103,1,0,0
6345,4444000.0,m,0,0.0,1,103,1,0,0
6800,4444000.0,n,1,0.0,1,103,1,0,0
5705,4445000.0,l,0,0.0,1,103,0,0,0
6344,4445000.0,m,1,0.0,1,103,0,0,0
6801,4445000.0,n,1,0.0,1,103,0,0,0
5713,4446000.0,l,1,0.0,1,103,0,0,0
6352,4446000.0,m,1,0.0,1,103,0,0,0
6802,4446000.0,n,1,0.0,1,103,0,0,0
5704,4447000.0,l,1,0.0,1,103,1,0,0
6343,4447000.0,m,1,0.0,1,103,1,0,0
6803,4447000.0,n,1,0.0,1,103,1,0,0
5767,4448000.0,l,1,0.0,1,103,1,0,0
6341,4448000.0,m,1,0.0,1,103,1,0,0
6804,4448000.0,n,0,0.0,1,103,1,0,0
5766,4449000.0,l,0,0.0,1,103,0,0,0
6340,4449000.0,m,0,0.0,1,103,0,0,0
5765,4450000.0,l,1,0.0,1,103,1,0,0
6339,4450000.0,m,1,0.0,1,103,1,1,1
6805,4450000.0,n,1,0.0,1,103,1,0,0
5745,4451000.0,l,1,0.0,1,103,0,0,0
6336,4451000.0,m,1,0.0,1,103,0,0,0
6809,4451000.0,n,1,0.0,1,103,0,0,0
5736,4452000.0,l,1,0.0,1,103,1,0,0
6317,4452000.0,m,1,0.0,1,103,1,0,0
6810,4452000.0,n,1,0.0,1,103,1,0,0
5712,4453000.0,l,1,0.0,1,103,1,0,0
6316,4453000.0,m,1,0.0,1,103,1,0,0
6811,4453000.0,n,1,0.0,1,103,1,0,0
5702,4454000.0,l,1,0.0,1,103,0,0,0
6315,4454000.0,m,0,0.0,1,103,0,0,0
6812,4454000.0,n,1,0.0,1,103,0,0,0
5701,4455000.0,l,1,0.0,1,103,0,0,0
6314,4455000.0,m,1,0.0,1,103,0,0,0
6813,4455000.0,n,1,0.0,1,103,0,0,0
5700,4456000.0,l,1,0.0,1,103,0,0,0
6313,4456000.0,m,0,0.0,1,103,0,0,0
6814,4456000.0,n,1,0.0,1,103,0,0,0
5699,4457000.0,l,1,0.0,1,103,0,0,0
6312,4457000.0,m,1,0.0,1,103,0,0,0
6815,4457000.0,n,1,0.0,1,103,0,0,0
5698,4458000.0,l,1,0.0,1,104,0,0,0
6335,4458000.0,m,1,0.0,1,104,0,0,0
6816,4458000.0,n,1,0.0,1,104,0,0,0
5731,4459000.0,l,1,0.0,1,104,1,0,0
6334,4459000.0,m,0,0.0,1,104,1,0,0
6817,4459000.0,n,1,0.0,1,104,1,0,0
5730,4460000.0,l,1,0.0,1,104,1,0,0
6331,4460000.0,m,1,0.0,1,104,1,0,0
6819,4460000.0,n,1,0.0,1,104,1,1000,1
5729,4461000.0,l,1,0.0,1,104,1,0,0
6310,4461000.0,m,1,0.0,1,104,1,0,0
6796,4461000.0,n,1,0.0,1,104,1,0,0
5720,4462000.0,l,0,0.0,1,104,1,0,0
6296,4462000.0,m,0,0.0,1,104,1,0,0
6795,4462000.0,n,0,0.0,1,104,1,0,0
5719,4463000.0,l,1,0.0,1,104,0,0,0
6294,4463000.0,m,1,0.0,1,104,0,0,0
6794,4463000.0,n,0,0.0,1,104,0,0,0
5697,4464000.0,l,0,0.0,1,104,0,0,0
6293,4464000.0,m,0,0.0,1,104,0,0,0
6781,4464000.0,n,0,0.0,1,104,0,0,0
5696,4465000.0,l,1,0.0,1,104,1,0,0
6291,4465000.0,m,1,0.0,1,104,1,0,0
6772,4465000.0,n,1,0.0,1,104,1,0,0
5703,4466000.0,l,0,0.0,1,104,1,0,0
6289,4466000.0,m,0,0.0,1,104,1,0,0
6774,4466000.0,n,1,0.0,1,104,1,0,0
5715,4467000.0,l,0,0.0,1,104,1,0,0
6288,4467000.0,m,0,0.0,1,104,1,0,0
6775,4467000.0,n,1,0.0,1,104,1,0,0
5734,4468000.0,l,0,0.0,1,104,1,0,0
6286,4468000.0,m,0,0.0,1,104,1,0,0
5733,4469000.0,l,0,0.0,1,104,0,0,0
6284,4469000.0,m,0,0.0,1,104,0,0,0
6778,4469000.0,n,0,0.0,1,104,0,0,0
5732,4470000.0,l,1,0.0,1,104,1,0,0
6283,4470000.0,m,1,0.0,1,104,1,0,0
6779,4470000.0,n,1,0.0,1,104,1,0,0
5727,4471000.0,l,1,0.0,1,104,1,0,0
6281,4471000.0,m,0,0.0,1,104,1,0,0
6782,4471000.0,n,1,0.0,1,104,1,0,0
5735,4472000.0,l,1,0.0,1,104,0,0,0
6280,4472000.0,m,1,0.0,1,104,0,0,0
6793,4472000.0,n,1,0.0,1,104,0,0,0
5726,4473000.0,l,1,0.0,1,104,1,0,0
6279,4473000.0,m,1,0.0,1,104,1,0,0
6783,4473000.0,n,1,0.0,1,104,1,0,0
5724,4474000.0,l,1,0.0,1,104,1,0,0
6278,4474000.0,m,1,0.0,1,104,1,0,0
6784,4474000.0,n,1,0.0,1,104,1,0,0
5723,4475000.0,l,1,0.0,1,104,1,0,0
6277,4475000.0,m,1,0.0,1,104,1,0,0
6785,4475000.0,n,1,0.0,1,104,1,0,0
5722,4476000.0,l,0,0.0,1,104,1,0,0
6285,4476000.0,m,0,0.0,1,104,1,0,0
6787,4476000.0,n,0,0.0,1,104,1,0,0
5721,4477000.0,l,1,0.0,1,104,1,0,0
6297,4477000.0,m,1,0.0,1,104,1,0,0
6788,4477000.0,n,1,0.0,1,104,1,0,0
5718,4478000.0,l,0,0.0,1,104,1,0,0
6299,4478000.0,m,1,0.0,1,104,1,0,0
6789,4478000.0,n,0,0.0,1,104,1,0,0
5717,4479000.0,l,1,0.0,1,104,1,0,0
6298,4479000.0,m,1,0.0,1,104,1,0,0
6790,4479000.0,n,1,0.0,1,104,1,0,0
5694,4480000.0,l,1,0.0,1,105,1,0,0
6307,4480000.0,m,0,0.0,1,105,1,0,0
6791,4480000.0,n,1,0.0,1,105,1,0,0
5714,4481000.0,l,1,0.0,1,105,1,0,0
6306,4481000.0,m,1,0.0,1,105,1,0,0
6792,4481000.0,n,1,0.0,1,105,1,0,0
5693,4482000.0,l,1,0.0,1,105,0,0,0
6305,4482000.0,m,1,0.0,1,105,0,1,1
6820,4482000.0,n,1,0.0,1,105,0,0,0
5670,4483000.0,l,1,0.0,1,105,1,0,0
6304,4483000.0,m,1,0.0,1,105,1,0,0
6822,4483000.0,n,1,0.0,1,105,1,0,0
5667,4484000.0,l,1,0.0,1,105,0,0,0
6302,4484000.0,m,0,0.0,1,105,0,0,0
6823,4484000.0,n,1,0.0,1,105,0,0,0
5657,4485000.0,l,0,0.0,1,105,1,0,0
6301,4485000.0,m,1,0.0,1,105,1,1,1
6850,4485000.0,n,1,0.0,1,105,1,1,1
5656,4486000.0,l,1,0.0,1,105,1,0,0
6300,4486000.0,m,1,0.0,1,105,1,0,0
6851,4486000.0,n,0,0.0,1,105,1,0,0
5655,4487000.0,l,1,0.0,1,105,0,0,0
6308,4487000.0,m,1,0.0,1,105,0,0,0
6852,4487000.0,n,1,0.0,1,105,0,0,0
5654,4488000.0,l,1,0.0,1,105,0,0,0
6246,4488000.0,m,1,0.0,1,105,0,0,0
6853,4488000.0,n,1,0.0,1,105,0,1000,1
5653,4489000.0,l,1,0.0,1,105,0,0,0
6247,4489000.0,m,1,0.0,1,105,0,0,0
6854,4489000.0,n,1,0.0,1,105,0,0,0
5652,4490000.0,l,1,0.0,1,105,0,0,0
6245,4490000.0,m,1,0.0,1,105,0,0,0
6855,4490000.0,n,1,0.0,1,105,0,0,0
5651,4491000.0,l,1,0.0,1,105,0,0,0
6223,4491000.0,m,1,0.0,1,105,0,0,0
6856,4491000.0,n,1,0.0,1,105,0,0,0
5659,4492000.0,l,1,0.0,1,105,1,0,0
6221,4492000.0,m,1,0.0,1,105,1,0,0
6857,4492000.0,n,1,0.0,1,105,1,0,0
5671,4493000.0,l,1,0.0,1,105,1,0,0
6220,4493000.0,m,1,0.0,1,105,1,0,0
6858,4493000.0,n,1,0.0,1,105,1,0,0
5681,4494000.0,l,0,0.0,1,105,0,0,0
6219,4494000.0,m,1,0.0,1,105,0,0,0
6859,4494000.0,n,0,0.0,1,105,0,0,0
5672,4495000.0,l,1,0.0,1,105,0,0,0
6218,4495000.0,m,1,0.0,1,105,0,0,0
6860,4495000.0,n,1,0.0,1,105,0,0,0
5690,4496000.0,l,1,0.0,1,105,1,0,0
6217,4496000.0,m,1,0.0,1,105,1,0,0
6861,4496000.0,n,1,0.0,1,105,1,0,0
5666,4497000.0,l,1,0.0,1,105,1,0,0
6216,4497000.0,m,1,0.0,1,105,1,0,0
6862,4497000.0,n,1,0.0,1,105,1,0,0
5665,4498000.0,l,1,0.0,1,105,0,0,0
6215,4498000.0,m,1,0.0,1,105,0,0,0
6863,4498000.0,n,1,0.0,1,105,0,10,1
5664,4499000.0,l,1,0.0,1,105,0,0,0
6214,4499000.0,m,1,0.0,1,105,0,0,0
6864,4499000.0,n,1,0.0,1,105,0,0,0
5663,4500000.0,l,1,0.0,1,105,1,0,0
6222,4500000.0,m,1,0.0,1,105,1,0,0
6865,4500000.0,n,1,0.0,1,105,1,0,0
5662,4501000.0,l,1,0.0,1,105,0,0,0
6213,4501000.0,m,1,0.0,1,105,0,0,0
6866,4501000.0,n,1,0.0,1,105,0,0,0
5661,4502000.0,l,1,0.0,1,105,1,0,0
6211,4502000.0,m,1,0.0,1,105,1,0,0
6867,4502000.0,n,1,0.0,1,105,1,0,0
5669,4503000.0,l,1,0.0,1,105,1,0,0
6210,4503000.0,m,1,0.0,1,105,1,10,1
6868,4503000.0,n,1,0.0,1,105,1,10,1
5660,4504000.0,l,1,0.0,1,105,0,0,0
6208,4504000.0,m,1,0.0,1,105,0,0,0
6870,4504000.0,n,1,0.0,1,105,0,1000,1
5658,4505000.0,l,1,0.0,1,105,0,0,0
6207,4505000.0,m,1,0.0,1,105,0,0,0
6871,4505000.0,n,1,0.0,1,105,0,0,0
5689,4506000.0,l,1,0.0,1,106,1,0,0
6206,4506000.0,m,1,0.0,1,106,1,0,0
6872,4506000.0,n,1,0.0,1,106,1,0,0
5688,4507000.0,l,1,0.0,1,106,0,0,0
6205,4507000.0,m,1,0.0,1,106,0,0,0
6849,4507000.0,n,1,0.0,1,106,0,0,0
5686,4508000.0,l,1,0.0,1,106,1,0,0
5684,4509000.0,l,1,0.0,1,106,0,0,0
6224,4509000.0,m,1,0.0,1,106,0,0,0
6834,4509000.0,n,1,0.0,1,106,0,0,0
5683,4510000.0,l,1,0.0,1,106,0,0,0
6234,4510000.0,m,1,0.0,1,106,0,0,0
6824,4510000.0,n,1,0.0,1,106,0,0,0
5691,4511000.0,l,1,0.0,1,106,0,0,0
6225,4511000.0,m,0,0.0,1,106,0,0,0
6825,4511000.0,n,1,0.0,1,106,0,0,0
5682,4512000.0,l,1,0.0,1,106,0,0,0
6243,4512000.0,m,1,0.0,1,106,0,1000,1
6845,4512000.0,n,1,0.0,1,106,0,1000,1
5680,4513000.0,l,1,0.0,1,106,0,0,0
6242,4513000.0,m,1,0.0,1,106,0,0,0
6826,4513000.0,n,0,0.0,1,106,0,0,0
5679,4514000.0,l,1,0.0,1,106,0,0,0
6241,4514000.0,m,1,0.0,1,106,0,0,0
6827,4514000.0,n,1,0.0,1,106,0,0,0
5677,4515000.0,l,1,0.0,1,106,0,0,0
6238,4515000.0,m,1,0.0,1,106,0,0,0
6830,4515000.0,n,1,0.0,1,106,0,0,0
5676,4516000.0,l,1,0.0,1,106,1,0,0
6237,4516000.0,m,1,0.0,1,106,1,0,0
6831,4516000.0,n,1,0.0,1,106,1,0,0
5675,4517000.0,l,1,0.0,1,106,0,0,0
6236,4517000.0,m,1,0.0,1,106,0,0,0
6832,4517000.0,n,1,0.0,1,106,0,0,0
5674,4518000.0,l,1,0.0,1,106,1,0,0
6244,4518000.0,m,1,0.0,1,106,1,0,0
6833,4518000.0,n,1,0.0,1,106,1,0,0
5673,4519000.0,l,1,0.0,1,106,0,0,0
6235,4519000.0,m,0,0.0,1,106,0,0,0
6835,4519000.0,n,1,0.0,1,106,0,1,1
5737,4520000.0,l,1,0.0,1,106,0,0,0
6232,4520000.0,m,1,0.0,1,106,0,0,0
6836,4520000.0,n,1,0.0,1,106,0,0,0
5739,4521000.0,l,1,0.0,1,106,0,0,0
6231,4521000.0,m,1,0.0,1,106,0,0,0
6837,4521000.0,n,1,0.0,1,106,0,0,0
5738,4522000.0,l,1,0.0,1,106,0,0,0
6230,4522000.0,m,0,0.0,1,106,0,0,0
6838,4522000.0,n,1,0.0,1,106,0,0,0
5744,4523000.0,l,0,0.0,1,106,1,0,0
6228,4523000.0,m,0,0.0,1,106,1,0,0
6840,4523000.0,n,0,0.0,1,106,1,0,0
5743,4524000.0,l,1,0.0,1,106,0,0,0
6227,4524000.0,m,1,0.0,1,106,0,0,0
6841,4524000.0,n,1,0.0,1,106,0,0,0
5742,4525000.0,l,1,0.0,1,106,1,0,0
6226,4525000.0,m,0,0.0,1,106,1,0,0
6842,4525000.0,n,1,0.0,1,106,1,0,0
5741,4526000.0,l,1,0.0,1,106,1,0,0
6353,4526000.0,m,1,0.0,1,106,1,0,0
6843,4526000.0,n,1,0.0,1,106,1,0,0
5740,4527000.0,l,1,0.0,1,106,1,0,0
6354,4527000.0,m,1,0.0,1,106,1,0,0
6844,4527000.0,n,1,0.0,1,106,1,0,0
6010,4528000.0,l,1,0.0,3,303,0,0,0
6502,4528000.0,m,1,0.0,3,303,0,0,0
7174,4528000.0,n,0,0.0,3,303,0,0,0
5902,4529000.0,l,1,0.0,2,202,0,0,0
6410,4529000.0,m,0,0.0,2,202,0,0,0
6998,4529000.0,n,1,0.0,2,202,0,0,0
6004,4530000.0,l,1,0.0,3,303,0,0,0
6509,4530000.0,m,1,0.0,3,303,0,0,0
7128,4530000.0,n,0,0.0,3,303,0,0,0
6018,4531000.0,l,0,0.0,3,303,0,0,0
6598,4531000.0,m,1,0.0,3,303,0,0,0
7095,4531000.0,n,1,0.0,3,303,0,0,0
5932,4532000.0,l,0,0.0,2,206,0,0,0
6434,4532000.0,m,0,0.0,2,206,0,0,0
6970,4532000.0,n,0,0.0,2,206,0,0,0
6022,4533000.0,l,1,0.0,3,302,1,0,0
6586,4533000.0,m,1,0.0,3,302,1,0,0
7093,4533000.0,n,1,0.0,3,302,1,0,0
5867,4534000.0,l,1,0.0,2,204,1,0,0
6424,4534000.0,m,0,0.0,2,204,1,0,0
5928,4535000.0,l,0,0.0,2,205,0,0,0
6481,4535000.0,m,1,0.0,2,205,0,0,0
6930,4535000.0,n,1,0.0,2,205,0,0,0
6073,4536000.0,l,1,0.0,3,304,0,0,0
6556,4536000.0,m,0,0.0,3,304,0,0,0
7166,4536000.0,n,1,0.0,3,304,0,0,0
5838,4537000.0,l,1,0.0,2,203,1,0,0
6382,4537000.0,m,1,0.0,2,203,1,0,0
7031,4537000.0,n,1,0.0,2,203,1,0,0
5857,4538000.0,l,1,0.0,2,204,0,0,0
6462,4538000.0,m,1,0.0,2,204,0,0,0
7014,4538000.0,n,1,0.0,2,204,0,0,0
5821,4539000.0,l,1,0.0,2,201,1,0,0
6495,4539000.0,m,1,0.0,2,201,1,0,0
7060,4539000.0,n,1,0.0,2,201,1,0,0
5804,4540000.0,l,1,0.0,2,206,1,0,0
6446,4540000.0,m,0,0.0,2,206,1,0,0
6955,4540000.0,n,1,0.0,2,206,1,0,0
5993,4541000.0,l,1,0.0,3,305,0,0,0
6541,4541000.0,m,1,0.0,3,305,0,1000,1
7150,4541000.0,n,1,0.0,3,305,0,0,0
5926,4542000.0,l,1,0.0,2,205,0,0,0
6477,4542000.0,m,1,0.0,2,205,0,0,0
6926,4542000.0,n,1,0.0,2,205,0,0,0
6311,4549000.0,m,1,0.0,1,104,1,0,0
6818,4549000.0,n,0,0.0,1,104,1,0,0
6292,4550000.0,m,1,0.0,1,104,0,1000,1
6771,4550000.0,n,1,0.0,1,104,0,0,0
6209,4551000.0,m,1,0.0,1,105,1,0,0
6869,4551000.0,n,1,0.0,1,105,1,0,0
6240,4552000.0,m,1,0.0,1,106,1,0,0
6828,4552000.0,n,1,0.0,1,106,1,0,0
6229,4553000.0,m,1,0.0,1,106,1,0,0
6839,4553000.0,n,0,0.0,1,106,1,0,0
6482,4554000.0,m,1,0.0,2,205,1,0,0
6931,4554000.0,n,0,0.0,2,205,1,0,0
6449,4555000.0,m,1,0.0,2,206,0,0,0
6956,4555000.0,n,1,0.0,2,206,0,0,0
6622,4556000.0,m,0,0.0,3,301,1,0,0
7119,4556000.0,n,0,0.0,3,301,1,0,0
6625,4557000.0,m,0,0.0,3,302,0,0,0
7084,4557000.0,n,1,0.0,3,302,0,0,0
6504,4558000.0,m,1,0.0,3,303,0,0,0
7176,4558000.0,n,1,0.0,3,303,0,0,0
6524,4559000.0,m,1,0.0,3,304,1,0,0
7198,4559000.0,n,1,0.0,3,304,1,0,0
6552,4560000.0,m,1,0.0,3,304,0,0,0
7143,4560000.0,n,1,0.0,3,304,0,0,0
6551,4561000.0,m,1,0.0,3,304,1,0,0
7142,4561000.0,n,0,0.0,3,304,1,0,0
6573,4562000.0,m,1,0.0,3,305,1,0,0
7163,4562000.0,n,0,0.0,3,305,1,0,0
6568,4563000.0,m,1,0.0,3,305,1,0,0
7159,4563000.0,n,1,0.0,3,305,1,0,0
6565,4564000.0,m,0,0.0,3,305,0,0,0
7156,4564000.0,n,1,0.0,3,305,0,0,0
6560,4565000.0,m,1,0.0,3,305,0,0,0
7152,4565000.0,n,1,0.0,3,305,0,0,0
6542,4566000.0,m,1,0.0,3,305,1,0,0
7151,4566000.0,n,1,0.0,3,305,1,0,0
6710,4567000.0,m,0,0.0,4,404,1,0,0
7262,4567000.0,n,0,0.0,4,404,1,0,0
6806,6468000.0,n,1,0.0,1,103,1,0,0
6786,6469000.0,n,1,0.0,1,104,1,0,0
7181,6470000.0,n,1,0.0,3,303,1,0,0
